Brand,Model,Manufacture Year,Engine Capacity,Transmission,Fuel Type,Condition,Mileage,Asking Price,Publication Date,URL
Tata,Safari,2003,"2,000 cc",Manual,Diesel,Used,"90,000 km","Rs 2,600,000",13 Aug 11:43 am,https://ikman.lk/en/ad/tata-safari-2003-for-sale-kandy-1
BMW,740Li,2005,"4,000 cc",Automatic,Petrol,Used,"49,000 km","Rs 11,900,000",26 Sep 11:44 am,https://ikman.lk/en/ad/bmw-740li-2005-for-sale-colombo
Toyota,Yaris,2026,"1,000 cc",Automatic,Petrol,Brand New,15 km,"Rs 10,350,000",26 Sep 8:41 pm,https://ikman.lk/en/ad/toyota-yaris-x-limited-safety-2026-for-sale-ratnapura
Mercedes Benz,G450d,2025,"3,000 cc",Automatic,Diesel,Brand New,0 km,"Rs 165,000,000",25 Sep 4:42 pm,https://ikman.lk/en/ad/mercedes-benz-g450d-amg-premium-plus-2025-for-sale-colombo
Land Rover,Range Rover,2025,"4,400 cc",Automatic,Petrol,Brand New,0 km,"Rs 255,000,000",25 Sep 4:42 pm,https://ikman.lk/en/ad/land-rover-range-sv-44l-v8-1of1-2025-for-sale-colombo
Land Rover,Range Rover,2025,"3,000 cc",Automatic,Petrol,Brand New,0 km,"Rs 159,500,000",25 Sep 4:42 pm,https://ikman.lk/en/ad/land-rover-range-autobiography-p460e-2025-for-sale-colombo-24
Land Rover,Range Rover,2025,"3,000 cc",Automatic,Petrol,Brand New,0 km,"Rs 167,500,000",25 Sep 4:42 pm,https://ikman.lk/en/ad/land-rover-range-autobiography-shadow-2025-for-sale-colombo
BMW,X2,2025,"2,000 cc",Automatic,Petrol,Brand New,0 km,"Rs 64,500,000",25 Sep 4:42 pm,https://ikman.lk/en/ad/bmw-x2-m35i-2025-for-sale-colombo
Porsche,718 Cayman,2024,"2,000 cc",Automatic,Petrol,Reconditioned,"5,000 km","Rs 74,500,000",25 Sep 4:42 pm,https://ikman.lk/en/ad/porsche-718-cayman-style-edition-20l-2024-for-sale-colombo
Land Rover,Range Rover Evoque,2025,"1,500 cc",Automatic,Petrol,Brand New,0 km,"Rs 47,500,000",25 Sep 4:42 pm,https://ikman.lk/en/ad/land-rover-range-evoque-hse-r-dynamic-2025-for-sale-colombo
Mercedes Benz,G Wagon,2025,"4,000 cc",Automatic,Petrol,Brand New,0 km,"Rs 235,000,000",25 Sep 4:42 pm,https://ikman.lk/en/ad/mercedes-benz-g-wagon-g63-magno-2025-for-sale-colombo-1
Mercedes Benz,GLE 300D,2019,"2,000 cc",Automatic,Diesel,Used,"58,000 km","Rs 39,900,000",25 Sep 4:41 pm,https://ikman.lk/en/ad/mercedes-benz-gle-300d-amg-premium-plus-2019-for-sale-colombo-24
Chevrolet,Camaro,2024,"2,000 cc",Automatic,Petrol,Used,"19,000 km","Rs 54,500,000",25 Sep 4:41 pm,https://ikman.lk/en/ad/chevrolet-camaro-20l-turbo-charged-2024-for-sale-colombo-3
BMW,X5 M,2015,"4,400 cc",Automatic,Petrol,Used,"17,000 km","Rs 49,500,000",25 Sep 4:54 pm,https://ikman.lk/en/ad/bmw-x5-m-44l-v8-1of1-2015-for-sale-colombo-2
Mercedes Benz,E300,2018,"2,000 cc",Automatic,Petrol,Used,"18,000 km","Rs 32,500,000",25 Sep 4:41 pm,https://ikman.lk/en/ad/mercedes-benz-e300-amg-coupe-2018-for-sale-colombo-28
Kia,Sonet,2026,"1,000 cc",Automatic,Petrol,Brand New,0 km,"Rs 10,990,000",25 Sep 4:40 pm,https://ikman.lk/en/ad/kia-sonet-sunroof-brand-new-2026-for-sale-colombo-20
Suzuki,Alto,2023,650 cc,Automatic,Hybrid,Reconditioned,"8,000 km","Rs 6,850,000",26 Sep 2:29 am,https://ikman.lk/en/ad/suzuki-alto-hybrid-2023-for-sale-gampaha-18
Toyota,Land Cruiser Sahara,2023,"3,500 cc",Automatic,Diesel,Reconditioned,"4,000 km","Rs 99,500,000",26 Sep 2:29 am,https://ikman.lk/en/ad/toyota-land-cruiser-sahara-lc300-diesel-2023-for-sale-colombo-1
Kia,Sonet,2026,"1,000 cc",Automatic,Petrol,Brand New,0 km,"Rs 10,990,000",25 Sep 4:36 pm,https://ikman.lk/en/ad/kia-sonet-sunroof-brand-new-2026-for-sale-colombo-19
Honda,Vezel,2016,"1,500 cc",Automatic,Hybrid,Used,"220,000 km","Rs 10,000,000",26 Sep 9:13 am,https://ikman.lk/en/ad/honda-vezel-2016-for-sale-colombo-841
Kia,Sonet,2026,"1,000 cc",Automatic,Petrol,Brand New,0 km,"Rs 10,990,000",25 Sep 4:33 pm,https://ikman.lk/en/ad/kia-sonet-htx-plus-sunroof-2026-for-sale-colombo-11
Land Rover,Range Rover Sport,2018,"2,000 cc",Automatic,Petrol,Used,"50,000 km","Rs 39,900,000",25 Sep 4:33 pm,https://ikman.lk/en/ad/land-rover-range-sport-autobiography-2018-for-sale-colombo-53
BMW,740e,2018,"2,000 cc",Automatic,Petrol,Used,"45,000 km","Rs 29,500,000",25 Sep 4:36 pm,https://ikman.lk/en/ad/bmw-740e-2018-for-sale-colombo-18
Honda,Fit,2013,"1,300 cc",Automatic,Hybrid,Used,"210,000 km","Rs 6,430,000",26 Sep 9:30 pm,https://ikman.lk/en/ad/honda-fit-2013-for-sale-colombo-1097
Land Rover,Range Rover,2019,"2,000 cc",Automatic,Petrol,Used,"82,000 km","Rs 67,500,000",25 Sep 4:28 pm,https://ikman.lk/en/ad/land-rover-range-lwb-comfort-2019-for-sale-colombo-56
Kia,Sonet,2026,"1,000 cc",Automatic,Petrol,Brand New,0 km,"Rs 10,990,000",25 Sep 4:28 pm,https://ikman.lk/en/ad/kia-sonet-sunroof-brand-new-2026-for-sale-colombo-18
Daihatsu,Mira,2024,660 cc,Automatic,Petrol,Reconditioned,"2,000 km","Rs 6,450,000",26 Sep 2:29 am,https://ikman.lk/en/ad/daihatsu-mira-2024-for-sale-colombo-113
Toyota,Passo,2023,"1,000 cc",Automatic,Petrol,Reconditioned,"40,000 km","Rs 8,450,000",25 Sep 4:26 pm,https://ikman.lk/en/ad/toyota-passo-push-safety-2023-for-sale-colombo
Toyota,Starlet,1993,"1,330 cc",Manual,Petrol,Used,"245,000 km","Rs 3,700,000",25 Sep 12:57 pm,https://ikman.lk/en/ad/toyota-starlet-ep82-gt-bodykit-1993-for-sale-gampaha
Toyota,Raize,2025,"1,200 cc",Automatic,Hybrid,Reconditioned,"14,900 km","Rs 13,400,000",26 Sep 7:03 pm,https://ikman.lk/en/ad/toyota-raize-z-hybrid-1200cc-2025-for-sale-colombo-58
Audi,Q7,2016,"2,000 cc",Automatic,Petrol,Used,"89,000 km","Rs 22,500,000",23 Sep 4:28 pm,https://ikman.lk/en/ad/audi-q7-fully-loaded-2016-for-sale-colombo
Toyota,Passo,2023,"1,000 cc",Automatic,Petrol,Reconditioned,"40,000 km","Rs 8,450,000",25 Sep 4:26 pm,https://ikman.lk/en/ad/toyota-passo-push-safety-2023-for-sale-colombo
Suzuki,A-Star,2012,998 cc,Automatic,Petrol,Used,"126,000 km","Rs 4,500,000",25 Sep 7:09 pm,https://ikman.lk/en/ad/suzuki-a-star-2012-for-sale-nuwara-eliya
Kia,Sonet,2026,"1,000 cc",Automatic,Petrol,Brand New,0 km,"Rs 11,990,000",25 Sep 4:24 pm,https://ikman.lk/en/ad/kia-sonet-gtx-plus-brand-new-2026-for-sale-colombo-116
Lexus,LX570,2017,"5,700 cc",Automatic,Petrol,Used,"70,000 km","Rs 67,500,000",25 Sep 4:27 pm,https://ikman.lk/en/ad/lexus-lx570-masterpiece-2017-for-sale-colombo-4
Land Rover,Range Rover,2025,"3,000 cc",Automatic,Petrol,Brand New,0 km,"Rs 158,000,000",25 Sep 4:23 pm,https://ikman.lk/en/ad/land-rover-range-lwb-pure-petrol-2025-for-sale-colombo-12
Kia,Sonet,2026,"1,000 cc",Automatic,Petrol,Brand New,0 km,"Rs 11,990,000",25 Sep 4:22 pm,https://ikman.lk/en/ad/kia-sonet-gtx-plus-brand-new-2026-for-sale-colombo-115
Jeep,Compass,2019,"1,400 cc",Automatic,Petrol,Used,"92,000 km","Rs 13,500,000",25 Sep 4:54 pm,https://ikman.lk/en/ad/jeep-compass-2019-for-sale-colombo-20
Mercedes Benz,GLB,2020,"1,332 cc",Automatic,Petrol,Used,"50,000 km","Rs 22,000,000",25 Sep 4:20 pm,https://ikman.lk/en/ad/mercedes-benz-glb-200-amg-premium-2020-for-sale-colombo-24
Land Rover,Range Rover,2019,"2,000 cc",Automatic,Petrol,Used,"58,000 km","Rs 79,500,000",25 Sep 4:19 pm,https://ikman.lk/en/ad/land-rover-range-sv-2019-for-sale-colombo-4
Nissan,X-Trail,2025,"1,490 cc",Automatic,Hybrid,Brand New,0 km,"Rs 27,195,000",25 Sep 4:45 pm,https://ikman.lk/en/ad/nissan-x-trail-e-power-brand-new-2025-for-sale-colombo-49
Audi,A5,2018,"1,500 cc",Automatic,Petrol,Used,"65,000 km","Rs 18,000,000",25 Sep 4:16 pm,https://ikman.lk/en/ad/audi-a5-tfsi-2018-for-sale-colombo
Nissan,Roox,2025,660 cc,Automatic,Hybrid,Reconditioned,"12,000 km","Rs 8,350,000",26 Sep 2:29 am,https://ikman.lk/en/ad/nissan-roox-x-grade-2025-for-sale-colombo-8
Suzuki,Wagon R FX,2024,660 cc,Automatic,Hybrid,Reconditioned,"20,000 km","Rs 7,950,000",25 Sep 4:11 pm,https://ikman.lk/en/ad/suzuki-wagon-r-fx-hybrid-multifunction-2024-for-sale-colombo-6
Nissan,ROOX HIGHWAY STAR X,2025,660 cc,Automatic,Hybrid,Reconditioned,"12,000 km","Rs 9,195,000",25 Sep 4:11 pm,https://ikman.lk/en/ad/nissan-roox-highway-star-x-limited-2025-for-sale-colombo-2
Toyota,Roomy,2024,"1,000 cc",Automatic,Petrol,Reconditioned,"14,000 km","Rs 9,200,000",26 Sep 2:29 am,https://ikman.lk/en/ad/toyota-roomy-thor-g-grade-2024-for-sale-colombo-4
Suzuki,Wagon R FZ,2017,650 cc,Automatic,Hybrid,Used,"104,000 km","Rs 6,800,000",25 Sep 6:46 pm,https://ikman.lk/en/ad/suzuki-wagon-r-fz-safety-package-2017-for-sale-matara-2
Audi,A6,2017,"1,800 cc",Automatic,Petrol,Used,"60,000 km","Rs 17,200,000",25 Sep 4:07 pm,https://ikman.lk/en/ad/audi-a6-higest-spec-2017-for-sale-colombo-1
Nissan,Dayz,2024,650 cc,Automatic,Petrol,Reconditioned,"3,500 km","Rs 9,290,000",26 Sep 8:29 am,https://ikman.lk/en/ad/nissan-dayz-highway-star-g-turbo-2024-for-sale-colombo-15
Toyota,Roomy,2024,"1,000 cc",Automatic,Petrol,Reconditioned,"28,000 km","Rs 9,800,000",26 Sep 2:29 am,https://ikman.lk/en/ad/toyota-roomy-thor-custom-gt-2024-for-sale-colombo-5
Toyota,Roomy,2023,"1,000 cc",Automatic,Petrol,Reconditioned,"19,000 km","Rs 10,450,000",26 Sep 8:29 am,https://ikman.lk/en/ad/toyota-roomy-custom-gt-turbo-2023-for-sale-colombo-102
BMW,X5,2016,"2,000 cc",Automatic,Petrol,Used,"78,000 km","Rs 21,000,000",25 Sep 4:00 pm,https://ikman.lk/en/ad/bmw-x5-40e-2016-for-sale-colombo-1
Honda,Civic,2007,"1,600 cc",Automatic,Petrol,Used,"193,000 km","Rs 6,890,000",25 Sep 4:00 pm,https://ikman.lk/en/ad/honda-civic-fd4-16-auto-2007-for-sale-gampaha
DFSK,Glory,2021,"1,500 cc",Automatic,Petrol,Used,"41,000 km","Rs 7,500,000",25 Sep 4:02 pm,https://ikman.lk/en/ad/dfsk-glory-580-2021-for-sale-colombo-267
Toyota,Hilux,2023,"2,400 cc",Automatic,Diesel,Used,"25,000 km","Rs 23,500,000",25 Sep 4:00 pm,https://ikman.lk/en/ad/toyota-hilux-gr-sport-2023-for-sale-gampaha-37
Toyota,Roomy,2024,"1,000 cc",Automatic,Petrol,Reconditioned,"8,000 km","Rs 8,950,000",26 Sep 2:30 am,https://ikman.lk/en/ad/toyota-roomy-thor-x-grade-2024-for-sale-colombo-4
Toyota,Raize,2024,"1,200 cc",Automatic,Hybrid,Reconditioned,"11,000 km","Rs 13,250,000",23 Sep 9:29 am,https://ikman.lk/en/ad/toyota-raize-hybrid-z-bsm-2024-for-sale-colombo-1
MG,ZS,2019,990 cc,Automatic,Petrol,Used,"47,420 km","Rs 9,300,000",23 Sep 9:56 pm,https://ikman.lk/en/ad/mg-zs-2019-for-sale-colombo-976
Suzuki,Fronx,2026,"1,000 cc",Automatic,Petrol,Brand New,38 km,"Rs 11,200,000",26 Sep 12:48 pm,https://ikman.lk/en/ad/suzuki-fronx-2026-for-sale-colombo-195
Toyota,Raize,2025,"1,200 cc",Automatic,Hybrid,Brand New,"1,000 km","Rs 13,990,000",26 Sep 8:29 am,https://ikman.lk/en/ad/toyota-raize-z-premium-2025-for-sale-colombo-16
Toyota,Land Cruiser Sahara,2015,"4,600 cc",Automatic,Petrol,Used,"67,000 km","Rs 46,900,000",25 Sep 3:56 pm,https://ikman.lk/en/ad/toyota-land-cruiser-sahara-v8-zx-bruno-cross-2015-for-sale-colombo-4
Suzuki,Alto,2025,660 cc,Automatic,Hybrid,Reconditioned,"8,000 km","Rs 7,195,000",25 Sep 3:56 pm,https://ikman.lk/en/ad/suzuki-alto-l-grade-hybrid-2025-for-sale-colombo
Land Rover,Range Rover,2024,"3,000 cc",Automatic,Petrol,Brand New,786 km,"Rs 148,000,000",25 Sep 3:56 pm,https://ikman.lk/en/ad/land-rover-range-p460e-hse-2024-for-sale-colombo-18
Daihatsu,Move,2025,660 cc,Automatic,Petrol,Reconditioned,"5,000 km","Rs 9,490,000",26 Sep 8:29 am,https://ikman.lk/en/ad/daihatsu-move-rs-premium-turbo-2025-for-sale-colombo-24
Honda,Grace,2015,"1,500 cc",Automatic,Hybrid,Used,"115,000 km","Rs 9,250,000",25 Sep 4:03 pm,https://ikman.lk/en/ad/honda-grace-2015-for-sale-colombo-1351
Toyota,Roomy,2025,"1,000 cc",Automatic,Petrol,Reconditioned,"5,000 km","Rs 11,550,000",25 Sep 3:53 pm,https://ikman.lk/en/ad/toyota-roomy-gt-custom-2025-for-sale-colombo-15
Toyota,Raize,2025,"1,000 cc",Automatic,Petrol,Reconditioned,"4,000 km","Rs 13,670,000",26 Sep 8:30 am,https://ikman.lk/en/ad/toyota-raize-z-premium-petrol-2025-for-sale-colombo-33
Daihatsu,Mira,2024,660 cc,Automatic,Petrol,Reconditioned,"8,000 km","Rs 6,850,000",26 Sep 11:47 am,https://ikman.lk/en/ad/daihatsu-mira-x-grade-2024-for-sale-colombo-27
Toyota,Land Cruiser Prado,2015,"2,700 cc",Automatic,Petrol,Used,"119,000 km","Rs 35,000,000",26 Sep 6:56 pm,https://ikman.lk/en/ad/toyota-land-cruiser-prado-150-tx-2015-for-sale-colombo-58
Audi,A4,2017,"1,400 cc",Automatic,Petrol,Used,"99,301 km","Rs 16,000,000",25 Sep 3:51 pm,https://ikman.lk/en/ad/audi-a4-s-line-2017-for-sale-colombo-1
Toyota,Yaris,2008,"1,300 cc",Automatic,Petrol,Used,"170,000 km","Rs 6,250,000",25 Sep 3:50 pm,https://ikman.lk/en/ad/toyota-yaris-2008-for-sale-kalutara-109
Audi,Q2,2018,"1,000 cc",Automatic,Petrol,Used,"35,587 km","Rs 13,400,000",25 Sep 3:47 pm,https://ikman.lk/en/ad/audi-q2-10-tfsi-2018-for-sale-colombo-6
Honda,Vezel,2026,"1,500 cc",Automatic,Hybrid,Brand New,22 km,"Rs 20,950,000",25 Sep 3:47 pm,https://ikman.lk/en/ad/honda-vezel-z-play-fully-loaded-2026-for-sale-colombo-28
Daihatsu,Taft,2024,660 cc,Automatic,Petrol,Used,"17,000 km","Rs 7,800,000",25 Sep 3:46 pm,https://ikman.lk/en/ad/daihatsu-taft-2024-for-sale-colombo-51
Suzuki,Wagon R,2025,660 cc,Automatic,Petrol,Brand New,20 km,"Rs 9,490,000",26 Sep 8:30 am,https://ikman.lk/en/ad/suzuki-wagon-r-rs-premium-turbo-2025-for-sale-colombo-6
Audi,Q7,2016,"3,000 cc",Automatic,Petrol,Used,"144,000 km","Rs 34,500,000",25 Sep 3:44 pm,https://ikman.lk/en/ad/audi-q7-3l-supercharged-v6-2016-for-sale-colombo-51
Toyota,Axio,2015,"1,500 cc",Automatic,Hybrid,Used,"123,000 km","Rs 10,650,000",25 Sep 3:42 pm,https://ikman.lk/en/ad/toyota-axio-g-new-facelift-2015-for-sale-gampaha
Suzuki,Alto,2024,660 cc,Automatic,Petrol,Reconditioned,"1,500 km","Rs 6,990,000",26 Sep 8:30 am,https://ikman.lk/en/ad/suzuki-alto-l-ltd-pkg-japan-2024-for-sale-colombo-2
Maruti Suzuki,800,2000,800 cc,Manual,Petrol,Used,"130,000 km","Rs 1,750,000",26 Sep 10:29 am,https://ikman.lk/en/ad/maruti-suzuki-800-zuzuki-2000-for-sale-gampaha
Daihatsu,Taft,2024,660 cc,Automatic,Petrol,Reconditioned,"25,000 km","Rs 8,390,000",25 Sep 3:38 pm,https://ikman.lk/en/ad/daihatsu-taft-g-chrome-premium-2024-for-sale-colombo-4
Land Rover,Defender,2026,"3,000 cc",Automatic,Hybrid,Used,0 km,"Rs 82,500,000",25 Sep 3:38 pm,https://ikman.lk/en/ad/land-rover-defender-x-dynamic-hse-phev-2026-for-sale-colombo-25
Toyota,Passo,2017,"1,000 cc",Automatic,Petrol,Used,"72,000 km","Rs 7,290,000",25 Sep 3:35 pm,https://ikman.lk/en/ad/toyota-passo-moda-premium-edition-2017-for-sale-colombo-11
Suzuki,Every,2017,650 cc,Tiptronic,Petrol,Used,"136,000 km","Rs 6,080,000",25 Sep 3:34 pm,https://ikman.lk/en/ad/suzuki-every-2017-for-sale-matara-6
Honda,Vezel,2026,"1,500 cc",Automatic,Hybrid,Brand New,20 km,"Rs 19,375,000",26 Sep 8:30 am,https://ikman.lk/en/ad/honda-vezel-z-grade-2026-for-sale-colombo-72
Land Rover,Range Rover Evoque,2013,"2,179 cc",Automatic,Diesel,Used,"105,792 km","Rs 16,500,000",26 Sep 1:42 pm,https://ikman.lk/en/ad/land-rover-range-evoque-2013-for-sale-colombo-640
Suzuki,Wagon R,2026,660 cc,Automatic,Hybrid,Brand New,50 km,"Rs 9,195,000",25 Sep 7:58 pm,https://ikman.lk/en/ad/suzuki-wagon-r-zx-premium-4-way-2026-for-sale-colombo-1
Toyota,Raize,2025,"1,200 cc",Automatic,Hybrid,Used,"3,500 km","Rs 13,675,000",26 Sep 5:05 pm,https://ikman.lk/en/ad/toyota-raize-z-2025-for-sale-kurunegala
Honda,Vezel,2026,"1,500 cc",Automatic,Hybrid,Brand New,20 km,"Rs 19,375,000",26 Sep 8:30 am,https://ikman.lk/en/ad/honda-vezel-z-grade-2026-for-sale-colombo-72
Mahindra,Scorpio,2026,"2,179 cc",Manual,Diesel,Brand New,0 km,"Rs 7,622,881",25 Sep 3:29 pm,https://ikman.lk/en/ad/mahindra-scorpio-single-cab-2026-for-sale-ratnapura-2
Mahindra,Scorpio Pikup,2026,"2,179 cc",Manual,Diesel,Brand New,0 km,"Rs 7,622,881",25 Sep 3:29 pm,https://ikman.lk/en/ad/mahindra-scorpio-pikup-single-cab-2026-for-sale-badulla-2
Mahindra,Scorpio Pikup,2026,"2,179 cc",Manual,Diesel,Brand New,0 km,"Rs 7,622,881",25 Sep 3:29 pm,https://ikman.lk/en/ad/mahindra-scorpio-pikup-single-cab-2026-for-sale-nuwara-eliya-1
Mahindra,Scorpio Pikup,2026,"2,179 cc",Manual,Diesel,Brand New,0 km,"Rs 7,622,881",25 Sep 3:29 pm,https://ikman.lk/en/ad/mahindra-scorpio-pikup-single-cab-2026-for-sale-badulla-1
Mahindra,Scorpio,2026,"2,179 cc",Manual,Diesel,Brand New,0 km,"Rs 7,622,881",25 Sep 3:29 pm,https://ikman.lk/en/ad/mahindra-scorpio-single-cab-2026-for-sale-batticaloa-2
Mahindra,Scorpio Pikup,2026,"2,179 cc",Manual,Diesel,Brand New,0 km,"Rs 7,622,881",25 Sep 3:28 pm,https://ikman.lk/en/ad/mahindra-scorpio-pikup-single-cab-2026-for-sale-ampara-1
Mahindra,Scorpio,2026,"2,179 cc",Manual,Diesel,Brand New,0 km,"Rs 7,622,881",25 Sep 3:28 pm,https://ikman.lk/en/ad/mahindra-scorpio-single-cab-2026-for-sale-galle
Mahindra,Scorpio,2026,"2,179 cc",Manual,Diesel,Brand New,0 km,"Rs 7,622,881",25 Sep 3:27 pm,https://ikman.lk/en/ad/mahindra-scorpio-single-cab-2026-for-sale-kalutara-2
Mahindra,Scorpio Pikup,2026,"2,179 cc",Manual,Diesel,Brand New,0 km,"Rs 7,622,881",25 Sep 3:27 pm,https://ikman.lk/en/ad/mahindra-scorpio-pikup-single-cab-2026-for-sale-monaragala
Mahindra,Scorpio,2026,"2,179 cc",Manual,Diesel,Brand New,0 km,"Rs 7,622,881",25 Sep 3:27 pm,https://ikman.lk/en/ad/mahindra-scorpio-single-cab-2026-for-sale-matara-2
Mahindra,Scorpio Pikup,2026,"2,179 cc",Manual,Diesel,Brand New,0 km,"Rs 7,622,881",25 Sep 3:27 pm,https://ikman.lk/en/ad/mahindra-scorpio-pikup-single-cab-2026-for-sale-hambantota-3
Mahindra,Scorpio,2026,"2,179 cc",Manual,Diesel,Brand New,0 km,"Rs 7,622,881",25 Sep 3:27 pm,https://ikman.lk/en/ad/mahindra-scorpio-single-cab-2026-for-sale-gampaha-3
Suzuki,Alto,2015,"1,000 cc",Manual,Petrol,Used,"130,000 km","Rs 4,100,000",26 Sep 8:25 pm,https://ikman.lk/en/ad/suzuki-alto-2015-for-sale-kurunegala-1810
Honda,Vezel,2026,"1,500 cc",Automatic,Petrol,Brand New,0 km,"Rs 18,500,000",25 Sep 3:22 pm,https://ikman.lk/en/ad/honda-vezel-z-wireless-charge-bn-2026-for-sale-colombo
Ssang Yong,Kyron,2008,"2,000 cc",Automatic,Diesel,Used,"194,564 km","Rs 5,275,000",25 Sep 3:21 pm,https://ikman.lk/en/ad/ssang-yong-kyron-2008-for-sale-colombo-301
Hyundai,Santa Fe,2008,"2,000 cc",Automatic,Diesel,Used,"147,000 km","Rs 5,965,000",25 Sep 3:21 pm,https://ikman.lk/en/ad/hyundai-santa-fe-diesel-auto-2008-for-sale-colombo-2
Suzuki,Wagon R FZ,2014,660 cc,Automatic,Petrol,Used,"103,687 km","Rs 5,750,000",26 Sep 2:02 pm,https://ikman.lk/en/ad/suzuki-wagon-r-fz-2014-for-sale-kurunegala-277
Ferrari,Other Model,2025,"3,000 cc",Tiptronic,Petrol,Brand New,0 km,"Rs 260,000,000",25 Sep 3:19 pm,https://ikman.lk/en/ad/ferrari-296-gtb-2025-for-sale-colombo-2
Kia,Syros,2026,"1,000 cc",Automatic,Petrol,Brand New,0 km,"Rs 11,590,000",25 Sep 3:20 pm,https://ikman.lk/en/ad/kia-syros-htk-facelift-2026-for-sale-colombo-11
Daihatsu,Move,2025,660 cc,Automatic,Petrol,Brand New,20 km,"Rs 9,490,000",26 Sep 8:30 am,https://ikman.lk/en/ad/daihatsu-move-rs-premium-turbo-2025-for-sale-colombo-23
Hyundai,Elantra,2011,"1,490 cc",Automatic,Petrol,Used,"135,000 km","Rs 6,390,000",25 Sep 3:16 pm,https://ikman.lk/en/ad/hyundai-elantra-6-speed-2011-for-sale-colombo
Bentley,Flying Spur,2024,"3,000 cc",Tiptronic,Petrol,Brand New,0 km,"Rs 218,000,000",25 Sep 3:15 pm,https://ikman.lk/en/ad/bentley-flying-spur-azure-2024-for-sale-colombo-29
Audi,Q7,2025,"1,500 cc",Automatic,Petrol,Brand New,100 km,"Rs 72,500,000",25 Sep 3:15 pm,https://ikman.lk/en/ad/audi-q7-quattro-2025-for-sale-colombo-16
Daihatsu,Taft,2024,660 cc,Automatic,Petrol,Reconditioned,"11,000 km","Rs 8,975,000",26 Sep 8:30 am,https://ikman.lk/en/ad/daihatsu-taft-g-chromeventureturbo-2024-for-sale-colombo-4
Nissan,Dayz,2023,660 cc,Automatic,Petrol,Brand New,"20,000 km","Rs 7,650,000",24 Sep 6:24 pm,https://ikman.lk/en/ad/nissan-dayz-x-limited-4way-unreg-2023-for-sale-colombo
Toyota,Land Cruiser Prado,2018,"2,700 cc",Automatic,Petrol,Used,"180,000 km","Rs 48,000,000",26 Sep 5:10 pm,https://ikman.lk/en/ad/toyota-land-cruiser-prado-2018-for-sale-colombo-25
Suzuki,XBee,2025,990 cc,Automatic,Hybrid,Used,"11,800 km","Rs 8,700,000",25 Sep 9:23 pm,https://ikman.lk/en/ad/suzuki-xbee-2025-for-sale-colombo
Daihatsu,Mira,2025,660 cc,Automatic,Petrol,Brand New,0 km,"Rs 6,750,000",25 Sep 3:12 pm,https://ikman.lk/en/ad/daihatsu-mira-l-grade-safety-2025-for-sale-colombo-44
Daihatsu,Mira,2025,660 cc,Automatic,Petrol,Brand New,0 km,"Rs 6,850,000",25 Sep 3:10 pm,https://ikman.lk/en/ad/daihatsu-mira-l-grade-safety-2025-for-sale-colombo-43
Peugeot,508,2012,"1,600 cc",Automatic,Petrol,Used,"90,000 km","Rs 7,500,000",25 Sep 3:35 pm,https://ikman.lk/en/ad/peugeot-508-gt-luxury-2012-for-sale-colombo
Suzuki,Wagon R,2017,660 cc,Automatic,Hybrid,Used,"92,000 km","Rs 6,500,000",25 Sep 3:07 pm,https://ikman.lk/en/ad/suzuki-wagon-r-fz-2017-for-sale-puttalam-7
Mercedes Benz,S500,2015,"4,700 cc",Automatic,Petrol,Used,"31,000 km","Rs 52,500,000",25 Sep 3:08 pm,https://ikman.lk/en/ad/mercedes-benz-s500-v8-luxury-flagship-2015-for-sale-colombo
Suzuki,Wagon R,2026,650 cc,Automatic,Petrol,Brand New,6 km,"Rs 8,590,000",25 Sep 3:07 pm,https://ikman.lk/en/ad/suzuki-wagon-r-zl-new-face-2026-for-sale-colombo-16
Toyota,Roomy,2024,"1,000 cc",Automatic,Petrol,Reconditioned,"23,000 km","Rs 9,195,000",25 Sep 3:06 pm,https://ikman.lk/en/ad/toyota-roomy-x-grade-limited-2024-for-sale-colombo
Suzuki,Wagon R Stingray,2014,650 cc,Automatic,Hybrid,Used,"92,300 km","Rs 6,150,000",25 Sep 3:05 pm,https://ikman.lk/en/ad/suzuki-wagon-r-stingray-safty-push-start-2014-for-sale-colombo-2
Suzuki,Wagon R FX,2023,658 cc,Automatic,Petrol,Reconditioned,"8,737 km","Rs 7,590,000",25 Sep 3:04 pm,https://ikman.lk/en/ad/suzuki-wagon-r-fx-2023-for-sale-colombo-181
Toyota,Raize,2026,"1,200 cc",Automatic,Hybrid,Brand New,12 km,"Rs 14,190,000",25 Sep 3:04 pm,https://ikman.lk/en/ad/toyota-raize-hybrid-bsm-12l-4way-2026-for-sale-colombo-9
Nissan,Serena,2025,"1,430 cc",Automatic,Petrol,Brand New,100 km,"Rs 23,490,000",26 Sep 8:31 am,https://ikman.lk/en/ad/nissan-serena-highway-star-premium-2025-for-sale-colombo-12
Toyota,Hilux,1980,"2,188 cc",Manual,Diesel,Used,"460,000 km","Rs 2,200,000",25 Sep 3:03 pm,https://ikman.lk/en/ad/toyota-hilux-ln40-1980-for-sale-ratnapura
Toyota,Pixis,2024,658 cc,Automatic,Petrol,Reconditioned,"2,340 km","Rs 7,490,000",25 Sep 3:03 pm,https://ikman.lk/en/ad/toyota-pixis-epoch-sa3-g-grade-2024-for-sale-colombo-15
Toyota,Raize,2026,"1,200 cc",Automatic,Hybrid,Brand New,10 km,"Rs 14,690,000",25 Sep 3:01 pm,https://ikman.lk/en/ad/toyota-raize-body-kit-bsm-4way-2026-for-sale-colombo-1
Ssang Yong,Rexton,2018,"2,200 cc",Automatic,Diesel,Used,"82,000 km","Rs 21,500,000",25 Sep 3:00 pm,https://ikman.lk/en/ad/ssang-yong-rexton-2018-for-sale-colombo
BMW,530e,2018,"2,000 cc",Automatic,Hybrid,Used,"11,000 km","Rs 27,500,000",25 Sep 2:55 pm,https://ikman.lk/en/ad/bmw-530e-luxury-line-2018-for-sale-colombo
Daihatsu,Mira,2023,660 cc,Automatic,Petrol,Reconditioned,"8,900 km","Rs 6,540,000",25 Sep 2:55 pm,https://ikman.lk/en/ad/daihatsu-mira-2023-for-sale-gampaha-31
Toyota,Yaris,2024,"1,000 cc",Automatic,Petrol,Reconditioned,"45,000 km","Rs 9,375,000",26 Sep 10:57 am,https://ikman.lk/en/ad/toyota-yaris-x-limited-360-camera-2024-for-sale-colombo-5
JAECOO,Other Model,2025,"1,500 cc",Automatic,Electric,Used,"5,000 km","Rs 17,500,000",25 Sep 2:51 pm,https://ikman.lk/en/ad/jaecoo-omoda-e5-ev-2025-for-sale-colombo
Hyundai,Atos,2001,"1,000 cc",Manual,Petrol,Used,"143,000 km","Rs 2,850,000",27 Sep 9:52 am,https://ikman.lk/en/ad/hyundai-atos-2001-for-sale-gampaha-57
Daihatsu,Mira,2020,"1,000 cc",Automatic,Petrol,Used,"123,000 km","Rs 5,775,000",25 Sep 2:48 pm,https://ikman.lk/en/ad/daihatsu-mira-es-1st-owner-2020-for-sale-gampaha
Daihatsu,Mira,2025,650 cc,Automatic,Petrol,Brand New,10 km,"Rs 6,790,000",25 Sep 2:48 pm,https://ikman.lk/en/ad/daihatsu-mira-l-grade-safty-2025-for-sale-colombo-4
Daihatsu,Mira,2026,650 cc,Automatic,Petrol,Brand New,10 km,"Rs 7,950,000",25 Sep 2:47 pm,https://ikman.lk/en/ad/daihatsu-mira-g-grade-push-start-2026-for-sale-colombo-16
BYD,Seal,2024,150 cc,Automatic,Electric,Brand New,200 km,"Rs 27,450,000",26 Sep 8:31 am,https://ikman.lk/en/ad/byd-seal-premium-plus-150kw-2024-for-sale-colombo-30
Mercedes Benz,GLB,2025,"1,300 cc",Automatic,Petrol,Brand New,0 km,"Rs 39,500,000",26 Sep 12:23 pm,https://ikman.lk/en/ad/mercedes-benz-glb-180-amg-premium-plus-2025-for-sale-colombo-45
Tata,Safari,2003,"2,000 cc",Manual,Diesel,Used,"90,000 km","Rs 2,600,000",13 Aug 11:43 am,https://ikman.lk/en/ad/tata-safari-2003-for-sale-kandy-1
Suzuki,Vitara,2019,"1,000 cc",Automatic,Petrol,Used,"56,000 km","Rs 9,700,000",25 Sep 2:43 pm,https://ikman.lk/en/ad/suzuki-vitara-2019-for-sale-colombo-221
Kia,Syros,2026,"1,000 cc",Automatic,Petrol,Brand New,0 km,"Rs 12,390,000",25 Sep 2:42 pm,https://ikman.lk/en/ad/kia-syros-htx-electric-seat-2026-for-sale-colombo-10
Peugeot,5008,2025,"1,200 cc",Automatic,Hybrid,Brand New,20 km,"Rs 36,790,000",26 Sep 8:31 am,https://ikman.lk/en/ad/peugeot-5008-premium-gtline-2025-for-sale-colombo-27
Suzuki,Celerio,2015,"1,000 cc",Manual,Petrol,Used,"79,950 km","Rs 5,190,000",25 Sep 2:57 pm,https://ikman.lk/en/ad/suzuki-celerio-zxi-2015-for-sale-colombo-162
Kia,Syros,2026,"1,000 cc",Automatic,Petrol,Brand New,0 km,"Rs 12,390,000",25 Sep 2:39 pm,https://ikman.lk/en/ad/kia-syros-htx-electric-seat-2026-for-sale-colombo-9
Honda,Fit,2013,"1,500 cc",Automatic,Hybrid,Used,"65,000 km","Rs 7,990,000",25 Sep 2:38 pm,https://ikman.lk/en/ad/honda-fit-gp5-body-kit-2013-for-sale-puttalam-5
Honda,Fit,2013,"1,500 cc",Automatic,Hybrid,Used,"134,000 km","Rs 7,590,000",25 Sep 2:36 pm,https://ikman.lk/en/ad/honda-fit-gp5-2013-for-sale-puttalam-7
BAIC,X55 II,2025,"1,500 cc",Automatic,Petrol,Used,"11,500 km","Rs 13,850,000",25 Sep 2:36 pm,https://ikman.lk/en/ad/baic-x55-ii-luxury-beijing-2025-for-sale-colombo-2
Suzuki,Wagon R,2025,660 cc,Automatic,Petrol,Reconditioned,"5,000 km","Rs 9,490,000",26 Sep 8:31 am,https://ikman.lk/en/ad/suzuki-wagon-r-move-premium-rs-2025-for-sale-colombo-6
Toyota,Corolla,2008,"1,580 cc",Automatic,Petrol,Used,"145,000 km","Rs 6,590,000",25 Sep 6:29 pm,https://ikman.lk/en/ad/toyota-corolla-141-auto-1st-owner-2008-for-sale-colombo
BMW,318i,2018,"1,500 cc",Tiptronic,Petrol,Used,"104,000 km","Rs 18,900,000",25 Sep 5:09 pm,https://ikman.lk/en/ad/bmw-318i-luxuryline-2018-for-sale-colombo-1
Daihatsu,Mira,2023,658 cc,Automatic,Petrol,Reconditioned,"7,331 km","Rs 7,790,000",25 Sep 2:22 pm,https://ikman.lk/en/ad/daihatsu-mira-tocot-g-2023-for-sale-colombo-4
Suzuki,Alto,2024,658 cc,Automatic,Petrol,Reconditioned,"5,808 km","Rs 7,190,000",25 Sep 2:21 pm,https://ikman.lk/en/ad/suzuki-alto-l-limited-2024-for-sale-colombo-4
Toyota,Yaris,2021,"1,000 cc",Automatic,Petrol,Reconditioned,"11,000 km","Rs 11,100,000",25 Sep 2:16 pm,https://ikman.lk/en/ad/toyota-yaris-g-led-2021-for-sale-colombo
BMW,318i,2018,"1,500 cc",Tiptronic,Petrol,Used,"97,000 km","Rs 18,800,000",25 Sep 2:13 pm,https://ikman.lk/en/ad/bmw-318i-2018-for-sale-colombo-219
Nissan,Sakura,2023,1 cc,Automatic,Electric,Import,"5,767 km","Rs 8,600,000",25 Sep 2:10 pm,https://ikman.lk/en/ad/nissan-sakura-2023-for-sale-kalutara-1
Toyota,Raize,2025,"1,190 cc",Automatic,Hybrid,Reconditioned,"13,402 km","Rs 14,300,000",25 Sep 2:10 pm,https://ikman.lk/en/ad/toyota-raize-z-hybrid-2025-for-sale-kalutara
Toyota,Raize,2025,"1,200 cc",Automatic,Hybrid,Import,"4,121 km","Rs 14,100,000",25 Sep 2:10 pm,https://ikman.lk/en/ad/toyota-raize-2025-for-sale-kalutara-10
BYD,Seal,2025,1 cc,Automatic,Electric,Used,465 km,"Rs 21,500,000",27 Sep 9:52 am,https://ikman.lk/en/ad/byd-seal-2025-for-sale-colombo-11
Honda,Vezel,2026,"1,500 cc",Automatic,Hybrid,Brand New,0 km,"Rs 19,100,000",25 Sep 2:08 pm,https://ikman.lk/en/ad/honda-vezel-z-premium-2026-for-sale-colombo-725
Toyota,Allion,2002,"1,490 cc",Automatic,Petrol,Used,"168,000 km","Rs 6,690,000",25 Sep 2:06 pm,https://ikman.lk/en/ad/toyota-allion-a15-auto-2002-for-sale-colombo
Toyota,Raize,2026,"1,200 cc",Automatic,Hybrid,Brand New,6 km,"Rs 13,900,000",25 Sep 2:05 pm,https://ikman.lk/en/ad/toyota-raize-z-hybrid-b-new-2026-for-sale-colombo-7
Suzuki,Wagon R ZX,2025,660 cc,Automatic,Hybrid,Brand New,10 km,"Rs 9,190,000",25 Sep 1:59 pm,https://ikman.lk/en/ad/suzuki-wagon-r-zx-head-up-display-2025-for-sale-colombo-2
Nissan,March,1982,"1,000 cc",Manual,Petrol,Used,"200,000 km","Rs 1,490,000",25 Sep 1:59 pm,https://ikman.lk/en/ad/nissan-march-k10-1982-for-sale-ampara
Volvo,XC90,2021,"1,969 cc",Automatic,Petrol,Used,"82,000 km","Rs 29,000,000",25 Sep 2:40 pm,https://ikman.lk/en/ad/volvo-xc90-2021-for-sale-colombo
Audi,A4,2011,"1,800 cc",Automatic,Petrol,Used,"130,000 km","Rs 9,800,000",27 Sep 9:44 am,https://ikman.lk/en/ad/audi-a4-s4-2011-for-sale-matara
Toyota,Roomy,2023,"1,000 cc",Automatic,Petrol,Reconditioned,"28,000 km","Rs 9,900,000",27 Sep 6:45 am,https://ikman.lk/en/ad/toyota-roomy-custom-g-gt-2023-for-sale-colombo-1
Toyota,Raize,2025,"1,200 cc",Automatic,Hybrid,Reconditioned,"15,000 km","Rs 14,990,000",26 Sep 2:30 am,https://ikman.lk/en/ad/toyota-raize-z-grade-2025-for-sale-colombo-381
Nissan,Dayz,2024,650 cc,Automatic,Hybrid,Reconditioned,"39,500 km","Rs 8,390,000",25 Sep 1:57 pm,https://ikman.lk/en/ad/nissan-dayz-highway-star-s-hybri-2024-for-sale-gampaha
Toyota,Hilux,2023,"2,400 cc",Automatic,Diesel,Reconditioned,"9,000 km","Rs 24,000,000",25 Sep 1:49 pm,https://ikman.lk/en/ad/toyota-hilux-gr-sport-2023-for-sale-colombo-78
Toyota,Harrier,2025,"2,500 cc",Automatic,Petrol,Brand New,10 km,"Rs 39,500,000",25 Sep 1:47 pm,https://ikman.lk/en/ad/toyota-harrier-modelista-body-kit-2025-for-sale-colombo-3
Toyota,Raize,2025,"1,200 cc",Automatic,Hybrid,Reconditioned,"17,000 km","Rs 13,700,000",26 Sep 2:30 am,https://ikman.lk/en/ad/toyota-raize-z-grade-2025-for-sale-colombo-379
Suzuki,Wagon R ZX,2026,660 cc,Automatic,Hybrid,Brand New,3 km,"Rs 9,100,000",25 Sep 1:42 pm,https://ikman.lk/en/ad/suzuki-wagon-r-zx-4-way-apple-car-play-2026-for-sale-gampaha
Toyota,Taisor,2026,"1,000 cc",Automatic,Petrol,Brand New,0 km,"Rs 10,790,000",25 Sep 1:41 pm,https://ikman.lk/en/ad/toyota-taisor-g-grade-2026-for-sale-colombo-148
Mazda,6,2015,"2,500 cc",Automatic,Petrol,Used,"94,000 km","Rs 13,800,000",25 Sep 1:39 pm,https://ikman.lk/en/ad/mazda-6-gt-facelift-2015-for-sale-colombo
Honda,Vezel,2026,"1,500 cc",Automatic,Hybrid,Brand New,10 km,"Rs 20,800,000",25 Sep 1:38 pm,https://ikman.lk/en/ad/honda-vezel-z-play-2026-for-sale-colombo-186
Toyota,Taisor,2026,"1,000 cc",Automatic,Petrol,Brand New,0 km,"Rs 10,790,000",25 Sep 1:38 pm,https://ikman.lk/en/ad/toyota-taisor-g-grade-2026-for-sale-colombo-147
Mitsubishi,Outlander,2015,"1,999 cc",Automatic,Hybrid,Used,"205,000 km","Rs 11,200,000",25 Sep 1:37 pm,https://ikman.lk/en/ad/mitsubishi-outlander-phev-2015-for-sale-kandy-1
Suzuki,Wagon R FX,2024,660 cc,Automatic,Petrol,Reconditioned,"8,000 km","Rs 7,600,000",25 Sep 1:37 pm,https://ikman.lk/en/ad/suzuki-wagon-r-fx-safety-2024-for-sale-colombo-386
Land Rover,Range Rover Sport,2019,"2,000 cc",Automatic,Diesel,Used,70 km,Rs 525,25 Sep 1:37 pm,https://ikman.lk/en/ad/land-rover-range-sport-diesel-2019-for-sale-kandy
Honda,Vezel,2026,"1,500 cc",Tiptronic,Hybrid,Brand New,3 km,"Rs 18,990,000",25 Sep 1:37 pm,https://ikman.lk/en/ad/honda-vezel-z-premium-10sp-4-way-2026-for-sale-gampaha-1
Nissan,Dayz,2025,660 cc,Automatic,Hybrid,Reconditioned,"1,500 km","Rs 8,890,000",25 Sep 1:36 pm,https://ikman.lk/en/ad/nissan-dayz-highway-star-2025-for-sale-colombo-62
Toyota,Taisor,2026,"1,000 cc",Automatic,Petrol,Brand New,0 km,"Rs 11,390,000",25 Sep 1:35 pm,https://ikman.lk/en/ad/toyota-taisor-v-grade-brand-new-2026-for-sale-colombo-73
Kia,Stonic,2025,998 cc,Automatic,Petrol,Brand New,0 km,"Rs 15,500,000",25 Sep 1:34 pm,https://ikman.lk/en/ad/kia-stonic-petrol-2025-for-sale-colombo
Changan,Other Model,2025,100 cc,Automatic,Electric,Reconditioned,"10,000 km","Rs 17,500,000",25 Sep 1:33 pm,https://ikman.lk/en/ad/changan-deepal-s05-2025-for-sale-gampaha
Honda,Vezel,2026,"1,500 cc",Automatic,Hybrid,Brand New,10 km,"Rs 18,990,000",25 Sep 1:32 pm,https://ikman.lk/en/ad/honda-vezel-2026-for-sale-colombo-93
Toyota,Vitz,2016,"1,000 cc",Automatic,Petrol,Used,"69,000 km","Rs 7,050,000",25 Sep 1:32 pm,https://ikman.lk/en/ad/toyota-vitz-2016-for-sale-colombo-2443
Toyota,Raize,2025,"1,000 cc",Automatic,Petrol,Reconditioned,"15,000 km","Rs 12,375,000",26 Sep 2:30 am,https://ikman.lk/en/ad/toyota-raize-z-2025-for-sale-colombo-154
Honda,Vezel,2025,"1,500 cc",Automatic,Hybrid,Brand New,10 km,"Rs 20,190,000",25 Sep 1:30 pm,https://ikman.lk/en/ad/honda-vezel-z-play-moonroof-2025-for-sale-colombo-357
Toyota,Yaris,2025,"1,000 cc",Automatic,Petrol,Brand New,330 km,"Rs 10,590,000",25 Sep 1:30 pm,https://ikman.lk/en/ad/toyota-yaris-x-grade-2025-for-sale-colombo-125
Toyota,Land Cruiser Prado,2025,"2,700 cc",Automatic,Petrol,Brand New,10 km,"Rs 62,000,000",25 Sep 6:49 pm,https://ikman.lk/en/ad/toyota-land-cruiser-prado-vx-2025-for-sale-colombo-5
Land Rover,Defender,2026,"2,000 cc",Automatic,Petrol,Brand New,10 km,"Rs 79,500,000",25 Sep 1:29 pm,https://ikman.lk/en/ad/land-rover-defender-p-300-2026-for-sale-colombo
Honda,Vezel,2026,"1,500 cc",Tiptronic,Hybrid,Brand New,0 km,"Rs 20,300,000",25 Sep 1:28 pm,https://ikman.lk/en/ad/honda-vezel-rs-premium-10sp-4way-2026-for-sale-colombo-14
Kia,Rio,2015,"1,400 cc",Automatic,Petrol,Used,"90,000 km","Rs 6,725,000",18 Sep 4:48 pm,https://ikman.lk/en/ad/kia-rio-sedan-full-option-2015-for-sale-colombo
BYD,ATTO 3,2025,100 cc,Automatic,Electric,Used,"10,000 km","Rs 16,000,000",26 Sep 12:05 pm,https://ikman.lk/en/ad/byd-atto-3-2025-for-sale-gampaha-9
Honda,Vezel,2025,"1,500 cc",Automatic,Hybrid,Brand New,10 km,"Rs 20,190,000",25 Sep 1:30 pm,https://ikman.lk/en/ad/honda-vezel-z-play-moonroof-2025-for-sale-colombo-357
Toyota,Yaris,2025,"1,000 cc",Automatic,Petrol,Brand New,330 km,"Rs 10,590,000",25 Sep 1:30 pm,https://ikman.lk/en/ad/toyota-yaris-x-grade-2025-for-sale-colombo-125
Toyota,Land Cruiser Prado,2025,"2,700 cc",Automatic,Petrol,Brand New,10 km,"Rs 62,000,000",25 Sep 6:49 pm,https://ikman.lk/en/ad/toyota-land-cruiser-prado-vx-2025-for-sale-colombo-5
Land Rover,Defender,2026,"2,000 cc",Automatic,Petrol,Brand New,10 km,"Rs 79,500,000",25 Sep 1:29 pm,https://ikman.lk/en/ad/land-rover-defender-p-300-2026-for-sale-colombo
Suzuki,Wagon R ZX,2026,650 cc,Automatic,Hybrid,Brand New,0 km,"Rs 9,200,000",25 Sep 1:29 pm,https://ikman.lk/en/ad/suzuki-wagon-r-zx-2026-for-sale-gampaha-95
Suzuki,Wagon R ZX,2026,660 cc,Automatic,Hybrid,Brand New,10 km,"Rs 9,090,000",25 Sep 1:29 pm,https://ikman.lk/en/ad/suzuki-wagon-r-zx-4-way-cam-2026-for-sale-colombo-4
Daihatsu,Rocky,2026,"1,200 cc",Automatic,Hybrid,Brand New,10 km,"Rs 13,700,000",25 Sep 1:28 pm,https://ikman.lk/en/ad/daihatsu-rocky-g-premium-2026-for-sale-colombo-7
Volkswagen,Golf,1975,"1,600 cc",Manual,Petrol,Used,"3,000 km","Rs 1,500,000",25 Sep 1:28 pm,https://ikman.lk/en/ad/volkswagen-golf-1975-for-sale-kegalle
Toyota,Raize,2026,"1,000 cc",Automatic,Petrol,Brand New,0 km,"Rs 12,250,000",25 Sep 1:27 pm,https://ikman.lk/en/ad/toyota-raize-2026-for-sale-colombo-83
Toyota,Yaris,2026,"1,000 cc",Automatic,Petrol,Brand New,0 km,"Rs 10,650,000",25 Sep 1:26 pm,https://ikman.lk/en/ad/toyota-yaris-x-grade-4-way-2026-for-sale-colombo-3
Toyota,Raize,2026,"1,200 cc",Automatic,Hybrid,Brand New,10 km,"Rs 14,390,000",25 Sep 1:21 pm,https://ikman.lk/en/ad/toyota-raize-z-grade-bsm-2026-for-sale-colombo-8
Suzuki,Wagon R ZX,2026,660 cc,Automatic,Hybrid,Brand New,3 km,"Rs 9,100,000",25 Sep 1:19 pm,https://ikman.lk/en/ad/suzuki-wagon-r-zx-custom-4-way-apple-2026-for-sale-gampaha
Kia,Sonet,2026,"1,000 cc",Tiptronic,Petrol,Brand New,0 km,"Rs 12,250,000",25 Sep 1:15 pm,https://ikman.lk/en/ad/kia-sonet-gtx-plus-2026-for-sale-colombo-466
Mazda,CX-5,2013,"2,000 cc",Automatic,Petrol,Used,"174,000 km","Rs 10,150,000",25 Sep 1:14 pm,https://ikman.lk/en/ad/mazda-cx-5-2013-for-sale-colombo
Hyundai,Tucson,2011,"2,000 cc",Automatic,Diesel,Used,"218,000 km","Rs 7,390,000",26 Sep 2:30 am,https://ikman.lk/en/ad/hyundai-tucson-4we-2011-for-sale-colombo
Suzuki,Wagon R FX,2023,660 cc,Manual,Petrol,Reconditioned,"23,000 km","Rs 7,290,000",26 Sep 2:31 am,https://ikman.lk/en/ad/suzuki-wagon-r-fx-manual-2023-for-sale-gampaha
Honda,Vezel,2014,"1,500 cc",Automatic,Petrol,Used,"156,600 km","Rs 9,600,000",25 Sep 1:04 pm,https://ikman.lk/en/ad/honda-vezel-2014-for-sale-gampaha-2428
Peugeot,2008,2018,"1,200 cc",Automatic,Petrol,Used,"142,000 km","Rs 10,750,000",25 Sep 1:02 pm,https://ikman.lk/en/ad/peugeot-2008-2018-for-sale-colombo-2
Kia,Sonet,2026,"1,000 cc",Tiptronic,Petrol,Brand New,0 km,"Rs 12,250,000",25 Sep 1:01 pm,https://ikman.lk/en/ad/kia-sonet-gtx-plus-2026-for-sale-colombo-465
Toyota,Raize,2026,"1,000 cc",Tiptronic,Petrol,Brand New,0 km,"Rs 12,800,000",25 Sep 2:39 pm,https://ikman.lk/en/ad/toyota-raize-petrol-bsm-4way-2026-for-sale-colombo
Kia,Sorento,2013,"2,200 cc",Automatic,Diesel,Used,"153,000 km","Rs 8,950,000",25 Sep 1:00 pm,https://ikman.lk/en/ad/kia-sorento-diesel-auto-2013-for-sale-gampaha
Toyota,Carina,1998,"1,500 cc",Automatic,Petrol,Used,"159,000 km","Rs 5,275,000",25 Sep 12:57 pm,https://ikman.lk/en/ad/toyota-carina-ti-myroad-at212-1998-for-sale-gampaha-2
Toyota,Taisor,2026,"1,000 cc",Automatic,Petrol,Brand New,0 km,"Rs 11,290,000",25 Sep 12:57 pm,https://ikman.lk/en/ad/toyota-taisor-v-grade-brand-new-2026-for-sale-colombo-72
Suzuki,Alto,2011,796 cc,Manual,Petrol,Used,"204,500 km","Rs 2,950,000",25 Sep 12:57 pm,https://ikman.lk/en/ad/suzuki-alto-lxi-2011-for-sale-ampara-2
Toyota,Raize,2025,"1,200 cc",Automatic,Hybrid,Reconditioned,"5,000 km","Rs 13,400,000",23 Sep 9:26 am,https://ikman.lk/en/ad/toyota-raize-hybrid-z-2025-for-sale-colombo-75
Toyota,Raize,2025,"1,200 cc",Automatic,Hybrid,Used,"3,500 km","Rs 13,675,000",26 Sep 5:05 pm,https://ikman.lk/en/ad/toyota-raize-z-2025-for-sale-kurunegala
Daihatsu,Esse,2010,660 cc,Automatic,Petrol,Used,"163,000 km","Rs 4,200,000",25 Sep 1:40 pm,https://ikman.lk/en/ad/daihatsu-esse-2010-for-sale-kalutara-1
Toyota,Raize,2024,"1,000 cc",Automatic,Petrol,Used,"11,200 km","Rs 12,100,000",25 Sep 12:56 pm,https://ikman.lk/en/ad/toyota-raize-17-2024-for-sale-badulla
Toyota,Taisor,2026,"1,000 cc",Tiptronic,Petrol,Brand New,0 km,"Rs 11,250,000",25 Sep 12:53 pm,https://ikman.lk/en/ad/toyota-taisor-v-grade-2-tone-2026-for-sale-colombo-9
Maruti Suzuki,800,2011,800 cc,Manual,Petrol,Used,"63,000 km","Rs 2,290,000",25 Sep 12:53 pm,https://ikman.lk/en/ad/maruti-suzuki-800-2011-for-sale-galle-3
Honda,Vezel,2026,"1,490 cc",Automatic,Hybrid,Brand New,0 km,"Rs 19,000,000",25 Sep 12:52 pm,https://ikman.lk/en/ad/honda-vezel-z-premium-2026-for-sale-colombo-723
Toyota,Vitz,2018,"1,000 cc",Automatic,Petrol,Used,"123,900 km","Rs 7,990,000",25 Sep 12:51 pm,https://ikman.lk/en/ad/toyota-vitz-safety-edition-02-2018-for-sale-gampaha-3
Suzuki,Wagon R FX,2017,650 cc,Automatic,Hybrid,Used,"83,000 km","Rs 6,325,000",25 Sep 12:51 pm,https://ikman.lk/en/ad/suzuki-wagon-r-fx-2017-for-sale-colombo-4004
Suzuki,Fronx,2026,"1,000 cc",Automatic,Petrol,Brand New,0 km,"Rs 11,075,000",25 Sep 12:51 pm,https://ikman.lk/en/ad/suzuki-fronx-alpha-at-brand-new-2026-for-sale-colombo-25
Toyota,Allion,2018,"1,500 cc",Automatic,Petrol,Used,"156,000 km","Rs 13,000,000",25 Sep 12:49 pm,https://ikman.lk/en/ad/toyota-allion-260-2018-for-sale-gampaha-1
Toyota,Taisor,2026,"1,000 cc",Tiptronic,Petrol,Brand New,0 km,"Rs 11,250,000",25 Sep 12:49 pm,https://ikman.lk/en/ad/toyota-taisor-v-grade-highest-spec-2026-for-sale-colombo-203
Daihatsu,Mira,2024,650 cc,Automatic,Petrol,Reconditioned,"10,000 km","Rs 6,700,000",25 Sep 12:48 pm,https://ikman.lk/en/ad/daihatsu-mira-l-grade-2024-for-sale-gampaha-153
Toyota,Veloz,2026,"1,500 cc",Automatic,Petrol,Brand New,0 km,"Rs 22,900,000",25 Sep 12:47 pm,https://ikman.lk/en/ad/toyota-veloz-premium-luxury-2026-for-sale-colombo
Hyundai,Santa Fe,2008,"2,200 cc",Tiptronic,Diesel,Used,"188,000 km","Rs 6,990,000",25 Sep 12:41 pm,https://ikman.lk/en/ad/hyundai-santa-fe-diesel-4wd-2008-for-sale-colombo
Toyota,Taisor,2026,"1,000 cc",Tiptronic,Petrol,Brand New,0 km,"Rs 11,250,000",25 Sep 12:40 pm,https://ikman.lk/en/ad/toyota-taisor-v-grade-highest-spec-2026-for-sale-colombo-202
Suzuki,Wagon R,2018,660 cc,Automatic,Hybrid,Used,"94,100 km","Rs 6,875,000",25 Sep 8:10 pm,https://ikman.lk/en/ad/suzuki-wagon-r-premium-2018-for-sale-gampaha-7
Daihatsu,Mira,2025,650 cc,Automatic,Petrol,Reconditioned,"2,500 km","Rs 6,750,000",25 Sep 12:38 pm,https://ikman.lk/en/ad/daihatsu-mira-l-grade-2025-for-sale-gampaha-41
Toyota,Land Cruiser Prado,2020,"2,700 cc",Tiptronic,Petrol,Used,"100,000 km","Rs 41,500,000",25 Sep 12:37 pm,https://ikman.lk/en/ad/toyota-land-cruiser-prado-tx-2020-for-sale-colombo-2
Toyota,Taisor,2026,"1,000 cc",Tiptronic,Petrol,Brand New,0 km,"Rs 11,250,000",25 Sep 12:37 pm,https://ikman.lk/en/ad/toyota-taisor-v-grade-highest-spec-2026-for-sale-colombo-201
Daihatsu,Mira,2025,650 cc,Automatic,Petrol,Reconditioned,"1,600 km","Rs 6,700,000",25 Sep 12:36 pm,https://ikman.lk/en/ad/daihatsu-mira-l-grade-2025-for-sale-gampaha-42
Toyota,Harrier,2017,"2,000 cc",Tiptronic,Petrol,Used,"164,000 km","Rs 18,700,000",25 Sep 12:36 pm,https://ikman.lk/en/ad/toyota-harrier-elegance-2017-for-sale-colombo-100
Mitsubishi,Lancer,1984,"1,400 cc",Manual,Petrol,Used,"95,000 km","Rs 825,000",25 Sep 12:35 pm,https://ikman.lk/en/ad/mitsubishi-lancer-wagon-1984-for-sale-anuradhapura
Kia,Sonet,2026,"1,000 cc",Automatic,Petrol,Brand New,0 km,"Rs 11,775,000",25 Sep 12:37 pm,https://ikman.lk/en/ad/kia-sonet-gtx-plus-brand-new-2026-for-sale-colombo-114
Daihatsu,Mira,2024,650 cc,Automatic,Petrol,Reconditioned,"5,300 km","Rs 6,650,000",25 Sep 12:31 pm,https://ikman.lk/en/ad/daihatsu-mira-l-grade-2024-for-sale-gampaha-151
Suzuki,Wagon R Stingray,2025,650 cc,Automatic,Petrol,Brand New,0 km,"Rs 9,900,000",25 Sep 12:30 pm,https://ikman.lk/en/ad/suzuki-wagon-r-stingray-brand-new-2025-for-sale-colombo-18
Suzuki,Spacia,2025,650 cc,Automatic,Hybrid,Reconditioned,"2,600 km","Rs 9,575,000",25 Sep 2:40 pm,https://ikman.lk/en/ad/suzuki-spacia-custom-xs-turbo-2025-for-sale-matara
Toyota,Roomy,2024,"1,000 cc",Automatic,Petrol,Reconditioned,"5,000 km","Rs 10,600,000",27 Sep 8:37 am,https://ikman.lk/en/ad/toyota-roomy-custom-g-2024-for-sale-colombo-151
Toyota,Raize,2026,"1,200 cc",Automatic,Hybrid,Brand New,0 km,"Rs 14,750,000",26 Sep 12:37 pm,https://ikman.lk/en/ad/toyota-raize-body-kit-hybrid-2026-for-sale-colombo-1
Suzuki,Fronx,2026,"1,000 cc",Automatic,Petrol,Brand New,0 km,"Rs 11,000,000",11 Sep 5:29 pm,https://ikman.lk/en/ad/suzuki-fronx-alpha-2026-for-sale-kurunegala-8
Suzuki,Wagon R Stingray,2025,650 cc,Automatic,Petrol,Brand New,0 km,"Rs 9,900,000",25 Sep 12:30 pm,https://ikman.lk/en/ad/suzuki-wagon-r-stingray-brand-new-2025-for-sale-colombo-18
Suzuki,Spacia,2025,650 cc,Automatic,Hybrid,Reconditioned,"2,600 km","Rs 9,575,000",25 Sep 2:40 pm,https://ikman.lk/en/ad/suzuki-spacia-custom-xs-turbo-2025-for-sale-matara
Toyota,Raize,2026,"1,000 cc",Automatic,Petrol,Used,"3,609 km","Rs 12,100,000",26 Sep 2:31 am,https://ikman.lk/en/ad/toyota-raize-2026-for-sale-kalutara-4
Land Rover,Defender,2026,"2,000 cc",Tiptronic,Petrol,Brand New,0 km,"Rs 81,500,000",25 Sep 12:28 pm,https://ikman.lk/en/ad/land-rover-defender-fully-loaded-spec-2026-for-sale-colombo-8
Honda,CRV,2025,"1,500 cc",Automatic,Petrol,Brand New,150 km,"Rs 29,500,000",25 Sep 12:28 pm,https://ikman.lk/en/ad/honda-crv-2025-for-sale-colombo-23
Nissan,Presea,1999,"1,500 cc",Automatic,Petrol,Used,"203,000 km","Rs 3,490,000",25 Sep 12:28 pm,https://ikman.lk/en/ad/nissan-presea-r11-1999-for-sale-colombo
Land Rover,Defender,2026,"2,000 cc",Tiptronic,Petrol,Brand New,0 km,"Rs 78,000,000",25 Sep 12:27 pm,https://ikman.lk/en/ad/land-rover-defender-110-p300-se-petrol-2026-for-sale-colombo-3
Suzuki,Alto,2024,650 cc,Automatic,Hybrid,Used,"32,000 km","Rs 6,750,000",25 Sep 12:26 pm,https://ikman.lk/en/ad/suzuki-alto-x-grade-2024-for-sale-gampaha-3
Toyota,Taisor,2026,"1,000 cc",Automatic,Petrol,Brand New,0 km,"Rs 11,075,000",25 Sep 12:27 pm,https://ikman.lk/en/ad/toyota-taisor-v-grade-brand-new-2026-for-sale-colombo-71
BMW,740Le,2017,"2,000 cc",Tiptronic,Hybrid,Used,"27,000 km","Rs 38,500,000",26 Sep 12:25 pm,https://ikman.lk/en/ad/bmw-740le-2017-for-sale-colombo-39
Land Rover,Defender,2024,"2,000 cc",Tiptronic,Petrol,Reconditioned,"5,000 km","Rs 68,500,000",25 Sep 12:24 pm,https://ikman.lk/en/ad/land-rover-defender-110-county-edition-2024-for-sale-colombo-24
Toyota,Taisor,2026,"1,000 cc",Automatic,Petrol,Brand New,0 km,"Rs 11,075,000",25 Sep 12:23 pm,https://ikman.lk/en/ad/toyota-taisor-v-grade-brand-new-2026-for-sale-colombo-70
Toyota,Raize,2025,"1,000 cc",Automatic,Petrol,Reconditioned,"8,500 km","Rs 12,650,000",25 Sep 12:23 pm,https://ikman.lk/en/ad/toyota-raize-z-grade-2025-for-sale-gampaha-189
Kia,Syros,2026,"1,000 cc",Automatic,Petrol,Brand New,0 km,"Rs 13,475,000",25 Sep 12:23 pm,https://ikman.lk/en/ad/kia-syros-gt-plus-new-facelift-2026-for-sale-colombo-9
Toyota,Taisor,2026,"1,000 cc",Automatic,Petrol,Brand New,0 km,"Rs 11,190,000",25 Sep 12:23 pm,https://ikman.lk/en/ad/toyota-taisor-v-grade-brand-new-2026-for-sale-colombo-69
Toyota,Raize,2026,"1,200 cc",Automatic,Hybrid,Brand New,0 km,"Rs 13,950,000",25 Sep 12:22 pm,https://ikman.lk/en/ad/toyota-raize-z-grade-2026-for-sale-gampaha-160
Hyundai,Venue,2026,"1,000 cc",Automatic,Petrol,Brand New,88 km,"Rs 12,600,000",25 Sep 12:20 pm,https://ikman.lk/en/ad/hyundai-venue-n-line-n10-2026-for-sale-colombo-63
Toyota,Taisor,2026,"1,000 cc",Automatic,Petrol,Brand New,0 km,"Rs 12,500,000",25 Sep 12:20 pm,https://ikman.lk/en/ad/toyota-taisor-v-grade-edition-2026-for-sale-colombo-9
Mercedes Benz,C200,2025,"1,500 cc",Automatic,Petrol,Import,"1,000 km","Rs 38,500,000",25 Sep 12:20 pm,https://ikman.lk/en/ad/mercedes-benz-c200-sport-amg-line-2025-for-sale-colombo-1
Kia,Sonet,2026,"1,000 cc",Automatic,Petrol,Brand New,0 km,"Rs 12,100,000",25 Sep 12:19 pm,https://ikman.lk/en/ad/kia-sonet-gtx-plus-edition-2026-for-sale-colombo-3
Toyota,Taisor,2026,"1,000 cc",Automatic,Petrol,Brand New,0 km,"Rs 11,290,000",25 Sep 12:18 pm,https://ikman.lk/en/ad/toyota-taisor-v-grade-blacktop-2026-for-sale-colombo-60
Honda,Vezel,2026,"1,500 cc",Automatic,Hybrid,Brand New,0 km,"Rs 19,400,000",25 Sep 12:18 pm,https://ikman.lk/en/ad/honda-vezel-z-premium-spec-2026-for-sale-colombo-4
Land Rover,Defender,2024,"2,000 cc",Tiptronic,Petrol,Reconditioned,"10,000 km","Rs 67,500,000",25 Sep 12:17 pm,https://ikman.lk/en/ad/land-rover-defender-110-straight-petrol-2024-for-sale-colombo-109
Audi,Q3,2026,"1,500 cc",Tiptronic,Petrol,Brand New,0 km,"Rs 41,950,000",25 Sep 12:14 pm,https://ikman.lk/en/ad/audi-q3-s-line-new-model-2026-for-sale-colombo-1
Toyota,Raize,2026,"1,000 cc",Automatic,Petrol,Brand New,0 km,"Rs 13,000,000",25 Sep 12:14 pm,https://ikman.lk/en/ad/toyota-raize-z-grade-2026-for-sale-gampaha-159
BMW,740Li,2005,"4,000 cc",Automatic,Petrol,Used,"49,000 km","Rs 11,900,000",26 Sep 11:44 am,https://ikman.lk/en/ad/bmw-740li-2005-for-sale-colombo
Mercedes Benz,GLB,2025,"1,300 cc",Automatic,Petrol,Brand New,0 km,"Rs 39,500,000",26 Sep 12:23 pm,https://ikman.lk/en/ad/mercedes-benz-glb-180-amg-premium-plus-2025-for-sale-colombo-45
Toyota,Land Cruiser Prado,2024,"2,700 cc",Automatic,Petrol,Brand New,"11,500 km","Rs 59,500,000",27 Sep 10:12 am,https://ikman.lk/en/ad/toyota-land-cruiser-prado-250-1st-edition-2024-for-sale-gampaha-2
Audi,Q3,2026,"1,500 cc",Tiptronic,Petrol,Brand New,0 km,"Rs 41,950,000",25 Sep 12:14 pm,https://ikman.lk/en/ad/audi-q3-s-line-new-model-2026-for-sale-colombo-1
Toyota,Raize,2026,"1,000 cc",Automatic,Petrol,Brand New,0 km,"Rs 13,000,000",25 Sep 12:14 pm,https://ikman.lk/en/ad/toyota-raize-z-grade-2026-for-sale-gampaha-159
Audi,A4,2018,"1,400 cc",Automatic,Petrol,Used,"86,789 km","Rs 19,500,000",25 Sep 12:13 pm,https://ikman.lk/en/ad/audi-a4-s-line-2018-for-sale-colombo-241
Audi,Q3,2024,"1,000 cc",Tiptronic,Petrol,Reconditioned,"3,000 km","Rs 29,500,000",25 Sep 12:11 pm,https://ikman.lk/en/ad/audi-q3-s-line-2024-for-sale-colombo-54
Toyota,Raize,2026,"1,200 cc",Automatic,Hybrid,Brand New,0 km,"Rs 13,950,000",25 Sep 12:10 pm,https://ikman.lk/en/ad/toyota-raize-z-grade-2026-for-sale-gampaha-156
Tata,Nano,2016,624 cc,Manual,Petrol,Used,"96,000 km","Rs 2,500,000",26 Sep 2:24 pm,https://ikman.lk/en/ad/tata-nano-2016-for-sale-monaragala-1
Toyota,Urban Cruiser,2026,"1,000 cc",Automatic,Petrol,Brand New,0 km,"Rs 11,350,000",25 Sep 12:08 pm,https://ikman.lk/en/ad/toyota-urban-cruiser-taisor-v-brand-new-2026-for-sale-colombo-35
Mercedes Benz,C180,2024,"1,500 cc",Tiptronic,Petrol,Reconditioned,"3,000 km","Rs 33,500,000",25 Sep 12:06 pm,https://ikman.lk/en/ad/mercedes-benz-c180-luxury-line-2024-for-sale-colombo-39
Toyota,Hilux,2006,"2,500 cc",Manual,Diesel,Used,"109,315 km","Rs 9,650,000",25 Sep 12:05 pm,https://ikman.lk/en/ad/toyota-hilux-hl2-uk-2006-for-sale-anuradhapura
Mercedes Benz,EQS 450,2024,"4,000 cc",Tiptronic,Electric,Brand New,0 km,"Rs 85,000,000",25 Sep 12:03 pm,https://ikman.lk/en/ad/mercedes-benz-eqs-450-amg-business-class-2024-for-sale-colombo-205
BMW,520d,2012,"2,000 cc",Automatic,Diesel,Used,"122,000 km","Rs 22,500,000",25 Sep 12:02 pm,https://ikman.lk/en/ad/bmw-520d-f10-m-sport-update-2012-for-sale-anuradhapura
Mercedes Benz,EQS 450,2024,"4,000 cc",Tiptronic,Petrol,Brand New,0 km,"Rs 85,000,000",25 Sep 12:01 pm,https://ikman.lk/en/ad/mercedes-benz-eqs-450-amg-business-class-2024-for-sale-colombo-204
BMW,X5,2016,"2,000 cc",Automatic,Petrol,Used,"70,175 km","Rs 24,500,000",25 Sep 12:01 pm,https://ikman.lk/en/ad/bmw-x5-m-sport-2016-for-sale-colombo-505
Nissan,Dayz,2023,660 cc,Automatic,Petrol,Reconditioned,"32,000 km","Rs 7,850,000",25 Sep 12:01 pm,https://ikman.lk/en/ad/nissan-dayz-x-grade-2023-for-sale-anuradhapura-2
Toyota,Land Cruiser Prado,2014,"2,700 cc",Automatic,Petrol,Used,"109,000 km","Rs 31,500,000",25 Sep 12:00 pm,https://ikman.lk/en/ad/toyota-land-cruiser-prado-150-tx-2014-for-sale-colombo
Suzuki,Every,2026,660 cc,Automatic,Petrol,Used,0 km,"Rs 9,025,000",26 Sep 6:33 pm,https://ikman.lk/en/ad/suzuki-every-join-da18v-2026-for-sale-colombo-9
Toyota,Raize,2025,"1,000 cc",Automatic,Petrol,Reconditioned,"13,500 km","Rs 11,950,000",25 Sep 11:59 am,https://ikman.lk/en/ad/toyota-raize-x-grade-2025-for-sale-anuradhapura-21
Toyota,Yaris,2026,"1,000 cc",Automatic,Petrol,Brand New,0 km,"Rs 11,950,000",25 Sep 11:57 am,https://ikman.lk/en/ad/toyota-yaris-g-led-grade-2026-for-sale-anuradhapura-2
BMW,528i,2011,"2,000 cc",Automatic,Petrol,Used,"106,000 km","Rs 18,500,000",25 Sep 11:56 am,https://ikman.lk/en/ad/bmw-528i-20l-turbo-2011-for-sale-colombo-48
Toyota,Land Cruiser Prado,2023,"2,700 cc",Automatic,Petrol,Used,"23,880 km","Rs 56,550,000",25 Sep 11:55 am,https://ikman.lk/en/ad/toyota-land-cruiser-prado-150-tx-l-2023-for-sale-anuradhapura-1
Toyota,Other Model,2026,"2,400 cc",Automatic,Petrol,Import,0 km,"Rs 41,000,000",25 Sep 11:54 am,https://ikman.lk/en/ad/toyota-gr86-rz-2026-for-sale-colombo
Ford,Raptor Ranger,2025,"3,000 cc",Automatic,Petrol,Brand New,0 km,"Rs 35,850,000",25 Sep 11:53 am,https://ikman.lk/en/ad/ford-raptor-ranger-3l-v6-petrol-2025-for-sale-anuradhapura-5
Mercedes Benz,C350,2016,"2,000 cc",Automatic,Hybrid,Used,"97,000 km","Rs 16,500,000",25 Sep 11:52 am,https://ikman.lk/en/ad/mercedes-benz-c350-premium-plus-2016-for-sale-colombo
BMW,520d,2015,"2,000 cc",Automatic,Diesel,Used,"94,500 km","Rs 28,500,000",25 Sep 11:50 am,https://ikman.lk/en/ad/bmw-520d-2015-for-sale-colombo-312
Toyota,Raize,2023,"1,000 cc",Automatic,Petrol,Reconditioned,"15,000 km","Rs 12,900,000",25 Sep 11:50 am,https://ikman.lk/en/ad/toyota-raize-z-grade-unregister-2023-for-sale-colombo-9
Toyota,Vanguard,2010,"2,400 cc",Automatic,Petrol,Used,"142,000 km","Rs 10,500,000",22 Sep 12:27 pm,https://ikman.lk/en/ad/toyota-vanguard-7-seater-2010-for-sale-kandy
Audi,A3,2017,"1,000 cc",Automatic,Petrol,Used,"113,125 km","Rs 12,000,000",22 Sep 3:04 pm,https://ikman.lk/en/ad/audi-a3-2017-for-sale-colombo-193
Daihatsu,Rocky,2023,"1,000 cc",Automatic,Petrol,Import,"13,040 km","Rs 11,500,000",04 Sep 12:03 pm,https://ikman.lk/en/ad/daihatsu-rocky-x-grade-2023-for-sale-kalutara
Toyota,Raize,2023,"1,000 cc",Automatic,Petrol,Reconditioned,"15,000 km","Rs 12,900,000",25 Sep 11:50 am,https://ikman.lk/en/ad/toyota-raize-z-grade-unregister-2023-for-sale-colombo-9
BMW,740i,2024,"3,000 cc",Tiptronic,Petrol,Brand New,0 km,"Rs 120,000,000",25 Sep 11:49 am,https://ikman.lk/en/ad/bmw-740i-3000cc-straight-petl-2024-for-sale-colombo-24
BMW,420d,2014,"2,000 cc",Automatic,Diesel,Used,"66,000 km","Rs 29,500,000",25 Sep 11:47 am,https://ikman.lk/en/ad/bmw-420d-m-sport-2014-for-sale-colombo-75
Micro,Panda,2015,"1,000 cc",Manual,Petrol,Used,"46,200 km","Rs 3,275,000",25 Sep 11:47 am,https://ikman.lk/en/ad/micro-panda-2015-for-sale-gampaha-855
Nissan,Sunny,1992,"1,500 cc",Manual,Petrol,Used,"78,000 km","Rs 2,400,000",25 Sep 11:47 am,https://ikman.lk/en/ad/nissan-sunny-1992-for-sale-polonnaruwa
BMW,523i,2024,"2,000 cc",Tiptronic,Petrol,Reconditioned,"5,000 km","Rs 52,500,000",25 Sep 11:46 am,https://ikman.lk/en/ad/bmw-523i-exclusive-line-2024-for-sale-colombo-32
Hyundai,Venue,2026,"1,000 cc",Automatic,Petrol,Brand New,78 km,"Rs 12,600,000",25 Sep 11:45 am,https://ikman.lk/en/ad/hyundai-venue-n-line-n10-2026-for-sale-colombo-62
BMW,318i,2018,"1,500 cc",Automatic,Petrol,Used,"97,500 km","Rs 19,500,000",25 Sep 11:44 am,https://ikman.lk/en/ad/bmw-318i-m-sport-2018-for-sale-colombo-478
BMW,Other Model,2025,"2,000 cc",Tiptronic,Petrol,Brand New,0 km,"Rs 62,500,000",25 Sep 11:43 am,https://ikman.lk/en/ad/bmw-525li-lwb-m-sport-2025-for-sale-colombo-40
MG,Hector Plus,2026,"1,500 cc",Automatic,Petrol,Brand New,0 km,"Rs 19,890,000",25 Sep 11:42 am,https://ikman.lk/en/ad/mg-hector-plus-savvy-pro-7-seater-2026-for-sale-colombo-14
Honda,Vezel,2026,"1,500 cc",Automatic,Hybrid,Brand New,200 km,"Rs 18,900,000",25 Sep 11:40 am,https://ikman.lk/en/ad/honda-vezel-z-primium-2026-for-sale-colombo-6
Nissan,Wingroad,2007,"1,500 cc",Automatic,Petrol,Used,"222,500 km","Rs 5,550,000",25 Sep 11:40 am,https://ikman.lk/en/ad/nissan-wingroad-2007-for-sale-gampaha-1
Daihatsu,Mira,2025,650 cc,Automatic,Petrol,Brand New,11 km,"Rs 7,850,000",25 Sep 11:40 am,https://ikman.lk/en/ad/daihatsu-mira-g-grade-brand-new-2025-for-sale-colombo-6
Mercedes Benz,C200,2015,"1,600 cc",Automatic,Diesel,Used,"54,604 km","Rs 23,200,000",25 Sep 11:40 am,https://ikman.lk/en/ad/mercedes-benz-c200-straight-diesel-2015-for-sale-colombo-1
Daihatsu,Mira,2025,660 cc,Automatic,Petrol,Used,"18,000 km","Rs 6,900,000",25 Sep 11:40 am,https://ikman.lk/en/ad/daihatsu-mira-l-2025-for-sale-colombo-28
Honda,Vezel,2016,"1,500 cc",Automatic,Hybrid,Used,"106,000 km","Rs 11,700,000",25 Sep 11:39 am,https://ikman.lk/en/ad/honda-vezel-rs-2016-for-sale-ampara-1
BMW,740Le,2017,"2,000 cc",Automatic,Petrol,Used,"60,900 km","Rs 39,000,000",25 Sep 11:39 am,https://ikman.lk/en/ad/bmw-740le-m-sport-2017-for-sale-colombo-47
Honda,Vezel,2026,"1,496 cc",Automatic,Hybrid,Brand New,0 km,"Rs 19,000,000",25 Sep 11:38 am,https://ikman.lk/en/ad/honda-vezel-z-premium-2026-for-sale-gampaha-150
Toyota,Urban Cruiser,2026,"1,000 cc",Automatic,Petrol,Brand New,0 km,"Rs 11,350,000",25 Sep 11:38 am,https://ikman.lk/en/ad/toyota-urban-cruiser-taisor-v-brand-new-2026-for-sale-colombo-34
Toyota,Raize,2025,990 cc,Automatic,Petrol,Reconditioned,"1,330 km","Rs 13,290,000",25 Sep 11:38 am,https://ikman.lk/en/ad/toyota-raize-z-grade-japan-2025-for-sale-colombo-31
Suzuki,Alto,2024,650 cc,Automatic,Hybrid,Reconditioned,"1,735 km","Rs 7,590,000",25 Sep 11:35 am,https://ikman.lk/en/ad/suzuki-alto-x-grade-push-start-2024-for-sale-colombo-4
Toyota,Urban Cruiser,2026,"1,000 cc",Automatic,Petrol,Brand New,0 km,"Rs 11,350,000",25 Sep 11:34 am,https://ikman.lk/en/ad/toyota-urban-cruiser-taisor-v-brand-new-2026-for-sale-colombo-33
Honda,Vezel,2026,"1,500 cc",Automatic,Hybrid,Brand New,0 km,"Rs 19,790,000",25 Sep 11:33 am,https://ikman.lk/en/ad/honda-vezel-z-play-2026-for-sale-colombo-185
BMW,X1,2025,"1,500 cc",Tiptronic,Petrol,Brand New,0 km,"Rs 33,300,000",25 Sep 11:32 am,https://ikman.lk/en/ad/bmw-x1-m-sport-2025-for-sale-colombo-93
Mitsubishi,eK Wagon,2025,660 cc,Automatic,Petrol,Used,"17,500 km","Rs 7,450,000",25 Sep 11:32 am,https://ikman.lk/en/ad/mitsubishi-ek-wagon-2025-for-sale-kandy-1
Daihatsu,Mira,2026,660 cc,Automatic,Petrol,Brand New,300 km,"Rs 7,690,000",21 Sep 9:43 am,https://ikman.lk/en/ad/daihatsu-mira-g-highest-grade-2026-for-sale-colombo-2
Toyota,Taisor,2026,"1,000 cc",Automatic,Petrol,Brand New,8 km,"Rs 11,295,000",24 Sep 5:04 pm,https://ikman.lk/en/ad/toyota-taisor-v-grade-two-tone-2026-for-sale-gampaha-2
Daihatsu,Rocky,2023,"1,000 cc",Automatic,Petrol,Import,"13,040 km","Rs 11,500,000",04 Sep 12:03 pm,https://ikman.lk/en/ad/daihatsu-rocky-x-grade-2023-for-sale-kalutara
Honda,Vezel,2026,"1,500 cc",Automatic,Hybrid,Brand New,0 km,"Rs 19,790,000",25 Sep 11:33 am,https://ikman.lk/en/ad/honda-vezel-z-play-2026-for-sale-colombo-185
BMW,X1,2025,"1,500 cc",Tiptronic,Petrol,Brand New,0 km,"Rs 33,300,000",25 Sep 11:32 am,https://ikman.lk/en/ad/bmw-x1-m-sport-2025-for-sale-colombo-93
Mitsubishi,eK Wagon,2025,660 cc,Automatic,Petrol,Used,"17,500 km","Rs 7,450,000",25 Sep 11:32 am,https://ikman.lk/en/ad/mitsubishi-ek-wagon-2025-for-sale-kandy-1
Toyota,Raize,2026,"1,200 cc",Automatic,Hybrid,Brand New,0 km,"Rs 14,090,000",25 Sep 5:43 pm,https://ikman.lk/en/ad/toyota-raize-hybrid-z-4-way-2026-for-sale-colombo-2
Suzuki,Wagon R,2026,660 cc,Automatic,Petrol,Brand New,0 km,"Rs 8,450,000",25 Sep 11:30 am,https://ikman.lk/en/ad/suzuki-wagon-r-zl-new-face-2026-for-sale-colombo-15
Suzuki,Wagon R FX,2025,660 cc,Automatic,Petrol,Brand New,0 km,"Rs 7,850,000",25 Sep 11:29 am,https://ikman.lk/en/ad/suzuki-wagon-r-fx-safety-petrol-2025-for-sale-colombo-2
BMW,i7,2024,"4,000 cc",Tiptronic,Electric,Brand New,0 km,"Rs 105,000,000",25 Sep 11:28 am,https://ikman.lk/en/ad/bmw-i7-ult-m-sport-2024-for-sale-colombo-26
Nissan,Dayz,2025,660 cc,Automatic,Hybrid,Reconditioned,"1,500 km","Rs 8,550,000",25 Sep 11:28 am,https://ikman.lk/en/ad/nissan-dayz-highway-star-2025-for-sale-gampaha-19
Mitsubishi,eK Wagon,2025,660 cc,Automatic,Petrol,Reconditioned,"3,500 km","Rs 7,590,000",25 Sep 11:28 am,https://ikman.lk/en/ad/mitsubishi-ek-wagon-safety-pearl-white-2025-for-sale-colombo-3
Toyota,Raize,2025,"1,200 cc",Automatic,Hybrid,Brand New,25 km,"Rs 13,890,000",25 Sep 11:25 am,https://ikman.lk/en/ad/toyota-raize-z-hybrid-4way-bsm-2025-for-sale-colombo-9
Tesla,Model Y,2024,194 cc,Tiptronic,Electric,Brand New,0 km,"Rs 28,500,000",25 Sep 11:27 am,https://ikman.lk/en/ad/tesla-model-y-long-range-full-spec-2024-for-sale-colombo-112
Toyota,Land Cruiser Prado,2015,"2,700 cc",Automatic,Petrol,Used,"160,000 km","Rs 34,800,000",25 Sep 11:24 am,https://ikman.lk/en/ad/toyota-land-cruiser-prado-tx-2015-for-sale-gampaha-21
Toyota,Urban Cruiser,2026,"1,000 cc",Automatic,Petrol,Brand New,0 km,"Rs 11,400,000",25 Sep 11:24 am,https://ikman.lk/en/ad/toyota-urban-cruiser-taisor-v-at-2026-for-sale-colombo
Suzuki,Celerio,2017,"1,000 cc",Automatic,Petrol,Used,"107,000 km","Rs 5,675,000",25 Sep 1:23 pm,https://ikman.lk/en/ad/suzuki-celerio-zxi-1st-owner-2017-for-sale-gampaha
MG,Hector Plus,2026,"1,500 cc",Automatic,Petrol,Brand New,0 km,"Rs 19,890,000",25 Sep 11:22 am,https://ikman.lk/en/ad/mg-hector-plus-savvy-pro-7seater-2026-for-sale-colombo-1
Toyota,Crown,2026,"2,500 cc",Automatic,Hybrid,Import,0 km,"Rs 51,000,000",25 Sep 11:22 am,https://ikman.lk/en/ad/toyota-crown-estate-z-hev-2026-for-sale-colombo-1
Mercedes Benz,Other Model,2017,"2,000 cc",Tiptronic,Petrol,Used,"66,000 km","Rs 23,500,000",25 Sep 11:22 am,https://ikman.lk/en/ad/mercedes-benz-e350e-premium-plus-2017-for-sale-colombo-32
Mercedes Benz,CLA 200,2019,"1,332 cc",Automatic,Petrol,Used,"59,341 km","Rs 22,500,000",25 Sep 11:22 am,https://ikman.lk/en/ad/mercedes-benz-cla-200-amg-line-2019-for-sale-colombo-25
Toyota,Raize,2026,"1,200 cc",Automatic,Petrol,Brand New,0 km,"Rs 14,250,000",25 Sep 12:53 pm,https://ikman.lk/en/ad/toyota-raize-z-black-top-2026-for-sale-gampaha-7
Toyota,Raize,2025,"1,200 cc",Automatic,Hybrid,Reconditioned,"5,000 km","Rs 13,650,000",19 Sep 3:28 am,https://ikman.lk/en/ad/toyota-raize-z-hybrid-2025-for-sale-colombo-240
Toyota,Raize,2025,"1,200 cc",Automatic,Petrol,Used,"5,000 km","Rs 13,850,000",25 Sep 11:20 am,https://ikman.lk/en/ad/toyota-raize-black-top-2025-for-sale-gampaha-15
Toyota,Yaris,2026,"1,000 cc",Automatic,Petrol,Brand New,0 km,"Rs 10,650,000",25 Sep 11:20 am,https://ikman.lk/en/ad/toyota-yaris-x-2026-for-sale-gampaha-3
Honda,CRV,2019,"1,500 cc",Automatic,Petrol,Used,"99,300 km","Rs 15,275,000",25 Sep 11:20 am,https://ikman.lk/en/ad/honda-crv-sunroof-7-seater-2019-for-sale-kalutara-13
Mercedes Benz,C200,2019,"1,500 cc",Automatic,Petrol,Used,"77,998 km","Rs 26,500,000",25 Sep 11:19 am,https://ikman.lk/en/ad/mercedes-benz-c200-premium-plus-amg-2019-for-sale-colombo-15
BMW,X5 M,2016,"2,000 cc",Tiptronic,Petrol,Used,"50,000 km","Rs 23,300,000",25 Sep 11:19 am,https://ikman.lk/en/ad/bmw-x5-m-sport-full-spec-2016-for-sale-colombo-2
Toyota,Land Cruiser Prado,2018,"2,700 cc",Automatic,Petrol,Used,"180,000 km","Rs 48,000,000",26 Sep 5:10 pm,https://ikman.lk/en/ad/toyota-land-cruiser-prado-2018-for-sale-colombo-25
Toyota,Raize,2024,"1,200 cc",Automatic,Hybrid,Reconditioned,"11,000 km","Rs 13,250,000",23 Sep 9:29 am,https://ikman.lk/en/ad/toyota-raize-hybrid-z-bsm-2024-for-sale-colombo-1
Mercedes Benz,C200,2019,"1,500 cc",Automatic,Petrol,Used,"77,998 km","Rs 26,500,000",25 Sep 11:19 am,https://ikman.lk/en/ad/mercedes-benz-c200-premium-plus-amg-2019-for-sale-colombo-15
BMW,X5 M,2016,"2,000 cc",Tiptronic,Petrol,Used,"50,000 km","Rs 23,300,000",25 Sep 11:19 am,https://ikman.lk/en/ad/bmw-x5-m-sport-full-spec-2016-for-sale-colombo-2
MG,Hector Plus,2026,"1,500 cc",Automatic,Petrol,Brand New,0 km,"Rs 19,890,000",25 Sep 11:18 am,https://ikman.lk/en/ad/mg-hector-plus-savvy-pro-7seater-2026-for-sale-colombo
Hyundai,Venue,2026,"1,000 cc",Automatic,Petrol,Brand New,85 km,"Rs 10,500,000",25 Sep 11:18 am,https://ikman.lk/en/ad/hyundai-venue-n-line-n6-2026-for-sale-colombo-7
Mercedes Benz,E180,2019,"1,600 cc",Automatic,Petrol,Used,"34,900 km","Rs 37,000,000",25 Sep 11:17 am,https://ikman.lk/en/ad/mercedes-benz-e180-amg-line-2019-for-sale-colombo-7
Toyota,Land Cruiser,2011,"4,500 cc",Automatic,Diesel,Used,"198,000 km","Rs 39,550,000",25 Sep 11:16 am,https://ikman.lk/en/ad/toyota-land-cruiser-v8-parliament-2011-for-sale-anuradhapura-1
Audi,A3,2019,"1,000 cc",Automatic,Petrol,Used,"70,000 km","Rs 14,390,000",25 Sep 11:25 am,https://ikman.lk/en/ad/audi-a3-s-line-2019-for-sale-colombo-36
Nissan,Dayz,2026,650 cc,Automatic,Petrol,Brand New,0 km,"Rs 8,150,000",25 Sep 11:16 am,https://ikman.lk/en/ad/nissan-dayz-x-grade-2026-for-sale-gampaha-12
Mercedes Benz,S400,2013,"3,500 cc",Automatic,Petrol,Used,"71,745 km","Rs 37,500,000",25 Sep 11:15 am,https://ikman.lk/en/ad/mercedes-benz-s400-chogm-2013-for-sale-colombo-37
Daihatsu,Mira,2025,658 cc,Automatic,Petrol,Reconditioned,"1,700 km","Rs 6,850,000",25 Sep 11:15 am,https://ikman.lk/en/ad/daihatsu-mira-l-grade-2025-for-sale-gampaha-38
Honda,Vezel,2018,"1,500 cc",Automatic,Hybrid,Used,"110,000 km","Rs 12,150,000",25 Sep 11:14 am,https://ikman.lk/en/ad/honda-vezel-rs-2018-for-sale-colombo-379
Toyota,Land Cruiser,2010,"4,600 cc",Automatic,Petrol,Used,"142,000 km","Rs 38,950,000",25 Sep 11:14 am,https://ikman.lk/en/ad/toyota-land-cruiser-v8-zx-2010-for-sale-anuradhapura-4
Audi,A6,2016,"2,000 cc",Tiptronic,Petrol,Used,"65,000 km","Rs 14,500,000",25 Sep 11:14 am,https://ikman.lk/en/ad/audi-a6-facelift-full-spec-2016-for-sale-colombo-3
Mercedes Benz,E350,2013,"3,500 cc",Automatic,Diesel,Used,"111,688 km","Rs 21,500,000",25 Sep 11:13 am,https://ikman.lk/en/ad/mercedes-benz-e350-v6-turbo-diesel-2013-for-sale-colombo-11
Daihatsu,Mira,2025,658 cc,Automatic,Petrol,Reconditioned,"3,600 km","Rs 6,850,000",25 Sep 11:25 am,https://ikman.lk/en/ad/daihatsu-mira-l-grade-2025-for-sale-gampaha-39
Honda,Civic,2017,"1,000 cc",Automatic,Petrol,Used,"85,000 km","Rs 11,900,000",25 Sep 11:13 am,https://ikman.lk/en/ad/honda-civic-ex-2017-for-sale-colombo-234
Honda,N-WGN,2015,660 cc,Automatic,Petrol,Used,"108,500 km","Rs 6,075,000",25 Sep 11:12 am,https://ikman.lk/en/ad/honda-n-wgn-2015-for-sale-anuradhapura
Jetour,Dashing,2025,"1,500 cc",Tiptronic,Petrol,Used,"11,200 km","Rs 17,800,000",25 Sep 11:12 am,https://ikman.lk/en/ad/jetour-dashing-fully-loaded-premium-2025-for-sale-colombo-3
Mercedes Benz,GLA 180,2018,"1,600 cc",Automatic,Petrol,Used,"77,000 km","Rs 19,000,000",25 Sep 11:12 am,https://ikman.lk/en/ad/mercedes-benz-gla-180-2018-red-for-sale-colombo
Suzuki,Celerio,2015,"1,000 cc",Automatic,Petrol,Used,"121,834 km","Rs 5,500,000",25 Sep 11:11 am,https://ikman.lk/en/ad/suzuki-celerio-2015-for-sale-gampaha-475
Suzuki,Maruti,2005,800 cc,Manual,Petrol,Used,"73,222 km","Rs 2,295,000",26 Sep 1:03 am,https://ikman.lk/en/ad/suzuki-maruti-2005-for-sale-colombo-617
Mercedes Benz,C350,2017,"2,000 cc",Automatic,Petrol,Used,"84,637 km","Rs 17,500,000",25 Sep 11:10 am,https://ikman.lk/en/ad/mercedes-benz-c350-e-plug-in-hybrid-2017-for-sale-colombo-44
Suzuki,Wagon R,2015,660 cc,Automatic,Hybrid,Used,"92,000 km","Rs 5,890,000",26 Sep 11:10 am,https://ikman.lk/en/ad/suzuki-wagon-r-2015-for-sale-colombo-1040
BMW,520d,2016,"2,000 cc",Automatic,Diesel,Used,"160,000 km","Rs 25,500,000",25 Sep 11:07 am,https://ikman.lk/en/ad/bmw-520d-f10-f90-full-upgrade-2016-for-sale-colombo-1
Nissan,Roox,2024,660 cc,Automatic,Petrol,Reconditioned,"9,200 km","Rs 7,990,000",25 Sep 2:36 pm,https://ikman.lk/en/ad/nissan-roox-2024-for-sale-colombo-25
Toyota,Raize,2026,"1,200 cc",Automatic,Hybrid,Used,0 km,"Rs 14,300,000",27 Sep 6:56 am,https://ikman.lk/en/ad/toyota-raize-z-hybrid-2026-for-sale-colombo-117
Audi,A6,2011,"2,000 cc",Automatic,Petrol,Used,"125,000 km","Rs 10,500,000",19 Sep 1:34 pm,https://ikman.lk/en/ad/audi-a6-2011-for-sale-colombo-30
Suzuki,Fronx,2026,"1,000 cc",Automatic,Petrol,Brand New,0 km,"Rs 11,000,000",11 Sep 5:29 pm,https://ikman.lk/en/ad/suzuki-fronx-alpha-2026-for-sale-kurunegala-8
Land Rover,Range Rover,2019,"2,000 cc",Tiptronic,Petrol,Used,"70,000 km","Rs 63,500,000",25 Sep 11:07 am,https://ikman.lk/en/ad/land-rover-range-lwb-autobiography-2019-for-sale-colombo-75
Mercedes Benz,C180,2016,"1,600 cc",Automatic,Petrol,Used,"89,176 km","Rs 17,500,000",25 Sep 11:06 am,https://ikman.lk/en/ad/mercedes-benz-c180-2016-for-sale-colombo-93
Mitsubishi,Outlander,2014,"1,990 cc",Automatic,Hybrid,Used,"268,874 km","Rs 10,465,000",26 Sep 1:03 am,https://ikman.lk/en/ad/mitsubishi-outlander-2014-for-sale-colombo-578
Mercedes Benz,C200,2019,"1,500 cc",Automatic,Petrol,Used,"74,000 km","Rs 23,500,000",25 Sep 11:06 am,https://ikman.lk/en/ad/mercedes-benz-c200-amg-line-2019-for-sale-colombo-23
Mercedes Benz,Other Model,2017,"2,000 cc",Tiptronic,Petrol,Used,"75,000 km","Rs 20,950,000",25 Sep 3:09 pm,https://ikman.lk/en/ad/mercedes-benz-e350e-luxury-2017-for-sale-colombo-7
Honda,Civic,2003,"1,590 cc",Automatic,Petrol,Used,"140,154 km","Rs 5,995,000",25 Sep 11:04 am,https://ikman.lk/en/ad/honda-civic-es5-2003-for-sale-colombo-72
BMW,740Le,2018,"2,000 cc",Tiptronic,Petrol,Used,"40,000 km","Rs 42,700,000",25 Sep 11:02 am,https://ikman.lk/en/ad/bmw-740le-m-sport-2018-for-sale-colombo-41
Suzuki,Alto,2024,660 cc,Automatic,Petrol,Reconditioned,"52,000 km","Rs 6,625,000",25 Sep 2:36 pm,https://ikman.lk/en/ad/suzuki-alto-2024-for-sale-colombo-93
Other brand,Other model,2026,600 cc,Automatic,Electric,Brand New,0 km,"Rs 6,500,000",25 Sep 11:01 am,https://ikman.lk/en/ad/honri-boma-300-2026-for-sale-colombo
Micro,MX 7,2012,"1,500 cc",Manual,Petrol,Used,"144,000 km","Rs 3,095,000",25 Sep 11:01 am,https://ikman.lk/en/ad/micro-mx-7-2012-for-sale-colombo-57
Nissan,Magnite,2025,"1,000 cc",Tiptronic,Petrol,Used,"12,000 km","Rs 8,200,000",25 Sep 2:00 pm,https://ikman.lk/en/ad/nissan-magnite-2025-for-sale-colombo-239
Toyota,Roomy,2023,"1,000 cc",Automatic,Petrol,Used,"90,000 km","Rs 8,350,000",25 Sep 10:59 am,https://ikman.lk/en/ad/toyota-roomy-2023-for-sale-colombo-93
Toyota,Land Cruiser Prado,2025,"2,700 cc",Automatic,Petrol,Brand New,0 km,"Rs 61,000,000",25 Sep 10:59 am,https://ikman.lk/en/ad/toyota-land-cruiser-prado-250-vx-2025-for-sale-anuradhapura-7
Honda,Vezel,2026,"1,500 cc",Tiptronic,Hybrid,Brand New,0 km,"Rs 20,750,000",08 Sep 5:05 pm,https://ikman.lk/en/ad/honda-vezel-rs-premium-2026-for-sale-colombo-161
Honda,Vezel,2023,"1,500 cc",Automatic,Hybrid,Reconditioned,"8,200 km","Rs 17,480,000",27 Sep 8:54 am,https://ikman.lk/en/ad/honda-vezel-z-premium-2023-for-sale-colombo-171
Toyota,Alphard,2013,"2,500 cc",Automatic,Hybrid,Used,"118,432 km","Rs 26,550,000",25 Sep 10:57 am,https://ikman.lk/en/ad/toyota-alphard-executive-lounge-2013-for-sale-anuradhapura-2
Toyota,Vitz,2018,"1,000 cc",Automatic,Petrol,Used,"70,000 km","Rs 8,200,000",25 Sep 10:57 am,https://ikman.lk/en/ad/toyota-vitz-ksp90-2018-for-sale-colombo
Isuzu,Trooper,1991,"3,000 cc",Automatic,Diesel,Used,"293,697 km","Rs 7,295,000",25 Sep 10:58 am,https://ikman.lk/en/ad/isuzu-trooper-1991-for-sale-colombo-2
Toyota,Harrier,2023,"2,000 cc",Automatic,Petrol,Used,"2,120 km","Rs 36,950,000",25 Sep 10:55 am,https://ikman.lk/en/ad/toyota-harrier-z-leather-package-2023-for-sale-anuradhapura-4
Toyota,Yaris,2026,"1,000 cc",Automatic,Petrol,Brand New,0 km,"Rs 11,200,000",25 Sep 10:53 am,https://ikman.lk/en/ad/toyota-yaris-g-4way-bsm-2026-for-sale-colombo
BMW,220i,2025,"1,500 cc",Automatic,Petrol,Import,"5,000 km","Rs 28,500,000",25 Sep 10:53 am,https://ikman.lk/en/ad/bmw-220i-gran-coupe-m-sport-2025-for-sale-colombo-12
Nissan,Dayz,2023,650 cc,Automatic,Petrol,Reconditioned,"8,000 km","Rs 7,450,000",26 Sep 2:31 am,https://ikman.lk/en/ad/nissan-dayz-safety-2023-for-sale-gampaha-30
Honda,Vezel,2026,"1,500 cc",Automatic,Hybrid,Brand New,0 km,"Rs 18,945,000",25 Sep 10:52 am,https://ikman.lk/en/ad/honda-vezel-z-premium-sunlight-2026-for-sale-colombo-48
Suzuki,Spacia,2026,658 cc,Automatic,Hybrid,Brand New,22 km,"Rs 11,700,000",25 Sep 10:52 am,https://ikman.lk/en/ad/suzuki-spacia-xs-turbo-2026-for-sale-gampaha
BMW,X5,2015,"2,000 cc",Automatic,Petrol,Used,"87,300 km","Rs 20,000,000",25 Sep 11:08 am,https://ikman.lk/en/ad/bmw-x5-e-drive-m-sports-2015-for-sale-colombo
Honda,Vezel,2026,"1,496 cc",Automatic,Hybrid,Brand New,0 km,"Rs 19,000,000",25 Sep 11:38 am,https://ikman.lk/en/ad/honda-vezel-z-premium-2026-for-sale-gampaha-150
Toyota,Roomy,2024,"1,000 cc",Automatic,Petrol,Brand New,"1,000 km","Rs 10,790,000",25 Sep 3:57 pm,https://ikman.lk/en/ad/toyota-roomy-custom-gt-turbo-2024-for-sale-colombo-33
Daihatsu,Rocky,2023,"1,000 cc",Automatic,Petrol,Import,"13,040 km","Rs 11,500,000",04 Sep 12:03 pm,https://ikman.lk/en/ad/daihatsu-rocky-x-grade-2023-for-sale-kalutara
Toyota,Raize,2025,"1,200 cc",Automatic,Hybrid,Brand New,0 km,"Rs 13,645,000",25 Sep 10:51 am,https://ikman.lk/en/ad/toyota-raize-z-hybrid-b-n-2025-for-sale-colombo
BMW,520d,2016,"2,000 cc",Automatic,Diesel,Used,"146,000 km","Rs 25,550,000",25 Sep 10:49 am,https://ikman.lk/en/ad/bmw-520d-f10-3-option-2016-for-sale-anuradhapura-4
BMW,520d,2012,"2,000 cc",Automatic,Diesel,Used,"138,000 km","Rs 20,850,000",25 Sep 10:48 am,https://ikman.lk/en/ad/bmw-520d-m-sport-2012-for-sale-anuradhapura-6
Nissan,Dayz,2024,660 cc,Automatic,Petrol,Reconditioned,"41,800 km","Rs 7,500,000",25 Sep 10:47 am,https://ikman.lk/en/ad/nissan-dayz-2024-for-sale-colombo-103
Kia,Picanto,2016,"1,000 cc",Automatic,Petrol,Used,"128,330 km","Rs 5,895,000",25 Sep 10:47 am,https://ikman.lk/en/ad/kia-picanto-2016-for-sale-colombo-1004
Toyota,Yaris,2026,"1,000 cc",Automatic,Petrol,Brand New,0 km,"Rs 10,985,000",25 Sep 10:47 am,https://ikman.lk/en/ad/toyota-yaris-led-edition-2026-for-sale-colombo-1
Honda,Vezel,2026,"1,500 cc",Automatic,Hybrid,Brand New,0 km,"Rs 18,945,000",25 Sep 10:46 am,https://ikman.lk/en/ad/honda-vezel-z-premium-loaded-2026-for-sale-colombo-6
Honda,Vezel,2024,"1,500 cc",Automatic,Hybrid,Reconditioned,"10,000 km","Rs 18,150,000",25 Sep 10:46 am,https://ikman.lk/en/ad/honda-vezel-z-pre-4way-10-speak-2024-for-sale-colombo-10
Honda,Vezel,2026,"1,500 cc",Automatic,Hybrid,Brand New,50 km,"Rs 18,500,000",19 Sep 10:37 am,https://ikman.lk/en/ad/honda-vezel-z-wireless-charging-2026-for-sale-colombo-3
Suzuki,Wagon R ZX,2026,658 cc,Automatic,Hybrid,Brand New,0 km,"Rs 9,180,000",25 Sep 10:45 am,https://ikman.lk/en/ad/suzuki-wagon-r-zx-2026-for-sale-colombo-115
Toyota,Axio,2014,"1,500 cc",Automatic,Hybrid,Used,"220,558 km","Rs 9,395,000",25 Sep 10:44 am,https://ikman.lk/en/ad/toyota-axio-g-grade-2014-for-sale-colombo-858
Datsun,Redi Go,2017,800 cc,Manual,Petrol,Used,"69,000 km","Rs 3,650,000",25 Sep 10:41 am,https://ikman.lk/en/ad/datsun-redi-go-2017-for-sale-colombo-350
Mazda,Carol,2023,660 cc,Automatic,Petrol,Reconditioned,"16,000 km","Rs 6,590,000",25 Sep 10:40 am,https://ikman.lk/en/ad/mazda-carol-2023-for-sale-colombo-23
Toyota,Roomy,2024,"1,000 cc",Automatic,Petrol,Used,"11,172 km","Rs 9,850,000",25 Sep 10:41 am,https://ikman.lk/en/ad/toyota-roomy-custom-g-2024-for-sale-colombo-153
Audi,A3,2024,"1,000 cc",Automatic,Petrol,Reconditioned,"9,800 km","Rs 17,790,000",25 Sep 10:39 am,https://ikman.lk/en/ad/audi-a3-s-line-sportsback-2024-for-sale-colombo-3
Suzuki,Smile,2024,660 cc,Automatic,Petrol,Reconditioned,"2,200 km","Rs 7,850,000",25 Sep 10:38 am,https://ikman.lk/en/ad/suzuki-smile-2024-for-sale-colombo-13
Hyundai,Venue,2026,"1,000 cc",Automatic,Petrol,Brand New,0 km,"Rs 12,390,000",25 Sep 10:37 am,https://ikman.lk/en/ad/hyundai-venue-hx10-brand-new-2026-for-sale-colombo-10
Suzuki,Wagon R ZX,2026,658 cc,Automatic,Hybrid,Brand New,0 km,"Rs 9,180,000",25 Sep 10:35 am,https://ikman.lk/en/ad/suzuki-wagon-r-zx-2026-for-sale-colombo-114
Mazda,Carol,2023,658 cc,Automatic,Petrol,Reconditioned,"12,886 km","Rs 6,490,000",25 Sep 2:20 pm,https://ikman.lk/en/ad/mazda-carol-gl-package-2023-for-sale-colombo-4
Daihatsu,Mira,2023,658 cc,Automatic,Petrol,Reconditioned,"20,320 km","Rs 6,590,000",25 Sep 10:28 am,https://ikman.lk/en/ad/daihatsu-mira-es-sa3-l-grade-2023-for-sale-colombo-23
Peugeot,407,2007,"2,000 cc",Manual,Petrol,Used,"137,000 km","Rs 5,095,000",25 Sep 10:35 am,https://ikman.lk/en/ad/peugeot-407-2007-for-sale-colombo-176
DFSK,Glory,2021,"1,500 cc",Automatic,Petrol,Used,"40,000 km","Rs 8,990,000",25 Sep 10:26 am,https://ikman.lk/en/ad/dfsk-glory-i-auto-40000-kms-2021-for-sale-colombo-1
Daihatsu,Mira,2025,658 cc,Automatic,Petrol,Reconditioned,"5,401 km","Rs 7,190,000",25 Sep 10:26 am,https://ikman.lk/en/ad/daihatsu-mira-es-sa3-x-grade-2025-for-sale-colombo-12
Suzuki,Hustler,2015,660 cc,Automatic,Hybrid,Used,"170,000 km","Rs 5,850,000",25 Sep 10:25 am,https://ikman.lk/en/ad/suzuki-hustler-2015-for-sale-colombo-1022
Toyota,Land Cruiser Prado,2026,"2,700 cc",Automatic,Petrol,Brand New,0 km,"Rs 60,000,000",25 Sep 10:23 am,https://ikman.lk/en/ad/toyota-land-cruiser-prado-250-vx-2026-for-sale-colombo-73
Kia,Syros,2026,"1,000 cc",Automatic,Petrol,Brand New,0 km,"Rs 12,600,000",17 Sep 10:35 am,https://ikman.lk/en/ad/kia-syros-htx-0-fully-loaded-2026-for-sale-gampaha
Toyota,Taisor,2026,"1,000 cc",Automatic,Petrol,Brand New,0 km,"Rs 11,250,000",26 Sep 1:29 pm,https://ikman.lk/en/ad/toyota-taisor-v-grade-2026-for-sale-colombo-562
Toyota,Yaris,2026,"1,000 cc",Automatic,Petrol,Brand New,15 km,"Rs 10,350,000",26 Sep 8:41 pm,https://ikman.lk/en/ad/toyota-yaris-x-limited-safety-2026-for-sale-ratnapura
Suzuki,Hustler,2015,660 cc,Automatic,Hybrid,Used,"170,000 km","Rs 5,850,000",25 Sep 10:25 am,https://ikman.lk/en/ad/suzuki-hustler-2015-for-sale-colombo-1022
Toyota,Land Cruiser Prado,2026,"2,700 cc",Automatic,Petrol,Brand New,0 km,"Rs 60,000,000",25 Sep 10:23 am,https://ikman.lk/en/ad/toyota-land-cruiser-prado-250-vx-2026-for-sale-colombo-73
Audi,A6,2015,"1,800 cc",Automatic,Petrol,Used,"128,000 km","Rs 18,890,000",25 Sep 10:23 am,https://ikman.lk/en/ad/audi-a6-tfsi-2015-for-sale-colombo-1
BMW,320d,2013,"2,000 cc",Automatic,Diesel,Used,"57,840 km","Rs 16,395,000",25 Sep 10:23 am,https://ikman.lk/en/ad/bmw-320d-2013-for-sale-colombo-34
Suzuki,Every,2023,660 cc,Automatic,Petrol,Reconditioned,"12,700 km","Rs 7,500,000",25 Sep 10:20 am,https://ikman.lk/en/ad/suzuki-every-pa-limited-2023-for-sale-colombo-96
Audi,A4,2011,"1,800 cc",Automatic,Petrol,Used,"170,000 km","Rs 10,000,000",25 Sep 12:53 pm,https://ikman.lk/en/ad/audi-a4-2011-for-sale-kalutara
Toyota,Land Cruiser Prado,2015,"2,700 cc",Automatic,Petrol,Used,"160,000 km","Rs 32,690,000",25 Sep 10:18 am,https://ikman.lk/en/ad/toyota-land-cruiser-prado-150-6-fwd-2015-for-sale-colombo-2
Toyota,Land Cruiser,1988,"3,000 cc",Automatic,Diesel,Used,"140,000 km","Rs 12,500,000",26 Sep 11:02 am,https://ikman.lk/en/ad/toyota-land-cruiser-box-prado-lj78-auto-1988-for-sale-colombo
Datsun,Redi Go,2016,800 cc,Manual,Petrol,Used,"93,492 km","Rs 3,390,000",25 Sep 10:17 am,https://ikman.lk/en/ad/datsun-redi-go-2016-for-sale-colombo-586
Toyota,Yaris Ativ,2025,"1,500 cc",Automatic,Hybrid,Brand New,0 km,"Rs 18,700,000",25 Sep 10:16 am,https://ikman.lk/en/ad/toyota-yaris-ativ-gr-sport-2025-for-sale-colombo-27
Honda,Freed,2025,"1,500 cc",Automatic,Hybrid,Brand New,0 km,"Rs 18,300,000",25 Sep 10:16 am,https://ikman.lk/en/ad/honda-freed-air-hev-2025-for-sale-colombo
Toyota,Land Cruiser,1998,"3,000 cc",Automatic,Diesel,Used,"190,000 km","Rs 12,800,000",26 Sep 11:03 am,https://ikman.lk/en/ad/toyota-land-cruiser-prado-j95-auto-1998-for-sale-colombo
Land Rover,Discovery,2014,"3,000 cc",Automatic,Diesel,Used,"160,000 km","Rs 29,890,000",25 Sep 10:13 am,https://ikman.lk/en/ad/land-rover-discovery-4-hse-2014-for-sale-colombo-22
Toyota,Yaris,2026,"1,000 cc",Automatic,Petrol,Brand New,0 km,"Rs 11,590,000",25 Sep 10:12 am,https://ikman.lk/en/ad/toyota-yaris-g-led-bsm-2026-for-sale-gampaha-3
Hyundai,Tucson,2005,"1,975 cc",Manual,Petrol,Used,"163,337 km","Rs 4,150,000",25 Sep 10:12 am,https://ikman.lk/en/ad/hyundai-tucson-2005-for-sale-colombo-190
Jeep,Wrangler,2016,"2,800 cc",Automatic,Diesel,Used,"85,000 km","Rs 31,790,000",25 Sep 10:09 am,https://ikman.lk/en/ad/jeep-wrangler-4x4-2016-for-sale-colombo-1
Honda,Vezel,2014,"1,500 cc",Automatic,Hybrid,Used,"78,000 km","Rs 9,390,000",25 Sep 10:06 am,https://ikman.lk/en/ad/honda-vezel-orange-pack-2014-for-sale-colombo-145
Micro,Panda,2016,"1,000 cc",Manual,Petrol,Used,"160,000 km","Rs 3,295,000",25 Sep 10:02 am,https://ikman.lk/en/ad/micro-panda-2016-for-sale-colombo-485
Toyota,Raize,2025,"1,200 cc",Automatic,Hybrid,Reconditioned,"5,900 km","Rs 13,990,000",25 Sep 9:53 am,https://ikman.lk/en/ad/toyota-raize-1200-hybrid-360-2025-for-sale-gampaha
Mazda,Carol,2023,660 cc,Automatic,Petrol,Used,"16,400 km","Rs 6,500,000",25 Sep 9:53 am,https://ikman.lk/en/ad/mazda-carol-2023-for-sale-colombo-22
Kia,Sportage,2011,"2,000 cc",Automatic,Petrol,Used,"207,360 km","Rs 7,165,000",25 Sep 9:52 am,https://ikman.lk/en/ad/kia-sportage-2011-for-sale-colombo-1373
Toyota,Roomy,2023,"1,000 cc",Automatic,Petrol,Import,"19,000 km","Rs 10,590,000",25 Sep 4:20 pm,https://ikman.lk/en/ad/toyota-roomy-custom-g-2023-for-sale-ratnapura-1
Mitsubishi,Montero,2015,"3,200 cc",Automatic,Diesel,Reconditioned,"148,000 km","Rs 25,250,000",25 Sep 9:49 am,https://ikman.lk/en/ad/mitsubishi-montero-gls-2015-for-sale-colombo-386
Mitsubishi,eK Wagon,2023,660 cc,Automatic,Petrol,Reconditioned,"17,200 km","Rs 7,450,000",25 Sep 9:48 am,https://ikman.lk/en/ad/mitsubishi-ek-wagon-2023-for-sale-colombo-59
Toyota,Raize,2026,"1,200 cc",Automatic,Hybrid,Brand New,0 km,"Rs 14,290,000",25 Sep 9:45 am,https://ikman.lk/en/ad/toyota-raize-hybrid-4way-bsm-2026-for-sale-gampaha
Land Rover,Defender,2026,"1,997 cc",Automatic,Petrol,Brand New,0 km,"Rs 77,000,000",25 Sep 9:37 am,https://ikman.lk/en/ad/land-rover-defender-p300-x-dynamic-se-2026-for-sale-gampaha
Daihatsu,Mira,2025,660 cc,Automatic,Petrol,Brand New,0 km,"Rs 7,000,000",27 Sep 10:53 am,https://ikman.lk/en/ad/daihatsu-mira-x-grade-limited-2025-for-sale-colombo-1
Toyota,Raize,2024,"1,200 cc",Automatic,Hybrid,Used,"4,925 km","Rs 13,095,000",27 Sep 9:53 am,https://ikman.lk/en/ad/toyota-raize-2024-for-sale-colombo-88
Mitsubishi,Montero,2015,"3,200 cc",Automatic,Diesel,Reconditioned,"148,000 km","Rs 25,250,000",25 Sep 9:49 am,https://ikman.lk/en/ad/mitsubishi-montero-gls-2015-for-sale-colombo-386
Mitsubishi,eK Wagon,2023,660 cc,Automatic,Petrol,Reconditioned,"17,200 km","Rs 7,450,000",25 Sep 9:48 am,https://ikman.lk/en/ad/mitsubishi-ek-wagon-2023-for-sale-colombo-59
Toyota,Raize,2026,"1,200 cc",Automatic,Hybrid,Brand New,0 km,"Rs 14,290,000",25 Sep 9:45 am,https://ikman.lk/en/ad/toyota-raize-hybrid-4way-bsm-2026-for-sale-gampaha
Toyota,Raize,2026,"1,200 cc",Automatic,Hybrid,Brand New,0 km,"Rs 13,900,000",27 Sep 8:43 am,https://ikman.lk/en/ad/toyota-raize-z-hybrid-4way-bsm-2026-for-sale-colombo-88
Suzuki,Wagon R,2025,660 cc,Automatic,Hybrid,Reconditioned,"2,326 km","Rs 8,950,000",25 Sep 9:44 am,https://ikman.lk/en/ad/suzuki-wagon-r-custom-z-2025-for-sale-colombo-171
Mercedes Benz,GLB,2025,"1,300 cc",Automatic,Petrol,Reconditioned,"10,000 km","Rs 38,500,000",25 Sep 9:43 am,https://ikman.lk/en/ad/mercedes-benz-glb-180amg-line-premum-2025-for-sale-colombo-5
Toyota,Raize,2024,"1,200 cc",Automatic,Hybrid,Reconditioned,"12,147 km","Rs 13,875,000",25 Sep 9:44 am,https://ikman.lk/en/ad/toyota-raize-z-grade-2024-for-sale-colombo-290
Toyota,Hilux,2026,"2,800 cc",Automatic,Diesel,Import,0 km,"Rs 29,950,000",25 Sep 9:41 am,https://ikman.lk/en/ad/toyota-hilux-travo-advance-2026-for-sale-colombo-2
Toyota,Vitz,2019,"1,000 cc",Automatic,Petrol,Reconditioned,"70,000 km","Rs 8,750,000",25 Sep 9:40 am,https://ikman.lk/en/ad/toyota-vitz-edition-3-2019-for-sale-colombo-421
Toyota,Axio,2018,"1,490 cc",Automatic,Petrol,Used,"130,000 km","Rs 12,500,000",25 Sep 9:39 am,https://ikman.lk/en/ad/toyota-axio-2018-for-sale-colombo-204
Toyota,Starlet,1990,"1,300 cc",Manual,Petrol,Used,"231,592 km","Rs 2,595,000",25 Sep 10:24 am,https://ikman.lk/en/ad/toyota-starlet-ep82-1990-for-sale-colombo-3
Peugeot,3008,2017,"1,200 cc",Automatic,Petrol,Used,"110,000 km","Rs 11,775,000",25 Sep 9:37 am,https://ikman.lk/en/ad/peugeot-3008-gt-line-2017-for-sale-colombo-9
Honda,Vezel,2026,"1,500 cc",Tiptronic,Hybrid,Brand New,0 km,"Rs 18,250,000",25 Sep 9:35 am,https://ikman.lk/en/ad/honda-vezel-z-brand-new-2026-for-sale-gampaha-11
Toyota,Axio,2018,"1,500 cc",Automatic,Hybrid,Used,"132,697 km","Rs 13,200,000",25 Sep 9:33 am,https://ikman.lk/en/ad/toyota-axio-wxb-2018-for-sale-galle-41
Peugeot,5008,2025,"1,200 cc",Automatic,Hybrid,Brand New,30 km,"Rs 34,900,000",25 Sep 9:33 am,https://ikman.lk/en/ad/peugeot-5008-gt-line-2025-for-sale-colombo-75
Suzuki,Wagon R FX,2024,660 cc,Automatic,Hybrid,Reconditioned,"3,000 km","Rs 7,890,000",25 Sep 9:32 am,https://ikman.lk/en/ad/suzuki-wagon-r-fx-safety-stylish-grey-2024-for-sale-colombo-2
Honda,Vezel,2026,"1,500 cc",Automatic,Hybrid,Import,3 km,"Rs 19,350,000",26 Sep 11:52 am,https://ikman.lk/en/ad/honda-vezel-z-premium-2026-for-sale-ratnapura-12
Toyota,Raize,2026,"1,200 cc",Automatic,Hybrid,Brand New,0 km,"Rs 14,350,000",25 Sep 9:29 am,https://ikman.lk/en/ad/toyota-raize-12l-hybrid-2026-for-sale-anuradhapura
Daihatsu,Thor,2023,"1,000 cc",Automatic,Petrol,Reconditioned,"24,130 km","Rs 10,250,000",25 Sep 9:27 am,https://ikman.lk/en/ad/daihatsu-thor-turbo-2023-for-sale-anuradhapura-2
Volkswagen,T-Cross,2023,"1,000 cc",Automatic,Petrol,Reconditioned,"12,030 km","Rs 14,250,000",25 Sep 9:25 am,https://ikman.lk/en/ad/volkswagen-t-cross-1l-turbocharged-2023-for-sale-anuradhapura-3
Suzuki,Spacia,2023,660 cc,Automatic,Hybrid,Import,"25,000 km","Rs 9,390,000",25 Sep 9:25 am,https://ikman.lk/en/ad/suzuki-spacia-custom-hybrid-2023-for-sale-colombo-14
Honda,Vezel,2026,"1,500 cc",Automatic,Hybrid,Brand New,0 km,"Rs 19,550,000",25 Sep 9:23 am,https://ikman.lk/en/ad/honda-vezel-z-premium-2026-for-sale-anuradhapura-7
Toyota,Roomy,2024,"1,000 cc",Automatic,Petrol,Reconditioned,"19,000 km","Rs 9,290,000",25 Sep 9:22 am,https://ikman.lk/en/ad/toyota-roomy-x-auto-door-2024-for-sale-colombo-2
Nissan,Gravite,2026,"1,000 cc",Automatic,Petrol,Import,0 km,"Rs 9,690,000",25 Sep 9:17 am,https://ikman.lk/en/ad/nissan-gravite-tekna-top-spec-le-2026-for-sale-colombo-2
Honda,Vezel,2026,"1,500 cc",Automatic,Hybrid,Brand New,0 km,"Rs 20,650,000",25 Sep 9:17 am,https://ikman.lk/en/ad/honda-vezel-z-play-full-option-2026-for-sale-anuradhapura-3
Mitsubishi,Lancer,2000,"1,300 cc",Manual,Petrol,Used,"220,000 km","Rs 4,350,000",16 Sep 10:09 pm,https://ikman.lk/en/ad/mitsubishi-lancer-ck1-2000-for-sale-colombo-16
Nissan,Sunny,1990,"1,500 cc",Manual,Diesel,Used,"150,000 km","Rs 1,950,000",13 Sep 4:35 pm,https://ikman.lk/en/ad/nissan-sunny-1990-for-sale-jaffna
Daihatsu,Rocky,2023,"1,000 cc",Automatic,Petrol,Import,"13,040 km","Rs 11,500,000",04 Sep 12:03 pm,https://ikman.lk/en/ad/daihatsu-rocky-x-grade-2023-for-sale-kalutara
Nissan,Gravite,2026,"1,000 cc",Automatic,Petrol,Import,0 km,"Rs 9,690,000",25 Sep 9:17 am,https://ikman.lk/en/ad/nissan-gravite-tekna-top-spec-le-2026-for-sale-colombo-2
Honda,Vezel,2026,"1,500 cc",Automatic,Hybrid,Brand New,0 km,"Rs 20,650,000",25 Sep 9:17 am,https://ikman.lk/en/ad/honda-vezel-z-play-full-option-2026-for-sale-anuradhapura-3
Suzuki,Wagon R,2017,660 cc,Automatic,Hybrid,Used,"67,000 km","Rs 7,390,000",25 Sep 9:14 am,https://ikman.lk/en/ad/suzuki-wagon-r-stingray-2017-for-sale-colombo-1960
Mitsubishi,eK Wagon,2025,660 cc,Automatic,Petrol,Reconditioned,"1,100 km","Rs 7,500,000",25 Sep 9:14 am,https://ikman.lk/en/ad/mitsubishi-ek-wagon-2025-for-sale-colombo-22
Honda,Vezel,2026,"1,500 cc",Automatic,Hybrid,Brand New,0 km,"Rs 20,600,000",25 Sep 9:13 am,https://ikman.lk/en/ad/honda-vezel-z-play-2026-for-sale-colombo-184
Nissan,Dayz,2025,660 cc,Automatic,Petrol,Import,"2,738 km","Rs 8,850,000",25 Sep 9:09 am,https://ikman.lk/en/ad/nissan-dayz-highway-star-x-pro-2025-for-sale-ratnapura-1
Mitsubishi,L200,2007,"2,477 cc",Automatic,Diesel,Used,"238,800 km","Rs 8,900,000",25 Sep 9:06 am,https://ikman.lk/en/ad/mitsubishi-l200-warrior-2007-for-sale-colombo-5
Mercedes Benz,CLA 180,2017,"1,660 cc",Automatic,Petrol,Used,"117,000 km","Rs 17,500,000",25 Sep 9:29 am,https://ikman.lk/en/ad/mercedes-benz-cla-180-amg-2017-for-sale-colombo-3
Tata,Nano,2011,624 cc,Manual,Petrol,Used,"350,000 km","Rs 1,400,000",25 Sep 8:54 am,https://ikman.lk/en/ad/tata-nano-2011-for-sale-kandy-57
Daihatsu,Mira,2025,660 cc,Automatic,Petrol,Import,"3,000 km","Rs 6,790,000",25 Sep 8:49 am,https://ikman.lk/en/ad/daihatsu-mira-l-grade-2025-for-sale-ratnapura-1
Toyota,Land Cruiser Prado,2018,"2,800 cc",Automatic,Petrol,Used,"120,000 km","Rs 39,990,000",25 Sep 8:46 am,https://ikman.lk/en/ad/toyota-land-cruiser-prado-1stowner-pearlwhite-2018-for-sale-colombo
Toyota,Vitz,2015,"1,000 cc",Automatic,Petrol,Used,"96,000 km","Rs 7,350,000",25 Sep 8:46 am,https://ikman.lk/en/ad/toyota-vitz-2015-for-sale-colombo-1877
Suzuki,Wagon R FX,2024,660 cc,Automatic,Petrol,Reconditioned,"2,008 km","Rs 7,550,000",26 Sep 2:31 am,https://ikman.lk/en/ad/suzuki-wagon-r-fx-petrol-2024-for-sale-gampaha-41
Suzuki,Fronx,2026,"1,000 cc",Automatic,Petrol,Brand New,0 km,"Rs 10,850,000",25 Sep 8:39 am,https://ikman.lk/en/ad/suzuki-fronx-alpha-2026-for-sale-gampaha-4
Suzuki,Wagon R ZX,2025,660 cc,Automatic,Petrol,Reconditioned,"1,800 km","Rs 8,150,000",27 Sep 8:26 am,https://ikman.lk/en/ad/suzuki-wagon-r-zx-zl-petrol-2025-for-sale-gampaha-1
Suzuki,Wagon R ZX,2025,660 cc,Automatic,Hybrid,Import,"2,856 km","Rs 9,190,000",26 Sep 11:56 am,https://ikman.lk/en/ad/suzuki-wagon-r-zx-2025-for-sale-ratnapura-1
Suzuki,Wagon R ZX,2023,660 cc,Automatic,Hybrid,Reconditioned,"1,900 km","Rs 8,850,000",26 Sep 2:32 am,https://ikman.lk/en/ad/suzuki-wagon-r-zx-custom-zt-turbo-2023-for-sale-gampaha
Toyota,Belta,2008,"1,300 cc",Automatic,Petrol,Used,"136,000 km","Rs 6,750,000",25 Sep 11:56 am,https://ikman.lk/en/ad/toyota-belta-2008-for-sale-colombo-923
Nissan,Sunny,1987,"1,000 cc",Manual,Petrol,Used,"195,000 km","Rs 850,000",25 Sep 8:29 am,https://ikman.lk/en/ad/nissan-sunny-16-1987-for-sale-kurunegala
Suzuki,Wagon R ZX,2026,660 cc,Automatic,Hybrid,Import,4 km,"Rs 9,390,000",26 Sep 11:55 am,https://ikman.lk/en/ad/suzuki-wagon-r-zx-0-2026-for-sale-ratnapura
Daihatsu,Mira,2023,660 cc,Automatic,Petrol,Reconditioned,"9,000 km","Rs 6,650,000",25 Sep 8:20 am,https://ikman.lk/en/ad/daihatsu-mira-l-grade-2023-12-2023-for-sale-colombo
Nissan,Dayz,2024,660 cc,Automatic,Petrol,Reconditioned,"11,920 km","Rs 8,750,000",25 Sep 8:17 am,https://ikman.lk/en/ad/nissan-dayz-2024-for-sale-kalutara-3
Suzuki,Wagon R,2026,660 cc,Automatic,Hybrid,Brand New,4 km,"Rs 9,275,000",25 Sep 8:07 am,https://ikman.lk/en/ad/suzuki-wagon-r-custom-zx-2026-for-sale-gampaha-39
Toyota,Land Cruiser Prado,1997,"3,000 cc",Automatic,Diesel,Used,"350,000 km","Rs 11,250,000",25 Sep 7:59 am,https://ikman.lk/en/ad/toyota-land-cruiser-prado-1kz-auto-sunroof-1997-for-sale-colombo-1
Toyota,Yaris,2025,"1,000 cc",Automatic,Petrol,Reconditioned,"1,500 km","Rs 10,100,000",25 Sep 7:56 am,https://ikman.lk/en/ad/toyota-yaris-x-grade-2025-for-sale-colombo-124
Daihatsu,Mira,2024,660 cc,Automatic,Petrol,Reconditioned,"8,000 km","Rs 6,850,000",26 Sep 11:47 am,https://ikman.lk/en/ad/daihatsu-mira-x-grade-2024-for-sale-colombo-27
Mitsubishi,Lancer,2000,"1,300 cc",Manual,Petrol,Used,"220,000 km","Rs 4,350,000",16 Sep 10:09 pm,https://ikman.lk/en/ad/mitsubishi-lancer-ck1-2000-for-sale-colombo-16
Suzuki,Fronx,2026,"1,000 cc",Automatic,Petrol,Brand New,38 km,"Rs 11,200,000",26 Sep 12:48 pm,https://ikman.lk/en/ad/suzuki-fronx-2026-for-sale-colombo-195
Toyota,Yaris,2025,"1,000 cc",Automatic,Petrol,Reconditioned,"1,500 km","Rs 10,100,000",25 Sep 7:56 am,https://ikman.lk/en/ad/toyota-yaris-x-grade-2025-for-sale-colombo-124
Toyota,Land Cruiser Sahara,2017,"4,500 cc",Automatic,Petrol,Used,"125,000 km","Rs 51,900,000",25 Sep 11:37 am,https://ikman.lk/en/ad/toyota-land-cruiser-sahara-v8-leather-electric-2017-for-sale-colombo
Daihatsu,Rocky,2024,"1,200 cc",Tiptronic,Hybrid,Reconditioned,"3,000 km","Rs 13,290,000",25 Sep 7:50 am,https://ikman.lk/en/ad/daihatsu-rocky-z-2024-for-sale-colombo
Nissan,Dayz,2024,660 cc,Automatic,Petrol,Reconditioned,"12,000 km","Rs 7,450,000",26 Sep 2:32 am,https://ikman.lk/en/ad/nissan-dayz-x-limited-safty-push-2024-for-sale-colombo-3
Daihatsu,Mira,2025,660 cc,Automatic,Petrol,Reconditioned,"12,000 km","Rs 7,390,000",26 Sep 2:32 am,https://ikman.lk/en/ad/daihatsu-mira-g-safty-push-es2-2025-for-sale-colombo-1
Honda,Civic,1992,"1,500 cc",Manual,Petrol,Used,"125,000 km","Rs 2,975,000",25 Sep 7:35 am,https://ikman.lk/en/ad/honda-civic-eg-8-1992-for-sale-colombo-1
Perodua,Axia,2016,"1,000 cc",Automatic,Petrol,Used,"58,387 km","Rs 6,200,000",25 Sep 7:30 am,https://ikman.lk/en/ad/perodua-axia-2016-for-sale-colombo-571
Honda,Vezel,2026,"1,500 cc",Automatic,Hybrid,Brand New,25 km,"Rs 18,950,000",25 Sep 7:17 am,https://ikman.lk/en/ad/honda-vezel-z-premium-2026-for-sale-colombo-722
Cadillac,Other Model,2026,"2,500 cc",Automatic,Electric,Brand New,0 km,"Rs 127,000,000",25 Sep 7:16 am,https://ikman.lk/en/ad/cadillac-hongqi-r-royce-e-hs9-2026-for-sale-colombo-2
Renault,KWID,2017,800 cc,Manual,Petrol,Used,"95,000 km","Rs 3,690,080",25 Sep 7:15 am,https://ikman.lk/en/ad/renault-kwid-brand-new-2017-for-sale-colombo-6
Suzuki,Wagon R FX,2017,650 cc,Automatic,Hybrid,Used,"110,000 km","Rs 5,750,000",25 Sep 6:55 am,https://ikman.lk/en/ad/suzuki-wagon-r-fx-2017-for-sale-colombo-4003
BAW,E7,2026,25 cc,Automatic,Electric,Brand New,0 km,"Rs 600,000",25 Sep 6:40 am,https://ikman.lk/en/ad/baw-e7-pro-2026-for-sale-colombo-18
Nissan,X-Trail,2011,"2,000 cc",Automatic,Petrol,Used,"167,000 km","Rs 7,950,000",25 Sep 6:16 am,https://ikman.lk/en/ad/nissan-x-trail-dulas-moon-roof-2011-for-sale-colombo
Toyota,Raize,2026,"1,200 cc",Automatic,Hybrid,Brand New,25 km,"Rs 14,475,000",25 Sep 6:16 am,https://ikman.lk/en/ad/toyota-raize-z-apple-play-3600-2026-for-sale-colombo
Toyota,Raize,2026,"1,200 cc",Automatic,Hybrid,Brand New,26 km,"Rs 14,490,000",25 Sep 6:15 am,https://ikman.lk/en/ad/toyota-raize-z-apple-play-4way-2026-for-sale-colombo
Toyota,Corolla,2026,"1,800 cc",Automatic,Hybrid,Brand New,50 km,"Rs 29,300,000",25 Sep 7:10 am,https://ikman.lk/en/ad/toyota-corolla-cross-z-2026-for-sale-colombo-8
Land Rover,Defender,2026,"1,997 cc",Automatic,Petrol,Brand New,0 km,"Rs 77,000,000",25 Sep 9:37 am,https://ikman.lk/en/ad/land-rover-defender-p300-x-dynamic-se-2026-for-sale-gampaha
Daihatsu,Mira,2025,660 cc,Automatic,Petrol,Reconditioned,"5,000 km","Rs 6,890,000",26 Sep 2:35 am,https://ikman.lk/en/ad/daihatsu-mira-lsa-2025-for-sale-colombo-1
Land Rover,Discovery,2016,"3,000 cc",Automatic,Diesel,Used,"226,000 km","Rs 29,000,000",25 Sep 12:35 am,https://ikman.lk/en/ad/land-rover-discovery-4-2016-for-sale-colombo-37
Toyota,Premio,2019,"1,500 cc",Automatic,Petrol,Used,"120,000 km","Rs 17,500,000",25 Sep 12:18 am,https://ikman.lk/en/ad/toyota-premio-g-superior-2019-for-sale-colombo-827
Nissan,Sunny,1980,"1,400 cc",Manual,Petrol,Used,"542,800 km","Rs 765,000",25 Sep 12:14 am,https://ikman.lk/en/ad/nissan-sunny-blue-1980-for-sale-kurunegala-1
Mitsubishi,Delica,2024,660 cc,Automatic,Hybrid,Brand New,18 km,"Rs 8,190,000",25 Sep 12:16 am,https://ikman.lk/en/ad/mitsubishi-delica-mini-g-premium-2024-for-sale-colombo-3
Suzuki,Wagon R,2017,660 cc,Automatic,Petrol,Used,"103,900 km","Rs 6,900,000",26 Sep 8:42 am,https://ikman.lk/en/ad/suzuki-wagon-r-2017-for-sale-kalutara-23
Suzuki,Alto,2024,660 cc,Automatic,Petrol,Used,"17,500 km","Rs 6,575,000",24 Sep 11:32 pm,https://ikman.lk/en/ad/suzuki-alto-power-mirrors-2024-for-sale-kurunegala
Daihatsu,Mira,2023,660 cc,Automatic,Petrol,Used,"17,500 km","Rs 6,490,000",24 Sep 11:26 pm,https://ikman.lk/en/ad/daihatsu-mira-alto-2023-for-sale-kurunegala
Nissan,Almera,2025,"1,000 cc",Automatic,Petrol,Brand New,0 km,"Rs 14,450,000",23 Sep 9:54 am,https://ikman.lk/en/ad/nissan-almera-vl-2025-for-sale-colombo-83
Toyota,Raize,2025,"1,200 cc",Automatic,Hybrid,Reconditioned,"14,900 km","Rs 13,400,000",26 Sep 7:03 pm,https://ikman.lk/en/ad/toyota-raize-z-hybrid-1200cc-2025-for-sale-colombo-58
Toyota,Land Cruiser Prado,2024,"2,700 cc",Automatic,Petrol,Brand New,"11,500 km","Rs 59,500,000",27 Sep 10:12 am,https://ikman.lk/en/ad/toyota-land-cruiser-prado-250-1st-edition-2024-for-sale-gampaha-2
Daihatsu,Mira,2023,660 cc,Automatic,Petrol,Used,"17,500 km","Rs 6,490,000",24 Sep 11:26 pm,https://ikman.lk/en/ad/daihatsu-mira-alto-2023-for-sale-kurunegala
Nissan,ROOX HIGHWAY STAR X,2025,660 cc,Automatic,Hybrid,Import,"7,500 km","Rs 8,850,000",24 Sep 11:22 pm,https://ikman.lk/en/ad/nissan-roox-highway-star-x-propilot-2025-for-sale-gampaha
Honda,Vezel,2026,"1,490 cc",Automatic,Hybrid,Brand New,0 km,"Rs 18,775,000",24 Sep 11:16 pm,https://ikman.lk/en/ad/honda-vezel-z-premium-2026-for-sale-colombo-719
BMW,X1,2019,"1,500 cc",Automatic,Petrol,Reconditioned,"76,000 km","Rs 14,700,000",24 Sep 11:13 pm,https://ikman.lk/en/ad/bmw-x1-2019-sunroof-for-sale-kalutara
Toyota,Pixis,2023,660 cc,Automatic,Petrol,Used,"9,500 km","Rs 6,350,000",24 Sep 11:11 pm,https://ikman.lk/en/ad/toyota-pixis-mira-2023-for-sale-kurunegala-2
Honda,Vezel,2014,"1,500 cc",Automatic,Hybrid,Used,"149,500 km","Rs 9,100,000",24 Sep 10:57 pm,https://ikman.lk/en/ad/honda-vezel-z-grade-2014-for-sale-kurunegala-54
Bajaj,Qute,2019,216 cc,Manual,Petrol,Used,"41,000 km","Rs 1,150,000",24 Sep 10:59 pm,https://ikman.lk/en/ad/bajaj-qute-gaa-2019-for-sale-colombo
Nissan,Leaf,2014,400 cc,Automatic,Electric,Used,"95,000 km","Rs 7,200,000",25 Sep 6:27 am,https://ikman.lk/en/ad/nissan-leaf-g-grade-2014-for-sale-colombo-109
Mitsubishi,Other Model,1972,"1,563 cc",Manual,Diesel,Used,"57,000 km","Rs 2,500,000",24 Sep 10:37 pm,https://ikman.lk/en/ad/mitsubishi-4dr-4dr5-1972-for-sale-kalutara
Mitsubishi,Lancer,1990,"1,500 cc",Manual,Petrol,Used,"471,034 km","Rs 1,850,000",24 Sep 10:36 pm,https://ikman.lk/en/ad/mitsubishi-lancer-17-1343-1990-for-sale-puttalam
Mercedes Benz,C350,2016,"2,000 cc",Tiptronic,Petrol,Used,"58,000 km","Rs 21,000,000",24 Sep 11:21 pm,https://ikman.lk/en/ad/mercedes-benz-c350-full-options-2016-for-sale-jaffna-1
Toyota,Yaris,2025,"1,000 cc",Automatic,Petrol,Reconditioned,"9,000 km","Rs 10,290,000",24 Sep 10:20 pm,https://ikman.lk/en/ad/toyota-yaris-g-grade-2025-for-sale-colombo-131
Toyota,Yaris,2026,990 cc,Automatic,Petrol,Brand New,0 km,"Rs 11,500,000",24 Sep 10:10 pm,https://ikman.lk/en/ad/toyota-yaris-g-led-limted-2026-for-sale-colombo-19
Toyota,Hilux,2026,"2,800 cc",Automatic,Diesel,Import,0 km,"Rs 29,500,000",25 Sep 10:54 am,https://ikman.lk/en/ad/toyota-hilux-z-adventure-4wd-2026-for-sale-colombo-1
Hyundai,Venue,2026,"1,000 cc",Automatic,Petrol,Brand New,0 km,"Rs 12,595,000",24 Sep 9:59 pm,https://ikman.lk/en/ad/hyundai-venue-n-line-n10-brand-nw-2026-for-sale-colombo-27
Hyundai,Venue,2026,"1,000 cc",Automatic,Petrol,Brand New,0 km,"Rs 12,690,000",24 Sep 9:57 pm,https://ikman.lk/en/ad/hyundai-venue-n-line-n10-brand-nw-2026-for-sale-colombo-26
Audi,A3,2023,990 cc,Automatic,Petrol,Reconditioned,"6,600 km","Rs 19,500,000",24 Sep 9:56 pm,https://ikman.lk/en/ad/audi-a3-2023-for-sale-colombo-83
Honda,Civic,1991,"1,500 cc",Manual,Petrol,Used,"142,090 km","Rs 2,350,000",24 Sep 9:55 pm,https://ikman.lk/en/ad/honda-civic-1991-for-sale-badulla
Toyota,Roomy,2026,990 cc,Automatic,Petrol,Brand New,0 km,"Rs 12,200,000",24 Sep 9:54 pm,https://ikman.lk/en/ad/toyota-roomy-custom-g-turbo-2026-for-sale-colombo-2
Hyundai,Venue,2026,"1,000 cc",Automatic,Petrol,Brand New,0 km,"Rs 12,590,000",24 Sep 9:53 pm,https://ikman.lk/en/ad/hyundai-venue-n-line-n10-brand-nw-2026-for-sale-colombo-25
Hyundai,Venue,2026,"1,000 cc",Automatic,Petrol,Brand New,0 km,"Rs 12,590,000",24 Sep 9:52 pm,https://ikman.lk/en/ad/hyundai-venue-n-line-n10-2026-for-sale-colombo-61
Hyundai,Venue,2026,"1,000 cc",Automatic,Petrol,Brand New,0 km,"Rs 11,990,000",24 Sep 9:50 pm,https://ikman.lk/en/ad/hyundai-venue-hx10-brand-new-2026-for-sale-colombo-9
Nissan,ROOX HIGHWAY STAR X,2024,660 cc,Automatic,Petrol,Brand New,0 km,"Rs 9,050,000",24 Sep 9:49 pm,https://ikman.lk/en/ad/nissan-roox-highway-star-x-2024-for-sale-colombo-50
Toyota,Taisor,2026,"1,000 cc",Automatic,Petrol,Brand New,0 km,"Rs 11,390,000",26 Sep 4:28 pm,https://ikman.lk/en/ad/toyota-taisor-v-grade-2026-for-sale-colombo-565
Toyota,Roomy,2025,990 cc,Automatic,Petrol,Brand New,0 km,"Rs 11,590,000",26 Sep 3:29 am,https://ikman.lk/en/ad/toyota-roomy-custom-g-turbo-2025-for-sale-colombo-37
BMW,X1,2011,"2,000 cc",Automatic,Diesel,Used,"340,000 km","Rs 8,400,000",24 Sep 11:46 am,https://ikman.lk/en/ad/bmw-x1-2011-for-sale-gampaha-81
Suzuki,Alto,2015,800 cc,Manual,Petrol,Used,"61,000 km","Rs 4,200,000",24 Sep 10:10 am,https://ikman.lk/en/ad/suzuki-alto-sport-2015-for-sale-galle-3
DFSK,Glory,2021,"1,500 cc",Tiptronic,Petrol,Used,"38,000 km","Rs 9,000,000",15 Sep 2:12 pm,https://ikman.lk/en/ad/dfsk-glory-2021-for-sale-colombo-384
Nissan,ROOX HIGHWAY STAR X,2024,660 cc,Automatic,Petrol,Brand New,0 km,"Rs 9,050,000",24 Sep 9:49 pm,https://ikman.lk/en/ad/nissan-roox-highway-star-x-2024-for-sale-colombo-50
Toyota,Taisor,2026,"1,000 cc",Automatic,Petrol,Brand New,0 km,"Rs 11,390,000",26 Sep 4:28 pm,https://ikman.lk/en/ad/toyota-taisor-v-grade-2026-for-sale-colombo-565
Toyota,Roomy,2025,990 cc,Automatic,Petrol,Brand New,0 km,"Rs 11,590,000",26 Sep 3:29 am,https://ikman.lk/en/ad/toyota-roomy-custom-g-turbo-2025-for-sale-colombo-37
Toyota,Yaris,2026,990 cc,Automatic,Petrol,Brand New,0 km,"Rs 10,800,000",24 Sep 9:31 pm,https://ikman.lk/en/ad/toyota-yaris-x-grade-2026-for-sale-colombo-20
Toyota,Corolla,2006,"1,300 cc",Manual,Petrol,Used,"186,000 km","Rs 6,000,000",24 Sep 9:28 pm,https://ikman.lk/en/ad/toyota-corolla-2006-for-sale-colombo-14
Land Rover,Range Rover,2026,"3,000 cc",Tiptronic,Hybrid,Brand New,0 km,"Rs 172,500,000",24 Sep 9:28 pm,https://ikman.lk/en/ad/land-rover-range-autobiography-2026-for-sale-colombo
Mercedes Benz,E350,2024,"2,000 cc",Automatic,Petrol,Reconditioned,"9,800 km","Rs 69,000,000",24 Sep 9:25 pm,https://ikman.lk/en/ad/mercedes-benz-e350-e-amg-premium-plus-2024-for-sale-colombo-1
Toyota,Yaris,2025,990 cc,Automatic,Petrol,Reconditioned,"11,500 km","Rs 10,700,000",24 Sep 9:22 pm,https://ikman.lk/en/ad/toyota-yaris-g-grade-2025-for-sale-colombo-130
Toyota,Raize,2026,"1,200 cc",Automatic,Hybrid,Brand New,0 km,"Rs 14,450,000",24 Sep 9:18 pm,https://ikman.lk/en/ad/toyota-raize-z-grade-2026-for-sale-colombo-111
Toyota,Alphard,2024,"2,480 cc",Automatic,Petrol,Reconditioned,"3,300 km","Rs 64,500,000",24 Sep 9:12 pm,https://ikman.lk/en/ad/toyota-alphard-executive-lounge-2024-for-sale-colombo-101
Land Rover,Defender,2023,"2,000 cc",Automatic,Petrol,Reconditioned,"10,000 km","Rs 69,500,000",24 Sep 9:09 pm,https://ikman.lk/en/ad/land-rover-defender-xs-limted-edition-2023-for-sale-colombo-10
Toyota,Axio,2023,"1,500 cc",Automatic,Petrol,Reconditioned,"14,000 km","Rs 15,350,000",24 Sep 9:07 pm,https://ikman.lk/en/ad/toyota-axio-g-grade-2023-for-sale-colombo-10
Toyota,Roomy,2023,990 cc,Automatic,Petrol,Reconditioned,"30,000 km","Rs 10,500,000",24 Sep 9:04 pm,https://ikman.lk/en/ad/toyota-roomy-custom-g-turbo-2023-for-sale-colombo-31
Toyota,Yaris,2023,990 cc,Automatic,Petrol,Reconditioned,"8,000 km","Rs 10,500,000",24 Sep 9:02 pm,https://ikman.lk/en/ad/toyota-yaris-2023-for-sale-colombo-103
Audi,A3,2024,"1,500 cc",Automatic,Petrol,Used,"24,500 km","Rs 15,500,000",24 Sep 9:00 pm,https://ikman.lk/en/ad/audi-a3-advance-2024-for-sale-kurunegala-4
Toyota,Yaris,2026,990 cc,Automatic,Petrol,Brand New,0 km,"Rs 11,500,000",24 Sep 9:00 pm,https://ikman.lk/en/ad/toyota-yaris-g-led-limted-2026-for-sale-colombo-18
Suzuki,Alto,2015,800 cc,Manual,Petrol,Used,"61,000 km","Rs 4,025,000",24 Sep 9:00 pm,https://ikman.lk/en/ad/suzuki-alto-2015-for-sale-ampara-262
Toyota,Raize,2025,"1,200 cc",Automatic,Hybrid,Reconditioned,"4,000 km","Rs 13,900,000",24 Sep 8:57 pm,https://ikman.lk/en/ad/toyota-raize-z-grade-2025-for-sale-colombo-377
Toyota,Yaris Cross,2024,"1,500 cc",Automatic,Hybrid,Used,"25,000 km","Rs 17,200,000",26 Sep 7:03 am,https://ikman.lk/en/ad/toyota-yaris-cross-2024-for-sale-colombo-51
Toyota,Raize,2025,"1,200 cc",Automatic,Petrol,Brand New,0 km,"Rs 13,900,000",24 Sep 8:54 pm,https://ikman.lk/en/ad/toyota-raize-z-grade-2025-for-sale-colombo-376
Toyota,Raize,2025,"1,200 cc",Automatic,Hybrid,Reconditioned,"19,000 km","Rs 13,150,000",26 Sep 2:35 am,https://ikman.lk/en/ad/toyota-raize-z-grade-2025-for-sale-kurunegala-35
Audi,A3,2024,"1,000 cc",Automatic,Petrol,Import,"10,000 km","Rs 18,800,000",24 Sep 8:51 pm,https://ikman.lk/en/ad/audi-a3-sedan-30tfsi-advance-2024-for-sale-colombo
Toyota,Yaris,2023,"1,000 cc",Automatic,Petrol,Reconditioned,"28,000 km","Rs 8,850,000",26 Sep 2:35 am,https://ikman.lk/en/ad/toyota-yaris-vitz-2023-for-sale-kurunegala
Honda,Vezel,2026,"1,500 cc",Automatic,Petrol,Brand New,0 km,"Rs 19,550,000",24 Sep 8:48 pm,https://ikman.lk/en/ad/honda-vezel-z-premium-2026-for-sale-colombo-721
Hyundai,Matrix,2002,"1,590 cc",Automatic,Petrol,Used,"185,000 km","Rs 2,700,000",24 Sep 8:39 pm,https://ikman.lk/en/ad/hyundai-matrix-2002-for-sale-gampaha-71
Toyota,Raize,2025,"1,200 cc",Automatic,Hybrid,Used,"3,500 km","Rs 13,675,000",26 Sep 5:05 pm,https://ikman.lk/en/ad/toyota-raize-z-2025-for-sale-kurunegala
Suzuki,Alto,2015,800 cc,Manual,Petrol,Used,"69,000 km","Rs 4,275,000",26 Sep 9:41 pm,https://ikman.lk/en/ad/suzuki-alto-2015-for-sale-gampaha-4907
Mercedes Benz,GLA 180,2018,"1,600 cc",Automatic,Petrol,Used,"77,000 km","Rs 19,000,000",25 Sep 11:12 am,https://ikman.lk/en/ad/mercedes-benz-gla-180-2018-red-for-sale-colombo
Nissan,Dutsun,1986,"2,500 cc",Manual,Diesel,Used,"228,686 km","Rs 1,500,000",24 Sep 8:38 pm,https://ikman.lk/en/ad/nissan-dutsun-duble-cub-1986-for-sale-trincomalee
Mazda,Familia,2008,"1,500 cc",Manual,Petrol,Used,"160,000 km","Rs 3,990,000",24 Sep 8:37 pm,https://ikman.lk/en/ad/mazda-familia-2008-for-sale-colombo-2
Honda,Vezel,2025,"1,500 cc",Automatic,Petrol,Reconditioned,"2,000 km","Rs 18,800,000",24 Sep 8:36 pm,https://ikman.lk/en/ad/honda-vezel-z-premium-2025-for-sale-colombo-512
Toyota,Land Cruiser Prado,2025,"2,693 cc",Automatic,Petrol,Reconditioned,"5,000 km","Rs 61,000,000",24 Sep 8:32 pm,https://ikman.lk/en/ad/toyota-land-cruiser-prado-2025-for-sale-colombo-27
Renault,KWID,2019,"1,000 cc",Automatic,Petrol,Used,"93,000 km","Rs 4,575,000",25 Sep 5:30 pm,https://ikman.lk/en/ad/renault-kwid-auto-2019-for-sale-gampaha
Toyota,CHR,2019,"1,500 cc",Automatic,Petrol,Used,"67,000 km","Rs 14,500,000",24 Sep 8:29 pm,https://ikman.lk/en/ad/toyota-chr-eagle-eye-2019-for-sale-colombo-3
Toyota,Roomy,2023,"1,000 cc",Automatic,Petrol,Used,"20,000 km","Rs 9,875,000",24 Sep 8:28 pm,https://ikman.lk/en/ad/toyota-roomy-custom-g-2023-for-sale-kurunegala-30
Toyota,Raize,2026,"1,200 cc",Automatic,Hybrid,Brand New,0 km,"Rs 14,150,000",24 Sep 8:21 pm,https://ikman.lk/en/ad/toyota-raize-z-grade-2026-for-sale-colombo-110
Toyota,Corolla,2026,"1,800 cc",Automatic,Hybrid,Import,0 km,"Rs 29,500,000",24 Sep 8:21 pm,https://ikman.lk/en/ad/toyota-corolla-cross-z-hev-18l-2026-for-sale-colombo-5
Toyota,Corolla,1997,"2,000 cc",Automatic,Diesel,Used,"340,000 km","Rs 3,250,000",24 Sep 8:15 pm,https://ikman.lk/en/ad/toyota-corolla-1997-for-sale-kalutara
Nissan,Dayz,2024,650 cc,Automatic,Petrol,Reconditioned,"42,000 km","Rs 7,450,000",24 Sep 8:13 pm,https://ikman.lk/en/ad/nissan-dayz-x-2024-for-sale-colombo-45
Honda,N-WGN,2024,650 cc,Automatic,Petrol,Reconditioned,"50,000 km","Rs 6,850,000",24 Sep 8:14 pm,https://ikman.lk/en/ad/honda-n-wgn-g-2024-for-sale-colombo-13
Toyota,Roomy,2023,"1,000 cc",Automatic,Petrol,Reconditioned,"92,000 km","Rs 8,300,000",24 Sep 8:18 pm,https://ikman.lk/en/ad/toyota-roomy-x-2023-for-sale-colombo-99
Toyota,Roomy,2023,"1,000 cc",Automatic,Petrol,Reconditioned,"92,000 km","Rs 8,325,000",24 Sep 8:18 pm,https://ikman.lk/en/ad/toyota-roomy-x-2023-for-sale-colombo-97
Mercedes Benz,GLB,2025,"1,330 cc",Automatic,Petrol,Import,"5,000 km","Rs 37,500,000",24 Sep 8:00 pm,https://ikman.lk/en/ad/mercedes-benz-glb-180-urban-amg-line-2025-for-sale-colombo
Daihatsu,Taft,2025,650 cc,Automatic,Petrol,Reconditioned,"16,000 km","Rs 7,900,000",24 Sep 7:58 pm,https://ikman.lk/en/ad/daihatsu-taft-g-2025-for-sale-colombo-5
Nissan,Roox,2024,650 cc,Automatic,Petrol,Reconditioned,"42,000 km","Rs 7,950,000",24 Sep 7:58 pm,https://ikman.lk/en/ad/nissan-roox-x-2024-for-sale-colombo-24
Mitsubishi,eK Wagon,2025,650 cc,Automatic,Petrol,Brand New,800 km,"Rs 7,450,000",24 Sep 8:16 pm,https://ikman.lk/en/ad/mitsubishi-ek-wagon-m-2025-for-sale-colombo-14
Toyota,Land Cruiser Sahara,2009,"4,600 cc",Automatic,Petrol,Used,"250,000 km","Rs 31,500,000",24 Sep 7:54 pm,https://ikman.lk/en/ad/toyota-land-cruiser-sahara-v8-zx-2009-for-sale-colombo-1
Toyota,Pixis,2019,660 cc,Automatic,Petrol,Used,"64,850 km","Rs 6,685,000",24 Sep 7:53 pm,https://ikman.lk/en/ad/toyota-pixis-joy-style-fashion-2019-for-sale-kalutara-1
Mitsubishi,eK Wagon,2024,650 cc,Automatic,Petrol,Reconditioned,"17,000 km","Rs 7,350,000",24 Sep 8:16 pm,https://ikman.lk/en/ad/mitsubishi-ek-wagon-m-2024-for-sale-colombo-82
Daihatsu,Cast Activa,2019,660 cc,Automatic,Hybrid,Used,"78,500 km","Rs 6,585,000",24 Sep 7:45 pm,https://ikman.lk/en/ad/daihatsu-cast-activa-type-s-crossover-2019-for-sale-kalutara
Nissan,Dayz,2019,660 cc,Automatic,Petrol,Used,"68,750 km","Rs 6,685,000",24 Sep 7:43 pm,https://ikman.lk/en/ad/nissan-dayz-highway-star-turbo-g-2019-for-sale-kalutara-2
Honda,N-Box,2024,650 cc,Automatic,Petrol,Reconditioned,"60,000 km","Rs 7,650,000",24 Sep 7:43 pm,https://ikman.lk/en/ad/honda-n-box-g-2024-for-sale-colombo-20
Toyota,Yaris,2025,"1,000 cc",Automatic,Petrol,Reconditioned,"11,000 km","Rs 9,850,000",24 Sep 7:42 pm,https://ikman.lk/en/ad/toyota-yaris-x-grade-2025-for-sale-colombo-123
Suzuki,Alto,2024,660 cc,Automatic,Petrol,Reconditioned,"12,800 km","Rs 6,655,000",26 Sep 2:22 pm,https://ikman.lk/en/ad/suzuki-alto-l-safety-2024-for-sale-colombo-15
Suzuki,Alto,2025,660 cc,Automatic,Petrol,Import,"2,000 km","Rs 6,675,000",27 Sep 7:22 am,https://ikman.lk/en/ad/suzuki-alto-l-maroon-safetyunreg-2025-for-sale-kandy
Honda,Vezel,2026,"1,500 cc",Automatic,Hybrid,Brand New,20 km,"Rs 19,650,000",26 Sep 1:48 pm,https://ikman.lk/en/ad/honda-vezel-z-play-moon-roof-2026-for-sale-colombo-77
Toyota,Yaris,2025,"1,000 cc",Automatic,Petrol,Reconditioned,"11,000 km","Rs 9,850,000",24 Sep 7:42 pm,https://ikman.lk/en/ad/toyota-yaris-x-grade-2025-for-sale-colombo-123
Daihatsu,Move,2018,650 cc,Automatic,Hybrid,Used,"64,890 km","Rs 6,585,000",24 Sep 7:41 pm,https://ikman.lk/en/ad/daihatsu-move-custom-g-grade-2018-for-sale-kalutara-1
Suzuki,Celerio,2015,"1,000 cc",Tiptronic,Petrol,Used,"15,000 km","Rs 5,350,000",26 Sep 6:11 pm,https://ikman.lk/en/ad/suzuki-celerio-vxi-2015-for-sale-kalutara-19
BMW,735Li,2013,"3,000 cc",Tiptronic,Petrol,Used,"50,000 km","Rs 24,500,000",24 Sep 7:34 pm,https://ikman.lk/en/ad/bmw-735li-m-sport-full-spec-2013-for-sale-colombo
Daihatsu,Move,2018,660 cc,Automatic,Hybrid,Used,"68,850 km","Rs 6,685,000",24 Sep 7:33 pm,https://ikman.lk/en/ad/daihatsu-move-custom-turbo-g-2018-for-sale-kalutara
Toyota,Vitz,2016,"1,000 cc",Automatic,Petrol,Used,"90,000 km","Rs 7,600,000",24 Sep 7:21 pm,https://ikman.lk/en/ad/toyota-vitz-safety-2016-for-sale-kandy-3
BMW,318i,2018,"1,500 cc",Automatic,Petrol,Used,"25,000 km","Rs 21,000,000",25 Sep 11:01 am,https://ikman.lk/en/ad/bmw-318i-m-sport-plus-2018-for-sale-colombo
Honda,Vezel,2023,"1,500 cc",Automatic,Hybrid,Reconditioned,"26,000 km","Rs 17,950,000",24 Sep 7:18 pm,https://ikman.lk/en/ad/honda-vezel-z-play-with-moonroof-2023-for-sale-colombo
Toyota,Corolla,1999,"1,450 cc",Automatic,Petrol,Used,"150,000 km","Rs 4,550,000",24 Sep 7:14 pm,https://ikman.lk/en/ad/toyota-corolla-1999-for-sale-hambantota
Toyota,Raize,2026,"1,200 cc",Automatic,Hybrid,Brand New,0 km,"Rs 14,250,000",24 Sep 7:10 pm,https://ikman.lk/en/ad/toyota-raize-z-hybrid-auto-parkin-2026-for-sale-colombo-6
Toyota,Raize,2026,"1,200 cc",Automatic,Hybrid,Brand New,0 km,"Rs 13,920,000",24 Sep 7:06 pm,https://ikman.lk/en/ad/toyota-raize-z-hybrid-bsm-2026-for-sale-colombo-57
Toyota,Raize,2026,"1,200 cc",Automatic,Hybrid,Brand New,0 km,"Rs 13,925,000",24 Sep 7:04 pm,https://ikman.lk/en/ad/toyota-raize-z-hybrid-bsm-2026-for-sale-colombo-56
Toyota,Hilux,2026,"2,800 cc",Automatic,Diesel,Brand New,40 km,"Rs 32,900,000",24 Sep 6:51 pm,https://ikman.lk/en/ad/toyota-hilux-travo-overland-plus-2026-for-sale-colombo-245
Volkswagen,Taigun,2026,"1,000 cc",Automatic,Petrol,Used,"3,400 km","Rs 12,250,000",26 Sep 2:36 am,https://ikman.lk/en/ad/volkswagen-taigun-topline-facelift-2026-for-sale-colombo-1
Honda,Vezel,2026,"1,500 cc",Automatic,Hybrid,Brand New,300 km,"Rs 19,300,000",24 Sep 6:47 pm,https://ikman.lk/en/ad/honda-vezel-z-premium-2026-for-sale-gampaha-149
Honda,Vezel,2026,"1,500 cc",Automatic,Hybrid,Brand New,250 km,"Rs 19,300,000",24 Sep 6:42 pm,https://ikman.lk/en/ad/honda-vezel-z-premium-sunlight-2026-for-sale-gampaha-16
Toyota,Sienta,2025,"1,500 cc",Automatic,Hybrid,Import,"10,000 km","Rs 16,500,000",24 Sep 6:40 pm,https://ikman.lk/en/ad/toyota-sienta-g-hev-7-seater-2025-for-sale-colombo
Daihatsu,Mira,2025,650 cc,Automatic,Petrol,Reconditioned,"3,000 km","Rs 7,250,000",26 Sep 2:36 am,https://ikman.lk/en/ad/daihatsu-mira-x-limited-led-2025-for-sale-colombo-2
Honda,WR-V,2024,"1,500 cc",Tiptronic,Petrol,Brand New,208 km,"Rs 16,990,000",25 Sep 1:12 pm,https://ikman.lk/en/ad/honda-wr-v-vezel-z-4way-2024-for-sale-gampaha
Suzuki,Every,2024,650 cc,Automatic,Petrol,Used,"12,000 km","Rs 8,550,000",24 Sep 6:15 pm,https://ikman.lk/en/ad/suzuki-every-join-2024-for-sale-kurunegala-3
Hyundai,Tucson,2013,"2,000 cc",Automatic,Diesel,Used,"100,000 km","Rs 8,450,000",24 Sep 6:09 pm,https://ikman.lk/en/ad/hyundai-tucson-sun-roof-2013-for-sale-colombo-3
Honda,Vezel,2026,"1,500 cc",Automatic,Hybrid,Brand New,30 km,"Rs 20,695,000",24 Sep 6:06 pm,https://ikman.lk/en/ad/honda-vezel-z-playe-2026-for-sale-colombo-3
Honda,Vezel,2026,"1,500 cc",Automatic,Hybrid,Brand New,30 km,"Rs 18,995,000",24 Sep 6:01 pm,https://ikman.lk/en/ad/honda-vezel-z-premium-2026-for-sale-colombo-720
Toyota,Land Cruiser Prado,2017,"2,700 cc",Automatic,Petrol,Used,"120,000 km","Rs 35,500,000",24 Sep 6:12 pm,https://ikman.lk/en/ad/toyota-land-cruiser-prado-trj-150-tx-g-fronter-2017-for-sale-colombo
Nissan,Serena,2025,"1,400 cc",Automatic,Hybrid,Brand New,0 km,"Rs 22,450,000",24 Sep 5:45 pm,https://ikman.lk/en/ad/nissan-serena-e-power-highway-star-2025-for-sale-colombo-2
Toyota,Other Model,2024,"2,750 cc",Automatic,Diesel,Import,"24,000 km","Rs 26,900,000",11 Sep 12:29 pm,https://ikman.lk/en/ad/toyota-gl-2024-for-sale-gampaha
Daihatsu,Mira,2026,660 cc,Automatic,Petrol,Brand New,650 km,"Rs 7,195,000",25 Sep 7:58 pm,https://ikman.lk/en/ad/daihatsu-mira-x-fullyloaded-2026-for-sale-colombo
Toyota,Raize,2026,"1,200 cc",Automatic,Hybrid,Brand New,20 km,"Rs 13,600,000",26 Sep 1:52 pm,https://ikman.lk/en/ad/toyota-raize-12-hybrid-z-bsm-2026-for-sale-colombo-3
Nissan,Serena,2025,"1,400 cc",Automatic,Hybrid,Brand New,0 km,"Rs 22,450,000",24 Sep 5:45 pm,https://ikman.lk/en/ad/nissan-serena-e-power-highway-star-2025-for-sale-colombo-2
Suzuki,Wagon R FZ,2014,660 cc,Automatic,Hybrid,Used,"120,000 km","Rs 5,600,000",24 Sep 5:42 pm,https://ikman.lk/en/ad/suzuki-wagon-r-fz-safety-2014-for-sale-colombo-357
BMW,530e,2017,"2,000 cc",Automatic,Hybrid,Used,"70,000 km","Rs 28,500,000",24 Sep 5:41 pm,https://ikman.lk/en/ad/bmw-530e-msport-2017-for-sale-colombo-19
Nissan,Cefiro,2001,"2,000 cc",Automatic,Petrol,Used,"136,091 km","Rs 4,150,000",24 Sep 5:46 pm,https://ikman.lk/en/ad/nissan-cefiro-2001-for-sale-gampaha
Toyota,Land Cruiser Prado,2026,"2,700 cc",Tiptronic,Petrol,Brand New,0 km,"Rs 60,750,000",24 Sep 5:37 pm,https://ikman.lk/en/ad/toyota-land-cruiser-prado-trj-250-lc-petrol-vx-2026-for-sale-colombo
Other brand,Other model,2026,"2,500 cc",Automatic,Electric,Brand New,0 km,"Rs 126,500,000",24 Sep 5:36 pm,https://ikman.lk/en/ad/hongqi-r-royce-e-hs9-2026-for-sale-colombo-9
Nissan,Sunny,1993,"1,300 cc",Manual,Petrol,Used,"154,000 km","Rs 1,975,000",26 Sep 10:17 am,https://ikman.lk/en/ad/nissan-sunny-1993-for-sale-colombo-39
Suzuki,Fronx,2026,"1,000 cc",Automatic,Hybrid,Brand New,0 km,"Rs 10,750,000",24 Sep 5:31 pm,https://ikman.lk/en/ad/suzuki-fronx-alpha-hybrid-2026-for-sale-colombo-28
Toyota,Roomy,2023,"1,000 cc",Automatic,Petrol,Reconditioned,"11,000 km","Rs 10,350,000",24 Sep 5:28 pm,https://ikman.lk/en/ad/toyota-roomy-custom-g-2023-for-sale-colombo-205
Suzuki,Fronx,2026,"1,000 cc",Automatic,Hybrid,Brand New,0 km,"Rs 10,750,000",26 Sep 12:45 pm,https://ikman.lk/en/ad/suzuki-fronx-alpha-hybrid-2026-for-sale-colombo-27
Daihatsu,Mira,2006,"1,000 cc",Manual,Petrol,Used,"191,000 km","Rs 3,650,000",24 Sep 6:12 pm,https://ikman.lk/en/ad/daihatsu-mira-2006-for-sale-badulla
Jaguar,X-Type,2000,"2,500 cc",Automatic,Petrol,Used,"115,000 km","Rs 5,400,000",24 Sep 5:21 pm,https://ikman.lk/en/ad/jaguar-x-type-2000-for-sale-colombo
Tata,Indica,2015,"1,100 cc",Manual,Petrol,Used,"96,000 km","Rs 2,750,000",27 Sep 9:44 am,https://ikman.lk/en/ad/tata-indica-2015-for-sale-jaffna-13
Suzuki,Wagon R,2026,660 cc,Automatic,Hybrid,Brand New,0 km,"Rs 9,295,000",26 Sep 3:29 am,https://ikman.lk/en/ad/suzuki-wagon-r-custom-z-2026-for-sale-colombo-15
Perodua,Kenari,2007,"1,000 cc",Automatic,Petrol,Used,"106,000 km","Rs 3,575,000",24 Sep 5:04 pm,https://ikman.lk/en/ad/perodua-kenari-2007-for-sale-colombo-183
Toyota,Taisor,2026,"1,000 cc",Automatic,Petrol,Brand New,8 km,"Rs 11,295,000",24 Sep 5:04 pm,https://ikman.lk/en/ad/toyota-taisor-v-grade-two-tone-2026-for-sale-gampaha-2
Toyota,Fortuner,2014,"2,988 cc",Automatic,Diesel,Used,"100,000 km","Rs 15,000,000",25 Sep 12:15 am,https://ikman.lk/en/ad/toyota-fortuner-2014-for-sale-colombo-94
Honda,Fit,2014,"1,500 cc",Automatic,Petrol,Used,"83,000 km","Rs 8,300,000",24 Sep 4:57 pm,https://ikman.lk/en/ad/honda-fit-gp5-2014-for-sale-colombo-2472
Mitsubishi,eK Wagon,2024,656 cc,Automatic,Petrol,Used,0 km,"Rs 7,475,000",24 Sep 4:49 pm,https://ikman.lk/en/ad/mitsubishi-ek-wagon-2024-for-sale-kandy-4
Land Rover,Discovery,2019,"2,000 cc",Tiptronic,Diesel,Used,"50,000 km","Rs 37,500,000",24 Sep 4:49 pm,https://ikman.lk/en/ad/land-rover-discovery-hse-luxury-2019-for-sale-colombo-12
Honda,Fit Shuttle,2014,"1,330 cc",Automatic,Petrol,Used,"225,000 km","Rs 9,200,000",24 Sep 4:49 pm,https://ikman.lk/en/ad/honda-fit-shuttle-2014-for-sale-galle-13
Land Rover,Range Rover,2018,"2,000 cc",Tiptronic,Petrol,Used,"50,000 km","Rs 49,500,000",24 Sep 4:45 pm,https://ikman.lk/en/ad/land-rover-range-vogue-se-p400e-2018-for-sale-colombo-8
Land Rover,Defender,2015,"2,200 cc",Manual,Diesel,Used,"103,000 km","Rs 22,500,000",24 Sep 4:40 pm,https://ikman.lk/en/ad/land-rover-defender-2015-for-sale-galle-1
Lexus,NX300H,2015,"2,500 cc",Tiptronic,Petrol,Used,"118,000 km","Rs 17,200,000",24 Sep 4:37 pm,https://ikman.lk/en/ad/lexus-nx300h-luxury-full-spec-2015-for-sale-colombo-27
Bentley,Other Model,2018,"4,000 cc",Tiptronic,Petrol,Used,"15,000 km","Rs 125,000,000",24 Sep 4:33 pm,https://ikman.lk/en/ad/bentley-continental-gtc-v8s-2018-for-sale-colombo-20
Hyundai,Accent,2012,"1,591 cc",Automatic,Petrol,Used,"185,000 km","Rs 5,200,000",26 Sep 1:24 pm,https://ikman.lk/en/ad/hyundai-accent-gls-2012-for-sale-colombo
Toyota,Raize,2025,"1,000 cc",Automatic,Petrol,Reconditioned,"1,000 km","Rs 11,200,000",20 Sep 10:16 am,https://ikman.lk/en/ad/toyota-raize-g-custom-2025-for-sale-colombo
Jaguar,X-Type,2000,"2,500 cc",Automatic,Petrol,Used,"115,000 km","Rs 5,400,000",24 Sep 5:21 pm,https://ikman.lk/en/ad/jaguar-x-type-2000-for-sale-colombo
Bentley,Other Model,2018,"4,000 cc",Tiptronic,Petrol,Used,"15,000 km","Rs 125,000,000",24 Sep 4:33 pm,https://ikman.lk/en/ad/bentley-continental-gtc-v8s-2018-for-sale-colombo-20
Toyota,Harrier,2014,"2,500 cc",Automatic,Hybrid,Used,"80,000 km","Rs 17,950,000",24 Sep 4:31 pm,https://ikman.lk/en/ad/toyota-harrier-2014-for-sale-colombo-346
Land Rover,Range Rover,2018,"3,000 cc",Tiptronic,Petrol,Used,"70,000 km","Rs 49,500,000",25 Sep 2:47 am,https://ikman.lk/en/ad/land-rover-range-swb-autobiography-2018-for-sale-colombo-18
Land Rover,Freelander,2014,"2,200 cc",Tiptronic,Diesel,Used,"115,000 km","Rs 9,550,000",24 Sep 4:27 pm,https://ikman.lk/en/ad/land-rover-freelander-2-diesel-2014-for-sale-colombo-22
Suzuki,Alto,2023,660 cc,Automatic,Petrol,Reconditioned,"2,000 km","Rs 6,850,000",24 Sep 4:25 pm,https://ikman.lk/en/ad/suzuki-alto-hybrid-2023-for-sale-colombo-20
Audi,Q3,2016,"2,000 cc",Tiptronic,Petrol,Used,"90,000 km","Rs 11,750,000",24 Sep 4:25 pm,https://ikman.lk/en/ad/audi-q3-tfsi-2016-for-sale-colombo-26
Suzuki,Alto,2023,650 cc,Automatic,Petrol,Reconditioned,"12,000 km","Rs 6,600,000",24 Sep 4:22 pm,https://ikman.lk/en/ad/suzuki-alto-japan-2023-for-sale-colombo-18
Toyota,Urban Cruiser,2026,"1,000 cc",Automatic,Petrol,Brand New,0 km,"Rs 11,350,000",24 Sep 4:20 pm,https://ikman.lk/en/ad/toyota-urban-cruiser-taisor-v-brand-new-2026-for-sale-colombo-32
Mercedes Benz,E300,2017,"2,000 cc",Tiptronic,Petrol,Used,"33,000 km","Rs 27,500,000",24 Sep 4:20 pm,https://ikman.lk/en/ad/mercedes-benz-e300-amg-coupe-2017-for-sale-colombo-112
Land Rover,Range Rover Sport,2019,"2,000 cc",Tiptronic,Diesel,Used,"60,000 km","Rs 35,500,000",24 Sep 4:17 pm,https://ikman.lk/en/ad/land-rover-range-sport-hse-2019-for-sale-colombo-73
Toyota,Taisor,2026,"1,000 cc",Automatic,Petrol,Brand New,0 km,"Rs 11,350,000",24 Sep 5:05 pm,https://ikman.lk/en/ad/toyota-taisor-v-grade-highest-spec-2026-for-sale-colombo-200
Toyota,Taisor,2026,"1,000 cc",Automatic,Petrol,Brand New,0 km,"Rs 11,350,000",24 Sep 5:04 pm,https://ikman.lk/en/ad/toyota-taisor-v-grade-highest-spec-2026-for-sale-colombo-199
Toyota,Urban Cruiser,2026,"1,000 cc",Automatic,Petrol,Brand New,0 km,"Rs 11,350,000",24 Sep 4:15 pm,https://ikman.lk/en/ad/toyota-urban-cruiser-taisor-v-brand-new-2026-for-sale-colombo-31
Audi,Q7,2018,"2,000 cc",Tiptronic,Petrol,Used,"71,000 km","Rs 26,500,000",25 Sep 2:57 pm,https://ikman.lk/en/ad/audi-q7-tfsi-quattro-2018-for-sale-colombo-33
Micro,Panda,2015,"1,000 cc",Manual,Petrol,Used,"87,000 km","Rs 3,200,000",24 Sep 4:13 pm,https://ikman.lk/en/ad/micro-panda-lc-10-2015-for-sale-colombo-48
Suzuki,Alto,2023,650 cc,Automatic,Petrol,Used,"8,500 km","Rs 6,500,000",24 Sep 4:12 pm,https://ikman.lk/en/ad/suzuki-alto-japan-2023-for-sale-colombo-17
BMW,X6 M,2017,"4,000 cc",Tiptronic,Diesel,Used,"57,000 km","Rs 45,000,000",24 Sep 4:11 pm,https://ikman.lk/en/ad/bmw-x6-m-v8-2017-for-sale-colombo-16
Daihatsu,Taft,2025,650 cc,Automatic,Petrol,Reconditioned,"16,000 km","Rs 7,900,000",24 Sep 8:16 pm,https://ikman.lk/en/ad/daihatsu-taft-g-2025-for-sale-colombo-4
Toyota,Urban Cruiser,2026,"1,000 cc",Automatic,Petrol,Brand New,7 km,"Rs 10,875,000",25 Sep 4:55 pm,https://ikman.lk/en/ad/toyota-urban-cruiser-taisor-g-brand-new-2026-for-sale-colombo-23
Audi,Q7,2017,"3,000 cc",Tiptronic,Petrol,Used,"69,000 km","Rs 23,500,000",24 Sep 4:07 pm,https://ikman.lk/en/ad/audi-q7-3000cc-v6-s-line-2017-for-sale-colombo-112
Suzuki,Estilo,2011,"1,000 cc",Manual,Petrol,Used,"63,000 km","Rs 3,875,000",26 Sep 8:02 am,https://ikman.lk/en/ad/suzuki-estilo-vxi-1st-owner-km-2011-for-sale-colombo
Suzuki,Celerio,2015,"1,000 cc",Automatic,Petrol,Used,"86,000 km","Rs 5,350,000",24 Sep 4:06 pm,https://ikman.lk/en/ad/suzuki-celerio-2015-for-sale-vavuniya
Toyota,Urban Cruiser,2026,"1,000 cc",Automatic,Petrol,Brand New,0 km,"Rs 11,350,000",24 Sep 4:05 pm,https://ikman.lk/en/ad/toyota-urban-cruiser-taisor-v-brand-new-2026-for-sale-colombo-30
Proton,Wira,2007,"1,299 cc",Manual,Petrol,Used,"142,650 km","Rs 2,750,000",24 Sep 4:00 pm,https://ikman.lk/en/ad/proton-wira-2007-for-sale-kurunegala
Nissan,Sunny,2000,"1,500 cc",Automatic,Petrol,Used,"145,000 km","Rs 3,350,000",24 Sep 4:00 pm,https://ikman.lk/en/ad/nissan-sunny-super-saloon-2000-for-sale-badulla-2
Suzuki,Wagon R,2025,660 cc,Automatic,Petrol,Reconditioned,"11,000 km","Rs 7,490,000",26 Sep 4:12 pm,https://ikman.lk/en/ad/suzuki-wagon-r-fx-safety-push-start-2025-for-sale-colombo-66
Daihatsu,Mira,2026,660 cc,Automatic,Petrol,Brand New,650 km,"Rs 7,195,000",25 Sep 7:58 pm,https://ikman.lk/en/ad/daihatsu-mira-x-fullyloaded-2026-for-sale-colombo
Mercedes Benz,C180,2017,"1,600 cc",Automatic,Petrol,Used,"50,000 km","Rs 17,500,000",21 Sep 2:47 pm,https://ikman.lk/en/ad/mercedes-benz-c180-amg-2017-for-sale-colombo-2
Toyota,Urban Cruiser,2026,"1,000 cc",Automatic,Petrol,Brand New,0 km,"Rs 11,350,000",24 Sep 3:59 pm,https://ikman.lk/en/ad/toyota-urban-cruiser-taisor-v-brand-new-2026-for-sale-colombo-29
Suzuki,Fronx,2026,"1,000 cc",Automatic,Petrol,Brand New,0 km,"Rs 10,875,000",24 Sep 4:21 pm,https://ikman.lk/en/ad/suzuki-fronx-alpha-at-brand-new-2026-for-sale-colombo-24
MG,ZS,2018,"1,000 cc",Automatic,Petrol,Used,"112,000 km","Rs 8,300,000",25 Sep 6:27 am,https://ikman.lk/en/ad/mg-zs-2018-for-sale-colombo-798
Audi,Q3,2016,"1,500 cc",Automatic,Petrol,Used,"45,000 km","Rs 13,500,000",24 Sep 3:50 pm,https://ikman.lk/en/ad/audi-q3-2016-for-sale-colombo-38
Toyota,Urban Cruiser,2026,"1,000 cc",Automatic,Petrol,Brand New,0 km,"Rs 10,875,000",25 Sep 4:56 pm,https://ikman.lk/en/ad/toyota-urban-cruiser-taisor-g-brand-new-2026-for-sale-colombo-22
Suzuki,Fronx,2026,"1,000 cc",Automatic,Petrol,Brand New,0 km,"Rs 11,125,000",24 Sep 3:48 pm,https://ikman.lk/en/ad/suzuki-fronx-alpha-at-brand-new-2026-for-sale-colombo-23
Suzuki,Wagon R FZ,2017,650 cc,Automatic,Petrol,Used,"77,978 km","Rs 6,275,000",24 Sep 3:46 pm,https://ikman.lk/en/ad/suzuki-wagon-r-fz-safety-2017-for-sale-colombo-1221
Toyota,Vitz,2014,"1,000 cc",Automatic,Petrol,Used,"100,000 km","Rs 7,000,000",24 Sep 3:44 pm,https://ikman.lk/en/ad/toyota-vitz-2014-for-sale-colombo-341
Toyota,Urban Cruiser,2026,"1,000 cc",Automatic,Petrol,Brand New,0 km,"Rs 10,875,000",25 Sep 4:57 pm,https://ikman.lk/en/ad/toyota-urban-cruiser-taisor-g-brand-new-2026-for-sale-colombo-21
Audi,Q7,2017,"2,000 cc",Automatic,Petrol,Used,"58,000 km","Rs 29,500,000",24 Sep 3:47 pm,https://ikman.lk/en/ad/audi-q7-40-tfsi-2017-for-sale-batticaloa
Audi,A6,2017,"1,800 cc",Automatic,Petrol,Used,"100,000 km","Rs 16,750,000",24 Sep 3:42 pm,https://ikman.lk/en/ad/audi-a6-2017-for-sale-colombo-3
Suzuki,Fronx,2026,"1,000 cc",Automatic,Petrol,Brand New,0 km,"Rs 10,875,000",24 Sep 4:22 pm,https://ikman.lk/en/ad/suzuki-fronx-alpha-at-brand-new-2026-for-sale-colombo-22
BMW,520d,2016,"2,000 cc",Automatic,Diesel,Used,"110,000 km","Rs 28,400,000",24 Sep 3:37 pm,https://ikman.lk/en/ad/bmw-520d-2016-for-sale-galle-2
Suzuki,Fronx,2026,"1,000 cc",Automatic,Petrol,Brand New,"1,000 km","Rs 11,350,000",24 Sep 3:33 pm,https://ikman.lk/en/ad/suzuki-fronx-alpha-at-brand-new-2026-for-sale-colombo-21
Kia,Sonet,2026,"1,000 cc",Automatic,Petrol,Brand New,0 km,"Rs 11,250,000",24 Sep 3:31 pm,https://ikman.lk/en/ad/kia-sonet-htx-brand-new-2026-for-sale-colombo-14
Jeep,Grand Cherokee,2005,"4,700 cc",Automatic,Petrol,Used,"187,000 km","Rs 8,500,000",24 Sep 3:31 pm,https://ikman.lk/en/ad/jeep-grand-cherokee-2005-for-sale-kurunegala
BMW,X1,2018,"1,499 cc",Automatic,Petrol,Used,"25,900 km","Rs 15,900,000",24 Sep 3:30 pm,https://ikman.lk/en/ad/bmw-x1-m-sport-package-2018-for-sale-colombo
Hyundai,Venue,2026,"1,000 cc",Automatic,Petrol,Brand New,59 km,"Rs 12,300,000",24 Sep 3:49 pm,https://ikman.lk/en/ad/hyundai-venue-hx10-knight-edition-2026-for-sale-colombo-8
Lexus,RX500h,2025,"2,400 cc",Automatic,Hybrid,Import,"5,000 km","Rs 60,000,000",24 Sep 3:28 pm,https://ikman.lk/en/ad/lexus-rx500h-f-sport-performance-2025-for-sale-colombo-1
Kia,Sorento,2012,"2,200 cc",Automatic,Diesel,Used,"98,000 km","Rs 10,500,000",24 Sep 3:28 pm,https://ikman.lk/en/ad/kia-sorento-2012-for-sale-colombo-1797
Suzuki,Alto,2024,650 cc,Automatic,Petrol,Reconditioned,"12,000 km","Rs 6,575,000",24 Sep 3:26 pm,https://ikman.lk/en/ad/suzuki-alto-s-2024-for-sale-colombo-4
Toyota,Urban Cruiser,2026,"1,000 cc",Automatic,Petrol,Brand New,0 km,"Rs 11,150,000",24 Sep 3:26 pm,https://ikman.lk/en/ad/toyota-urban-cruiser-taisor-v-brand-new-2026-for-sale-colombo-28
Suzuki,Alto,2023,650 cc,Automatic,Petrol,Reconditioned,"8,500 km","Rs 6,575,000",24 Sep 3:25 pm,https://ikman.lk/en/ad/suzuki-alto-japan-2023-for-sale-colombo-16
Toyota,Urban Cruiser,2026,"1,000 cc",Automatic,Petrol,Brand New,0 km,"Rs 11,150,000",24 Sep 3:25 pm,https://ikman.lk/en/ad/toyota-urban-cruiser-taisor-v-brand-new-2026-for-sale-colombo-27
Honda,CRV,2016,"2,000 cc",Automatic,Petrol,Used,"172,000 km","Rs 11,190,000",24 Sep 3:20 pm,https://ikman.lk/en/ad/honda-crv-full-option-2016-for-sale-colombo-3
Nissan,Dayz,2023,660 cc,Automatic,Petrol,Import,"20,000 km","Rs 7,475,000",27 Sep 7:33 am,https://ikman.lk/en/ad/nissan-dayz-push-start-face-lift-2023-for-sale-kandy
Toyota,Vanguard,2010,"2,400 cc",Automatic,Petrol,Used,"142,000 km","Rs 10,500,000",22 Sep 12:27 pm,https://ikman.lk/en/ad/toyota-vanguard-7-seater-2010-for-sale-kandy
Opel,Other Model,2018,1 cc,Tiptronic,Petrol,Used,"18,000 km","Rs 11,750,000",26 Sep 1:54 pm,https://ikman.lk/en/ad/opel-holden-astra-ltz-trm-2018-for-sale-gampaha
Nissan,March,2010,"1,000 cc",Automatic,Petrol,Used,"76,000 km","Rs 6,500,000",24 Sep 4:29 pm,https://ikman.lk/en/ad/nissan-march-k13-2010-for-sale-colombo-5
Honda,Civic,2018,"1,000 cc",Automatic,Petrol,Used,"120,000 km","Rs 11,050,000",24 Sep 3:15 pm,https://ikman.lk/en/ad/honda-civic-2018-for-sale-gampaha-134
Toyota,Harrier,2014,"2,400 cc",Automatic,Hybrid,Used,"123,000 km","Rs 17,895,000",24 Sep 3:11 pm,https://ikman.lk/en/ad/toyota-harrier-hybrid-2014-for-sale-colombo-156
Honda,Vezel,2015,"1,500 cc",Tiptronic,Hybrid,Used,"185,000 km","Rs 9,490,000",24 Sep 3:07 pm,https://ikman.lk/en/ad/honda-vezel-z-grade-2015-for-sale-gampaha-341
Suzuki,Wagon R,2024,650 cc,Automatic,Petrol,Reconditioned,"2,500 km","Rs 7,750,000",24 Sep 3:06 pm,https://ikman.lk/en/ad/suzuki-wagon-r-2024-for-sale-colombo-81
Suzuki,Spacia,2024,660 cc,Automatic,Hybrid,Reconditioned,"20,000 km","Rs 7,790,000",24 Sep 3:04 pm,https://ikman.lk/en/ad/suzuki-spacia-g-grade-2024-for-sale-colombo-6
Toyota,Allion,2010,"1,500 cc",Automatic,Petrol,Used,"240,000 km","Rs 9,000,000",24 Sep 3:59 pm,https://ikman.lk/en/ad/toyota-allion-260-g-plus-2010-for-sale-colombo-1
Daihatsu,Rocky,2025,"1,200 cc",Automatic,Hybrid,Reconditioned,"1,300 km","Rs 13,500,000",24 Sep 3:03 pm,https://ikman.lk/en/ad/daihatsu-rocky-z-hybrid-2025-for-sale-colombo
Toyota,Corolla,1997,"1,500 cc",Automatic,Petrol,Used,"170,043 km","Rs 4,295,000",24 Sep 3:04 pm,https://ikman.lk/en/ad/toyota-corolla-ae110-1997-for-sale-colombo-129
Land Rover,Defender,2026,"2,000 cc",Automatic,Hybrid,Used,100 km,"Rs 76,500,000",24 Sep 3:02 pm,https://ikman.lk/en/ad/land-rover-defender-hse-phv-2026-for-sale-colombo-4
Mercedes Benz,C200,2019,"1,500 cc",Automatic,Petrol,Reconditioned,"25,000 km","Rs 25,750,000",24 Sep 5:26 pm,https://ikman.lk/en/ad/mercedes-benz-c200-amg-premium-plus-2019-for-sale-gampaha-54
Toyota,Passo,2023,"1,000 cc",Automatic,Petrol,Reconditioned,"38,000 km","Rs 7,850,000",24 Sep 2:59 pm,https://ikman.lk/en/ad/toyota-passo-x-2023-for-sale-colombo-56
Honda,N-WGN,2024,650 cc,Automatic,Petrol,Reconditioned,"50,000 km","Rs 6,850,000",24 Sep 8:16 pm,https://ikman.lk/en/ad/honda-n-wgn-g-2024-for-sale-colombo-37
Skoda,Kylaq,2025,"1,000 cc",Automatic,Petrol,Brand New,0 km,"Rs 12,200,000",24 Sep 2:58 pm,https://ikman.lk/en/ad/skoda-kylaq-2025-for-sale-colombo-15
Nissan,Dayz,2024,660 cc,Automatic,Petrol,Reconditioned,"6,800 km","Rs 8,500,000",24 Sep 2:57 pm,https://ikman.lk/en/ad/nissan-dayz-x-2024-for-sale-colombo-74
Nissan,Sunny,2000,"1,500 cc",Automatic,Petrol,Used,"157,000 km","Rs 3,985,000",24 Sep 2:57 pm,https://ikman.lk/en/ad/nissan-sunny-fb15-automatic-2000-for-sale-colombo
Nissan,Navara,2010,"2,488 cc",Automatic,Diesel,Used,"142,000 km","Rs 5,000,000",24 Sep 2:56 pm,https://ikman.lk/en/ad/nissan-navara-2010-for-sale-colombo-86
Hyundai,Venue,2026,"1,000 cc",Automatic,Petrol,Brand New,56 km,"Rs 12,200,000",24 Sep 3:25 pm,https://ikman.lk/en/ad/hyundai-venue-hx10-turbo-dct-2026-for-sale-colombo-1
Hyundai,Venue,2026,"1,000 cc",Automatic,Petrol,Used,"3,000 km","Rs 11,975,000",24 Sep 2:55 pm,https://ikman.lk/en/ad/hyundai-venue-n-line-n10-2026-for-sale-colombo-60
Toyota,Roomy,2023,"1,000 cc",Automatic,Petrol,Reconditioned,"92,000 km","Rs 8,300,000",24 Sep 2:54 pm,https://ikman.lk/en/ad/toyota-roomy-x-2023-for-sale-colombo-137
Nissan,Dayz,2024,650 cc,Automatic,Petrol,Reconditioned,"1,500 km","Rs 7,500,000",24 Sep 2:53 pm,https://ikman.lk/en/ad/nissan-dayz-x-2024-for-sale-colombo-73
Ford,Raptor Ranger,2025,"2,000 cc",Automatic,Diesel,Brand New,0 km,"Rs 33,500,000",24 Sep 2:47 pm,https://ikman.lk/en/ad/ford-raptor-ranger-stormtrak-2025-for-sale-colombo
Toyota,Yaris,2026,"1,000 cc",Automatic,Petrol,Import,30 km,"Rs 10,695,000",24 Sep 2:46 pm,https://ikman.lk/en/ad/toyota-yaris-x-grade-2026-for-sale-colombo-19
Toyota,Other Model,2025,"2,800 cc",Automatic,Diesel,Import,"5,000 km","Rs 27,000,000",24 Sep 2:40 pm,https://ikman.lk/en/ad/toyota-hiace-2025-for-sale-gampaha-2
Toyota,IST,2007,"1,500 cc",Automatic,Petrol,Used,"123,000 km","Rs 6,625,000",24 Sep 2:38 pm,https://ikman.lk/en/ad/toyota-ist-full-option-2007-for-sale-colombo
Opel,Other Model,2018,1 cc,Tiptronic,Petrol,Used,"18,000 km","Rs 11,750,000",26 Sep 1:54 pm,https://ikman.lk/en/ad/opel-holden-astra-ltz-trm-2018-for-sale-gampaha
Nissan,Dayz,2025,660 cc,Automatic,Hybrid,Reconditioned,"3,000 km","Rs 8,600,000",26 Sep 6:36 pm,https://ikman.lk/en/ad/nissan-dayz-highway-star-2025-for-sale-colombo-61
Ford,Raptor Ranger,2025,"2,000 cc",Automatic,Diesel,Brand New,0 km,"Rs 33,500,000",24 Sep 2:47 pm,https://ikman.lk/en/ad/ford-raptor-ranger-stormtrak-2025-for-sale-colombo
Toyota,Yaris,2026,"1,000 cc",Automatic,Petrol,Import,30 km,"Rs 10,695,000",24 Sep 2:46 pm,https://ikman.lk/en/ad/toyota-yaris-x-grade-2026-for-sale-colombo-19
Toyota,Other Model,2025,"2,800 cc",Automatic,Diesel,Import,"5,000 km","Rs 27,000,000",24 Sep 2:40 pm,https://ikman.lk/en/ad/toyota-hiace-2025-for-sale-gampaha-2
Toyota,IST,2007,"1,500 cc",Automatic,Petrol,Used,"123,000 km","Rs 6,625,000",24 Sep 2:38 pm,https://ikman.lk/en/ad/toyota-ist-full-option-2007-for-sale-colombo
Land Rover,Discovery Sport,2025,"1,500 cc",Automatic,Hybrid,Used,"5,200 km","Rs 51,900,000",24 Sep 2:33 pm,https://ikman.lk/en/ad/land-rover-discovery-sport-hse-phev-2025-for-sale-gampaha
MG,ZS,2019,"1,200 cc",Automatic,Petrol,Used,"83,500 km","Rs 8,875,000",24 Sep 2:32 pm,https://ikman.lk/en/ad/mg-zs-fully-loaded-2019-for-sale-colombo-5
Honda,Vezel,2026,"1,500 cc",Automatic,Hybrid,Import,0 km,"Rs 18,500,000",24 Sep 2:31 pm,https://ikman.lk/en/ad/honda-vezel-z-premium-hev-2026-for-sale-colombo-2
Nissan,Sakura,2024,47 cc,Automatic,Electric,Used,"55,000 km","Rs 7,990,000",24 Sep 2:27 pm,https://ikman.lk/en/ad/nissan-sakura-full-option-2024-for-sale-colombo-1
Toyota,Raize,2026,"1,200 cc",Automatic,Hybrid,Brand New,0 km,"Rs 13,990,000",26 Sep 10:04 am,https://ikman.lk/en/ad/toyota-raize-z-grade-hybrid-2026-for-sale-colombo-91
Toyota,Taisor,2026,"1,000 cc",Automatic,Petrol,Brand New,0 km,"Rs 11,325,000",24 Sep 2:25 pm,https://ikman.lk/en/ad/toyota-taisor-2026-for-sale-colombo-88
Toyota,Taisor,2026,"1,000 cc",Automatic,Petrol,Brand New,0 km,"Rs 11,325,000",24 Sep 2:25 pm,https://ikman.lk/en/ad/toyota-taisor-2026-for-sale-colombo-87
Jetour,T2,2026,"1,500 cc",Automatic,Petrol,Brand New,0 km,"Rs 24,500,000",26 Sep 10:08 am,https://ikman.lk/en/ad/jetour-t2-petrol-2026-for-sale-colombo-1
Land Rover,Range Rover,2013,"2,000 cc",Automatic,Diesel,Used,"160,000 km","Rs 13,200,000",24 Sep 2:23 pm,https://ikman.lk/en/ad/land-rover-range-evoque-2013-for-sale-colombo-641
MG,ZS,2019,"1,000 cc",Automatic,Petrol,Used,"52,000 km","Rs 8,595,000",24 Sep 2:19 pm,https://ikman.lk/en/ad/mg-zs-2019-for-sale-colombo-977
Toyota,Supra,2025,"2,000 cc",Automatic,Petrol,Import,"5,000 km","Rs 48,000,000",24 Sep 2:17 pm,https://ikman.lk/en/ad/toyota-supra-sz-r-2025-for-sale-colombo-3
Jetour,T2,2026,"1,500 cc",Automatic,Hybrid,Brand New,0 km,"Rs 29,000,000",26 Sep 10:06 am,https://ikman.lk/en/ad/jetour-t2-phev-2026-for-sale-colombo-5
Mercedes Benz,CLA 180,2024,"1,300 cc",Automatic,Petrol,Import,"13,000 km","Rs 37,000,000",24 Sep 2:15 pm,https://ikman.lk/en/ad/mercedes-benz-cla-180-2024-for-sale-gampaha
DFSK,Glory,2021,"1,500 cc",Automatic,Petrol,Used,"28,463 km","Rs 8,800,000",24 Sep 3:32 pm,https://ikman.lk/en/ad/dfsk-glory-2021-for-sale-colombo-394
Kia,Picanto,2016,"1,000 cc",Automatic,Petrol,Used,"103,000 km","Rs 5,575,000",24 Sep 2:13 pm,https://ikman.lk/en/ad/kia-picanto-full-option-2016-for-sale-colombo-4
Suzuki,Wagon R,2017,660 cc,Automatic,Hybrid,Used,"90,000 km","Rs 7,500,000",24 Sep 2:13 pm,https://ikman.lk/en/ad/suzuki-wagon-r-fz-2017-for-sale-colombo-2205
Toyota,Hilux,2005,"3,000 cc",Manual,Diesel,Used,"210,000 km","Rs 7,500,000",10 Sep 10:47 am,https://ikman.lk/en/ad/toyota-hilux-vigo-smart-cab-2005-for-sale-kurunegala
Nissan,Gravite,2026,"1,000 cc",Automatic,Petrol,Brand New,0 km,"Rs 9,240,000",24 Sep 2:13 pm,https://ikman.lk/en/ad/nissan-gravite-tekna-plus-2026-for-sale-colombo-15
Suzuki,Alto,2016,796 cc,Manual,Petrol,Used,"124,376 km","Rs 4,150,000",26 Sep 3:55 pm,https://ikman.lk/en/ad/suzuki-alto-lxi-2016-for-sale-matara-1
Suzuki,Wagon R,2016,650 cc,Automatic,Petrol,Used,"85,585 km","Rs 6,500,000",24 Sep 2:11 pm,https://ikman.lk/en/ad/suzuki-wagon-r-2016-for-sale-gampaha-245
BMW,528i,2011,"2,000 cc",Automatic,Petrol,Used,"85,900 km","Rs 16,900,000",24 Sep 2:09 pm,https://ikman.lk/en/ad/bmw-528i-2011-for-sale-colombo-5
Land Rover,Defender,1978,"2,495 cc",Manual,Diesel,Used,"112,000 km","Rs 13,500,000",02 Sep 11:54 am,https://ikman.lk/en/ad/land-rover-defender-1978-for-sale-gampaha-1
Toyota,Roomy,2023,"1,000 cc",Automatic,Petrol,Reconditioned,"28,000 km","Rs 9,900,000",27 Sep 6:45 am,https://ikman.lk/en/ad/toyota-roomy-custom-g-gt-2023-for-sale-colombo-1
Honda,Fit,2013,"1,330 cc",Automatic,Hybrid,Used,"137,637 km","Rs 6,775,000",12 Sep 3:41 pm,https://ikman.lk/en/ad/honda-fit-2013-for-sale-colombo-1084
Suzuki,Wagon R,2016,650 cc,Automatic,Petrol,Used,"85,585 km","Rs 6,500,000",24 Sep 2:11 pm,https://ikman.lk/en/ad/suzuki-wagon-r-2016-for-sale-gampaha-245
BMW,528i,2011,"2,000 cc",Automatic,Petrol,Used,"85,900 km","Rs 16,900,000",24 Sep 2:09 pm,https://ikman.lk/en/ad/bmw-528i-2011-for-sale-colombo-5
Kia,Sonet,2026,"1,000 cc",Automatic,Petrol,Brand New,0 km,"Rs 11,990,000",24 Sep 2:08 pm,https://ikman.lk/en/ad/kia-sonet-gtx-plus-2026-for-sale-colombo-464
Suzuki,Wagon R Stingray,2018,660 cc,Automatic,Hybrid,Used,"85,500 km","Rs 7,250,000",24 Sep 2:08 pm,https://ikman.lk/en/ad/suzuki-wagon-r-stingray-turbo-highst-spec-2018-for-sale-colombo-7
Daewoo,Espero,1996,"1,500 cc",Automatic,Petrol,Used,"160,000 km","Rs 850,000",24 Sep 2:04 pm,https://ikman.lk/en/ad/daewoo-espero-1996-for-sale-gampaha
Mercedes Benz,A180,2025,"1,300 cc",Automatic,Hybrid,Import,"2,000 km","Rs 35,500,000",24 Sep 2:03 pm,https://ikman.lk/en/ad/mercedes-benz-a180-2025-for-sale-gampaha
Toyota,Taisor,2026,"1,000 cc",Automatic,Petrol,Brand New,0 km,"Rs 11,250,000",24 Sep 1:58 pm,https://ikman.lk/en/ad/toyota-taisor-v-grade-highest-spec-2026-for-sale-colombo-198
Toyota,Raize,2023,"1,200 cc",Automatic,Petrol,Reconditioned,"24,600 km","Rs 12,950,000",24 Sep 1:59 pm,https://ikman.lk/en/ad/toyota-raize-z-grade-2023-for-sale-colombo-177
Suzuki,Escudo,2023,"1,500 cc",Automatic,Hybrid,Used,"23,000 km","Rs 14,250,000",24 Sep 1:46 pm,https://ikman.lk/en/ad/suzuki-escudo-grand-15-suv-2023-for-sale-colombo
Toyota,Land Cruiser,2011,"4,600 cc",Automatic,Petrol,Used,"102,000 km","Rs 37,495,000",24 Sep 3:00 pm,https://ikman.lk/en/ad/toyota-land-cruiser-v8-zx-2011-for-sale-colombo-14
Toyota,Land Cruiser Prado,2023,"2,700 cc",Automatic,Petrol,Reconditioned,"3,500 km","Rs 52,000,000",24 Sep 1:41 pm,https://ikman.lk/en/ad/toyota-land-cruiser-prado-trj150-tx-limited-2023-for-sale-colombo-22
Land Rover,Discovery,2015,"3,000 cc",Automatic,Diesel,Used,"140,000 km","Rs 28,500,000",24 Sep 1:38 pm,https://ikman.lk/en/ad/land-rover-discovery-4-s-2015-for-sale-kandy-1
Daihatsu,Mira,2024,660 cc,Automatic,Petrol,Reconditioned,"16,500 km","Rs 7,350,000",24 Sep 4:57 pm,https://ikman.lk/en/ad/daihatsu-mira-g-safty-push-start-2024-for-sale-colombo
Toyota,Yaris Cross,2025,"1,500 cc",Automatic,Hybrid,Used,"17,500 km","Rs 18,000,000",24 Sep 1:35 pm,https://ikman.lk/en/ad/toyota-yaris-cross-2025-for-sale-colombo-107
Toyota,Raize,2023,"1,000 cc",Automatic,Petrol,Reconditioned,"10,000 km","Rs 12,000,000",26 Sep 2:36 am,https://ikman.lk/en/ad/toyota-raize-2023-for-sale-gampaha-30
Subaru,Other Model,2025,"1,200 cc",Automatic,Hybrid,Import,"2,000 km","Rs 12,900,000",26 Sep 11:38 am,https://ikman.lk/en/ad/subaru-rex-z-2025-for-sale-gampaha-3
Audi,Q5,2011,"2,000 cc",Automatic,Petrol,Used,"87,500 km","Rs 11,990,000",24 Sep 4:33 pm,https://ikman.lk/en/ad/audi-q5-quattroslinepremium-2011-for-sale-colombo-3
Honda,Fit,2015,"1,490 cc",Automatic,Hybrid,Used,"165,000 km","Rs 11,200,000",24 Sep 1:32 pm,https://ikman.lk/en/ad/toyota-yaris-2015-for-sale-gampaha-2
Daihatsu,Mira,2025,660 cc,Automatic,Petrol,Reconditioned,"12,500 km","Rs 7,650,000",26 Sep 2:36 am,https://ikman.lk/en/ad/daihatsu-mira-g-safty-push-alloys-2025-for-sale-colombo-1
Toyota,Alphard,2024,"2,500 cc",Automatic,Hybrid,Reconditioned,"1,000 km","Rs 67,450,000",24 Sep 1:40 pm,https://ikman.lk/en/ad/toyota-alphard-pre-executive-lounge-2024-for-sale-colombo-11
Subaru,Other Model,2026,"1,200 cc",Automatic,Hybrid,Import,5 km,"Rs 13,500,000",24 Sep 1:28 pm,https://ikman.lk/en/ad/subaru-rex-2026-for-sale-gampaha-1
Lexus,LBX,2025,"1,500 cc",Automatic,Petrol,Used,"6,300 km","Rs 22,500,000",24 Sep 1:28 pm,https://ikman.lk/en/ad/lexus-lbx-safety-4way-1st-owne-2025-for-sale-colombo-2
Mercedes Benz,SLK 200,2007,"1,800 cc",Automatic,Petrol,Used,"44,000 km","Rs 15,800,000",25 Sep 10:02 pm,https://ikman.lk/en/ad/mercedes-benz-slk-200-sport-convertable-2007-for-sale-colombo
Land Rover,Defender,2026,"2,000 cc",Automatic,Petrol,Brand New,0 km,"Rs 77,000,000",24 Sep 1:22 pm,https://ikman.lk/en/ad/land-rover-defender-110-highest-spec-b-n-2026-for-sale-colombo-1
Land Rover,Range Rover Velar,2018,"2,000 cc",Automatic,Petrol,Used,"45,000 km","Rs 43,490,000",24 Sep 1:22 pm,https://ikman.lk/en/ad/land-rover-range-velar-premium-dynamic-2018-for-sale-colombo-17
Daihatsu,Mira,2025,660 cc,Automatic,Petrol,Reconditioned,"1,500 km","Rs 6,790,000",26 Sep 1:09 pm,https://ikman.lk/en/ad/daihatsu-mira-l-grade-safety-2025-for-sale-colombo-42
Suzuki,Every,2025,660 cc,Automatic,Petrol,Brand New,0 km,"Rs 9,600,000",27 Sep 8:37 am,https://ikman.lk/en/ad/suzuki-every-wagon-pz-turbo-2025-for-sale-colombo-295
Mercedes Benz,GLA 180,2018,"1,600 cc",Automatic,Petrol,Used,"77,000 km","Rs 19,000,000",25 Sep 11:12 am,https://ikman.lk/en/ad/mercedes-benz-gla-180-2018-red-for-sale-colombo
Toyota,Land Cruiser Sahara,2015,"4,500 cc",Tiptronic,Petrol,Used,"124,000 km","Rs 52,500,000",25 Sep 10:04 pm,https://ikman.lk/en/ad/toyota-land-cruiser-sahara-v8-zx-fully-loaded-2015-for-sale-colombo-3
Honda,Vezel,2024,"1,490 cc",Automatic,Hybrid,Reconditioned,"42,130 km","Rs 16,950,000",24 Sep 1:13 pm,https://ikman.lk/en/ad/honda-vezel-x-2024-for-sale-colombo-34
Toyota,Roomy,2024,"1,000 cc",Automatic,Petrol,Reconditioned,"2,309 km","Rs 10,190,000",24 Sep 1:11 pm,https://ikman.lk/en/ad/toyota-roomy-custom-g-2024-for-sale-colombo-152
Mitsubishi,Lancer,1989,"1,500 cc",Manual,Petrol,Used,"327,000 km","Rs 1,850,000",24 Sep 1:06 pm,https://ikman.lk/en/ad/mitsubishi-lancer-1989-for-sale-matale-1
Peugeot,Other Model,2018,"1,200 cc",Automatic,Petrol,Used,"130,000 km","Rs 11,500,000",24 Sep 3:07 pm,https://ikman.lk/en/ad/peugeot-3008-active-2018-for-sale-colombo-8
Toyota,Belta,2007,"1,000 cc",Automatic,Petrol,Used,"132,702 km","Rs 6,350,000",24 Sep 1:02 pm,https://ikman.lk/en/ad/toyota-belta-2007-for-sale-colombo-1216
BMW,i8,2014,"1,500 cc",Automatic,Hybrid,Used,"42,000 km","Rs 28,500,000",25 Sep 10:06 pm,https://ikman.lk/en/ad/bmw-i8-sport-racing-car-2014-for-sale-colombo
Toyota,Roomy,2023,990 cc,Automatic,Petrol,Reconditioned,"8,300 km","Rs 10,200,000",24 Sep 1:00 pm,https://ikman.lk/en/ad/toyota-roomy-custom-gt-unregister-2023-for-sale-colombo
Suzuki,Wagon R Stingray,2025,660 cc,Automatic,Petrol,Reconditioned,"12,500 km","Rs 8,750,000",24 Sep 12:56 pm,https://ikman.lk/en/ad/suzuki-wagon-r-stingray-3600-4way-2025-for-sale-colombo
Daihatsu,Mira,2025,650 cc,Automatic,Petrol,Import,"3,612 km","Rs 6,750,000",24 Sep 12:56 pm,https://ikman.lk/en/ad/daihatsu-mira-2025-for-sale-colombo-90
Toyota,Land Cruiser Prado,2015,"2,700 cc",Automatic,Petrol,Used,"67,000 km","Rs 32,500,000",24 Sep 12:50 pm,https://ikman.lk/en/ad/toyota-land-cruiser-prado-trj150-tx-l-1st-owne-2015-for-sale-colombo-1
Nissan,Dayz,2020,660 cc,Automatic,Petrol,Import,"1,305 km","Rs 8,475,000",24 Sep 12:46 pm,https://ikman.lk/en/ad/nissan-dayz-2020-for-sale-colombo-1
Toyota,Crown,2010,"2,500 cc",Automatic,Petrol,Used,"67,000 km","Rs 13,750,000",24 Sep 12:46 pm,https://ikman.lk/en/ad/toyota-crown-g-premium-2nd-owner-2010-for-sale-colombo
Nissan,X-Trail,2016,"2,000 cc",Tiptronic,Hybrid,Used,"35,000 km","Rs 12,500,000",24 Sep 2:33 pm,https://ikman.lk/en/ad/nissan-x-trail-2016-for-sale-vavuniya
Suzuki,Smile,2024,660 cc,Automatic,Petrol,Reconditioned,"15,700 km","Rs 7,950,000",24 Sep 12:43 pm,https://ikman.lk/en/ad/suzuki-smile-2024-for-sale-colombo-12
Honda,CRV,2013,"2,000 cc",Automatic,Petrol,Used,"130,000 km","Rs 9,250,000",24 Sep 12:52 pm,https://ikman.lk/en/ad/honda-crv-rm2-130000km-2013-for-sale-colombo
Toyota,Allion,2004,"1,500 cc",Automatic,Petrol,Used,"224,209 km","Rs 6,990,000",24 Sep 12:42 pm,https://ikman.lk/en/ad/toyota-allion-2004-for-sale-colombo-246
Honda,N-Box,2024,660 cc,Automatic,Petrol,Reconditioned,"63,900 km","Rs 7,850,000",24 Sep 12:41 pm,https://ikman.lk/en/ad/honda-n-box-2024-for-sale-colombo-33
Toyota,Land Cruiser Prado,2026,"2,700 cc",Automatic,Petrol,Used,"2,600 km","Rs 58,500,000",24 Sep 12:38 pm,https://ikman.lk/en/ad/toyota-land-cruiser-prado-lc250-vx-edition-1st-2026-for-sale-colombo-2
Suzuki,Wagon R FX,2025,650 cc,Automatic,Hybrid,Reconditioned,"6,380 km","Rs 8,450,000",24 Sep 12:37 pm,https://ikman.lk/en/ad/suzuki-wagon-r-fx-hybrid-safty-p-s-2025-for-sale-colombo-3
Subaru,Other Model,2026,"1,200 cc",Automatic,Hybrid,Import,25 km,"Rs 13,700,000",24 Sep 12:32 pm,https://ikman.lk/en/ad/subaru-rex-2026-for-sale-gampaha
Honda,Vezel,2026,"1,490 cc",Automatic,Hybrid,Brand New,12 km,"Rs 20,290,000",24 Sep 12:29 pm,https://ikman.lk/en/ad/honda-vezel-z-play-brand-new-2026-for-sale-colombo-8
BYD,Shark 6,2025,"1,500 cc",Automatic,Hybrid,Used,"40,000 km","Rs 23,900,000",24 Sep 12:27 pm,https://ikman.lk/en/ad/byd-shark-6-electric-hybrid-2025-for-sale-colombo-5
Toyota,Yaris,2026,"1,000 cc",Automatic,Petrol,Brand New,32 km,"Rs 11,390,000",24 Sep 12:27 pm,https://ikman.lk/en/ad/toyota-yaris-g-grade-4way-camera-2026-for-sale-colombo-6
Toyota,Yaris,2024,"1,000 cc",Automatic,Petrol,Reconditioned,"11,000 km","Rs 10,650,000",24 Sep 12:27 pm,https://ikman.lk/en/ad/toyota-yaris-g-2024-for-sale-colombo-20
Kia,Rio,2015,"1,400 cc",Automatic,Petrol,Used,"90,000 km","Rs 6,725,000",18 Sep 4:48 pm,https://ikman.lk/en/ad/kia-rio-sedan-full-option-2015-for-sale-colombo
Peugeot,3008,2018,"1,200 cc",Automatic,Petrol,Used,"84,000 km","Rs 13,000,000",25 Sep 4:57 pm,https://ikman.lk/en/ad/peugeot-3008-2018-for-sale-colombo-79
Toyota,Raize,2024,"1,200 cc",Automatic,Hybrid,Used,"4,925 km","Rs 13,095,000",27 Sep 9:53 am,https://ikman.lk/en/ad/toyota-raize-2024-for-sale-colombo-88
Toyota,Yaris,2024,"1,000 cc",Automatic,Petrol,Reconditioned,"11,000 km","Rs 10,650,000",24 Sep 12:27 pm,https://ikman.lk/en/ad/toyota-yaris-g-2024-for-sale-colombo-20
Kia,Sportage,2015,"1,000 cc",Automatic,Diesel,Used,"29,000 km","Rs 11,800,000",24 Sep 12:27 pm,https://ikman.lk/en/ad/kia-sportage-2015-for-sale-colombo-12
Mitsubishi,Lancer,1985,"1,500 cc",Manual,Petrol,Used,"203,444 km","Rs 1,500,000",24 Sep 12:26 pm,https://ikman.lk/en/ad/mitsubishi-lancer-fabric-1985-for-sale-galle
Suzuki,Wagon R ZX,2026,650 cc,Automatic,Hybrid,Brand New,10 km,"Rs 9,400,000",24 Sep 12:25 pm,https://ikman.lk/en/ad/suzuki-wagon-r-zx-hybrid-b-n-2026-for-sale-colombo-4
Honda,Vezel,2014,"1,490 cc",Automatic,Hybrid,Used,"148,000 km","Rs 9,700,000",24 Sep 12:25 pm,https://ikman.lk/en/ad/honda-vezel-2014-for-sale-ratnapura-99
Daihatsu,Mira,2025,660 cc,Automatic,Petrol,Used,"2,500 km","Rs 7,650,000",24 Sep 12:23 pm,https://ikman.lk/en/ad/daihatsu-mira-es-x-limited-2025-for-sale-colombo-13
Kia,Sonet,2026,"1,000 cc",Automatic,Petrol,Brand New,0 km,"Rs 11,850,000",24 Sep 12:22 pm,https://ikman.lk/en/ad/kia-sonet-gtx-plus-2026-for-sale-colombo-463
Land Rover,Defender,2026,"2,000 cc",Automatic,Petrol,Brand New,0 km,"Rs 68,000,000",24 Sep 12:22 pm,https://ikman.lk/en/ad/land-rover-defender-110-dynamic-b-new-2026-for-sale-colombo-2
Nissan,Gravite,2026,"1,000 cc",Automatic,Petrol,Brand New,0 km,"Rs 9,240,000",24 Sep 12:20 pm,https://ikman.lk/en/ad/nissan-gravite-tekna-plus-2026-for-sale-colombo-14
Toyota,Land Cruiser Prado,2023,"2,693 cc",Automatic,Petrol,Used,"26,000 km","Rs 55,650,000",24 Sep 12:27 pm,https://ikman.lk/en/ad/toyota-land-cruiser-prado-150-tx-2023-for-sale-kalutara
Honda,Freed,2013,"1,500 cc",Automatic,Hybrid,Used,"380,000 km","Rs 8,900,000",24 Sep 12:19 pm,https://ikman.lk/en/ad/honda-freed-gp3-2013-for-sale-kandy
Daihatsu,Mira,2024,660 cc,Automatic,Petrol,Used,"3,000 km","Rs 6,950,000",24 Sep 12:18 pm,https://ikman.lk/en/ad/daihatsu-mira-es-l-grade-2024-for-sale-colombo-28
BMW,520d,2012,"2,000 cc",Tiptronic,Diesel,Used,"77,000 km","Rs 18,250,000",24 Sep 12:17 pm,https://ikman.lk/en/ad/bmw-520d-diesel-2012-for-sale-colombo-17
Honda,Vezel,2026,"1,490 cc",Automatic,Hybrid,Brand New,0 km,"Rs 18,795,000",24 Sep 12:17 pm,https://ikman.lk/en/ad/honda-vezel-z-premium-2026-for-sale-colombo-718
Toyota,Vitz,2017,"1,000 cc",Automatic,Petrol,Used,"83,000 km","Rs 7,700,000",24 Sep 12:16 pm,https://ikman.lk/en/ad/toyota-vitz-safety-push-2017-for-sale-colombo-30
Toyota,Crown,2025,"2,500 cc",Automatic,Petrol,Used,600 km,"Rs 49,500,000",24 Sep 12:16 pm,https://ikman.lk/en/ad/toyota-crown-estate-z-hev-highest-2025-for-sale-colombo-6
Mercedes Benz,C180,2010,"1,600 cc",Tiptronic,Petrol,Used,"97,000 km","Rs 11,800,000",24 Sep 12:13 pm,https://ikman.lk/en/ad/mercedes-benz-c180-2010-for-sale-colombo-350
Suzuki,Wagon R,2018,660 cc,Automatic,Hybrid,Used,"106,000 km","Rs 6,800,000",24 Sep 2:15 pm,https://ikman.lk/en/ad/suzuki-wagon-r-2018-for-sale-kandy-7
Audi,Q3,2024,"1,500 cc",Automatic,Petrol,Reconditioned,"1,500 km","Rs 30,000,000",24 Sep 12:10 pm,https://ikman.lk/en/ad/audi-q3-s-line-highest-spec-2024-for-sale-colombo
Hyundai,Venue,2026,"1,000 cc",Automatic,Petrol,Import,0 km,"Rs 12,450,000",24 Sep 12:09 pm,https://ikman.lk/en/ad/hyundai-venue-n-line-n10-10l-2026-for-sale-colombo-69
Suzuki,Wagon R FX,2025,660 cc,Automatic,Petrol,Used,"17,000 km","Rs 7,790,000",24 Sep 12:06 pm,https://ikman.lk/en/ad/suzuki-wagon-r-fx-safety-2025-for-sale-colombo-190
Nissan,Sunny,1995,"1,290 cc",Manual,Petrol,Used,"20,000 km","Rs 2,800,000",24 Sep 12:04 pm,https://ikman.lk/en/ad/nissan-sunny-fb-14-1995-for-sale-kegalle
Toyota,Roomy,2024,"1,000 cc",Automatic,Petrol,Import,"42,000 km","Rs 9,690,000",24 Sep 12:04 pm,https://ikman.lk/en/ad/toyota-roomy-safety-limited-2024-for-sale-colombo-2
Honda,Vezel,2026,"1,500 cc",Automatic,Hybrid,Brand New,0 km,"Rs 19,600,000",24 Sep 12:03 pm,https://ikman.lk/en/ad/honda-vezel-z-premium-10-speaker-2026-for-sale-kandy
DFSK,Other Model,2020,"1,500 cc",Automatic,Petrol,Used,"85,479 km","Rs 7,750,000",24 Sep 12:02 pm,https://ikman.lk/en/ad/dfsk-2020-for-sale-colombo-5
Toyota,Yaris,2024,"1,500 cc",Automatic,Petrol,Import,"5,000 km","Rs 9,775,000",27 Sep 7:02 am,https://ikman.lk/en/ad/toyota-yaris-g-led-light-4way-cam-2024-for-sale-kandy
Toyota,Taisor,2026,"1,000 cc",Automatic,Petrol,Used,"6,000 km","Rs 5,500,000",12 Sep 11:32 am,https://ikman.lk/en/ad/toyota-taisor-cruiser-v-high-grade-2026-for-sale-gampaha
Toyota,Raize,2024,"1,200 cc",Automatic,Hybrid,Used,"4,925 km","Rs 13,095,000",27 Sep 9:53 am,https://ikman.lk/en/ad/toyota-raize-2024-for-sale-colombo-88
Toyota,Yaris,2024,"1,000 cc",Automatic,Petrol,Used,"5,900 km","Rs 10,690,000",24 Sep 12:00 pm,https://ikman.lk/en/ad/toyota-yaris-g-grade-2024-for-sale-colombo-76
Suzuki,Wagon R,2024,658 cc,Automatic,Hybrid,Reconditioned,"13,488 km","Rs 8,690,000",24 Sep 11:58 am,https://ikman.lk/en/ad/suzuki-wagon-r-custom-z-turbo-2024-for-sale-colombo-7
Daihatsu,Boon,2023,"1,000 cc",Automatic,Petrol,Reconditioned,"21,230 km","Rs 8,490,000",24 Sep 11:57 am,https://ikman.lk/en/ad/daihatsu-boon-passo-x-2023-for-sale-colombo-23
Daihatsu,Mira,2025,660 cc,Automatic,Petrol,Used,"2,000 km","Rs 7,825,000",24 Sep 11:55 am,https://ikman.lk/en/ad/daihatsu-mira-es-g-grade-2025-for-sale-colombo-7
Toyota,Yaris,2025,"1,500 cc",Automatic,Hybrid,Brand New,0 km,"Rs 19,400,000",24 Sep 11:55 am,https://ikman.lk/en/ad/toyota-yaris-ativ-gr-sport-hybrid-2025-for-sale-kandy-15
Mitsubishi,eK Wagon,2025,650 cc,Automatic,Petrol,Reconditioned,"2,500 km","Rs 7,975,000",24 Sep 11:53 am,https://ikman.lk/en/ad/mitsubishi-ek-wagon-g-grade-2025-for-sale-kandy-6
Toyota,Raize,2024,"1,200 cc",Automatic,Hybrid,Used,"3,000 km","Rs 13,250,000",24 Sep 11:52 am,https://ikman.lk/en/ad/toyota-raize-1200cc-hybrid-2024-for-sale-colombo-3
Suzuki,Wagon R FX,2024,658 cc,Automatic,Petrol,Reconditioned,"3,855 km","Rs 7,690,000",24 Sep 11:56 am,https://ikman.lk/en/ad/suzuki-wagon-r-fx-2024-for-sale-colombo-292
Nissan,X-Trail,2015,"2,000 cc",Automatic,Hybrid,Used,"150,000 km","Rs 8,975,000",24 Sep 11:46 am,https://ikman.lk/en/ad/nissan-x-trail-2015-for-sale-colombo-1527
Toyota,Alphard,2019,"2,490 cc",Automatic,Petrol,Used,"50,400 km","Rs 39,500,000",24 Sep 11:46 am,https://ikman.lk/en/ad/toyota-alphard-2019-for-sale-colombo-21
Toyota,Raize,2026,"1,200 cc",Automatic,Hybrid,Brand New,0 km,"Rs 14,850,000",24 Sep 11:48 am,https://ikman.lk/en/ad/toyota-raize-12-h-modellista-kit-2026-for-sale-colombo
BMW,X1,2011,"2,000 cc",Automatic,Diesel,Used,"340,000 km","Rs 8,400,000",24 Sep 11:46 am,https://ikman.lk/en/ad/bmw-x1-2011-for-sale-gampaha-81
Lexus,LBX,2024,"1,500 cc",Automatic,Hybrid,Used,"3,500 km","Rs 25,350,000",24 Sep 11:41 am,https://ikman.lk/en/ad/lexus-lbx-relax-full-spec-2024-for-sale-colombo-5
Toyota,Yaris Cross,2024,"1,500 cc",Automatic,Hybrid,Reconditioned,"4,590 km","Rs 17,500,000",24 Sep 11:40 am,https://ikman.lk/en/ad/toyota-yaris-cross-z-adventure-hybrid-2024-for-sale-colombo-1
DFSK,Other Model,2021,"1,500 cc",Automatic,Petrol,Used,"81,184 km","Rs 8,750,000",24 Sep 11:39 am,https://ikman.lk/en/ad/dfsk-i-auto-2021-for-sale-colombo-67
Suzuki,Every,2025,660 cc,Automatic,Petrol,Reconditioned,"5,500 km","Rs 7,240,000",24 Sep 11:41 am,https://ikman.lk/en/ad/suzuki-every-pa-limited-2025-for-sale-colombo-154
Mitsubishi,Montero,2012,"2,400 cc",Automatic,Diesel,Used,"140,000 km","Rs 12,500,000",24 Sep 11:37 am,https://ikman.lk/en/ad/mitsubishi-montero-sport-2012-for-sale-colombo-1779
Daihatsu,Mira,2025,660 cc,Automatic,Petrol,Brand New,0 km,"Rs 7,695,000",24 Sep 11:37 am,https://ikman.lk/en/ad/daihatsu-mira-es-x-limited-2025-for-sale-colombo-12
Micro,Panda,2015,"1,000 cc",Manual,Petrol,Used,"89,000 km","Rs 3,425,000",24 Sep 11:35 am,https://ikman.lk/en/ad/micro-panda-2015-for-sale-colombo-1435
Audi,A3,2018,"1,000 cc",Automatic,Petrol,Used,"75,000 km","Rs 11,900,000",24 Sep 11:35 am,https://ikman.lk/en/ad/audi-a3-s-line-2018-for-sale-colombo-531
Tata,Sumo,2006,"2,000 cc",Manual,Diesel,Used,"160,000 km","Rs 3,550,000",24 Sep 11:34 am,https://ikman.lk/en/ad/tata-sumo-2006-for-sale-colombo-5
Toyota,Raize,2025,"1,200 cc",Automatic,Hybrid,Used,"8,000 km","Rs 13,600,000",24 Sep 11:35 am,https://ikman.lk/en/ad/toyota-raize-z-1200cc-hybrid-2025-for-sale-colombo-24
DFSK,Glory,2023,"1,500 cc",Automatic,Petrol,Used,"12,000 km","Rs 10,300,000",24 Sep 11:32 am,https://ikman.lk/en/ad/dfsk-glory-i-auto-2023-for-sale-colombo-179
Mercedes Benz,C350,2017,"2,000 cc",Automatic,Hybrid,Used,"68,000 km","Rs 19,500,000",25 Sep 4:34 pm,https://ikman.lk/en/ad/mercedes-benz-c350-amg-premium-plus-2017-for-sale-colombo-1
Tata,Indica,2004,"1,500 cc",Manual,Petrol,Used,"260,000 km","Rs 2,300,000",24 Sep 11:28 am,https://ikman.lk/en/ad/tata-indica-hi-2004-for-sale-kurunegala
Toyota,Raize,2026,"1,000 cc",Automatic,Petrol,Brand New,0 km,"Rs 13,000,000",26 Sep 8:49 pm,https://ikman.lk/en/ad/toyota-raize-apple-4way-bsm-2026-for-sale-colombo-6
BMW,X2,2019,"1,499 cc",Automatic,Petrol,Used,"38,715 km","Rs 18,950,000",23 Sep 12:33 pm,https://ikman.lk/en/ad/bmw-x2-msport-x-f39-2019-for-sale-colombo-2
Mercedes Benz,GLB,2024,"1,300 cc",Automatic,Petrol,Reconditioned,"11,000 km","Rs 37,200,000",23 Sep 9:56 pm,https://ikman.lk/en/ad/mercedes-benz-glb-180-amg-premium-2024-for-sale-colombo-4
Tata,Indica,2004,"1,500 cc",Manual,Petrol,Used,"260,000 km","Rs 2,300,000",24 Sep 11:28 am,https://ikman.lk/en/ad/tata-indica-hi-2004-for-sale-kurunegala
Toyota,Yaris,2023,990 cc,Automatic,Petrol,Reconditioned,"13,000 km","Rs 9,140,000",26 Sep 9:39 am,https://ikman.lk/en/ad/toyota-yaris-x-grade-2023-for-sale-colombo-313
Tata,Indica,2006,"1,489 cc",Manual,Petrol,Used,"120,000 km","Rs 1,770,000",24 Sep 11:24 am,https://ikman.lk/en/ad/tata-indica-2006-for-sale-gampaha-68
BMW,520d,2012,"2,000 cc",Automatic,Diesel,Used,"140,000 km","Rs 16,500,000",24 Sep 11:24 am,https://ikman.lk/en/ad/bmw-520d-2012-for-sale-colombo-1284
Toyota,Corolla,2010,"1,600 cc",Automatic,Petrol,Used,"200,000 km","Rs 7,275,000",24 Sep 11:23 am,https://ikman.lk/en/ad/toyota-corolla-141-gli-2010-for-sale-colombo-22
Micro,Korondo,2015,"2,000 cc",Automatic,Diesel,Used,"132,618 km","Rs 6,695,000",24 Sep 11:58 am,https://ikman.lk/en/ad/micro-korondo-2015-for-sale-colombo-22
Nissan,Roox,2024,660 cc,Automatic,Petrol,Reconditioned,"9,000 km","Rs 7,975,000",24 Sep 11:21 am,https://ikman.lk/en/ad/nissan-roox-2024-for-sale-colombo-24
Suzuki,Alto,2014,800 cc,Manual,Petrol,Used,"86,000 km","Rs 3,850,000",25 Sep 8:32 am,https://ikman.lk/en/ad/suzuki-alto-2014-for-sale-hambantota-15
Volkswagen,T-Cross,2023,"1,000 cc",Automatic,Petrol,Used,"20,700 km","Rs 13,635,000",24 Sep 11:22 am,https://ikman.lk/en/ad/volkswagen-t-cross-r-line-2023-for-sale-colombo-16
Mitsubishi,Montero,2011,"2,500 cc",Automatic,Diesel,Used,"230,000 km","Rs 12,250,000",24 Sep 3:05 pm,https://ikman.lk/en/ad/mitsubishi-montero-sport-2011-for-sale-kegalle
Audi,A5,2018,"1,500 cc",Automatic,Petrol,Used,"55,000 km","Rs 18,750,000",24 Sep 12:38 pm,https://ikman.lk/en/ad/audi-a5-s-line-2018-for-sale-colombo-442
Honda,Vezel,2023,"1,490 cc",Automatic,Hybrid,Reconditioned,"14,250 km","Rs 19,950,000",24 Sep 11:12 am,https://ikman.lk/en/ad/honda-vezel-z-play-moonroof-2023-for-sale-colombo-63
Toyota,Yaris Cross,2026,"1,500 cc",Automatic,Hybrid,Import,0 km,"Rs 23,500,000",24 Sep 11:12 am,https://ikman.lk/en/ad/toyota-yaris-cross-hev-premium-luxury-2026-for-sale-colombo-3
Toyota,Prius,2008,"1,490 cc",Automatic,Hybrid,Used,"198,738 km","Rs 6,490,000",24 Sep 11:11 am,https://ikman.lk/en/ad/toyota-prius-nhw20-2008-for-sale-colombo-3
Kia,Sonet,2026,"1,000 cc",Automatic,Petrol,Brand New,0 km,"Rs 11,800,000",24 Sep 11:10 am,https://ikman.lk/en/ad/kia-sonet-gtx-plus-brand-new-2026-for-sale-colombo-113
Zotye,Nomad,2011,"1,300 cc",Manual,Petrol,Used,"33,000 km","Rs 3,800,000",24 Sep 11:28 am,https://ikman.lk/en/ad/zotye-nomad-2-2011-for-sale-colombo-88
Honda,Vezel,2014,"1,500 cc",Automatic,Hybrid,Used,"151,000 km","Rs 8,900,000",24 Sep 11:09 am,https://ikman.lk/en/ad/honda-vezel-ru3-2014-for-sale-gampaha-6
Toyota,Aqua,2014,"1,500 cc",Automatic,Hybrid,Used,"134,000 km","Rs 7,850,000",24 Sep 11:09 am,https://ikman.lk/en/ad/toyota-aqua-s-grade-2014-for-sale-colombo-1064
Daihatsu,Rocky,2024,"1,200 cc",Automatic,Hybrid,Reconditioned,"20,150 km","Rs 13,550,000",24 Sep 11:08 am,https://ikman.lk/en/ad/daihatsu-rocky-g-premium-hybrid-2024-for-sale-colombo-11
Suzuki,Ignis,2002,"1,500 cc",Automatic,Petrol,Used,"155,000 km","Rs 4,250,000",24 Sep 11:05 am,https://ikman.lk/en/ad/suzuki-ignis-2002-for-sale-gampaha
Mitsubishi,Montero,2012,"2,500 cc",Automatic,Diesel,Used,"149,000 km","Rs 13,850,000",24 Sep 11:05 am,https://ikman.lk/en/ad/mitsubishi-montero-sport-2012-for-sale-colombo-1778
Mitsubishi,Outlander,2014,"2,400 cc",Automatic,Petrol,Used,"91,939 km","Rs 11,795,000",24 Sep 12:00 pm,https://ikman.lk/en/ad/mitsubishi-outlander-2014-for-sale-colombo-577
Toyota,RAV4,2008,"2,500 cc",Automatic,Petrol,Used,"175,000 km","Rs 8,000,000",24 Sep 11:04 am,https://ikman.lk/en/ad/toyota-rav4-2008-for-sale-kandy-1
Nissan,Patrol,2008,"3,000 cc",Automatic,Diesel,Used,"235,000 km","Rs 20,950,000",24 Sep 11:02 am,https://ikman.lk/en/ad/nissan-patrol-grx-2008-for-sale-colombo-24
Nissan,X-Trail,2015,"2,000 cc",Automatic,Petrol,Used,"124,000 km","Rs 10,950,000",24 Sep 10:59 am,https://ikman.lk/en/ad/nissan-x-trail-fully-petrol-2015-for-sale-colombo-8
Toyota,Axio,2018,"1,500 cc",Automatic,Hybrid,Used,"132,697 km","Rs 13,200,000",25 Sep 9:33 am,https://ikman.lk/en/ad/toyota-axio-wxb-2018-for-sale-galle-41
Daihatsu,Mira,2024,660 cc,Automatic,Petrol,Reconditioned,"8,000 km","Rs 6,850,000",26 Sep 11:47 am,https://ikman.lk/en/ad/daihatsu-mira-x-grade-2024-for-sale-colombo-27
BMW,318i,2019,"1,500 cc",Tiptronic,Petrol,Used,"35,000 km","Rs 18,500,000",27 Sep 11:02 am,https://ikman.lk/en/ad/bmw-318i-m-sport-2019-for-sale-colombo-6
Nissan,Patrol,2008,"3,000 cc",Automatic,Diesel,Used,"235,000 km","Rs 20,950,000",24 Sep 11:02 am,https://ikman.lk/en/ad/nissan-patrol-grx-2008-for-sale-colombo-24
Nissan,X-Trail,2015,"2,000 cc",Automatic,Petrol,Used,"124,000 km","Rs 10,950,000",24 Sep 10:59 am,https://ikman.lk/en/ad/nissan-x-trail-fully-petrol-2015-for-sale-colombo-8
Kia,Sportage,2013,"2,000 cc",Automatic,Diesel,Used,"165,000 km","Rs 8,750,000",24 Sep 10:56 am,https://ikman.lk/en/ad/kia-sportage-diesel-2013-for-sale-colombo-38
Honda,N-WGN,2024,660 cc,Automatic,Petrol,Used,"50,000 km","Rs 6,950,000",24 Sep 10:55 am,https://ikman.lk/en/ad/honda-n-wgn-2024-for-sale-colombo-15
Suzuki,Wagon R,2018,655 cc,Automatic,Petrol,Used,"88,100 km","Rs 7,000,000",24 Sep 10:51 am,https://ikman.lk/en/ad/suzuki-wagon-r-2018-for-sale-colombo-652
Suzuki,Wagon R Stingray,2015,650 cc,Automatic,Hybrid,Used,"142,683 km","Rs 6,285,000",24 Sep 10:49 am,https://ikman.lk/en/ad/suzuki-wagon-r-stingray-2015-for-sale-colombo-1913
Jetour,T2,2026,"1,500 cc",Automatic,Hybrid,Used,"1,000 km","Rs 30,500,000",25 Sep 11:28 am,https://ikman.lk/en/ad/jetour-t2-phev-2026-for-sale-gampaha-1
Honda,City,2026,"1,000 cc",Automatic,Petrol,Import,0 km,"Rs 13,350,000",24 Sep 10:47 am,https://ikman.lk/en/ad/honda-city-vtec-turbo-2026-for-sale-colombo-7
Suzuki,Spacia,2024,660 cc,Automatic,Hybrid,Reconditioned,"4,000 km","Rs 9,990,000",24 Sep 10:47 am,https://ikman.lk/en/ad/suzuki-spacia-premium-g-hybrid-2024-for-sale-colombo-1
Mitsubishi,eK Wagon,2024,650 cc,Automatic,Petrol,Reconditioned,"1,334 km","Rs 7,450,000",24 Sep 10:56 am,https://ikman.lk/en/ad/mitsubishi-ek-wagon-m-grade-2024-for-sale-kalutara-8
Nissan,Dayz,2024,660 cc,Automatic,Petrol,Reconditioned,"4,500 km","Rs 7,225,000",24 Sep 10:45 am,https://ikman.lk/en/ad/nissan-dayz-2024-for-sale-colombo-102
Daihatsu,Rocky,2026,"1,200 cc",Automatic,Hybrid,Brand New,0 km,"Rs 13,590,000",24 Sep 10:44 am,https://ikman.lk/en/ad/daihatsu-rocky-hybrid-g-premium-2026-for-sale-colombo-3
Ford,Super Duty,2026,"3,000 cc",Automatic,Diesel,Import,0 km,"Rs 36,990,000",24 Sep 10:42 am,https://ikman.lk/en/ad/ford-super-duty-extreme-30-l-2026-for-sale-colombo-1
Kia,Sonet,2026,998 cc,Automatic,Petrol,Brand New,0 km,"Rs 11,899,000",24 Sep 11:00 am,https://ikman.lk/en/ad/kia-sonet-gtx-plus-gt-line-10-2026-for-sale-colombo-2
Micro,Other Model,2009,"1,000 cc",Manual,Petrol,Used,"96,500 km","Rs 1,950,000",24 Sep 10:36 am,https://ikman.lk/en/ad/micro-mpv-mini-van-2009-for-sale-gampaha
Nissan,Dayz,2023,660 cc,Automatic,Petrol,Reconditioned,"22,000 km","Rs 7,425,000",24 Sep 10:34 am,https://ikman.lk/en/ad/nissan-dayz-2023-for-sale-colombo-105
Honda,Vezel,2026,"1,500 cc",Automatic,Hybrid,Import,0 km,"Rs 19,890,000",24 Sep 10:31 am,https://ikman.lk/en/ad/honda-vezel-rs-sensing-2026-for-sale-colombo-13
Nissan,Sunny,2011,"1,300 cc",Manual,Petrol,Used,"57,840 km","Rs 5,865,000",24 Sep 10:31 am,https://ikman.lk/en/ad/nissan-sunny-n17-2011-for-sale-colombo-19
Toyota,Yaris,2024,"1,000 cc",Automatic,Petrol,Used,"34,000 km","Rs 9,000,000",24 Sep 10:29 am,https://ikman.lk/en/ad/toyota-yaris-2024-for-sale-colombo-54
Suzuki,Alto,2004,650 cc,Automatic,Petrol,Used,"170,029 km","Rs 3,750,000",24 Sep 12:01 pm,https://ikman.lk/en/ad/suzuki-alto-2004-for-sale-colombo-570
Toyota,Noah,2006,"1,800 cc",Automatic,Petrol,Used,"116,500 km","Rs 7,090,000",24 Sep 10:25 am,https://ikman.lk/en/ad/toyota-noah-kr42-ex-ok-2006-for-sale-gampaha
Mercedes Benz,GLA 180,2017,"1,690 cc",Automatic,Petrol,Used,"37,893 km","Rs 17,195,000",24 Sep 10:24 am,https://ikman.lk/en/ad/mercedes-benz-gla-180-2017-for-sale-colombo-15
Mercedes Benz,C200,2024,"1,500 cc",Automatic,Petrol,Used,"15,000 km","Rs 39,650,000",24 Sep 10:24 am,https://ikman.lk/en/ad/mercedes-benz-c200-amg-premium-plus-2024-for-sale-colombo-59
Daihatsu,Mira,2023,660 cc,Automatic,Petrol,Reconditioned,"12,250 km","Rs 6,590,000",24 Sep 10:22 am,https://ikman.lk/en/ad/daihatsu-mira-es-l-safty-2023-for-sale-colombo-3
Toyota,Vios,2010,"1,500 cc",Automatic,Petrol,Used,"165,000 km","Rs 5,590,000",24 Sep 10:21 am,https://ikman.lk/en/ad/toyota-vios-kl-new-shell-2010-for-sale-colombo-3
Nissan,Dayz,2025,660 cc,Automatic,Hybrid,Reconditioned,"3,000 km","Rs 8,600,000",26 Sep 6:36 pm,https://ikman.lk/en/ad/nissan-dayz-highway-star-2025-for-sale-colombo-61
Daihatsu,Mira,2025,660 cc,Automatic,Petrol,Reconditioned,"11,000 km","Rs 6,775,000",27 Sep 7:31 am,https://ikman.lk/en/ad/daihatsu-mira-es-l-pearl-rearwiper-2025-for-sale-kandy
Mercedes Benz,GLB,2025,"1,300 cc",Automatic,Petrol,Brand New,0 km,"Rs 43,550,000",27 Sep 11:02 am,https://ikman.lk/en/ad/mercedes-benz-glb-200-amg-premium-plus-2025-for-sale-colombo-26
Daihatsu,Mira,2023,660 cc,Automatic,Petrol,Reconditioned,"12,250 km","Rs 6,590,000",24 Sep 10:22 am,https://ikman.lk/en/ad/daihatsu-mira-es-l-safty-2023-for-sale-colombo-3
Toyota,Vios,2010,"1,500 cc",Automatic,Petrol,Used,"165,000 km","Rs 5,590,000",24 Sep 10:21 am,https://ikman.lk/en/ad/toyota-vios-kl-new-shell-2010-for-sale-colombo-3
Audi,A3,2023,"1,000 cc",Automatic,Petrol,Used,"18,000 km","Rs 15,850,000",24 Sep 10:20 am,https://ikman.lk/en/ad/audi-a3-advance-package-2023-for-sale-colombo-76
Audi,A3,2023,"1,000 cc",Automatic,Petrol,Used,"18,000 km","Rs 15,850,000",24 Sep 10:18 am,https://ikman.lk/en/ad/audi-a3-advance-package-2023-for-sale-colombo-74
Toyota,Premio,2014,"1,500 cc",Automatic,Petrol,Used,"154,924 km","Rs 12,195,000",24 Sep 1:40 pm,https://ikman.lk/en/ad/toyota-premio-g-superior-2014-for-sale-colombo-1083
Audi,A3,2023,"1,000 cc",Automatic,Petrol,Used,"12,000 km","Rs 18,990,000",24 Sep 10:16 am,https://ikman.lk/en/ad/audi-a3-advance-package-2023-for-sale-colombo-72
Audi,A3,2018,"1,500 cc",Automatic,Petrol,Used,"93,000 km","Rs 13,200,000",02 Sep 11:00 am,https://ikman.lk/en/ad/audi-a3-vertual-cockpit-2018-for-sale-colombo-1
Kia,Sonet,2026,"1,000 cc",Automatic,Petrol,Brand New,0 km,"Rs 11,490,000",24 Sep 10:15 am,https://ikman.lk/en/ad/kia-sonet-gtx-push-start-2026-for-sale-colombo-2
Toyota,Raize,2025,"1,000 cc",Automatic,Petrol,Import,"15,000 km","Rs 11,000,000",24 Sep 10:15 am,https://ikman.lk/en/ad/toyota-raize-g-grade-2025-for-sale-colombo-57
BMW,X1,2018,"1,500 cc",Automatic,Petrol,Used,"73,000 km","Rs 16,490,000",24 Sep 10:14 am,https://ikman.lk/en/ad/bmw-x1-m-sport-2018-for-sale-colombo-298
Nissan,Sunny,2001,"1,490 cc",Automatic,Petrol,Used,"120,000 km","Rs 4,800,000",24 Sep 10:13 am,https://ikman.lk/en/ad/nissan-sunny-fb15-ex-saloon-2001-for-sale-colombo-21
Toyota,Aqua,2012,"1,500 cc",Automatic,Hybrid,Used,"185,000 km","Rs 7,475,000",24 Sep 10:12 am,https://ikman.lk/en/ad/toyota-aqua-2012-for-sale-colombo-6432
Toyota,Raize,2026,"1,200 cc",Automatic,Hybrid,Brand New,0 km,"Rs 13,990,000",24 Sep 10:12 am,https://ikman.lk/en/ad/toyota-raize-2026-for-sale-colombo-82
Nissan,Leaf,2013,80 cc,Automatic,Electric,Used,"165,000 km","Rs 5,975,000",24 Sep 10:10 am,https://ikman.lk/en/ad/nissan-leaf-ze0-uk-2013-for-sale-gampaha-1
Toyota,Taisor,2026,"1,000 cc",Automatic,Petrol,Brand New,0 km,"Rs 10,690,000",24 Sep 10:09 am,https://ikman.lk/en/ad/toyota-taisor-v-cruise-control-2026-for-sale-colombo-4
Austin,Mini Cooper,1950,"1,300 cc",Tiptronic,Petrol,Used,"438,400 km","Rs 3,300,000",25 Sep 9:32 am,https://ikman.lk/en/ad/austin-mini-cooper-1950-for-sale-colombo
Audi,A4,2018,"1,400 cc",Automatic,Petrol,Used,"75,000 km","Rs 17,790,000",24 Sep 10:11 am,https://ikman.lk/en/ad/audi-a4-s-line-2018-for-sale-colombo-240
Mitsubishi,Outlander,2026,"1,500 cc",Automatic,Petrol,Used,"14,000 km","Rs 19,850,000",24 Sep 10:06 am,https://ikman.lk/en/ad/mitsubishi-outlander-2026-for-sale-colombo
Suzuki,Wagon R,2024,660 cc,Automatic,Petrol,Reconditioned,"65,000 km","Rs 7,500,000",24 Sep 12:41 pm,https://ikman.lk/en/ad/suzuki-wagon-r-2024-for-sale-colombo-80
Toyota,Passo,2023,"1,000 cc",Automatic,Petrol,Reconditioned,"39,000 km","Rs 7,950,000",24 Sep 11:40 am,https://ikman.lk/en/ad/toyota-passo-2023-for-sale-colombo-35
BMW,520d,2012,"2,000 cc",Automatic,Diesel,Used,"140,000 km","Rs 16,750,000",24 Sep 10:03 am,https://ikman.lk/en/ad/bmw-520d-2012-for-sale-colombo-1283
Toyota,Taisor,2026,"1,000 cc",Automatic,Petrol,Brand New,0 km,"Rs 11,350,000",24 Sep 10:01 am,https://ikman.lk/en/ad/toyota-taisor-v-grade-b-new-2026-for-sale-colombo-9
Honda,Fit,2014,"1,490 cc",Automatic,Hybrid,Used,"174,000 km","Rs 7,650,000",27 Sep 10:30 am,https://ikman.lk/en/ad/honda-fit-2014-for-sale-kurunegala-20
Daihatsu,Mira,2025,660 cc,Automatic,Petrol,Brand New,0 km,"Rs 6,950,000",24 Sep 10:01 am,https://ikman.lk/en/ad/daihatsu-mira-x-grade-limited-2025-for-sale-colombo-2
Maxus,T90,2025,"2,000 cc",Automatic,Diesel,Brand New,0 km,"Rs 18,200,000",24 Sep 9:59 am,https://ikman.lk/en/ad/maxus-t90-2025-for-sale-colombo-19
Toyota,Land Cruiser Sahara,2015,"4,600 cc",Automatic,Petrol,Used,"67,000 km","Rs 46,900,000",25 Sep 3:56 pm,https://ikman.lk/en/ad/toyota-land-cruiser-sahara-v8-zx-bruno-cross-2015-for-sale-colombo-4
Daihatsu,Mira,2025,660 cc,Automatic,Petrol,Reconditioned,"11,000 km","Rs 6,775,000",27 Sep 7:31 am,https://ikman.lk/en/ad/daihatsu-mira-es-l-pearl-rearwiper-2025-for-sale-kandy
Suzuki,Fronx,2026,"1,000 cc",Automatic,Petrol,Brand New,38 km,"Rs 11,200,000",26 Sep 12:48 pm,https://ikman.lk/en/ad/suzuki-fronx-2026-for-sale-colombo-195
Audi,A1,2017,"1,000 cc",Automatic,Petrol,Used,"77,000 km","Rs 8,550,000",24 Sep 9:59 am,https://ikman.lk/en/ad/audi-a1-black-top-push-start-2017-for-sale-colombo
BMW,430i,2017,"2,000 cc",Automatic,Petrol,Used,"30,000 km","Rs 30,800,000",24 Sep 9:57 am,https://ikman.lk/en/ad/bmw-430i-m-sport-convertible-2017-for-sale-colombo-4
Toyota,Raize,2026,"1,200 cc",Automatic,Hybrid,Brand New,0 km,"Rs 14,200,000",24 Sep 9:56 am,https://ikman.lk/en/ad/toyota-raize-z-12l-hybrid-2026-for-sale-colombo-11
Kia,Sonet,2026,"1,000 cc",Automatic,Petrol,Brand New,0 km,"Rs 11,950,000",24 Sep 9:55 am,https://ikman.lk/en/ad/kia-sonet-gtx-plus-2026-for-sale-colombo-461
Daihatsu,Charade,1995,"1,000 cc",Manual,Petrol,Used,"185,000 km","Rs 1,750,000",24 Sep 9:54 am,https://ikman.lk/en/ad/daihatsu-charade-1995-for-sale-kandy-1
Toyota,Yaris,2024,"1,000 cc",Automatic,Petrol,Used,"29,000 km","Rs 9,350,000",24 Sep 9:53 am,https://ikman.lk/en/ad/toyota-yaris-x-limited-2024-for-sale-colombo-53
Nissan,Dayz,2025,660 cc,Automatic,Hybrid,Brand New,0 km,"Rs 8,590,000",24 Sep 9:53 am,https://ikman.lk/en/ad/nissan-dayz-highway-star-x-urban-2025-for-sale-colombo-2
Toyota,Land Cruiser Prado,2026,"2,800 cc",Automatic,Diesel,Import,0 km,"Rs 56,790,000",24 Sep 9:52 am,https://ikman.lk/en/ad/toyota-land-cruiser-prado-vx-250-2026-for-sale-colombo-7
Toyota,CHR,2019,"1,200 cc",Automatic,Petrol,Used,"60,000 km","Rs 14,300,000",24 Sep 9:51 am,https://ikman.lk/en/ad/toyota-chr-facelift-2019-for-sale-colombo-2
Hyundai,Santa Fe,2015,"2,200 cc",Automatic,Diesel,Used,"93,000 km","Rs 13,000,000",24 Sep 9:51 am,https://ikman.lk/en/ad/hyundai-santa-fe-2015-for-sale-colombo-10
Honda,N-WGN,2022,650 cc,Automatic,Petrol,Used,"46,000 km","Rs 7,150,000",24 Sep 9:48 am,https://ikman.lk/en/ad/honda-n-wgn-n-wagon-2022-for-sale-colombo-2
Suzuki,Fronx,2026,"1,000 cc",Automatic,Hybrid,Brand New,0 km,"Rs 11,325,000",24 Sep 9:48 am,https://ikman.lk/en/ad/suzuki-fronx-alpha-2026-for-sale-colombo-126
Audi,A3,2024,"1,000 cc",Automatic,Petrol,Import,"10,000 km","Rs 17,500,000",24 Sep 9:46 am,https://ikman.lk/en/ad/audi-a3-sedan-30-tfsi-2024-for-sale-colombo
Toyota,Taisor,2026,"1,000 cc",Automatic,Petrol,Brand New,0 km,"Rs 10,700,000",24 Sep 6:11 pm,https://ikman.lk/en/ad/toyota-taisor-g-2026-for-sale-colombo-17
Nissan,Dayz,2026,660 cc,Automatic,Petrol,Brand New,0 km,"Rs 8,190,000",25 Sep 9:16 am,https://ikman.lk/en/ad/nissan-dayz-x-grade-2026-for-sale-colombo-12
Toyota,Vitz,2018,"1,000 cc",Automatic,Petrol,Used,"85,500 km","Rs 8,300,000",24 Sep 9:43 am,https://ikman.lk/en/ad/toyota-vitz-2nd-edition-2018-for-sale-colombo-18
Mercedes Benz,C200,2022,"1,500 cc",Automatic,Petrol,Reconditioned,"8,000 km","Rs 36,500,000",24 Sep 9:43 am,https://ikman.lk/en/ad/mercedes-benz-c200-amg-line-2022-for-sale-colombo-8
Nissan,Sunny,1999,"1,500 cc",Manual,Petrol,Used,"12,000 km","Rs 2,975,000",24 Sep 9:47 am,https://ikman.lk/en/ad/nissan-sunny-1999-for-sale-kurunegala-7
Suzuki,Spacia,2023,660 cc,Automatic,Hybrid,Import,"25,860 km","Rs 9,690,000",24 Sep 9:42 am,https://ikman.lk/en/ad/suzuki-spacia-custom-hybrid-xs-2023-for-sale-colombo-1
Toyota,Rush,2018,"1,500 cc",Automatic,Petrol,Used,"134,500 km","Rs 11,850,000",24 Sep 9:42 am,https://ikman.lk/en/ad/toyota-rush-2018-brand-new-for-sale-gampaha-1
Kia,Sonet,2026,"1,000 cc",Automatic,Petrol,Brand New,0 km,"Rs 11,000,000",24 Sep 9:39 am,https://ikman.lk/en/ad/kia-sonet-htx-2026-for-sale-colombo-102
Toyota,Raize,2026,"1,200 cc",Automatic,Hybrid,Brand New,0 km,"Rs 13,990,000",24 Sep 9:38 am,https://ikman.lk/en/ad/toyota-raize-z-hybrid-b-new-2026-for-sale-colombo-6
Nissan,Tiida,2010,"1,500 cc",Automatic,Petrol,Used,"179,200 km","Rs 5,475,000",25 Sep 10:33 am,https://ikman.lk/en/ad/nissan-tiida-latio-2010-for-sale-gampaha-9
Mitsubishi,Galant,1971,"1,400 cc",Manual,Petrol,Used,"121,221 km","Rs 435,000",24 Sep 9:37 am,https://ikman.lk/en/ad/mitsubishi-galant-1971-for-sale-colombo
Toyota,Yaris,2024,"1,000 cc",Automatic,Petrol,Reconditioned,"19,000 km","Rs 9,250,000",26 Sep 2:36 am,https://ikman.lk/en/ad/toyota-yaris-x-grade-2024-for-sale-colombo-214
Toyota,Raize,2025,"1,200 cc",Automatic,Hybrid,Used,"3,500 km","Rs 13,675,000",26 Sep 5:05 pm,https://ikman.lk/en/ad/toyota-raize-z-2025-for-sale-kurunegala
Perodua,Viva Elite,2011,"1,000 cc",Automatic,Petrol,Used,"260,000 km","Rs 4,498,000",24 Sep 2:23 pm,https://ikman.lk/en/ad/perodua-viva-elite-2011-for-sale-gampaha-1820
Mitsubishi,Galant,1971,"1,400 cc",Manual,Petrol,Used,"121,221 km","Rs 435,000",24 Sep 9:37 am,https://ikman.lk/en/ad/mitsubishi-galant-1971-for-sale-colombo
Toyota,Yaris,2024,"1,000 cc",Automatic,Petrol,Reconditioned,"19,000 km","Rs 9,250,000",26 Sep 2:36 am,https://ikman.lk/en/ad/toyota-yaris-x-grade-2024-for-sale-colombo-214
Daihatsu,Mira,2026,660 cc,Automatic,Petrol,Brand New,0 km,"Rs 7,790,000",24 Sep 9:35 am,https://ikman.lk/en/ad/daihatsu-mira-g-grade-safety-2026-for-sale-colombo-16
Suzuki,Fronx,2026,"1,000 cc",Automatic,Hybrid,Brand New,0 km,"Rs 11,075,000",24 Sep 9:35 am,https://ikman.lk/en/ad/suzuki-fronx-alpha-2026-for-sale-colombo-125
Honda,Vezel,2025,"1,500 cc",Automatic,Hybrid,Brand New,0 km,"Rs 18,500,000",24 Sep 9:24 pm,https://ikman.lk/en/ad/honda-vezel-z-premium-2025-for-sale-colombo-513
Mercedes Benz,CLA 180,2013,"2,200 cc",Automatic,Diesel,Used,"106,800 km","Rs 15,900,000",24 Sep 9:30 am,https://ikman.lk/en/ad/mercedes-benz-cla-180-cla220-amg-line-2013-for-sale-gampaha-13
Toyota,Yaris,2026,"1,000 cc",Automatic,Petrol,Brand New,0 km,"Rs 11,390,000",24 Sep 9:27 am,https://ikman.lk/en/ad/toyota-yaris-g-grade-led-2026-for-sale-colombo-4
Toyota,Raize,2026,"1,200 cc",Automatic,Hybrid,Brand New,0 km,"Rs 14,150,000",24 Sep 9:26 am,https://ikman.lk/en/ad/toyota-raize-z-hybrid-b-new-2026-for-sale-colombo-5
Honda,Vezel,2026,"1,500 cc",Automatic,Hybrid,Brand New,0 km,"Rs 20,450,000",24 Sep 9:24 am,https://ikman.lk/en/ad/honda-vezel-z-play-b-new-2026-for-sale-colombo-10
Peugeot,404,1969,"2,000 cc",Manual,Diesel,Used,"124,457 km","Rs 620,000",24 Sep 9:23 am,https://ikman.lk/en/ad/peugeot-404-1969-for-sale-colombo
Toyota,Raize,2026,"1,200 cc",Automatic,Hybrid,Brand New,0 km,"Rs 14,650,000",24 Sep 9:21 am,https://ikman.lk/en/ad/toyota-raize-z-bodykit-bsm-2026-for-sale-gampaha
Nissan,Pulsar,1996,"1,970 cc",Automatic,Diesel,Used,"133,467 km","Rs 3,250,000",24 Sep 2:45 pm,https://ikman.lk/en/ad/nissan-pulsar-1996-for-sale-gampaha-7
Suzuki,Wagon R ZX,2026,650 cc,Automatic,Hybrid,Brand New,0 km,"Rs 9,175,000",25 Sep 3:01 pm,https://ikman.lk/en/ad/suzuki-wagon-r-zx-custom-2026-for-sale-ratnapura-3
Mercedes Benz,GLB,2025,"1,400 cc",Automatic,Petrol,Brand New,0 km,"Rs 38,200,000",24 Sep 9:14 am,https://ikman.lk/en/ad/mercedes-benz-glb-180-amg-urban-star-2025-for-sale-colombo-9
Honda,Fit,2015,"1,500 cc",Automatic,Hybrid,Used,"133,000 km","Rs 7,950,000",24 Sep 9:03 am,https://ikman.lk/en/ad/honda-fit-gp5-2015-for-sale-colombo-901
Honda,Vezel,2026,"1,500 cc",Tiptronic,Hybrid,Brand New,0 km,"Rs 18,990,000",20 Sep 2:21 pm,https://ikman.lk/en/ad/honda-vezel-z-premium-10-sp-2026-for-sale-gampaha-1
Honda,Fit,2014,"1,500 cc",Automatic,Hybrid,Used,"88,000 km","Rs 8,000,000",26 Sep 6:58 pm,https://ikman.lk/en/ad/honda-fit-2014-for-sale-matara
Suzuki,Wagon R,2026,660 cc,Automatic,Petrol,Brand New,4 km,"Rs 8,275,000",24 Sep 8:41 am,https://ikman.lk/en/ad/suzuki-wagon-r-zl-2026-for-sale-gampaha-33
Micro,Rexton,2016,"2,000 cc",Automatic,Diesel,Used,"160,000 km","Rs 9,875,000",24 Sep 3:09 pm,https://ikman.lk/en/ad/micro-rexton-ssangyong-2016-for-sale-gampaha-1
Toyota,Corolla,1991,"1,300 cc",Manual,Petrol,Used,"200,000 km","Rs 1,985,000",24 Sep 8:36 am,https://ikman.lk/en/ad/toyota-corolla-ee96-wagon-1991-for-sale-kandy-2
Nissan,March,2004,"1,300 cc",Automatic,Petrol,Used,"180,000 km","Rs 3,485,000",24 Sep 8:25 am,https://ikman.lk/en/ad/nissan-march-ak12-2004-for-sale-kandy
Toyota,Vitz,2019,"1,000 cc",Automatic,Petrol,Used,"55,500 km","Rs 8,950,000",26 Sep 10:05 am,https://ikman.lk/en/ad/toyota-vitz-safety-edition-3-2019-for-sale-colombo-1
Nissan,Sunny,2019,"1,500 cc",Automatic,Petrol,Used,"82,000 km","Rs 5,950,000",24 Sep 8:16 am,https://ikman.lk/en/ad/nissan-sunny-fb15-1st-owner-2019-for-sale-colombo
Nissan,Dayz,2025,660 cc,Automatic,Petrol,Brand New,600 km,"Rs 8,950,000",24 Sep 8:11 am,https://ikman.lk/en/ad/nissan-dayz-x-pro-pilot-edition-2025-for-sale-matale
Daihatsu,Mira,2025,660 cc,Automatic,Petrol,Brand New,700 km,"Rs 7,050,000",24 Sep 8:10 am,https://ikman.lk/en/ad/daihatsu-mira-es-l-2025-for-sale-matale-5
Toyota,Vitz,2016,990 cc,Automatic,Petrol,Used,"87,000 km","Rs 7,800,000",26 Sep 12:54 pm,https://ikman.lk/en/ad/toyota-vitz-safety-2016-for-sale-colombo-851
Honda,Vezel,2026,"1,500 cc",Tiptronic,Hybrid,Brand New,0 km,"Rs 20,300,000",25 Sep 1:28 pm,https://ikman.lk/en/ad/honda-vezel-rs-premium-10sp-4way-2026-for-sale-colombo-14
BMW,318i,2018,"1,500 cc",Automatic,Petrol,Used,"28,000 km","Rs 19,800,000",27 Sep 8:38 am,https://ikman.lk/en/ad/bmw-318i-m-sport-shadow-2018-for-sale-colombo-13
Daihatsu,Mira,2025,660 cc,Automatic,Petrol,Brand New,700 km,"Rs 7,050,000",24 Sep 8:10 am,https://ikman.lk/en/ad/daihatsu-mira-es-l-2025-for-sale-matale-5
Suzuki,Wagon R,2024,660 cc,Automatic,Petrol,Reconditioned,"5,000 km","Rs 7,690,000",24 Sep 8:10 am,https://ikman.lk/en/ad/suzuki-wagon-r-fx-2024-for-sale-matale-3
Toyota,Raize,2026,"1,200 cc",Automatic,Hybrid,Brand New,300 km,"Rs 14,700,000",24 Sep 8:07 am,https://ikman.lk/en/ad/toyota-raize-z-hybrid-2026-for-sale-matale-4
Daihatsu,Mira,2026,650 cc,Automatic,Petrol,Brand New,0 km,"Rs 6,650,000",24 Sep 8:07 am,https://ikman.lk/en/ad/daihatsu-mira-es-l-sa3-2026-for-sale-gampaha-2
Toyota,Wigo,2017,"1,000 cc",Automatic,Petrol,Used,"88,000 km","Rs 6,490,000",24 Sep 7:49 am,https://ikman.lk/en/ad/toyota-wigo-new-model-2017-for-sale-colombo
Toyota,Carina,1998,"1,500 cc",Automatic,Petrol,Used,"165,000 km","Rs 5,250,000",24 Sep 7:49 am,https://ikman.lk/en/ad/toyota-carina-ti-myroad-1998-for-sale-gampaha-9
Audi,A5,2019,"1,400 cc",Automatic,Petrol,Used,"36,800 km","Rs 19,950,000",24 Sep 7:48 am,https://ikman.lk/en/ad/audi-a5-2019-for-sale-colombo-98
Toyota,Allion,2008,"1,500 cc",Automatic,Petrol,Used,"225,000 km","Rs 8,400,000",25 Sep 11:59 am,https://ikman.lk/en/ad/toyota-allion-260-2008-for-sale-anuradhapura
Nissan,X-Trail,2016,"2,000 cc",Automatic,Hybrid,Reconditioned,"170,000 km","Rs 9,275,000",24 Sep 7:02 am,https://ikman.lk/en/ad/nissan-x-trail-premier-sunroof-ht32-2016-for-sale-colombo
Kia,Sorento,2012,"2,200 cc",Automatic,Diesel,Used,"180,000 km","Rs 9,800,000",24 Sep 8:06 am,https://ikman.lk/en/ad/kia-sorento-1-12-highest-sunroof-2012-for-sale-colombo
Toyota,Yaris,2025,"1,000 cc",Automatic,Petrol,Reconditioned,"8,443 km","Rs 10,400,000",26 Sep 2:37 am,https://ikman.lk/en/ad/toyota-yaris-g-grade-2025-for-sale-gampaha-23
Other brand,Other model,2026,"2,000 cc",Automatic,Electric,Brand New,0 km,"Rs 126,500,000",24 Sep 5:10 pm,https://ikman.lk/en/ad/hongqi-r-royce-e-hs9-2026-for-sale-colombo-6
Toyota,Raize,2026,"1,500 cc",Automatic,Hybrid,Brand New,0 km,"Rs 13,395,000",24 Sep 6:18 am,https://ikman.lk/en/ad/toyota-raize-hybrid-z-2026-for-sale-gampaha-14
Toyota,Raize,2023,"1,200 cc",Automatic,Hybrid,Reconditioned,"10,000 km","Rs 13,600,000",26 Sep 2:37 am,https://ikman.lk/en/ad/toyota-raize-12-hybrid-z-2023-for-sale-gampaha-2
BAW,E7,2026,25 cc,Automatic,Electric,Brand New,0 km,"Rs 600,000",24 Sep 5:50 am,https://ikman.lk/en/ad/baw-e7-pro-2026-for-sale-colombo-17
Toyota,Raize,2025,"1,000 cc",Automatic,Petrol,Used,"11,500 km","Rs 12,500,000",24 Sep 5:26 am,https://ikman.lk/en/ad/toyota-raize-grade-z-jdm-2026-2025-for-sale-gampaha
Honda,Vezel,2026,"1,500 cc",Automatic,Hybrid,Brand New,0 km,"Rs 18,250,000",25 Sep 4:29 am,https://ikman.lk/en/ad/honda-vezel-z-premium-2026-for-sale-gampaha-148
Honda,Vezel,2026,"1,500 cc",Automatic,Hybrid,Brand New,0 km,"Rs 19,625,000",24 Sep 4:26 am,https://ikman.lk/en/ad/honda-vezel-rs-premium-2026-for-sale-gampaha-20
Honda,Vezel,2026,"1,500 cc",Automatic,Hybrid,Brand New,0 km,"Rs 19,750,000",24 Sep 4:26 am,https://ikman.lk/en/ad/honda-vezel-z-play-2026-for-sale-gampaha-63
Honda,Vezel,2026,"1,500 cc",Automatic,Hybrid,Brand New,0 km,"Rs 18,375,000",25 Sep 4:35 am,https://ikman.lk/en/ad/honda-vezel-z-premium-2026-for-sale-gampaha-146
Daihatsu,Mira,2025,650 cc,Automatic,Petrol,Reconditioned,"6,000 km","Rs 6,300,000",24 Sep 4:23 am,https://ikman.lk/en/ad/daihatsu-mira-es-l-sa3-2025-for-sale-gampaha-6
Toyota,Raize,2026,"1,200 cc",Automatic,Hybrid,Import,0 km,"Rs 13,350,000",24 Sep 4:04 am,https://ikman.lk/en/ad/toyota-raize-2026-for-sale-gampaha-26
Toyota,Prius,2014,"1,800 cc",Automatic,Hybrid,Used,"167,500 km","Rs 12,990,000",24 Sep 2:02 am,https://ikman.lk/en/ad/toyota-prius-g-touring-sun-roof-2014-for-sale-matara-1
Toyota,Vitz,2019,"1,000 cc",Automatic,Petrol,Used,"77,000 km","Rs 8,900,000",24 Sep 2:05 am,https://ikman.lk/en/ad/toyota-vitz-safety-edition-3-2019-for-sale-colombo
Toyota,Vitz,2015,"1,000 cc",Automatic,Petrol,Used,"180,000 km","Rs 7,000,000",24 Sep 1:07 am,https://ikman.lk/en/ad/toyota-vitz-2015-for-sale-gampaha-778
Suzuki,Alto,2025,660 cc,Automatic,Petrol,Import,"2,000 km","Rs 6,675,000",27 Sep 7:22 am,https://ikman.lk/en/ad/suzuki-alto-l-maroon-safetyunreg-2025-for-sale-kandy
Daihatsu,Mira,2025,660 cc,Automatic,Petrol,Brand New,0 km,"Rs 6,690,000",26 Sep 4:12 pm,https://ikman.lk/en/ad/daihatsu-mira-l-grade-2025-for-sale-colombo-80
Mercedes Benz,GLB,2024,"1,300 cc",Automatic,Petrol,Reconditioned,"11,000 km","Rs 37,200,000",23 Sep 9:56 pm,https://ikman.lk/en/ad/mercedes-benz-glb-180-amg-premium-2024-for-sale-colombo-4
Nissan,X-Trail,2015,"2,000 cc",Automatic,Hybrid,Used,"186,000 km","Rs 9,200,000",24 Sep 1:06 am,https://ikman.lk/en/ad/nissan-x-trail-fully-loaded-2015-for-sale-gampaha-1
Land Rover,Range Rover Sport,2018,"2,000 cc",Automatic,Diesel,Used,"135,000 km","Rs 36,000,000",24 Sep 1:01 am,https://ikman.lk/en/ad/land-rover-range-sport-hse-diesel-2018-for-sale-gampaha-12
Toyota,Corolla,2012,"1,600 cc",Manual,Petrol,Used,"89,000 km","Rs 7,890,000",24 Sep 1:00 am,https://ikman.lk/en/ad/toyota-corolla-141-2012-for-sale-colombo-1
Tata,Nano,2015,650 cc,Manual,Petrol,Used,"120,000 km","Rs 2,190,000",25 Sep 8:12 am,https://ikman.lk/en/ad/tata-nano-xta-2015-for-sale-colombo-2
Suzuki,Maruti,2011,800 cc,Manual,Petrol,Used,"123,000 km","Rs 2,350,000",24 Sep 12:56 am,https://ikman.lk/en/ad/suzuki-maruti-800-2011-for-sale-colombo-527
Opel,Astra,2002,"1,200 cc",Automatic,Petrol,Used,"120,000 km","Rs 2,290,000",24 Sep 12:55 am,https://ikman.lk/en/ad/opel-astra-march-2002-for-sale-colombo-2
Mitsubishi,Lancer,2013,"1,600 cc",Automatic,Petrol,Used,"65,000 km","Rs 8,750,000",24 Sep 12:53 am,https://ikman.lk/en/ad/mitsubishi-lancer-ex-cy1a-2013-for-sale-colombo-1
Mazda,6,2014,"2,500 cc",Automatic,Petrol,Used,"130,000 km","Rs 10,650,000",24 Sep 12:52 am,https://ikman.lk/en/ad/mazda-6-skyactiv-gt-2014-for-sale-colombo-6
Suzuki,Alto,2021,800 cc,Manual,Petrol,Used,"140,000 km","Rs 4,090,000",24 Sep 12:50 am,https://ikman.lk/en/ad/suzuki-alto-lxi-800-2021-for-sale-colombo
Kia,Sorento,2012,"2,200 cc",Automatic,Diesel,Used,"121,000 km","Rs 10,200,000",24 Sep 12:50 am,https://ikman.lk/en/ad/kia-sorento-full-spec-1-12-2012-for-sale-colombo-1
Renault,KWID,2016,800 cc,Manual,Petrol,Used,"117,000 km","Rs 3,840,000",24 Sep 12:48 am,https://ikman.lk/en/ad/renault-kwid-2016-for-sale-colombo-1705
Toyota,Prius,2007,"1,500 cc",Automatic,Hybrid,Used,"139,000 km","Rs 6,250,000",24 Sep 12:41 am,https://ikman.lk/en/ad/toyota-prius-nhw20-2007-for-sale-colombo-3
Nissan,Dayz,2017,660 cc,Automatic,Petrol,Used,"83,000 km","Rs 6,050,000",24 Sep 12:39 am,https://ikman.lk/en/ad/nissan-dayz-highway-star-2017-for-sale-colombo-23
Nissan,Sunny,1989,"1,500 cc",Manual,Petrol,Used,10 km,"Rs 1,550,000",24 Sep 8:23 am,https://ikman.lk/en/ad/nissan-sunny-trade-1989-for-sale-gampaha-2
Toyota,Other Model,2026,"1,500 cc",Automatic,Hybrid,Import,0 km,"Rs 15,400,000",24 Sep 12:19 am,https://ikman.lk/en/ad/toyota-probox-f-hev-2026-for-sale-colombo-1
Toyota,Raize,2026,"1,200 cc",Automatic,Hybrid,Import,5 km,"Rs 13,495,000",24 Sep 12:19 am,https://ikman.lk/en/ad/toyota-raize-z-hybrid-2026-for-sale-kandy-22
Toyota,Aqua,2026,"1,500 cc",Automatic,Hybrid,Import,0 km,"Rs 15,400,000",24 Sep 12:09 am,https://ikman.lk/en/ad/toyota-aqua-u-hev-2026-for-sale-colombo
Toyota,Raize,2025,"1,000 cc",Automatic,Petrol,Used,"19,000 km","Rs 11,475,000",23 Sep 11:23 pm,https://ikman.lk/en/ad/toyota-raize-x-grade-2025-for-sale-colombo-2
Suzuki,Baleno,2018,"1,200 cc",Automatic,Petrol,Used,"83,000 km","Rs 7,400,000",23 Sep 11:19 pm,https://ikman.lk/en/ad/suzuki-baleno-2018-for-sale-colombo-98
Suzuki,Wagon R,2018,660 cc,Automatic,Hybrid,Used,"88,000 km","Rs 7,200,000",23 Sep 11:17 pm,https://ikman.lk/en/ad/suzuki-wagon-r-stingray-2018-for-sale-colombo-4049
Nissan,Dayz,2024,660 cc,Automatic,Hybrid,Used,"12,000 km","Rs 8,475,000",23 Sep 11:14 pm,https://ikman.lk/en/ad/nissan-dayz-hwy-star-propilot-2024-for-sale-colombo
Suzuki,Wagon R,2014,660 cc,Automatic,Petrol,Used,"91,000 km","Rs 6,050,000",23 Sep 11:09 pm,https://ikman.lk/en/ad/suzuki-wagon-r-stingray-2014-for-sale-colombo-2579
Toyota,CHR,2017,"1,200 cc",Automatic,Petrol,Used,"85,000 km","Rs 12,475,000",23 Sep 11:07 pm,https://ikman.lk/en/ad/toyota-chr-ngx50-2017-for-sale-colombo-111
Ssang Yong,Rexton,2016,"2,000 cc",Automatic,Diesel,Used,"116,000 km","Rs 11,475,000",23 Sep 11:03 pm,https://ikman.lk/en/ad/ssang-yong-rexton-2016-for-sale-colombo-31
MG,ZS,2021,"1,000 cc",Automatic,Petrol,Used,"11,000 km","Rs 10,100,000",23 Sep 10:56 pm,https://ikman.lk/en/ad/mg-zs-1l-turbo-2021-for-sale-colombo
Mercedes Benz,GLA 200,2015,"1,600 cc",Automatic,Petrol,Used,"94,360 km","Rs 12,500,000",26 Sep 11:04 pm,https://ikman.lk/en/ad/mercedes-benz-gla-200-2015-for-sale-kalutara
BYD,ATTO 3,2025,100 cc,Automatic,Electric,Used,"10,000 km","Rs 16,000,000",26 Sep 12:05 pm,https://ikman.lk/en/ad/byd-atto-3-2025-for-sale-gampaha-9
Mitsubishi,Eclipse Cross,2025,"1,500 cc",Automatic,Petrol,Used,"2,800 km","Rs 18,200,000",26 Sep 3:13 pm,https://ikman.lk/en/ad/mitsubishi-eclipse-cross-2025-for-sale-colombo-17
Ssang Yong,Rexton,2016,"2,000 cc",Automatic,Diesel,Used,"116,000 km","Rs 11,475,000",23 Sep 11:03 pm,https://ikman.lk/en/ad/ssang-yong-rexton-2016-for-sale-colombo-31
MG,ZS,2021,"1,000 cc",Automatic,Petrol,Used,"11,000 km","Rs 10,100,000",23 Sep 10:56 pm,https://ikman.lk/en/ad/mg-zs-1l-turbo-2021-for-sale-colombo
Toyota,Corona,1984,"1,500 cc",Manual,Petrol,Used,"24,563 km","Rs 950,000",23 Sep 10:54 pm,https://ikman.lk/en/ad/toyota-corona-14-1984-for-sale-gampaha
Honda,Grace,2015,"1,500 cc",Automatic,Hybrid,Used,"152,000 km","Rs 9,400,000",23 Sep 10:51 pm,https://ikman.lk/en/ad/honda-grace-ex-2015-for-sale-colombo-974
Toyota,Yaris,2024,"1,000 cc",Automatic,Petrol,Reconditioned,"3,000 km","Rs 10,150,000",23 Sep 10:31 pm,https://ikman.lk/en/ad/toyota-yaris-x-limited-2024-for-sale-gampaha-14
Toyota,Vitz,2012,"1,000 cc",Automatic,Petrol,Used,"135,000 km","Rs 5,750,000",23 Sep 10:23 pm,https://ikman.lk/en/ad/toyota-vitz-ksp-90-2012-for-sale-colombo-3
Mercedes Benz,GLB,2024,"1,300 cc",Automatic,Petrol,Reconditioned,"11,000 km","Rs 37,200,000",23 Sep 9:56 pm,https://ikman.lk/en/ad/mercedes-benz-glb-180-amg-premium-2024-for-sale-colombo-4
Toyota,Raize,2024,"1,200 cc",Automatic,Hybrid,Reconditioned,"8,000 km","Rs 13,200,000",23 Sep 9:50 pm,https://ikman.lk/en/ad/toyota-raize-z-grade-2024-for-sale-colombo-289
Suzuki,Every,2025,660 cc,Automatic,Petrol,Brand New,0 km,"Rs 8,750,000",23 Sep 9:47 pm,https://ikman.lk/en/ad/suzuki-every-join-brand-new-2025-for-sale-gampaha-6
MG,ZS,2019,990 cc,Automatic,Petrol,Used,"47,420 km","Rs 9,300,000",23 Sep 9:56 pm,https://ikman.lk/en/ad/mg-zs-2019-for-sale-colombo-976
Hyundai,Accent,2000,"1,500 cc",Manual,Petrol,Used,"50,000 km","Rs 2,300,000",23 Sep 9:30 pm,https://ikman.lk/en/ad/hyundai-accent-2000-for-sale-kalutara-73
Toyota,Raize,2025,"1,200 cc",Automatic,Hybrid,Used,"13,000 km","Rs 13,300,000",24 Sep 7:26 am,https://ikman.lk/en/ad/toyota-raize-2025-for-sale-kurunegala-16
Toyota,Aqua,2014,"1,490 cc",Automatic,Hybrid,Used,"134,000 km","Rs 7,990,000",23 Sep 9:27 pm,https://ikman.lk/en/ad/toyota-aqua-s-limited-2014-for-sale-colombo-83
Bajaj,Qute,2018,216 cc,Manual,Petrol,Used,"25,000 km","Rs 1,310,000",24 Sep 7:21 pm,https://ikman.lk/en/ad/bajaj-qute-2018-for-sale-gampaha-9
Nissan,Sunny,1997,"2,000 cc",Automatic,Diesel,Used,"5,000 km","Rs 2,550,000",23 Sep 9:26 pm,https://ikman.lk/en/ad/nissan-sunny-b14-1997-for-sale-colombo-1
Bajaj,Qute,2018,216 cc,Manual,Petrol,Used,"36,000 km","Rs 1,350,000",23 Sep 9:25 pm,https://ikman.lk/en/ad/bajaj-qute-car-2018-for-sale-polonnaruwa
Suzuki,Every,2026,660 cc,Automatic,Petrol,Brand New,0 km,"Rs 10,000,000",23 Sep 8:57 pm,https://ikman.lk/en/ad/suzuki-every-wagon-pz-t-2026-for-sale-puttalam
Toyota,Allion,2011,"1,500 cc",Automatic,Petrol,Used,"115,000 km","Rs 9,890,000",23 Sep 8:44 pm,https://ikman.lk/en/ad/toyota-allion-g-grade-2011-for-sale-colombo-64
Suzuki,Wagon R Stingray,2018,650 cc,Automatic,Hybrid,Used,"85,000 km","Rs 7,500,000",23 Sep 8:42 pm,https://ikman.lk/en/ad/suzuki-wagon-r-stingray-4way-camera-2018-for-sale-colombo
Honda,Accord,2015,"2,000 cc",Automatic,Hybrid,Used,"255,000 km","Rs 12,250,000",23 Sep 8:39 pm,https://ikman.lk/en/ad/honda-accord-hybrid-2015-for-sale-colombo-8
Nissan,Sunny,2003,"1,500 cc",Automatic,Petrol,Used,"115,000 km","Rs 4,975,000",23 Sep 8:15 pm,https://ikman.lk/en/ad/nissan-sunny-fb15-2003-for-sale-gampaha-6
Ford,Raptor Ranger,2025,"3,000 cc",Automatic,Petrol,Used,"18,000 km","Rs 32,000,000",23 Sep 8:10 pm,https://ikman.lk/en/ad/ford-raptor-ranger-2025-for-sale-colombo-162
Toyota,Other Model,2024,660 cc,Manual,Petrol,Import,"5,000 km","Rs 10,500,000",23 Sep 8:06 pm,https://ikman.lk/en/ad/toyota-copen-2024-for-sale-gampaha
Audi,A3,2020,"1,400 cc",Tiptronic,Petrol,Used,"80,000 km","Rs 12,800,000",23 Sep 8:03 pm,https://ikman.lk/en/ad/audi-a3-sedan-14tfsi-2020-for-sale-gampaha-3
Suzuki,Baleno,2016,"1,000 cc",Tiptronic,Petrol,Used,"75,800 km","Rs 7,250,000",23 Sep 7:52 pm,https://ikman.lk/en/ad/suzuki-baleno-turbo-japanese-2016-for-sale-gampaha
Nissan,Almera,2025,"1,000 cc",Automatic,Petrol,Brand New,0 km,"Rs 14,450,000",23 Sep 9:54 am,https://ikman.lk/en/ad/nissan-almera-vl-2025-for-sale-colombo-83
Suzuki,Wagon R FZ,2014,660 cc,Automatic,Hybrid,Used,"120,000 km","Rs 5,600,000",24 Sep 5:42 pm,https://ikman.lk/en/ad/suzuki-wagon-r-fz-safety-2014-for-sale-colombo-357
Suzuki,Swift,2017,"1,240 cc",Tiptronic,Petrol,Used,"103,600 km","Rs 7,850,000",27 Sep 11:15 am,https://ikman.lk/en/ad/suzuki-swift-hybrid-fully-loaded-2017-for-sale-colombo
Audi,A3,2020,"1,400 cc",Tiptronic,Petrol,Used,"80,000 km","Rs 12,800,000",23 Sep 8:03 pm,https://ikman.lk/en/ad/audi-a3-sedan-14tfsi-2020-for-sale-gampaha-3
Suzuki,Baleno,2016,"1,000 cc",Tiptronic,Petrol,Used,"75,800 km","Rs 7,250,000",23 Sep 7:52 pm,https://ikman.lk/en/ad/suzuki-baleno-turbo-japanese-2016-for-sale-gampaha
Honda,Vezel,2026,"1,500 cc",Automatic,Hybrid,Brand New,0 km,"Rs 18,775,000",23 Sep 7:47 pm,https://ikman.lk/en/ad/honda-vezel-z-premium-2026-for-sale-kurunegala-15
Honda,Vezel,2026,"1,500 cc",Tiptronic,Hybrid,Brand New,0 km,"Rs 18,490,000",23 Sep 7:31 pm,https://ikman.lk/en/ad/honda-vezel-z-brand-new-2026-for-sale-gampaha-10
Toyota,CHR,2017,"1,200 cc",Automatic,Petrol,Used,"110,360 km","Rs 13,600,000",23 Sep 7:27 pm,https://ikman.lk/en/ad/toyota-chr-2017-for-sale-gampaha-262
Mercedes Benz,CLA 200,2019,"1,332 cc",Automatic,Petrol,Used,"69,000 km","Rs 19,000,000",25 Sep 11:55 am,https://ikman.lk/en/ad/mercedes-benz-cla-200-amg-2019-for-sale-gampaha-3
Honda,Civic,1995,"1,500 cc",Manual,Petrol,Used,"300,000 km","Rs 3,850,000",23 Sep 7:18 pm,https://ikman.lk/en/ad/honda-civic-eg8-1995-for-sale-jaffna
Toyota,Vitz,2017,"1,000 cc",Automatic,Petrol,Used,"45,000 km","Rs 7,700,000",24 Sep 1:52 pm,https://ikman.lk/en/ad/toyota-vitz-2017-for-sale-kalutara-7
Honda,Vezel,2026,"1,490 cc",Automatic,Hybrid,Brand New,0 km,"Rs 18,795,000",23 Sep 7:09 pm,https://ikman.lk/en/ad/honda-vezel-z-premium-2026-for-sale-colombo-717
Toyota,Raize,2026,"1,200 cc",Automatic,Hybrid,Brand New,0 km,"Rs 13,600,000",23 Sep 7:48 pm,https://ikman.lk/en/ad/toyota-raize-z-2026-for-sale-kurunegala-4
Suzuki,Wagon R,2026,660 cc,Automatic,Petrol,Brand New,0 km,"Rs 7,948,000",23 Sep 6:58 pm,https://ikman.lk/en/ad/suzuki-wagon-r-zl-2026-for-sale-kurunegala-6
Toyota,Corolla,1986,"1,300 cc",Manual,Petrol,Used,"85,000 km","Rs 1,050,000",23 Sep 6:57 pm,https://ikman.lk/en/ad/toyota-corolla-ae-80-1986-for-sale-gampaha
Honda,Vezel,2026,"1,500 cc",Automatic,Hybrid,Used,"5,000 km","Rs 18,275,000",23 Sep 6:48 pm,https://ikman.lk/en/ad/honda-vezel-z-2026-for-sale-kandy-4
Honda,Vezel,2026,"1,500 cc",Automatic,Hybrid,Brand New,0 km,"Rs 18,735,000",23 Sep 6:33 pm,https://ikman.lk/en/ad/honda-vezel-z-premium-2026-for-sale-kurunegala-14
Suzuki,Wagon R FX,2018,650 cc,Automatic,Hybrid,Used,"108,452 km","Rs 6,290,000",23 Sep 6:30 pm,https://ikman.lk/en/ad/suzuki-wagon-r-fx-2018-for-sale-gampaha-538
Other brand,Other model,2026,"3,000 cc",Automatic,Electric,Brand New,0 km,"Rs 126,600,000",24 Sep 4:14 pm,https://ikman.lk/en/ad/hongqi-r-royce-e-hs9-2026-for-sale-colombo-1
Toyota,Roomy,2025,"1,000 cc",Automatic,Petrol,Reconditioned,"5,000 km","Rs 11,500,000",23 Sep 8:54 pm,https://ikman.lk/en/ad/toyota-roomy-custom-gt-turbo-2025-for-sale-colombo-131
Land Rover,Range Rover Velar,2024,"2,000 cc",Automatic,Hybrid,Import,"2,400 km","Rs 76,555,000",23 Sep 6:22 pm,https://ikman.lk/en/ad/land-rover-range-velar-2024-for-sale-kandy
Suzuki,Wagon R,2025,660 cc,Automatic,Petrol,Reconditioned,"3,000 km","Rs 7,600,000",23 Sep 8:54 pm,https://ikman.lk/en/ad/suzuki-wagon-r-fx-safety-2025-for-sale-colombo-189
Mitsubishi,Delica,2025,"1,200 cc",Automatic,Hybrid,Import,"14,000 km","Rs 12,700,000",23 Sep 6:21 pm,https://ikman.lk/en/ad/mitsubishi-delica-d2-2025-for-sale-gampaha
Honda,Vezel,2026,"1,490 cc",Automatic,Hybrid,Brand New,0 km,"Rs 19,450,000",23 Sep 6:11 pm,https://ikman.lk/en/ad/honda-vezel-z-play-2026-for-sale-colombo-183
Honda,Vezel,2024,"1,490 cc",Automatic,Hybrid,Used,"35,000 km","Rs 17,950,000",23 Sep 6:05 pm,https://ikman.lk/en/ad/honda-vezel-z-play-2024-for-sale-colombo-311
Micro,Panda,2014,"1,000 cc",Manual,Petrol,Used,"108,000 km","Rs 3,100,000",24 Sep 2:44 pm,https://ikman.lk/en/ad/micro-panda-2014-for-sale-matara-5
Toyota,Roomy,2025,"1,000 cc",Automatic,Petrol,Reconditioned,"3,000 km","Rs 11,000,000",23 Sep 8:54 pm,https://ikman.lk/en/ad/toyota-roomy-custom-g-2025-for-sale-colombo-109
Honda,Vezel,2026,"1,490 cc",Automatic,Hybrid,Brand New,0 km,"Rs 19,450,000",23 Sep 6:02 pm,https://ikman.lk/en/ad/honda-vezel-z-play-2026-for-sale-colombo-182
Nissan,Navara,2007,"2,488 cc",Automatic,Diesel,Used,"100,000 km","Rs 6,750,000",26 Sep 4:26 pm,https://ikman.lk/en/ad/nissan-navara-2007-for-sale-gampaha-134
Perodua,Viva Elite,2011,"1,000 cc",Automatic,Petrol,Used,"260,000 km","Rs 4,498,000",24 Sep 2:23 pm,https://ikman.lk/en/ad/perodua-viva-elite-2011-for-sale-gampaha-1820
BMW,318i,2018,"1,500 cc",Tiptronic,Petrol,Used,"97,000 km","Rs 18,800,000",25 Sep 2:13 pm,https://ikman.lk/en/ad/bmw-318i-2018-for-sale-colombo-219
Honda,Vezel,2026,"1,490 cc",Automatic,Hybrid,Brand New,0 km,"Rs 19,450,000",23 Sep 6:02 pm,https://ikman.lk/en/ad/honda-vezel-z-play-2026-for-sale-colombo-182
Suzuki,Wagon R,2025,660 cc,Automatic,Petrol,Reconditioned,"3,000 km","Rs 7,650,000",23 Sep 8:54 pm,https://ikman.lk/en/ad/suzuki-wagon-r-fx-safety-2025-for-sale-colombo-188
Daihatsu,Mira,2025,650 cc,Automatic,Petrol,Brand New,8 km,"Rs 6,790,000",23 Sep 5:59 pm,https://ikman.lk/en/ad/daihatsu-mira-l-grade-safty-b-n-2025-for-sale-colombo-1
Honda,Fit,2014,"1,500 cc",Automatic,Hybrid,Used,"118,000 km","Rs 7,990,000",23 Sep 5:57 pm,https://ikman.lk/en/ad/honda-fit-gp5-bodykit-2014-for-sale-puttalam-1
Honda,Vezel,2026,"1,490 cc",Automatic,Hybrid,Brand New,0 km,"Rs 20,450,000",23 Sep 5:56 pm,https://ikman.lk/en/ad/honda-vezel-z-play-moonroof-2026-for-sale-colombo-303
Toyota,Premio,2007,"1,500 cc",Automatic,Petrol,Used,"182,500 km","Rs 8,690,000",27 Sep 9:23 am,https://ikman.lk/en/ad/toyota-premio-2007-for-sale-puttalam-3
Kia,Sephia,2000,"1,500 cc",Automatic,Petrol,Used,"123,456 km","Rs 2,395,000",23 Sep 5:52 pm,https://ikman.lk/en/ad/kia-sephia-2000-for-sale-kurunegala-3
Toyota,Hilux,2020,"2,800 cc",Tiptronic,Diesel,Used,"87,000 km","Rs 20,800,000",23 Sep 5:51 pm,https://ikman.lk/en/ad/toyota-hilux-2020-white-for-sale-colombo
Honda,Vezel,2026,"1,490 cc",Automatic,Hybrid,Brand New,0 km,"Rs 20,450,000",23 Sep 5:50 pm,https://ikman.lk/en/ad/honda-vezel-z-play-moonroof-2026-for-sale-colombo-302
Toyota,Vitz,2016,990 cc,Automatic,Petrol,Used,"86,000 km","Rs 8,100,000",23 Sep 6:17 pm,https://ikman.lk/en/ad/toyota-vitz-edition-1-2016-for-sale-colombo
Toyota,Corolla,2024,"1,800 cc",Automatic,Hybrid,Import,"30,000 km","Rs 24,200,000",23 Sep 5:49 pm,https://ikman.lk/en/ad/toyota-corolla-cross-zvg13-g-2024-for-sale-colombo
Nissan,Sylphy,2005,"1,500 cc",Manual,Petrol,Used,"190,000 km","Rs 4,975,000",23 Sep 5:47 pm,https://ikman.lk/en/ad/nissan-sylphy-n17-2005-for-sale-colombo
Honda,Vezel,2025,"1,490 cc",Automatic,Hybrid,Brand New,0 km,"Rs 19,950,000",23 Sep 5:46 pm,https://ikman.lk/en/ad/honda-vezel-z-play-moonroof-2025-for-sale-colombo-356
Kia,Sportage,2013,"2,000 cc",Automatic,Diesel,Used,"215,000 km","Rs 9,980,000",23 Sep 5:43 pm,https://ikman.lk/en/ad/kia-sportage-2013-for-sale-colombo-146
Suzuki,Wagon R,2026,660 cc,Automatic,Hybrid,Brand New,0 km,"Rs 9,000,000",26 Sep 11:46 am,https://ikman.lk/en/ad/suzuki-wagon-r-custom-zx-2026-for-sale-gampaha-38
Honda,Vezel,2025,"1,490 cc",Automatic,Hybrid,Brand New,0 km,"Rs 19,950,000",23 Sep 5:43 pm,https://ikman.lk/en/ad/honda-vezel-z-play-moonroof-2025-for-sale-colombo-355
Honda,Vezel,2025,"1,490 cc",Automatic,Hybrid,Brand New,0 km,"Rs 19,950,000",23 Sep 5:39 pm,https://ikman.lk/en/ad/honda-vezel-z-play-moonroof-2025-for-sale-colombo-354
Maruti Suzuki,800,2002,796 cc,Manual,Petrol,Used,"99,000 km","Rs 1,875,000",23 Sep 5:38 pm,https://ikman.lk/en/ad/maruti-suzuki-800-2002-for-sale-colombo-4
Maruti Suzuki,Alto,2014,796 cc,Manual,Petrol,Used,"90,648 km","Rs 4,190,000",23 Sep 5:35 pm,https://ikman.lk/en/ad/maruti-suzuki-alto-2014-for-sale-colombo-6
Honda,Vezel,2024,650 cc,Automatic,Hybrid,Used,"15,000 km","Rs 19,350,000",23 Sep 5:32 pm,https://ikman.lk/en/ad/honda-vezel-z-play-moonroof-2024-for-sale-colombo-92
Nissan,Dayz,2025,650 cc,Automatic,Petrol,Used,"4,211 km","Rs 8,275,000",23 Sep 5:32 pm,https://ikman.lk/en/ad/nissan-dayz-days-petrol-2025-for-sale-colombo
Nissan,Dayz,2024,650 cc,Automatic,Petrol,Used,"2,574 km","Rs 7,475,000",23 Sep 5:32 pm,https://ikman.lk/en/ad/nissan-dayz-days-petrol-2024-for-sale-colombo
Toyota,Premio,2011,"1,500 cc",Automatic,Petrol,Used,"202,000 km","Rs 9,500,000",23 Sep 5:31 pm,https://ikman.lk/en/ad/toyota-premio-2011-for-sale-hambantota
Honda,Vezel,2024,"1,490 cc",Automatic,Hybrid,Used,"21,000 km","Rs 18,450,000",23 Sep 5:26 pm,https://ikman.lk/en/ad/honda-vezel-z-play-moonroof-2024-for-sale-colombo-91
Honda,Vezel,2025,"1,496 cc",Automatic,Petrol,Used,"3,697 km","Rs 18,140,000",23 Sep 5:24 pm,https://ikman.lk/en/ad/honda-vezel-2025-for-sale-colombo-225
Suzuki,Wagon R Stingray,2014,660 cc,Automatic,Petrol,Used,"85,541 km","Rs 5,850,000",26 Sep 12:35 pm,https://ikman.lk/en/ad/suzuki-wagon-r-stingray-2014-for-sale-colombo-2581
Mercedes Benz,C200,2018,"1,500 cc",Tiptronic,Petrol,Used,"80,000 km","Rs 22,000,000",31 Aug 5:02 pm,https://ikman.lk/en/ad/mercedes-benz-c200-2018-for-sale-colombo-236
Daihatsu,Mira,2025,660 cc,Automatic,Petrol,Used,"1,691 km","Rs 7,100,000",26 Sep 2:01 pm,https://ikman.lk/en/ad/daihatsu-mira-es-g-grade-2025-for-sale-colombo-6
Nissan,Dayz,2024,650 cc,Automatic,Petrol,Used,"2,574 km","Rs 7,475,000",23 Sep 5:32 pm,https://ikman.lk/en/ad/nissan-dayz-days-petrol-2024-for-sale-colombo
Toyota,Premio,2011,"1,500 cc",Automatic,Petrol,Used,"202,000 km","Rs 9,500,000",23 Sep 5:31 pm,https://ikman.lk/en/ad/toyota-premio-2011-for-sale-hambantota
Honda,Vezel,2024,"1,490 cc",Automatic,Hybrid,Used,"21,000 km","Rs 18,450,000",23 Sep 5:26 pm,https://ikman.lk/en/ad/honda-vezel-z-play-moonroof-2024-for-sale-colombo-91
Honda,Vezel,2025,"1,496 cc",Automatic,Petrol,Used,"3,697 km","Rs 18,140,000",23 Sep 5:24 pm,https://ikman.lk/en/ad/honda-vezel-2025-for-sale-colombo-225
Toyota,Raize,2025,"1,200 cc",Automatic,Petrol,Brand New,230 km,"Rs 14,320,000",24 Sep 9:44 am,https://ikman.lk/en/ad/toyota-raize-z-grade-hybrid-2025-for-sale-colombo-179
Toyota,Raize,2025,"1,200 cc",Automatic,Hybrid,Reconditioned,"5,000 km","Rs 13,550,000",23 Sep 8:55 pm,https://ikman.lk/en/ad/toyota-raize-hybrid-2025-for-sale-colombo-73
Honda,Vezel,2024,"1,490 cc",Automatic,Hybrid,Used,"16,000 km","Rs 18,450,000",23 Sep 5:19 pm,https://ikman.lk/en/ad/honda-vezel-z-play-moonroof-2024-for-sale-colombo-90
Suzuki,Wagon R,2025,660 cc,Automatic,Petrol,Reconditioned,"4,000 km","Rs 8,850,000",26 Sep 8:39 am,https://ikman.lk/en/ad/suzuki-wagon-r-zx-upgrade-package-2025-for-sale-colombo-12
Suzuki,Wagon R,2024,660 cc,Automatic,Hybrid,Used,"17,500 km","Rs 7,595,000",23 Sep 5:17 pm,https://ikman.lk/en/ad/suzuki-wagon-r-fx-2024-for-sale-kandy-30
Suzuki,Wagon R ZX,2026,650 cc,Automatic,Hybrid,Brand New,0 km,"Rs 9,125,000",23 Sep 5:16 pm,https://ikman.lk/en/ad/suzuki-wagon-r-zx-new-version-2026-for-sale-colombo-3
Toyota,Vitz,2019,"1,000 cc",Automatic,Petrol,Used,"114,000 km","Rs 8,895,000",23 Sep 5:13 pm,https://ikman.lk/en/ad/toyota-vitz-edition-3-2019-for-sale-colombo-420
Toyota,Raize,2026,"1,200 cc",Automatic,Petrol,Brand New,230 km,"Rs 14,190,000",24 Sep 9:43 am,https://ikman.lk/en/ad/toyota-raize-z-grade-hybrid-2026-for-sale-colombo-89
Kia,Sonet,2025,"1,000 cc",Automatic,Petrol,Used,"15,000 km","Rs 11,050,000",23 Sep 5:09 pm,https://ikman.lk/en/ad/kia-sonet-gtx-plus-2025-for-sale-colombo-245
Honda,Vezel,2014,"1,500 cc",Automatic,Hybrid,Used,"188,000 km","Rs 8,625,000",23 Sep 5:07 pm,https://ikman.lk/en/ad/honda-vezel-z-grade-orange-2014-for-sale-colombo-161
BMW,X1,2011,"2,200 cc",Automatic,Diesel,Used,"167,000 km","Rs 9,475,000",23 Sep 5:03 pm,https://ikman.lk/en/ad/bmw-x1-2011-for-sale-colombo-757
Toyota,Axio,2015,"1,500 cc",Automatic,Hybrid,Reconditioned,"118,800 km","Rs 8,900,000",23 Sep 5:00 pm,https://ikman.lk/en/ad/toyota-axio-g-grade-2015-for-sale-colombo-1610
Toyota,Land Cruiser Prado,2023,"2,700 cc",Automatic,Petrol,Used,"37,000 km","Rs 49,850,000",23 Sep 4:59 pm,https://ikman.lk/en/ad/toyota-land-cruiser-prado-tx-150-2023-for-sale-colombo-14
Suzuki,Every,2024,650 cc,Automatic,Petrol,Reconditioned,"9,800 km","Rs 9,650,000",23 Sep 4:59 pm,https://ikman.lk/en/ad/suzuki-every-wagon-pz-special-2024-for-sale-colombo-2
Suzuki,Wagon R ZX,2026,650 cc,Automatic,Hybrid,Brand New,10 km,"Rs 91,750,000",23 Sep 4:56 pm,https://ikman.lk/en/ad/suzuki-wagon-r-zx-custom-360-play-2026-for-sale-colombo
Volkswagen,Passat,2007,"1,600 cc",Automatic,Petrol,Used,"155,000 km","Rs 5,990,000",23 Sep 4:56 pm,https://ikman.lk/en/ad/volkswagen-passat-b6-tfsi-2007-for-sale-colombo
Toyota,Axio,2010,"1,500 cc",Automatic,Petrol,Used,"160,000 km","Rs 7,300,000",23 Sep 4:56 pm,https://ikman.lk/en/ad/toyota-axio-2010-for-sale-colombo-456
Suzuki,Wagon R ZX,2026,660 cc,Automatic,Hybrid,Brand New,0 km,"Rs 9,300,000",23 Sep 4:55 pm,https://ikman.lk/en/ad/suzuki-wagon-r-zx-custom-4-way-cam-2026-for-sale-colombo-7
Tata,Indica,2005,"1,390 cc",Manual,Petrol,Used,"135,000 km","Rs 1,950,000",23 Sep 4:55 pm,https://ikman.lk/en/ad/tata-indica-2005-for-sale-ratnapura
Toyota,Roomy,2023,"1,000 cc",Automatic,Petrol,Reconditioned,"13,000 km","Rs 9,190,000",26 Sep 8:39 am,https://ikman.lk/en/ad/toyota-roomy-g-gt-2023-for-sale-colombo
Toyota,Roomy,2023,"1,000 cc",Automatic,Petrol,Reconditioned,"12,000 km","Rs 8,890,000",26 Sep 8:40 am,https://ikman.lk/en/ad/toyota-roomy-x-limited-2023-for-sale-colombo-10
Hyundai,Accent,2001,"1,500 cc",Automatic,Petrol,Used,"150,000 km","Rs 2,650,000",16 Sep 1:27 pm,https://ikman.lk/en/ad/hyundai-accent-2001-for-sale-galle-92
Toyota,Raize,2025,"1,200 cc",Automatic,Hybrid,Reconditioned,"14,900 km","Rs 13,400,000",26 Sep 7:03 pm,https://ikman.lk/en/ad/toyota-raize-z-hybrid-1200cc-2025-for-sale-colombo-58
BMW,318i,2018,"1,500 cc",Tiptronic,Petrol,Used,"97,000 km","Rs 18,800,000",25 Sep 2:13 pm,https://ikman.lk/en/ad/bmw-318i-2018-for-sale-colombo-219
Toyota,Yaris,2026,"1,000 cc",Automatic,Petrol,Brand New,10 km,"Rs 11,475,000",23 Sep 4:49 pm,https://ikman.lk/en/ad/toyota-yaris-x-led-bsm-360-2026-for-sale-colombo
Toyota,Raize,2026,"1,200 cc",Automatic,Hybrid,Brand New,10 km,"Rs 13,950,000",23 Sep 4:44 pm,https://ikman.lk/en/ad/toyota-raize-z-hybrid-bsm-360-2026-for-sale-colombo-1
Toyota,Prius,2012,"1,800 cc",Automatic,Hybrid,Used,"285,000 km","Rs 11,000,000",25 Sep 10:17 pm,https://ikman.lk/en/ad/toyota-prius-g-grade-phv-2012-for-sale-colombo
Volvo,S80,1999,"2,000 cc",Automatic,Petrol,Used,"274,000 km","Rs 2,800,000",27 Sep 1:33 am,https://ikman.lk/en/ad/volvo-s80-executive-modell-1999-for-sale-badulla
Audi,A5,2025,"2,000 cc",Automatic,Petrol,Import,"5,000 km","Rs 45,000,000",23 Sep 4:37 pm,https://ikman.lk/en/ad/audi-a5-s-line-package-2025-for-sale-colombo
Toyota,Raize,2026,"1,200 cc",Automatic,Hybrid,Brand New,10 km,"Rs 13,950,000",23 Sep 4:36 pm,https://ikman.lk/en/ad/toyota-raize-z-hybrid-bsm-360-2026-for-sale-colombo
Hyundai,Eon,2015,814 cc,Manual,Petrol,Used,"85,000 km","Rs 4,350,000",23 Sep 5:02 pm,https://ikman.lk/en/ad/hyundai-eon-2015-for-sale-nuwara-eliya
Honda,Insight,2018,"1,500 cc",Automatic,Hybrid,Used,"140,000 km","Rs 15,950,000",23 Sep 4:32 pm,https://ikman.lk/en/ad/honda-insight-ze4-2018-for-sale-matara
BMW,318i,2016,"1,500 cc",Automatic,Petrol,Used,"58,000 km","Rs 16,795,000",23 Sep 4:27 pm,https://ikman.lk/en/ad/bmw-318i-2016-for-sale-colombo-55
Perodua,Viva Elite,2011,"1,000 cc",Automatic,Petrol,Used,"133,000 km","Rs 4,650,000",23 Sep 6:34 pm,https://ikman.lk/en/ad/perodua-viva-elite-2011-for-sale-anuradhapura-81
Suzuki,Baleno,2018,"1,000 cc",Automatic,Petrol,Used,"136,000 km","Rs 7,200,000",23 Sep 4:18 pm,https://ikman.lk/en/ad/suzuki-baleno-japan-2018-for-sale-kalutara-1
Daihatsu,Mira,2024,650 cc,Automatic,Petrol,Reconditioned,"20,000 km","Rs 6,450,000",24 Sep 8:16 pm,https://ikman.lk/en/ad/daihatsu-mira-l-2024-for-sale-colombo-34
Nissan,Dayz,2024,660 cc,Automatic,Petrol,Used,"13,000 km","Rs 7,950,000",23 Sep 4:13 pm,https://ikman.lk/en/ad/nissan-dayz-highwaystar-propilot-2024-for-sale-colombo-47
Suzuki,Wagon R,2024,650 cc,Automatic,Petrol,Reconditioned,"8,500 km","Rs 7,750,000",24 Sep 8:16 pm,https://ikman.lk/en/ad/suzuki-wagon-r-2024-for-sale-colombo-79
Suzuki,Alto,2024,650 cc,Automatic,Petrol,Reconditioned,"12,500 km","Rs 6,650,000",24 Sep 8:17 pm,https://ikman.lk/en/ad/suzuki-alto-japan-2024-for-sale-colombo-84
Mazda,RX,2004,"2,000 cc",Manual,Petrol,Used,"82,826 km","Rs 5,200,000",23 Sep 4:08 pm,https://ikman.lk/en/ad/mazda-rx-2004-for-sale-gampaha-2
Audi,A1,2017,"1,000 cc",Automatic,Petrol,Used,"64,000 km","Rs 8,750,000",23 Sep 4:07 pm,https://ikman.lk/en/ad/audi-a1-1000cc-pettrol-2017-for-sale-colombo
Mitsubishi,eK Wagon,2025,650 cc,Automatic,Petrol,Reconditioned,"1,200 km","Rs 7,475,000",23 Sep 4:05 pm,https://ikman.lk/en/ad/mitsubishi-ek-wagon-m-2025-for-sale-colombo-13
Nissan,Navara,2008,"2,500 cc",Manual,Diesel,Used,"133,225 km","Rs 7,500,000",23 Sep 4:05 pm,https://ikman.lk/en/ad/nissan-navara-expedition-2008-for-sale-kurunegala
Honda,N-Box,2024,650 cc,Automatic,Petrol,Used,"59,000 km","Rs 7,650,000",23 Sep 4:04 pm,https://ikman.lk/en/ad/honda-n-box-g-2024-for-sale-colombo-19
Suzuki,Alto,2023,650 cc,Automatic,Petrol,Reconditioned,"8,500 km","Rs 6,500,000",23 Sep 4:03 pm,https://ikman.lk/en/ad/suzuki-alto-japan-2023-for-sale-colombo-15
Toyota,Roomy,2023,650 cc,Automatic,Petrol,Reconditioned,"92,000 km","Rs 8,300,000",23 Sep 4:03 pm,https://ikman.lk/en/ad/toyota-roomy-x-2023-for-sale-colombo-136
Nissan,Roox,2024,650 cc,Automatic,Petrol,Reconditioned,"45,000 km","Rs 7,950,000",23 Sep 4:02 pm,https://ikman.lk/en/ad/nissan-roox-x-2024-for-sale-colombo-22
Suzuki,Wagon R,2025,650 cc,Automatic,Petrol,Reconditioned,"2,000 km","Rs 7,700,000",23 Sep 4:01 pm,https://ikman.lk/en/ad/suzuki-wagon-r-smile-2025-for-sale-colombo-5
Honda,N-WGN,2023,650 cc,Automatic,Petrol,Reconditioned,"50,000 km","Rs 7,290,000",23 Sep 4:00 pm,https://ikman.lk/en/ad/honda-n-wgn-g-2023-for-sale-colombo-1
Honda,Vezel,2025,"1,500 cc",Automatic,Hybrid,Reconditioned,"8,000 km","Rs 19,150,000",27 Sep 8:44 am,https://ikman.lk/en/ad/honda-vezel-z-play-2025-for-sale-gampaha-143
Nissan,Dayz,2023,660 cc,Automatic,Petrol,Import,"20,000 km","Rs 7,475,000",27 Sep 7:33 am,https://ikman.lk/en/ad/nissan-dayz-push-start-face-lift-2023-for-sale-kandy
Mercedes Benz,GLA 180,2018,"1,600 cc",Automatic,Petrol,Used,"77,000 km","Rs 19,000,000",25 Sep 11:12 am,https://ikman.lk/en/ad/mercedes-benz-gla-180-2018-red-for-sale-colombo
Honda,N-WGN,2023,650 cc,Automatic,Petrol,Reconditioned,"50,000 km","Rs 7,290,000",23 Sep 4:00 pm,https://ikman.lk/en/ad/honda-n-wgn-g-2023-for-sale-colombo-1
Daihatsu,Boon,2023,"1,000 cc",Automatic,Petrol,Reconditioned,"19,000 km","Rs 8,275,000",23 Sep 3:58 pm,https://ikman.lk/en/ad/daihatsu-boon-x-2023-for-sale-colombo-10
Suzuki,Wagon R,2014,658 cc,Automatic,Petrol,Used,"179,642 km","Rs 6,000,000",26 Sep 8:42 pm,https://ikman.lk/en/ad/suzuki-wagon-r-stingray-2014-for-sale-gampaha-1280
Daihatsu,Taft,2025,650 cc,Automatic,Petrol,Reconditioned,"8,500 km","Rs 7,875,000",23 Sep 3:58 pm,https://ikman.lk/en/ad/daihatsu-taft-g-2025-for-sale-colombo-3
BMW,520d,2013,"2,000 cc",Automatic,Diesel,Used,"130,000 km","Rs 18,650,000",23 Sep 3:57 pm,https://ikman.lk/en/ad/bmw-520d-3-option-2013-for-sale-matara-1
Toyota,Raize,2025,"1,000 cc",Automatic,Petrol,Reconditioned,"3,280 km","Rs 12,490,000",23 Sep 8:55 pm,https://ikman.lk/en/ad/toyota-raize-z-grade-2025-for-sale-gampaha-187
Kia,Picanto,2016,998 cc,Automatic,Petrol,Used,"92,590 km","Rs 5,490,000",23 Sep 3:52 pm,https://ikman.lk/en/ad/kia-picanto-2016-for-sale-colombo-1003
Suzuki,Alto,2024,650 cc,Automatic,Petrol,Used,"8,500 km","Rs 6,650,000",23 Sep 3:52 pm,https://ikman.lk/en/ad/suzuki-alto-s-2024-for-sale-colombo-3
Honda,Vezel,2026,"1,500 cc",Automatic,Hybrid,Import,0 km,"Rs 19,300,000",23 Sep 3:51 pm,https://ikman.lk/en/ad/honda-vezel-z-play-slll-a1-2026-for-sale-colombo
Toyota,Land Cruiser,2005,"4,900 cc",Automatic,Petrol,Used,"212,000 km","Rs 19,800,000",23 Sep 3:47 pm,https://ikman.lk/en/ad/toyota-land-cruiser-vip-v8-2005-for-sale-colombo
Mitsubishi,eK Wagon,2018,650 cc,Automatic,Petrol,Used,"26,693 km","Rs 6,475,000",23 Sep 3:45 pm,https://ikman.lk/en/ad/mitsubishi-ek-wagon-2018-for-sale-colombo-20
Suzuki,XBee,2018,990 cc,Automatic,Petrol,Used,"133,794 km","Rs 7,850,000",23 Sep 3:41 pm,https://ikman.lk/en/ad/suzuki-xbee-2018-for-sale-colombo-5
Toyota,Taisor,2026,"1,000 cc",Automatic,Petrol,Brand New,0 km,"Rs 11,000,000",26 Sep 1:07 pm,https://ikman.lk/en/ad/toyota-taisor-v-grade-2026-for-sale-colombo-313
Suzuki,Alto,2018,796 cc,Manual,Petrol,Used,"86,000 km","Rs 4,500,000",23 Sep 3:50 pm,https://ikman.lk/en/ad/suzuki-alto-800-2018-for-sale-kalutara
Suzuki,Wagon R,2026,650 cc,Automatic,Petrol,Brand New,0 km,"Rs 8,250,000",23 Sep 5:33 pm,https://ikman.lk/en/ad/suzuki-wagon-r-zl-petrol-2026-for-sale-colombo
Suzuki,Wagon R FX,2025,650 cc,Automatic,Petrol,Used,"13,000 km","Rs 7,450,000",23 Sep 5:33 pm,https://ikman.lk/en/ad/suzuki-wagon-r-fx-petrol-2025-for-sale-colombo-6
Suzuki,Wagon R FX,2025,650 cc,Automatic,Petrol,Used,"11,000 km","Rs 7,450,000",23 Sep 5:34 pm,https://ikman.lk/en/ad/suzuki-wagon-r-fx-petrol-2025-for-sale-colombo-5
Suzuki,Wagon R FX,2024,650 cc,Automatic,Petrol,Used,"10,000 km","Rs 7,450,000",23 Sep 5:34 pm,https://ikman.lk/en/ad/suzuki-wagon-r-fx-petrol-2024-for-sale-colombo-54
Suzuki,Wagon R FX,2024,650 cc,Automatic,Petrol,Used,"10,000 km","Rs 7,450,000",23 Sep 5:34 pm,https://ikman.lk/en/ad/suzuki-wagon-r-fx-petrol-2024-for-sale-colombo-55
Suzuki,Wagon R ZX,2026,650 cc,Automatic,Hybrid,Brand New,0 km,"Rs 9,125,000",23 Sep 5:35 pm,https://ikman.lk/en/ad/suzuki-wagon-r-zx-custom-2026-for-sale-colombo-35
Suzuki,Wagon R ZX,2026,650 cc,Automatic,Hybrid,Brand New,0 km,"Rs 9,125,000",23 Sep 5:35 pm,https://ikman.lk/en/ad/suzuki-wagon-r-zx-custom-2026-for-sale-colombo-34
Honda,Vezel,2024,"1,500 cc",Automatic,Hybrid,Import,"30,000 km","Rs 18,200,000",23 Sep 3:27 pm,https://ikman.lk/en/ad/honda-vezel-z-play2024-slll-a1-2024-for-sale-colombo
Suzuki,Wagon R,2024,660 cc,Automatic,Petrol,Reconditioned,"5,000 km","Rs 7,490,000",23 Sep 8:59 pm,https://ikman.lk/en/ad/suzuki-wagon-r-fx-safety-push-start-2024-for-sale-colombo-139
Nissan,March,1995,"1,300 cc",Automatic,Petrol,Used,"10,000 km","Rs 2,450,000",23 Sep 3:18 pm,https://ikman.lk/en/ad/nissan-march-manual-1995-for-sale-galle
Suzuki,Alto,2024,660 cc,Automatic,Petrol,Used,"15,000 km","Rs 6,395,000",23 Sep 3:18 pm,https://ikman.lk/en/ad/suzuki-alto-s-2024-for-sale-kandy
Toyota,Raize,2025,"1,200 cc",Automatic,Hybrid,Reconditioned,"5,000 km","Rs 13,400,000",23 Sep 9:26 am,https://ikman.lk/en/ad/toyota-raize-hybrid-z-2025-for-sale-colombo-75
BMW,740Li,2005,"4,000 cc",Automatic,Petrol,Used,"49,000 km","Rs 11,900,000",26 Sep 11:44 am,https://ikman.lk/en/ad/bmw-740li-2005-for-sale-colombo
Audi,A4,2011,"1,800 cc",Automatic,Petrol,Used,"130,000 km","Rs 9,800,000",27 Sep 9:44 am,https://ikman.lk/en/ad/audi-a4-s4-2011-for-sale-matara
Mahindra,KUV 100,2021,"1,200 cc",Automatic,Diesel,Used,"191,000 km","Rs 5,400,000",23 Sep 3:16 pm,https://ikman.lk/en/ad/mahindra-kuv-100-2021-for-sale-colombo-73
Suzuki,Wagon R,2024,660 cc,Automatic,Petrol,Reconditioned,"5,000 km","Rs 7,490,000",23 Sep 8:59 pm,https://ikman.lk/en/ad/suzuki-wagon-r-fx-safety-push-start-2024-for-sale-colombo-138
Suzuki,Wagon R,2025,660 cc,Automatic,Petrol,Reconditioned,"2,000 km","Rs 7,690,000",23 Sep 8:59 pm,https://ikman.lk/en/ad/suzuki-wagon-r-fx-safety-push-start-2025-for-sale-colombo-68
Toyota,Raize,2026,"1,000 cc",Automatic,Petrol,Brand New,0 km,"Rs 13,090,000",23 Sep 3:10 pm,https://ikman.lk/en/ad/toyota-raize-petrol-1000-cc-4wd-2026-for-sale-colombo
Daihatsu,Mira,2025,660 cc,Automatic,Petrol,Brand New,0 km,"Rs 7,050,000",23 Sep 3:03 pm,https://ikman.lk/en/ad/daihatsu-mira-x-grade-safety-2025-for-sale-colombo-6
Toyota,Corolla,2024,"1,800 cc",Automatic,Hybrid,Import,"30,000 km","Rs 26,500,000",23 Sep 3:01 pm,https://ikman.lk/en/ad/toyota-corolla-cross-zvg13-z-2024-for-sale-colombo-1
Suzuki,Every,2025,650 cc,Automatic,Petrol,Brand New,0 km,"Rs 9,950,000",23 Sep 3:00 pm,https://ikman.lk/en/ad/suzuki-every-wagon-pz-flatroof-2025-for-sale-colombo-1
Suzuki,Wagon R ZX,2026,650 cc,Automatic,Hybrid,Brand New,10 km,"Rs 9,400,000",23 Sep 2:58 pm,https://ikman.lk/en/ad/suzuki-wagon-r-zx-hybrid-b-n-2026-for-sale-colombo-3
Mitsubishi,Pajero,2012,"3,200 cc",Tiptronic,Diesel,Used,"144,000 km","Rs 22,000,000",27 Sep 11:08 am,https://ikman.lk/en/ad/mitsubishi-pajero-montero-2012-for-sale-colombo
Suzuki,Every,2025,650 cc,Automatic,Petrol,Used,"8,000 km","Rs 9,850,000",23 Sep 2:52 pm,https://ikman.lk/en/ad/suzuki-every-wagon-pz-flatroof-2025-for-sale-colombo
Suzuki,Every,2026,650 cc,Automatic,Petrol,Brand New,0 km,"Rs 10,100,000",23 Sep 2:48 pm,https://ikman.lk/en/ad/suzuki-every-wagon-pz-flatroof-2026-for-sale-colombo
Toyota,Raize,2026,"1,000 cc",Automatic,Petrol,Brand New,269 km,"Rs 12,900,000",23 Sep 2:36 pm,https://ikman.lk/en/ad/toyota-raize-z-360-auto-parking-2026-for-sale-gampaha
Suzuki,Every,2025,650 cc,Automatic,Petrol,Brand New,0 km,"Rs 10,200,000",23 Sep 2:35 pm,https://ikman.lk/en/ad/suzuki-every-wagon-da17w-pz-2025-for-sale-colombo
Suzuki,Every,2025,650 cc,Automatic,Petrol,Brand New,0 km,"Rs 7,975,000",23 Sep 2:29 pm,https://ikman.lk/en/ad/suzuki-every-pa-limited-2025-for-sale-colombo-153
Audi,A1,2017,"1,000 cc",Automatic,Petrol,Used,"77,000 km","Rs 8,600,000",23 Sep 2:25 pm,https://ikman.lk/en/ad/audi-a1-quattro-2017-for-sale-colombo-9
Peugeot,2008,2019,"1,200 cc",Automatic,Petrol,Used,"69,000 km","Rs 10,500,000",24 Sep 11:26 am,https://ikman.lk/en/ad/peugeot-2008-2019-for-sale-colombo-1
Suzuki,Every,2024,650 cc,Automatic,Petrol,Used,"7,000 km","Rs 7,975,000",23 Sep 2:22 pm,https://ikman.lk/en/ad/suzuki-every-pc-2024-for-sale-colombo-17
Other brand,Other model,2025,"1,500 cc",Automatic,Electric,Reconditioned,"2,005 km","Rs 18,500,000",24 Sep 10:14 am,https://ikman.lk/en/ad/leapmoter-c10-2025-for-sale-colombo
Peugeot,3008,2018,"1,200 cc",Automatic,Petrol,Used,"103,248 km","Rs 11,500,000",23 Sep 2:20 pm,https://ikman.lk/en/ad/peugeot-3008-2018-for-sale-colombo-78
Toyota,Land Cruiser,2026,"2,700 cc",Automatic,Hybrid,Brand New,0 km,"Rs 58,500,000",23 Sep 2:16 pm,https://ikman.lk/en/ad/toyota-land-cruiser-prado-250-vx-2026-for-sale-ratnapura-2
Toyota,Other Model,2026,"2,800 cc",Automatic,Hybrid,Brand New,0 km,"Rs 27,500,000",23 Sep 2:13 pm,https://ikman.lk/en/ad/toyota-kdh-gdh223-gl-2026-for-sale-ratnapura-2
Mercedes Benz,C200,2019,"1,500 cc",Automatic,Petrol,Reconditioned,"85,000 km","Rs 22,750,000",23 Sep 2:13 pm,https://ikman.lk/en/ad/mercedes-benz-c200-premium-plus-matt-2019-for-sale-colombo-1
Nissan,Sunny,2004,"1,265 cc",Automatic,Petrol,Used,"125,563 km","Rs 4,500,000",25 Sep 11:51 am,https://ikman.lk/en/ad/nissan-sunny-n16-super-saloon-2004-for-sale-gampaha
Nissan,Roox,2026,660 cc,Automatic,Petrol,Brand New,0 km,"Rs 10,490,000",23 Sep 2:07 pm,https://ikman.lk/en/ad/nissan-roox-highway-star-x-new-2026-for-sale-colombo-9
Toyota,Roomy,2023,"1,000 cc",Automatic,Petrol,Reconditioned,"17,000 km","Rs 8,990,000",23 Sep 4:43 pm,https://ikman.lk/en/ad/toyota-roomy-g-grade-2023-for-sale-colombo-81
Toyota,Roomy,2023,"1,000 cc",Automatic,Petrol,Reconditioned,"28,000 km","Rs 9,900,000",27 Sep 6:45 am,https://ikman.lk/en/ad/toyota-roomy-custom-g-gt-2023-for-sale-colombo-1
Toyota,Roomy,2025,"1,000 cc",Automatic,Petrol,Import,"20,000 km","Rs 11,000,000",22 Sep 9:47 pm,https://ikman.lk/en/ad/toyota-roomy-2025-for-sale-gampaha-26
Toyota,Land Cruiser Prado,2024,"2,700 cc",Automatic,Petrol,Brand New,"11,500 km","Rs 59,500,000",27 Sep 10:12 am,https://ikman.lk/en/ad/toyota-land-cruiser-prado-250-1st-edition-2024-for-sale-gampaha-2
Kia,Sonet,2026,"1,000 cc",Automatic,Petrol,Brand New,0 km,"Rs 11,900,000",23 Sep 9:37 pm,https://ikman.lk/en/ad/kia-sonet-gtx-plus-gt-line-2026-for-sale-colombo-49
Toyota,Raize,2026,"1,200 cc",Automatic,Hybrid,Brand New,17 km,"Rs 15,000,000",23 Sep 1:57 pm,https://ikman.lk/en/ad/toyota-raize-z-modelista-bodykit-2026-for-sale-kurunegala
Suzuki,Alto,2025,660 cc,Automatic,Petrol,Reconditioned,"2,000 km","Rs 6,890,000",23 Sep 1:56 pm,https://ikman.lk/en/ad/suzuki-alto-l-grade-safety-2025-for-sale-colombo-16
Honda,Vezel,2026,"1,500 cc",Automatic,Hybrid,Brand New,0 km,"Rs 20,200,000",23 Sep 3:41 pm,https://ikman.lk/en/ad/honda-vezel-z-play-2026-for-sale-ratnapura-8
Toyota,Raize,2026,"1,200 cc",Automatic,Hybrid,Brand New,15 km,"Rs 14,850,000",23 Sep 1:54 pm,https://ikman.lk/en/ad/toyota-raize-z-modelista-bodyki-2026-for-sale-kurunegala
Nissan,Roox,2024,660 cc,Automatic,Petrol,Reconditioned,"2,500 km","Rs 8,945,000",23 Sep 1:54 pm,https://ikman.lk/en/ad/nissan-roox-highway-star-x-2024-for-sale-colombo-49
Honda,Vezel,2026,"1,500 cc",Automatic,Hybrid,Brand New,0 km,"Rs 20,000,000",23 Sep 1:53 pm,https://ikman.lk/en/ad/honda-vezel-rs-2026-for-sale-ratnapura-4
Daihatsu,Rocky,2026,"1,200 cc",Automatic,Hybrid,Brand New,16 km,"Rs 14,100,000",23 Sep 1:53 pm,https://ikman.lk/en/ad/daihatsu-rocky-premium-g-custom-2026-for-sale-kurunegala
Daihatsu,Mira,2026,650 cc,Automatic,Petrol,Brand New,0 km,"Rs 7,175,000",23 Sep 1:51 pm,https://ikman.lk/en/ad/daihatsu-mira-x-limited-version-2026-for-sale-colombo
Nissan,Dayz,2024,660 cc,Automatic,Petrol,Reconditioned,"18,000 km","Rs 8,690,000",23 Sep 1:51 pm,https://ikman.lk/en/ad/nissan-dayz-pro-pilot-2024-for-sale-colombo-1
Honda,Vezel,2026,"1,500 cc",Automatic,Hybrid,Brand New,0 km,"Rs 18,600,000",23 Sep 1:51 pm,https://ikman.lk/en/ad/honda-vezel-premium-2026-for-sale-ratnapura-3
Daihatsu,Mira,2026,650 cc,Automatic,Petrol,Brand New,0 km,"Rs 7,550,000",23 Sep 1:50 pm,https://ikman.lk/en/ad/daihatsu-mira-g-grade-b-n-2026-for-sale-colombo
Honda,CRV,2025,"1,500 cc",Automatic,Petrol,Brand New,0 km,"Rs 28,200,000",23 Sep 1:49 pm,https://ikman.lk/en/ad/honda-crv-x-2025-for-sale-kandy-1
Toyota,Roomy,2023,"1,000 cc",Automatic,Petrol,Reconditioned,"5,000 km","Rs 9,350,000",23 Sep 1:48 pm,https://ikman.lk/en/ad/toyota-roomy-g-2023-for-sale-colombo-61
Honda,Vezel,2026,"1,500 cc",Automatic,Hybrid,Brand New,0 km,"Rs 17,800,000",23 Sep 1:47 pm,https://ikman.lk/en/ad/honda-vezel-z-2026-for-sale-ratnapura-1
Volkswagen,Polo,2023,"1,000 cc",Automatic,Petrol,Reconditioned,"17,000 km","Rs 11,290,000",23 Sep 1:46 pm,https://ikman.lk/en/ad/volkswagen-polo-active-2023-for-sale-colombo-1
Honda,Vezel,2026,"1,500 cc",Automatic,Petrol,Brand New,0 km,"Rs 20,790,000",23 Sep 1:44 pm,https://ikman.lk/en/ad/honda-vezel-z-play-moon-roof-2026-for-sale-colombo-106
Honda,Vezel,2026,"1,500 cc",Automatic,Hybrid,Brand New,6 km,"Rs 20,650,000",23 Sep 1:36 pm,https://ikman.lk/en/ad/honda-vezel-z-play-2026-for-sale-kurunegala-10
Daihatsu,Mira,2026,"1,000 cc",Automatic,Petrol,Brand New,0 km,"Rs 6,700,000",23 Sep 1:34 pm,https://ikman.lk/en/ad/daihatsu-mira-l-grade-2026-for-sale-ratnapura-3
Daihatsu,Mira,2026,"1,000 cc",Automatic,Petrol,Brand New,0 km,"Rs 7,100,000",23 Sep 1:30 pm,https://ikman.lk/en/ad/daihatsu-mira-x-grade-2026-for-sale-ratnapura-3
Daihatsu,Mira,2026,660 cc,Automatic,Petrol,Brand New,0 km,"Rs 7,600,000",23 Sep 1:28 pm,https://ikman.lk/en/ad/daihatsu-mira-g-grade-2026-for-sale-ratnapura-3
Toyota,Vitz,2019,"1,000 cc",Automatic,Petrol,Used,"63,000 km","Rs 8,750,000",23 Sep 5:07 pm,https://ikman.lk/en/ad/toyota-vitz-2019-for-sale-gampaha-261
Suzuki,Every,2026,660 cc,Automatic,Petrol,Brand New,0 km,"Rs 9,245,000",23 Sep 1:24 pm,https://ikman.lk/en/ad/suzuki-every-da18v-2026-for-sale-colombo-3
Kia,Sonet,2026,"1,000 cc",Automatic,Petrol,Brand New,0 km,"Rs 11,800,000",23 Sep 1:23 pm,https://ikman.lk/en/ad/kia-sonet-gtx-plus-2026-for-sale-ratnapura-16
Suzuki,Every,2026,650 cc,Automatic,Petrol,Brand New,0 km,"Rs 9,150,000",23 Sep 1:20 pm,https://ikman.lk/en/ad/suzuki-every-da18v-join-facelift-2026-for-sale-colombo
Suzuki,Wagon R FZ,2014,660 cc,Automatic,Hybrid,Used,"120,000 km","Rs 5,600,000",24 Sep 5:42 pm,https://ikman.lk/en/ad/suzuki-wagon-r-fz-safety-2014-for-sale-colombo-357
Toyota,Roomy,2026,996 cc,Automatic,Petrol,Brand New,0 km,"Rs 12,200,000",26 Sep 5:03 pm,https://ikman.lk/en/ad/toyota-roomy-2026-for-sale-gampaha-2
Opel,Other Model,2018,1 cc,Tiptronic,Petrol,Used,"18,000 km","Rs 11,750,000",26 Sep 1:54 pm,https://ikman.lk/en/ad/opel-holden-astra-ltz-trm-2018-for-sale-gampaha
Suzuki,Every,2026,650 cc,Automatic,Petrol,Brand New,0 km,"Rs 9,150,000",23 Sep 1:20 pm,https://ikman.lk/en/ad/suzuki-every-da18v-join-facelift-2026-for-sale-colombo
Kia,Syros,2026,"1,000 cc",Automatic,Petrol,Brand New,0 km,"Rs 12,500,000",23 Sep 1:20 pm,https://ikman.lk/en/ad/kia-syros-gtx-plus-2026-for-sale-ratnapura-33
Toyota,Taisor,2026,"1,000 cc",Automatic,Petrol,Brand New,0 km,"Rs 11,300,000",23 Sep 1:17 pm,https://ikman.lk/en/ad/toyota-taisor-v-grade-2026-for-sale-ratnapura-56
Toyota,Taisor,2026,"1,000 cc",Automatic,Petrol,Brand New,0 km,"Rs 10,900,000",23 Sep 1:13 pm,https://ikman.lk/en/ad/toyota-taisor-v-grade-2026-for-sale-ratnapura-55
Perodua,Viva Elite,2014,850 cc,Manual,Petrol,Used,"98,500 km","Rs 4,690,000",23 Sep 1:10 pm,https://ikman.lk/en/ad/perodua-viva-elite-2014-for-sale-gampaha-31
Toyota,Raize,2025,"1,000 cc",Automatic,Petrol,Reconditioned,"8,500 km","Rs 12,600,000",23 Sep 1:09 pm,https://ikman.lk/en/ad/toyota-raize-z-grade-2025-for-sale-gampaha-186
Toyota,Hilux,2009,"2,500 cc",Manual,Diesel,Used,"136,000 km","Rs 8,550,000",23 Sep 1:09 pm,https://ikman.lk/en/ad/toyota-hilux-vigo-smart-4wd-2009-for-sale-hambantota
Suzuki,Fronx,2026,"1,000 cc",Automatic,Petrol,Brand New,0 km,"Rs 10,800,000",23 Sep 1:08 pm,https://ikman.lk/en/ad/suzuki-fronx-alpha-turbo-2026-for-sale-ratnapura-25
Suzuki,Fronx,2026,"1,000 cc",Automatic,Petrol,Brand New,0 km,"Rs 10,700,000",23 Sep 1:06 pm,https://ikman.lk/en/ad/suzuki-fronx-alpha-2026-for-sale-ratnapura-8
Suzuki,Fronx,2026,"1,000 cc",Automatic,Petrol,Brand New,0 km,"Rs 11,250,000",23 Sep 1:05 pm,https://ikman.lk/en/ad/suzuki-fronx-alpha-turbo-2026-for-sale-colombo-284
BMW,530e,2018,"1,998 cc",Automatic,Hybrid,Used,"120,321 km","Rs 24,500,000",23 Sep 1:04 pm,https://ikman.lk/en/ad/bmw-530e-performance-g30-2018-for-sale-colombo
Toyota,Raize,2026,"1,000 cc",Automatic,Petrol,Brand New,0 km,"Rs 12,250,000",23 Sep 1:03 pm,https://ikman.lk/en/ad/toyota-raize-brand-new-2026-for-sale-colombo
Suzuki,Every,2026,650 cc,Automatic,Petrol,Brand New,0 km,"Rs 10,675,000",23 Sep 1:02 pm,https://ikman.lk/en/ad/suzuki-every-da18w-pz-facelift-2026-for-sale-colombo
Toyota,Axio,2016,"1,500 cc",Automatic,Hybrid,Used,"143,000 km","Rs 12,400,000",23 Sep 1:01 pm,https://ikman.lk/en/ad/toyota-axio-2016-for-sale-kurunegala-57
Kia,Syros,2026,"1,000 cc",Automatic,Petrol,Brand New,0 km,"Rs 12,500,000",23 Sep 12:59 pm,https://ikman.lk/en/ad/kia-syros-gtx-plus-2026-for-sale-ratnapura-32
Toyota,Raize,2025,"1,000 cc",Automatic,Petrol,Reconditioned,"3,000 km","Rs 12,650,000",23 Sep 12:57 pm,https://ikman.lk/en/ad/toyota-raize-z-2025-for-sale-colombo-153
Suzuki,Wagon R,2005,"1,100 cc",Automatic,Petrol,Used,"92,000 km","Rs 3,575,000",23 Sep 12:56 pm,https://ikman.lk/en/ad/suzuki-wagon-r-2005-for-sale-colombo-91
Hyundai,Accent,2000,"1,300 cc",Manual,Petrol,Used,"272,000 km","Rs 2,580,000",23 Sep 12:54 pm,https://ikman.lk/en/ad/hyundai-accent-2000-for-sale-matara-10
Toyota,Vitz,2008,"1,300 cc",Automatic,Petrol,Used,"146,000 km","Rs 5,760,000",23 Sep 12:50 pm,https://ikman.lk/en/ad/toyota-vitz-2008-for-sale-gampaha-2003
Toyota,Roomy,2022,"1,000 cc",Automatic,Petrol,Reconditioned,"33,000 km","Rs 9,300,000",23 Sep 12:49 pm,https://ikman.lk/en/ad/toyota-roomy-unregister-2022-for-sale-colombo-50
Toyota,Land Cruiser Prado,2015,"2,700 cc",Automatic,Petrol,Used,"97,000 km","Rs 36,500,000",23 Sep 12:47 pm,https://ikman.lk/en/ad/toyota-land-cruiser-prado-tx-2015-for-sale-colombo-218
Suzuki,Wagon R FX,2024,650 cc,Automatic,Hybrid,Used,"8,000 km","Rs 8,550,000",25 Sep 12:57 pm,https://ikman.lk/en/ad/suzuki-wagon-r-fx-custome-z-grade-2024-for-sale-gampaha
Honda,Vezel,2024,"1,500 cc",Automatic,Petrol,Reconditioned,"43,000 km","Rs 15,895,000",23 Sep 12:43 pm,https://ikman.lk/en/ad/honda-vezel-x-2024-for-sale-kandy-1
Kia,Sorento,2012,"2,200 cc",Automatic,Diesel,Used,"175,000 km","Rs 10,450,000",23 Sep 12:42 pm,https://ikman.lk/en/ad/kia-sorento-1-12-options-2012-for-sale-colombo-20
Nissan,Roox,2024,650 cc,Automatic,Hybrid,Reconditioned,"9,000 km","Rs 7,950,000",23 Sep 12:40 pm,https://ikman.lk/en/ad/nissan-roox-x-2024-for-sale-colombo-21
Kia,Syros,2026,"1,000 cc",Automatic,Petrol,Brand New,0 km,"Rs 12,600,000",17 Sep 10:35 am,https://ikman.lk/en/ad/kia-syros-htx-0-fully-loaded-2026-for-sale-gampaha
Toyota,Land Cruiser Sahara,2015,"4,600 cc",Automatic,Petrol,Used,"67,000 km","Rs 46,900,000",25 Sep 3:56 pm,https://ikman.lk/en/ad/toyota-land-cruiser-sahara-v8-zx-bruno-cross-2015-for-sale-colombo-4
Nissan,Serena,2024,"1,000 cc",Automatic,Hybrid,Reconditioned,"2,000 km","Rs 21,900,000",22 Sep 2:37 pm,https://ikman.lk/en/ad/nissan-serena-highway-v-e-power-2024-for-sale-colombo
Kia,Sorento,2012,"2,200 cc",Automatic,Diesel,Used,"175,000 km","Rs 10,450,000",23 Sep 12:42 pm,https://ikman.lk/en/ad/kia-sorento-1-12-options-2012-for-sale-colombo-20
Nissan,Roox,2024,650 cc,Automatic,Hybrid,Reconditioned,"9,000 km","Rs 7,950,000",23 Sep 12:40 pm,https://ikman.lk/en/ad/nissan-roox-x-2024-for-sale-colombo-21
Suzuki,Alto,2014,800 cc,Manual,Petrol,Used,"79,000 km","Rs 4,175,000",23 Sep 12:39 pm,https://ikman.lk/en/ad/suzuki-alto-2014-for-sale-colombo-1307
Toyota,Raize,2026,"1,200 cc",Automatic,Hybrid,Brand New,0 km,"Rs 14,000,000",23 Sep 12:38 pm,https://ikman.lk/en/ad/toyota-raize-hybrid-2026-for-sale-colombo-19
Toyota,Yaris,2023,"1,000 cc",Automatic,Petrol,Reconditioned,"31,000 km","Rs 9,650,000",23 Sep 9:00 pm,https://ikman.lk/en/ad/toyota-yaris-g-led-2023-for-sale-colombo-21
Toyota,Fielder,2024,"1,500 cc",Automatic,Hybrid,Import,"49,000 km","Rs 16,000,000",23 Sep 12:34 pm,https://ikman.lk/en/ad/toyota-fielder-nke-2024-for-sale-gampaha
BMW,X2,2019,"1,499 cc",Automatic,Petrol,Used,"38,715 km","Rs 18,950,000",23 Sep 12:33 pm,https://ikman.lk/en/ad/bmw-x2-msport-x-f39-2019-for-sale-colombo-2
Toyota,Raize,2026,"1,200 cc",Automatic,Hybrid,Brand New,0 km,"Rs 14,090,000",23 Sep 12:29 pm,https://ikman.lk/en/ad/toyota-raize-hybrid-bsm-2026-for-sale-colombo-6
Toyota,Urban Cruiser,2026,"1,000 cc",Automatic,Petrol,Brand New,0 km,"Rs 10,875,000",25 Sep 4:59 pm,https://ikman.lk/en/ad/toyota-urban-cruiser-taisor-g-brand-new-2026-for-sale-colombo-20
Suzuki,Wagon R Stingray,2018,650 cc,Automatic,Petrol,Used,"177,000 km","Rs 7,100,000",23 Sep 12:27 pm,https://ikman.lk/en/ad/suzuki-wagon-r-stingray-2018-for-sale-kalutara-335
Toyota,Roomy,2023,"1,000 cc",Automatic,Petrol,Reconditioned,"11,000 km","Rs 9,950,000",23 Sep 12:27 pm,https://ikman.lk/en/ad/toyota-roomy-x-turbo-2wd-2023-for-sale-colombo
Suzuki,Spacia,2024,650 cc,Automatic,Petrol,Reconditioned,"7,270 km","Rs 9,825,000",24 Sep 9:53 am,https://ikman.lk/en/ad/suzuki-spacia-custom-xs-turbo-2024-for-sale-colombo-103
Suzuki,Fronx,2026,"1,000 cc",Automatic,Petrol,Brand New,0 km,"Rs 11,250,000",23 Sep 1:05 pm,https://ikman.lk/en/ad/suzuki-fronx-alpha-turbo-2026-for-sale-colombo-283
Nissan,Magnite,2026,"1,000 cc",Automatic,Petrol,Brand New,1 km,"Rs 9,350,000",23 Sep 12:22 pm,https://ikman.lk/en/ad/nissan-magnite-kuro-special-edition-2026-for-sale-colombo-25
Toyota,Corolla,2025,"1,500 cc",Automatic,Petrol,Import,"24,000 km","Rs 18,500,000",23 Sep 12:21 pm,https://ikman.lk/en/ad/toyota-corolla-g-2025-for-sale-gampaha
Toyota,Passo,2010,"1,000 cc",Automatic,Petrol,Used,"109,297 km","Rs 5,865,000",23 Sep 2:35 pm,https://ikman.lk/en/ad/toyota-passo-2010-for-sale-colombo-247
Toyota,Harrier,2017,"1,980 cc",Automatic,Petrol,Used,"163,327 km","Rs 19,500,000",23 Sep 1:33 pm,https://ikman.lk/en/ad/toyota-harrier-2017-for-sale-colombo-247
BAW,E7,2025,48 cc,Automatic,Electric,Used,"10,000 km","Rs 4,700,000",23 Sep 12:16 pm,https://ikman.lk/en/ad/baw-e7-2025-for-sale-colombo-12
Kaiyi,Other Model,2026,55 cc,Automatic,Electric,Reconditioned,"3,000 km","Rs 7,950,000",26 Sep 2:37 am,https://ikman.lk/en/ad/kaiyi-e04-2026-for-sale-colombo
Suzuki,Fronx,2026,"1,000 cc",Automatic,Petrol,Brand New,0 km,"Rs 11,250,000",23 Sep 1:06 pm,https://ikman.lk/en/ad/suzuki-fronx-alpha-turbo-2026-for-sale-colombo-285
Toyota,Hilux,2010,"3,000 cc",Manual,Diesel,Used,"164,913 km","Rs 9,575,000",24 Sep 9:58 am,https://ikman.lk/en/ad/toyota-hilux-vigo-ggrade-smartcab-2010-for-sale-colombo
Honda,Vezel,2024,"1,500 cc",Automatic,Hybrid,Used,"32,000 km","Rs 16,875,000",23 Sep 12:13 pm,https://ikman.lk/en/ad/honda-vezel-z-2024-for-sale-kandy-1
Mitsubishi,Lancer,1985,"1,400 cc",Manual,Petrol,Used,"150,000 km","Rs 1,000,000",23 Sep 12:12 pm,https://ikman.lk/en/ad/mitsubishi-lancer-1985-for-sale-badulla-29
Peugeot,307,2001,"1,500 cc",Manual,Petrol,Used,"92,000 km","Rs 3,495,000",23 Sep 12:11 pm,https://ikman.lk/en/ad/peugeot-307-2001-for-sale-colombo-3
Suzuki,Fronx,2026,"1,000 cc",Automatic,Petrol,Brand New,0 km,"Rs 10,900,000",23 Sep 12:10 pm,https://ikman.lk/en/ad/suzuki-fronx-alpha-2026-for-sale-ratnapura-7
