Brand,Model,Manufacture Year,Engine Capacity,Transmission,Fuel Type,Condition,Mileage,Asking Price,Publication Date,URL
Nissan,Almera,2025,"1,000 cc",Automatic,Petrol,Brand New,0 km,"Rs 14,450,000",23 Sep 9:54 am,https://ikman.lk/en/ad/nissan-almera-vl-2025-for-sale-colombo-83
Honda,Civic,2013,"1,500 cc",Automatic,Hybrid,Used,"130,000 km","Rs 8,500,000",22 Sep 8:55 am,https://ikman.lk/en/ad/honda-civic-cvt-cr-z-sport-2013-for-sale-gampaha
DFSK,Glory,2021,"1,500 cc",Tiptronic,Petrol,Used,"38,000 km","Rs 9,000,000",15 Sep 2:12 pm,https://ikman.lk/en/ad/dfsk-glory-2021-for-sale-colombo-384
Toyota,Roomy,2024,"1,000 cc",Automatic,Petrol,Brand New,"5,800 km","Rs 10,980,000",26 Sep 4:07 pm,https://ikman.lk/en/ad/toyota-roomy-custome-g-2024-for-sale-colombo-9
Suzuki,Alto,2015,800 cc,Manual,Petrol,Used,"137,000 km","Rs 4,100,000",26 Sep 4:06 pm,https://ikman.lk/en/ad/suzuki-alto-2015-for-sale-colombo-8662
Toyota,Raize,2025,"1,200 cc",Automatic,Hybrid,Brand New,"19,000 km","Rs 13,575,000",26 Sep 4:02 pm,https://ikman.lk/en/ad/toyota-raize-z-hybrid-2025-for-sale-colombo-260
Suzuki,Swift,2017,"1,000 cc",Automatic,Petrol,Used,"90,000 km","Rs 8,450,000",26 Sep 4:01 pm,https://ikman.lk/en/ad/suzuki-swift-rs-turbo-2017-for-sale-colombo-1214
Honda,CRV,2018,"1,500 cc",Automatic,Petrol,Used,"160,000 km","Rs 14,800,000",26 Sep 4:00 pm,https://ikman.lk/en/ad/honda-crv-2018-for-sale-gampaha-134
Toyota,Roomy,2024,990 cc,Automatic,Petrol,Reconditioned,"12,500 km","Rs 10,975,000",26 Sep 3:58 pm,https://ikman.lk/en/ad/toyota-roomy-gt-custom-turbo-2024-for-sale-kandy-1
Land Rover,Range Rover Sport,2018,"2,000 cc",Automatic,Hybrid,Used,"70,000 km","Rs 38,500,000",26 Sep 4:40 pm,https://ikman.lk/en/ad/land-rover-range-sport-p400e-autobiography-2018-for-sale-colombo-24
Suzuki,Wagon R ZX,2025,650 cc,Automatic,Hybrid,Reconditioned,"2,200 km","Rs 9,000,000",26 Sep 3:56 pm,https://ikman.lk/en/ad/suzuki-wagon-r-zx-upgrade-package-2025-for-sale-kandy
Toyota,Raize,2020,"1,000 cc",Automatic,Petrol,Used,"108,000 km","Rs 10,750,000",26 Sep 5:24 pm,https://ikman.lk/en/ad/toyota-raize-z-grade-2020-for-sale-kegalle
Mahindra,KUV 100,2023,"1,200 cc",Automatic,Diesel,Used,"65,000 km","Rs 6,390,000",26 Sep 3:54 pm,https://ikman.lk/en/ad/mahindra-kuv-100-automatic-2023-for-sale-colombo-3
Suzuki,Every,2025,650 cc,Automatic,Petrol,Reconditioned,"2,500 km","Rs 7,675,000",26 Sep 3:54 pm,https://ikman.lk/en/ad/suzuki-every-fx-safety-2025-for-sale-kandy-1
Suzuki,Wagon R,2025,660 cc,Automatic,Hybrid,Reconditioned,"5,075 km","Rs 8,950,000",26 Sep 3:53 pm,https://ikman.lk/en/ad/suzuki-wagon-r-custom-z-2025-for-sale-gampaha-98
Suzuki,Wagon R FX,2024,650 cc,Automatic,Petrol,Reconditioned,"4,500 km","Rs 7,450,000",26 Sep 3:52 pm,https://ikman.lk/en/ad/suzuki-wagon-r-fx-safety-2024-for-sale-kandy-14
Kia,Sportage,2013,"2,000 cc",Automatic,Diesel,Used,"135,000 km","Rs 9,550,000",26 Sep 3:50 pm,https://ikman.lk/en/ad/kia-sportage-diesel-2013-for-sale-colombo-39
Daihatsu,Mira,2025,650 cc,Automatic,Petrol,Reconditioned,"2,900 km","Rs 6,950,000",26 Sep 3:50 pm,https://ikman.lk/en/ad/daihatsu-mira-2025-for-sale-kandy-13
Ford,Festiva,2000,"1,300 cc",Manual,Petrol,Used,"85,600 km","Rs 1,600,000",26 Sep 3:50 pm,https://ikman.lk/en/ad/ford-festiva-2000-for-sale-colombo
Toyota,Corolla,1985,"1,500 cc",Manual,Petrol,Used,"205,000 km","Rs 1,500,000",26 Sep 3:49 pm,https://ikman.lk/en/ad/toyota-corolla-1985-for-sale-hambantota-1
Kia,Sportage,2013,"2,000 cc",Automatic,Diesel,Used,"135,000 km","Rs 9,550,000",26 Sep 3:48 pm,https://ikman.lk/en/ad/kia-sportage-diesel-auto-2013-for-sale-colombo-1
Toyota,Vitz,2016,990 cc,Automatic,Petrol,Used,"95,000 km","Rs 7,750,000",26 Sep 3:48 pm,https://ikman.lk/en/ad/toyota-vitz-safety-2016-for-sale-colombo-852
Suzuki,Wagon R,2019,"1,000 cc",Automatic,Petrol,Used,"60,640 km","Rs 5,575,000",26 Sep 3:46 pm,https://ikman.lk/en/ad/suzuki-wagon-r-vxi-2019-for-sale-colombo-1
Hyundai,Sonata,2001,"2,000 cc",Automatic,Petrol,Used,"153,000 km","Rs 2,350,000",26 Sep 3:48 pm,https://ikman.lk/en/ad/hyundai-sonata-2001-for-sale-kandy-1
Suzuki,Wagon R Stingray,2014,650 cc,Automatic,Hybrid,Brand New,"120,000 km","Rs 5,850,000",26 Sep 3:44 pm,https://ikman.lk/en/ad/suzuki-wagon-r-stingray-safety-push-start-2014-for-sale-colombo-2
Nissan,Bluebird,1997,"2,000 cc",Manual,Petrol,Used,"300,000 km","Rs 2,750,000",26 Sep 3:42 pm,https://ikman.lk/en/ad/nissan-bluebird-1997-for-sale-kurunegala-7
Mercedes Benz,GLB,2025,"1,300 cc",Automatic,Petrol,Brand New,0 km,"Rs 39,500,000",26 Sep 3:41 pm,https://ikman.lk/en/ad/mercedes-benz-glb-180-urban-stars-amg-2025-for-sale-colombo-4
Nissan,March,2002,"1,240 cc",Automatic,Petrol,Used,"148,000 km","Rs 3,350,000",26 Sep 3:41 pm,https://ikman.lk/en/ad/nissan-march-k12-2002-for-sale-colombo-165
Mercedes Benz,GLB,2025,"1,300 cc",Automatic,Petrol,Brand New,0 km,"Rs 39,500,000",26 Sep 3:41 pm,https://ikman.lk/en/ad/mercedes-benz-glb-180-urban-stars-amg-2025-for-sale-colombo-4
Toyota,Yaris,2024,"1,000 cc",Automatic,Petrol,Reconditioned,"30,000 km","Rs 9,000,000",26 Sep 10:29 am,https://ikman.lk/en/ad/toyota-yaris-x-push-start-2024-for-sale-colombo-9
Daihatsu,Charade,1994,"1,490 cc",Automatic,Petrol,Used,"126,696 km","Rs 2,395,000",26 Sep 5:57 pm,https://ikman.lk/en/ad/daihatsu-charade-1994-for-sale-colombo-1
Suzuki,Baleno,2017,"1,200 cc",Automatic,Petrol,Used,"150,000 km","Rs 6,675,000",26 Sep 3:39 pm,https://ikman.lk/en/ad/suzuki-baleno-2017-for-sale-colombo-152
Toyota,Corolla,2000,"2,000 cc",Automatic,Diesel,Used,"413,500 km","Rs 3,450,000",26 Sep 3:37 pm,https://ikman.lk/en/ad/toyota-corolla-dx-2000-for-sale-badulla-1
Toyota,Raize,2024,990 cc,Automatic,Petrol,Used,"11,000 km","Rs 11,400,000",26 Sep 3:33 pm,https://ikman.lk/en/ad/toyota-raize-x-grade-2024-for-sale-colombo-24
Land Rover,Range Rover Evoque,2025,"2,000 cc",Automatic,Petrol,Reconditioned,"3,000 km","Rs 46,000,000",26 Sep 3:33 pm,https://ikman.lk/en/ad/land-rover-range-evoque-p300-hse-dynamic-2025-for-sale-colombo
Toyota,Vitz,2018,"1,496 cc",Automatic,Petrol,Used,"53,333 km","Rs 8,450,000",26 Sep 3:33 pm,https://ikman.lk/en/ad/toyota-vitz-2018-for-sale-matara-37
Toyota,Land Cruiser Sahara,2018,"4,500 cc",Manual,Diesel,Used,"68,400 km","Rs 37,500,000",26 Sep 3:33 pm,https://ikman.lk/en/ad/toyota-land-cruiser-sahara-v8-79-series-cab-2018-for-sale-ratnapura
Toyota,Raize,2024,"1,200 cc",Automatic,Hybrid,Brand New,"10,500 km","Rs 13,400,000",26 Sep 3:32 pm,https://ikman.lk/en/ad/toyota-raize-z-hybrid-2024-for-sale-gampaha-17
Toyota,Raize,2025,990 cc,Automatic,Petrol,Used,"13,000 km","Rs 11,650,000",26 Sep 3:31 pm,https://ikman.lk/en/ad/toyota-raize-x-grade-2025-for-sale-colombo
Toyota,Raize,2026,"1,190 cc",Automatic,Hybrid,Brand New,0 km,"Rs 13,950,000",26 Sep 3:31 pm,https://ikman.lk/en/ad/toyota-raize-z-grade-hybrid-2026-for-sale-colombo-85
Toyota,Raize,2026,"1,190 cc",Automatic,Hybrid,Brand New,0 km,"Rs 13,950,000",26 Sep 3:31 pm,https://ikman.lk/en/ad/toyota-raize-z-grade-blindspot-2026-for-sale-colombo
Toyota,Land Cruiser Prado,2011,"3,000 cc",Manual,Diesel,Used,"135,000 km","Rs 25,000,000",26 Sep 3:26 pm,https://ikman.lk/en/ad/toyota-land-cruiser-prado-150-diesel-man-2011-for-sale-gampaha
Land Rover,Discovery,2014,"3,000 cc",Automatic,Diesel,Used,"185,000 km","Rs 27,000,000",26 Sep 3:22 pm,https://ikman.lk/en/ad/land-rover-discovery-4-sdv6-diesel-2014-for-sale-colombo
Toyota,Raize,2026,"1,200 cc",Automatic,Hybrid,Brand New,0 km,"Rs 14,050,000",26 Sep 3:22 pm,https://ikman.lk/en/ad/toyota-raize-z-12l-autopark-2026-for-sale-colombo
Tata,Indica,2015,"1,193 cc",Manual,Petrol,Used,"62,400 km","Rs 2,950,000",26 Sep 3:17 pm,https://ikman.lk/en/ad/tata-indica-glx-2015-for-sale-monaragala
Suzuki,Wagon R,2025,660 cc,Automatic,Petrol,Brand New,580 km,"Rs 7,400,000",26 Sep 3:15 pm,https://ikman.lk/en/ad/suzuki-wagon-r-japan-2025-for-sale-kandy-2
Kia,Rio,2000,"1,500 cc",Automatic,Petrol,Used,"165,000 km","Rs 2,450,000",26 Sep 3:13 pm,https://ikman.lk/en/ad/kia-rio-2000-for-sale-colombo-226
Suzuki,Wagon R ZX,2026,660 cc,Automatic,Hybrid,Brand New,25 km,"Rs 9,150,000",26 Sep 3:05 pm,https://ikman.lk/en/ad/suzuki-wagon-r-zx-2026-for-sale-colombo-104
MG,ZS,2026,"1,000 cc",Automatic,Petrol,Brand New,0 km,"Rs 12,989,000",26 Sep 3:03 pm,https://ikman.lk/en/ad/mg-zs-zce-2026-for-sale-colombo-14
Toyota,Raize,2025,"1,200 cc",Automatic,Hybrid,Brand New,"6,000 km","Rs 13,200,000",26 Sep 3:02 pm,https://ikman.lk/en/ad/toyota-raize-z-hybrid-4way-camera-2025-for-sale-colombo-18
Toyota,Raize,2026,"1,200 cc",Automatic,Hybrid,Brand New,20 km,"Rs 13,950,000",26 Sep 3:01 pm,https://ikman.lk/en/ad/toyota-raize-z-bsm-2026-for-sale-colombo-13
Honda,Vezel,2026,"1,500 cc",Automatic,Hybrid,Brand New,0 km,"Rs 18,800,000",26 Sep 3:00 pm,https://ikman.lk/en/ad/honda-vezel-z-hybrid-4way-10spk-2026-for-sale-colombo
BMW,X1,2016,"1,500 cc",Automatic,Petrol,Used,"116,000 km","Rs 14,200,000",26 Sep 2:59 pm,https://ikman.lk/en/ad/bmw-x1-2016-for-sale-colombo-3
Toyota,Hilux,2025,"2,800 cc",Automatic,Diesel,Used,"2,000 km","Rs 25,000,000",26 Sep 2:59 pm,https://ikman.lk/en/ad/toyota-hilux-rocco-2025-for-sale-gampaha-85
Suzuki,Wagon R ZX,2026,660 cc,Automatic,Hybrid,Brand New,0 km,"Rs 9,225,000",26 Sep 2:56 pm,https://ikman.lk/en/ad/suzuki-wagon-r-zx-4-way-camera-2026-for-sale-colombo-3
Toyota,Roomy,2023,"1,000 cc",Automatic,Petrol,Reconditioned,"8,000 km","Rs 9,800,000",26 Sep 10:31 am,https://ikman.lk/en/ad/toyota-roomy-custom-g-gt-2023-for-sale-colombo
Toyota,Raize,2025,"1,200 cc",Automatic,Hybrid,Reconditioned,"14,900 km","Rs 13,400,000",26 Sep 7:03 pm,https://ikman.lk/en/ad/toyota-raize-z-hybrid-1200cc-2025-for-sale-colombo-58
Honda,CRV,2018,"1,500 cc",Automatic,Petrol,Used,"180,000 km","Rs 15,200,000",22 Sep 12:25 pm,https://ikman.lk/en/ad/honda-crv-2018-for-sale-colombo-963
Toyota,Axio,2015,"1,500 cc",Automatic,Hybrid,Used,"182,243 km","Rs 9,400,000",26 Sep 2:56 pm,https://ikman.lk/en/ad/toyota-axio-hybrid-2015-for-sale-colombo-791
Toyota,Aqua,2015,"1,500 cc",Automatic,Hybrid,Used,"148,000 km","Rs 8,550,000",26 Sep 2:54 pm,https://ikman.lk/en/ad/toyota-aqua-2015-for-sale-colombo-2056
Toyota,CHR,2018,"1,200 cc",Automatic,Petrol,Used,"118,000 km","Rs 11,900,000",26 Sep 3:02 pm,https://ikman.lk/en/ad/toyota-chr-gt-turbo-2018-for-sale-galle-10
Honda,Fit,2014,"1,490 cc",Automatic,Petrol,Used,"150,000 km","Rs 8,200,000",26 Sep 2:50 pm,https://ikman.lk/en/ad/honda-fit-gp5-2014-for-sale-gampaha-770
BMW,528i,2011,"2,000 cc",Tiptronic,Petrol,Used,"161,000 km","Rs 16,800,000",26 Sep 2:44 pm,https://ikman.lk/en/ad/bmw-528i-f10-2011-for-sale-colombo-19
Suzuki,Every,2025,650 cc,Automatic,Petrol,Brand New,10 km,"Rs 9,900,000",26 Sep 2:44 pm,https://ikman.lk/en/ad/suzuki-every-wagon-pz-turbo-2025-for-sale-kandy-35
Nissan,Patrol,2011,"3,000 cc",Automatic,Diesel,Used,"289,000 km","Rs 22,800,000",26 Sep 2:44 pm,https://ikman.lk/en/ad/nissan-patrol-y61-gxr-2011-for-sale-colombo
Toyota,Raize,2026,120 cc,Automatic,Hybrid,Brand New,0 km,"Rs 14,500,000",26 Sep 2:39 pm,https://ikman.lk/en/ad/toyota-raize-z-grade12l-hybrid-2026-for-sale-ampara
Mercedes Benz,A180,2019,"1,500 cc",Automatic,Petrol,Used,"11,657 km","Rs 20,000,000",26 Sep 2:37 pm,https://ikman.lk/en/ad/mercedes-benz-a180-amg-2019-for-sale-colombo
Toyota,Yaris,2025,990 cc,Automatic,Petrol,Reconditioned,"4,000 km","Rs 9,900,000",26 Sep 2:35 pm,https://ikman.lk/en/ad/toyota-yaris-g-2025-for-sale-jaffna-1
Toyota,Allion,2006,"1,500 cc",Automatic,Petrol,Used,"143,000 km","Rs 7,590,000",26 Sep 2:35 pm,https://ikman.lk/en/ad/toyota-allion-2006-for-sale-colombo-252
Micro,Panda,2015,"1,000 cc",Manual,Petrol,Used,"103,000 km","Rs 2,975,000",26 Sep 2:35 pm,https://ikman.lk/en/ad/micro-panda-lether-interior-2015-for-sale-colombo
Toyota,Yaris Cross,2026,"1,500 cc",Automatic,Hybrid,Import,0 km,"Rs 17,990,000",26 Sep 2:30 pm,https://ikman.lk/en/ad/toyota-yaris-cross-hybrid-z-2026-for-sale-colombo-4
Toyota,Avanza,2011,"1,300 cc",Manual,Petrol,Used,"190,000 km","Rs 6,550,000",26 Sep 2:29 pm,https://ikman.lk/en/ad/toyota-avanza-2011-for-sale-hambantota
Toyota,Axio,2007,"1,500 cc",Automatic,Petrol,Used,"134,000 km","Rs 7,050,000",26 Sep 5:09 pm,https://ikman.lk/en/ad/toyota-axio-2007-for-sale-ratnapura-8
Mitsubishi,eK Wagon,2016,650 cc,Automatic,Petrol,Used,"110,000 km","Rs 5,800,000",26 Sep 2:29 pm,https://ikman.lk/en/ad/mitsubishi-ek-wagon-2016-for-sale-colombo-41
Kia,Sonet,2023,"1,000 cc",Automatic,Petrol,Brand New,55 km,"Rs 11,850,000",26 Sep 2:29 pm,https://ikman.lk/en/ad/kia-sonet-gtx-2023-for-sale-colombo
Toyota,Axio,2018,"1,500 cc",Automatic,Hybrid,Used,"159,000 km","Rs 12,350,000",26 Sep 2:29 pm,https://ikman.lk/en/ad/toyota-axio-2018-for-sale-anuradhapura-1
Toyota,UrbanCruiser Hyryder,2026,"1,500 cc",Automatic,Hybrid,Brand New,0 km,"Rs 17,250,000",26 Sep 2:29 pm,https://ikman.lk/en/ad/toyota-urbancruiser-hyryder-v-2026-for-sale-colombo-7
Kia,Sonet,2026,"1,000 cc",Tiptronic,Petrol,Brand New,46 km,"Rs 11,850,000",26 Sep 2:29 pm,https://ikman.lk/en/ad/kia-sonet-gtx-2026-for-sale-colombo-108
Nissan,Sunny,2001,"1,500 cc",Automatic,Petrol,Used,"174,975 km","Rs 4,650,000",26 Sep 2:27 pm,https://ikman.lk/en/ad/nissan-sunny-2001-for-sale-kurunegala-7
Toyota,Taisor,2026,990 cc,Automatic,Petrol,Used,0 km,"Rs 11,175,000",26 Sep 2:27 pm,https://ikman.lk/en/ad/toyota-taisor-high-spec-v-2026-for-sale-colombo-3
Land Rover,Defender,2024,"2,000 cc",Automatic,Hybrid,Brand New,0 km,"Rs 76,490,000",26 Sep 2:26 pm,https://ikman.lk/en/ad/land-rover-defender-p400e-uk-spec-b-n-2024-for-sale-colombo
Toyota,Tank,2018,"1,000 cc",Automatic,Petrol,Used,"116,000 km","Rs 7,800,000",26 Sep 2:26 pm,https://ikman.lk/en/ad/toyota-tank-2018-for-sale-gampaha
Suzuki,Alto,2024,660 cc,Automatic,Petrol,Reconditioned,"12,800 km","Rs 6,655,000",26 Sep 2:22 pm,https://ikman.lk/en/ad/suzuki-alto-l-safety-2024-for-sale-colombo-15
Hyundai,Grand i10,2015,"1,000 cc",Automatic,Petrol,Used,"100,630 km","Rs 5,200,000",20 Sep 7:00 pm,https://ikman.lk/en/ad/hyundai-grand-i10-2015-for-sale-colombo-1
Daihatsu,Mira,2024,660 cc,Automatic,Petrol,Reconditioned,"8,000 km","Rs 6,850,000",26 Sep 11:47 am,https://ikman.lk/en/ad/daihatsu-mira-x-grade-2024-for-sale-colombo-27
Toyota,Land Cruiser Prado,2025,"2,700 cc",Tiptronic,Petrol,Used,"1,700 km","Rs 62,500,000",26 Sep 11:56 am,https://ikman.lk/en/ad/toyota-land-cruiser-prado-lc250-2025-for-sale-colombo-13
Audi,Q3,2016,"1,500 cc",Automatic,Petrol,Used,"140,000 km","Rs 10,875,000",26 Sep 2:21 pm,https://ikman.lk/en/ad/audi-q3-tfsi-15l-petrol-2016-for-sale-colombo-1
Suzuki,Wagon R,2026,660 cc,Automatic,Hybrid,Brand New,10 km,"Rs 9,100,000",26 Sep 2:20 pm,https://ikman.lk/en/ad/suzuki-wagon-r-2026-for-sale-gampaha-32
Toyota,Raize,2026,"1,200 cc",Automatic,Hybrid,Brand New,8 km,"Rs 13,965,000",26 Sep 2:19 pm,https://ikman.lk/en/ad/toyota-raize-z-grade-hybrid-b-n-2026-for-sale-colombo-1
Suzuki,Swift,2008,"1,490 cc",Automatic,Petrol,Used,"229,500 km","Rs 5,500,000",26 Sep 2:18 pm,https://ikman.lk/en/ad/suzuki-swift-2008-for-sale-colombo-1484
BMW,730Ld,2011,"3,000 cc",Automatic,Diesel,Used,"50,000 km","Rs 22,950,000",26 Sep 2:11 pm,https://ikman.lk/en/ad/bmw-730ld-2011-for-sale-matara-3
BMW,520d,2013,"2,000 cc",Automatic,Diesel,Used,"127,000 km","Rs 18,950,000",26 Sep 2:09 pm,https://ikman.lk/en/ad/bmw-520d-lci-model-2013-for-sale-matara
Kia,Rio,2006,"1,500 cc",Manual,Petrol,Used,"190,575 km","Rs 2,980,000",26 Sep 2:07 pm,https://ikman.lk/en/ad/kia-rio-kiariols-2006-for-sale-colombo
Mercedes Benz,E200,2011,"1,800 cc",Automatic,Petrol,Used,"135,000 km","Rs 12,850,000",26 Sep 2:04 pm,https://ikman.lk/en/ad/mercedes-benz-e200-avantgarde-cgi-18l-2011-for-sale-colombo-2
Daihatsu,Mira,2018,650 cc,Automatic,Petrol,Used,"62,068 km","Rs 5,890,000",26 Sep 2:02 pm,https://ikman.lk/en/ad/daihatsu-mira-2018-for-sale-colombo-145
Suzuki,Wagon R,2017,650 cc,Automatic,Petrol,Used,"132,283 km","Rs 6,490,000",26 Sep 2:01 pm,https://ikman.lk/en/ad/suzuki-wagon-r-2017-for-sale-colombo-1183
MG,ZS,2019,999 cc,Automatic,Petrol,Used,"82,000 km","Rs 9,000,000",26 Sep 2:01 pm,https://ikman.lk/en/ad/mg-zs-2019-for-sale-gampaha-332
Land Rover,Defender,2026,"2,000 cc",Automatic,Petrol,Brand New,65 km,"Rs 76,500,000",26 Sep 1:59 pm,https://ikman.lk/en/ad/land-rover-defender-dynamic-p300-2026-for-sale-colombo
Suzuki,Baleno,2019,"1,000 cc",Manual,Petrol,Used,"131,000 km","Rs 7,990,000",27 Sep 1:33 am,https://ikman.lk/en/ad/suzuki-baleno-2019-for-sale-colombo-101
Opel,Other Model,2018,1 cc,Tiptronic,Petrol,Used,"18,000 km","Rs 11,750,000",26 Sep 1:54 pm,https://ikman.lk/en/ad/opel-holden-astra-ltz-trm-2018-for-sale-gampaha
Toyota,Raize,2026,"1,200 cc",Automatic,Hybrid,Brand New,374 km,"Rs 14,050,000",26 Sep 1:54 pm,https://ikman.lk/en/ad/toyota-raize-z-hybrid-2026-for-sale-kandy-21
Honda,Vezel,2025,"1,500 cc",Automatic,Hybrid,Brand New,20 km,"Rs 19,000,000",26 Sep 1:52 pm,https://ikman.lk/en/ad/honda-vezel-rs-premium-2025-for-sale-colombo-135
Daihatsu,Mira,2024,660 cc,Automatic,Petrol,Reconditioned,"5,000 km","Rs 6,990,000",26 Sep 1:52 pm,https://ikman.lk/en/ad/daihatsu-mira-sa3-x-limited-2024-for-sale-kandy
Toyota,Raize,2026,"1,200 cc",Automatic,Hybrid,Brand New,20 km,"Rs 13,600,000",26 Sep 1:52 pm,https://ikman.lk/en/ad/toyota-raize-12-hybrid-z-bsm-2026-for-sale-colombo-3
Toyota,Yaris,2025,"1,000 cc",Automatic,Petrol,Used,"16,000 km","Rs 9,300,000",26 Sep 1:50 pm,https://ikman.lk/en/ad/toyota-yaris-2025-for-sale-colombo-81
Honda,Vezel,2026,"1,500 cc",Automatic,Hybrid,Brand New,20 km,"Rs 19,650,000",26 Sep 1:48 pm,https://ikman.lk/en/ad/honda-vezel-z-play-moon-roof-2026-for-sale-colombo-77
Toyota,Land Cruiser,2012,"4,500 cc",Automatic,Diesel,Used,"115,000 km","Rs 48,000,000",26 Sep 1:48 pm,https://ikman.lk/en/ad/toyota-land-cruiser-sahara-v8-2012-for-sale-colombo
Kia,Sonet,2026,990 cc,Automatic,Petrol,Brand New,35 km,"Rs 11,750,000",26 Sep 1:46 pm,https://ikman.lk/en/ad/kia-sonet-gtx-plus-2026-for-sale-colombo-470
MG,ZS,2026,"1,500 cc",Automatic,Hybrid,Brand New,0 km,"Rs 18,400,000",26 Sep 1:44 pm,https://ikman.lk/en/ad/mg-zs-hybrid-2026-for-sale-colombo-42
Kia,Sonet,2026,990 cc,Automatic,Petrol,Brand New,25 km,"Rs 11,750,000",26 Sep 1:44 pm,https://ikman.lk/en/ad/kia-sonet-gtx-plus-2026-for-sale-colombo-468
Daihatsu,Mira,2025,660 cc,Automatic,Petrol,Used,"8,000 km","Rs 6,900,000",26 Sep 1:44 pm,https://ikman.lk/en/ad/daihatsu-mira-l-sa3-2025-for-sale-matara-1
Daihatsu,Mira,2026,660 cc,Automatic,Petrol,Brand New,0 km,"Rs 7,750,000",26 Sep 12:39 pm,https://ikman.lk/en/ad/daihatsu-mira-g-grade-limited-2026-for-sale-colombo
Toyota,Raize,2025,"1,200 cc",Automatic,Hybrid,Reconditioned,"5,000 km","Rs 13,400,000",23 Sep 9:26 am,https://ikman.lk/en/ad/toyota-raize-hybrid-z-2025-for-sale-colombo-75
Mercedes Benz,GLB,2024,"1,300 cc",Automatic,Petrol,Reconditioned,"11,000 km","Rs 37,200,000",23 Sep 9:56 pm,https://ikman.lk/en/ad/mercedes-benz-glb-180-amg-premium-2024-for-sale-colombo-4
Toyota,Land Cruiser Sahara,2013,"4,500 cc",Automatic,Diesel,Used,"152,000 km","Rs 46,500,000",26 Sep 4:37 pm,https://ikman.lk/en/ad/toyota-land-cruiser-sahara-maintained-2013-for-sale-colombo
BMW,X5,2016,"2,000 cc",Automatic,Hybrid,Used,"75,200 km","Rs 23,000,000",26 Sep 1:37 pm,https://ikman.lk/en/ad/bmw-x5-x-drive-40e-m-sport-2016-for-sale-gampaha
Toyota,Raize,2026,"1,200 cc",Tiptronic,Hybrid,Brand New,1 km,"Rs 13,990,000",26 Sep 1:37 pm,https://ikman.lk/en/ad/toyota-raize-z-hybrid-2026-for-sale-colombo-108
Toyota,Yaris Cross,2023,"1,500 cc",Automatic,Hybrid,Used,"10,300 km","Rs 15,500,000",26 Sep 1:37 pm,https://ikman.lk/en/ad/toyota-yaris-cross-gr-sport-2023-for-sale-colombo-43
Toyota,Vitz,2017,"1,000 cc",Automatic,Petrol,Used,"72,000 km","Rs 7,290,000",26 Sep 1:33 pm,https://ikman.lk/en/ad/toyota-vitz-passo-moda-premium-2017-for-sale-colombo-13
Suzuki,Alto,2017,660 cc,Automatic,Petrol,Used,"22,153 km","Rs 6,000,000",26 Sep 1:33 pm,https://ikman.lk/en/ad/suzuki-alto-2017-for-sale-colombo-1106
Toyota,Yaris,2023,"1,000 cc",Automatic,Petrol,Reconditioned,"22,000 km","Rs 10,275,000",26 Sep 1:33 pm,https://ikman.lk/en/ad/toyota-yaris-g-premium-highest-2023-for-sale-colombo-4
Kia,Sonet,2026,"1,000 cc",Automatic,Petrol,Used,"3,150 km","Rs 10,900,000",26 Sep 1:31 pm,https://ikman.lk/en/ad/kia-sonet-2026-for-sale-kalutara-1
Toyota,Land Cruiser Sahara,2014,"4,500 cc",Automatic,Diesel,Used,"134,000 km","Rs 53,500,000",26 Sep 4:39 pm,https://ikman.lk/en/ad/toyota-land-cruiser-sahara-v8-parlimant-d-spair-2014-for-sale-colombo
Toyota,Taisor,2026,"1,000 cc",Automatic,Petrol,Brand New,0 km,"Rs 11,250,000",26 Sep 1:29 pm,https://ikman.lk/en/ad/toyota-taisor-v-grade-2026-for-sale-colombo-562
Honda,Vezel,2026,"1,490 cc",Automatic,Hybrid,Brand New,0 km,"Rs 20,450,000",26 Sep 1:29 pm,https://ikman.lk/en/ad/honda-vezel-z-play-moonroof-2026-for-sale-colombo-183
Toyota,Raize,2026,"1,200 cc",Automatic,Hybrid,Brand New,50 km,"Rs 14,490,000",26 Sep 1:29 pm,https://ikman.lk/en/ad/toyota-raize-z-hybrid-premium-2026-for-sale-colombo-6
Toyota,Vitz,2019,"1,000 cc",Automatic,Petrol,Used,"80,000 km","Rs 8,790,000",26 Sep 1:29 pm,https://ikman.lk/en/ad/toyota-vitz-edition-3-premium-2019-for-sale-colombo-7
Mitsubishi,Outlander,2013,"2,000 cc",Automatic,Hybrid,Used,"150,000 km","Rs 10,900,000",26 Sep 1:29 pm,https://ikman.lk/en/ad/mitsubishi-outlander-2013-for-sale-gampaha-25
Volkswagen,Taigun,2026,"1,000 cc",Automatic,Petrol,Brand New,0 km,"Rs 12,850,000",26 Sep 1:28 pm,https://ikman.lk/en/ad/volkswagen-taigun-top-line-brand-new-2026-for-sale-colombo
Toyota,Taisor,2026,998 cc,Automatic,Petrol,Brand New,0 km,"Rs 11,150,000",26 Sep 1:26 pm,https://ikman.lk/en/ad/toyota-taisor-v-grade-2026-for-sale-colombo-552
Land Rover,Defender,2025,"2,000 cc",Automatic,Hybrid,Used,"8,000 km","Rs 88,900,000",26 Sep 1:25 pm,https://ikman.lk/en/ad/land-rover-defender-p300e-sedona-limited-2025-for-sale-colombo-6
Toyota,Taisor,2026,998 cc,Automatic,Petrol,Brand New,0 km,"Rs 11,150,000",26 Sep 1:24 pm,https://ikman.lk/en/ad/toyota-taisor-v-grade-2026-for-sale-colombo-557
Hyundai,Accent,2012,"1,591 cc",Automatic,Petrol,Used,"185,000 km","Rs 5,200,000",26 Sep 1:24 pm,https://ikman.lk/en/ad/hyundai-accent-gls-2012-for-sale-colombo
Toyota,Raize,2026,"1,190 cc",Automatic,Hybrid,Brand New,0 km,"Rs 13,950,000",26 Sep 1:24 pm,https://ikman.lk/en/ad/toyota-raize-z-grade-2026-hybrid-for-sale-colombo-1
Land Rover,Defender,2026,"2,000 cc",Automatic,Petrol,Brand New,0 km,"Rs 77,900,000",26 Sep 1:23 pm,https://ikman.lk/en/ad/land-rover-defender-x-dynamic-7-seater-2026-for-sale-colombo-10
Toyota,Land Cruiser Prado,2015,"3,000 cc",Automatic,Diesel,Used,"98,000 km","Rs 34,800,000",26 Sep 4:41 pm,https://ikman.lk/en/ad/toyota-land-cruiser-prado-diesal-auto-sunroof-2015-for-sale-colombo
Land Rover,Defender,2026,"2,000 cc",Automatic,Petrol,Brand New,0 km,"Rs 76,950,000",26 Sep 1:21 pm,https://ikman.lk/en/ad/land-rover-defender-x-dynamic-7-seater-2026-for-sale-colombo-9
Mitsubishi,L200,2016,"2,500 cc",Automatic,Diesel,Used,"155,000 km","Rs 16,500,000",26 Sep 4:42 pm,https://ikman.lk/en/ad/mitsubishi-l200-sportero-leather-ele-2016-for-sale-colombo
Land Rover,Defender,2026,"2,000 cc",Automatic,Hybrid,Brand New,0 km,"Rs 76,950,000",26 Sep 1:18 pm,https://ikman.lk/en/ad/land-rover-defender-x-dynamic-hse-p300e-2026-for-sale-colombo-27
Suzuki,Wagon R,2026,660 cc,Automatic,Petrol,Brand New,0 km,"Rs 8,500,000",26 Sep 5:22 pm,https://ikman.lk/en/ad/suzuki-wagon-r-zl-2026-for-sale-colombo-70
Mitsubishi,Lancer,2000,"1,300 cc",Manual,Petrol,Used,"220,000 km","Rs 4,350,000",16 Sep 10:09 pm,https://ikman.lk/en/ad/mitsubishi-lancer-ck1-2000-for-sale-colombo-16
Mercedes Benz,C180,2017,"1,600 cc",Automatic,Petrol,Used,"50,000 km","Rs 17,500,000",21 Sep 2:47 pm,https://ikman.lk/en/ad/mercedes-benz-c180-amg-2017-for-sale-colombo-2
Toyota,Land Cruiser Prado,2024,"2,800 cc",Automatic,Petrol,Reconditioned,"1,200 km","Rs 62,000,000",26 Sep 1:18 pm,https://ikman.lk/en/ad/toyota-land-cruiser-prado-250-2024-for-sale-gampaha-28
Mercedes Benz,E200,2025,"2,000 cc",Automatic,Petrol,Reconditioned,"5,000 km","Rs 62,500,000",26 Sep 1:16 pm,https://ikman.lk/en/ad/mercedes-benz-e200-amg-premium-plus-2025-for-sale-colombo-51
Nissan,Dayz,2024,660 cc,Automatic,Petrol,Brand New,0 km,"Rs 7,750,000",26 Sep 1:16 pm,https://ikman.lk/en/ad/nissan-dayz-2024-for-sale-gampaha-13
Ford,Ranger,2012,"2,500 cc",Manual,Diesel,Used,"160,000 km","Rs 8,300,000",26 Sep 1:16 pm,https://ikman.lk/en/ad/ford-ranger-2012-for-sale-colombo-4
Suzuki,Fronx,2026,"1,000 cc",Automatic,Petrol,Brand New,0 km,"Rs 11,250,000",26 Sep 1:16 pm,https://ikman.lk/en/ad/suzuki-fronx-alpha-hybrid-2026-for-sale-colombo-29
Nissan,Sunny,1987,"1,500 cc",Manual,Petrol,Used,"150,000 km","Rs 2,200,000",26 Sep 1:23 pm,https://ikman.lk/en/ad/nissan-sunny-fb12-1987-for-sale-kurunegala
Toyota,Land Cruiser,2026,"2,700 cc",Automatic,Petrol,Brand New,0 km,"Rs 59,500,000",26 Sep 1:15 pm,https://ikman.lk/en/ad/toyota-land-cruiser-fj-vx-fully-loaded-2026-for-sale-colombo-3
MG,HS Hybrid+,2026,"1,500 cc",Automatic,Hybrid,Brand New,0 km,"Rs 19,765,000",26 Sep 1:14 pm,https://ikman.lk/en/ad/mg-hs-hybrid-hev-2026-for-sale-colombo-115
Toyota,Raize,2025,"1,000 cc",Automatic,Petrol,Reconditioned,"20,000 km","Rs 11,250,000",26 Sep 1:14 pm,https://ikman.lk/en/ad/toyota-raize-2025-for-sale-colombo-243
Bajaj,Qute,2020,200 cc,Manual,Petrol,Used,"35,000 km","Rs 1,450,000",26 Sep 1:22 pm,https://ikman.lk/en/ad/bajaj-qute-family-car-2020-for-sale-batticaloa-1
Mercedes Benz,E240,2002,"2,600 cc",Automatic,Petrol,Used,"148,000 km","Rs 6,950,000",26 Sep 1:13 pm,https://ikman.lk/en/ad/mercedes-benz-e240-fully-loaded-2002-for-sale-colombo-13
BMW,740Le,2016,"2,000 cc",Automatic,Petrol,Used,"94,000 km","Rs 30,500,000",26 Sep 1:12 pm,https://ikman.lk/en/ad/bmw-740le-m-sport-comfort-plus-2016-for-sale-colombo-2
Toyota,Taisor,2026,"1,000 cc",Automatic,Petrol,Brand New,0 km,"Rs 11,400,000",26 Sep 1:12 pm,https://ikman.lk/en/ad/toyota-taisor-v-grade-highest-spec-2026-for-sale-colombo-204
Volkswagen,T-Cross,2024,"1,000 cc",Automatic,Petrol,Reconditioned,"12,000 km","Rs 13,650,000",26 Sep 1:11 pm,https://ikman.lk/en/ad/volkswagen-t-cross-tsi-style-package-2024-for-sale-colombo-26
Daihatsu,Mira,2025,660 cc,Automatic,Petrol,Reconditioned,"1,500 km","Rs 6,790,000",26 Sep 1:09 pm,https://ikman.lk/en/ad/daihatsu-mira-l-grade-safety-2025-for-sale-colombo-42
Nissan,Magnite,2025,999 cc,Automatic,Petrol,Used,"12,200 km","Rs 8,750,000",26 Sep 1:09 pm,https://ikman.lk/en/ad/nissan-magnite-tekna-amt-2025-for-sale-colombo-10
Suzuki,Alto,2024,650 cc,Tiptronic,Hybrid,Used,"2,500 km","Rs 7,000,000",26 Sep 1:09 pm,https://ikman.lk/en/ad/suzuki-alto-low-milage-2024-for-sale-colombo
Toyota,Roomy,2023,"1,000 cc",Automatic,Petrol,Reconditioned,"14,000 km","Rs 9,499,900",26 Sep 1:07 pm,https://ikman.lk/en/ad/toyota-roomy-custom-g-2023-for-sale-colombo-203
Hyundai,Venue,2026,"1,000 cc",Automatic,Petrol,Brand New,0 km,"Rs 12,950,000",26 Sep 1:07 pm,https://ikman.lk/en/ad/hyundai-venue-n-line-n10-2026-for-sale-colombo-65
Hyundai,Venue,2026,"1,000 cc",Automatic,Petrol,Brand New,0 km,"Rs 12,950,000",26 Sep 1:07 pm,https://ikman.lk/en/ad/hyundai-venue-n-line-n10-2026-for-sale-colombo-66
Honda,Vezel,2026,"1,500 cc",Automatic,Hybrid,Brand New,0 km,"Rs 20,400,000",26 Sep 1:07 pm,https://ikman.lk/en/ad/honda-vezel-z-play-moonroof-2026-for-sale-colombo-310
Daihatsu,Mira,2025,650 cc,Automatic,Petrol,Brand New,"2,000 km","Rs 6,625,000",26 Sep 1:07 pm,https://ikman.lk/en/ad/daihatsu-mira-l-grade-2025-for-sale-colombo-83
Toyota,Yaris,2024,"1,000 cc",Automatic,Petrol,Reconditioned,"13,000 km","Rs 9,850,000",26 Sep 1:06 pm,https://ikman.lk/en/ad/toyota-yaris-x-grade-2024-for-sale-colombo-217
Toyota,Axio,2007,"1,500 cc",Automatic,Petrol,Used,"200,000 km","Rs 7,500,000",26 Sep 1:05 pm,https://ikman.lk/en/ad/toyota-axio-2007-11-2007-for-sale-trincomalee
Toyota,Raize,2026,"1,200 cc",Automatic,Petrol,Brand New,0 km,"Rs 14,050,000",26 Sep 1:09 pm,https://ikman.lk/en/ad/toyota-raize-z-hybrid-2026-for-sale-colombo-129
BYD,ATTO 3,2025,100 cc,Automatic,Electric,Used,"10,000 km","Rs 16,000,000",26 Sep 12:05 pm,https://ikman.lk/en/ad/byd-atto-3-2025-for-sale-gampaha-9
Suzuki,Wagon R,2026,660 cc,Automatic,Hybrid,Brand New,0 km,"Rs 9,000,000",26 Sep 6:32 pm,https://ikman.lk/en/ad/suzuki-wagon-r-custom-zx-4-way-2026-for-sale-gampaha-1
Honda,Vezel,2026,"1,500 cc",Automatic,Hybrid,Brand New,0 km,"Rs 18,990,000",26 Sep 1:05 pm,https://ikman.lk/en/ad/honda-vezel-z-premium-brand-new-2026-for-sale-colombo-128
Daihatsu,Taft,2025,660 cc,Automatic,Petrol,Reconditioned,"11,700 km","Rs 7,950,000",26 Sep 1:04 pm,https://ikman.lk/en/ad/daihatsu-taft-2025-for-sale-colombo-45
Honda,Vezel,2026,"1,500 cc",Automatic,Hybrid,Brand New,0 km,"Rs 20,400,000",26 Sep 1:03 pm,https://ikman.lk/en/ad/honda-vezel-z-play-moonroof-2026-for-sale-colombo-286
Honda,Vezel,2026,"1,500 cc",Automatic,Hybrid,Brand New,0 km,"Rs 18,975,000",26 Sep 1:03 pm,https://ikman.lk/en/ad/honda-vezel-z-premium-sunlight-w-2026-for-sale-colombo-20
Kia,Syros,2026,"1,000 cc",Automatic,Petrol,Brand New,0 km,"Rs 12,950,000",26 Sep 1:01 pm,https://ikman.lk/en/ad/kia-syros-htx-plus-2026-for-sale-colombo-29
Honda,Vezel,2026,"1,500 cc",Automatic,Hybrid,Brand New,0 km,"Rs 18,950,000",26 Sep 1:00 pm,https://ikman.lk/en/ad/honda-vezel-z-premium-brand-new-2026-for-sale-colombo-127
Kia,Sonet,2026,"1,000 cc",Automatic,Petrol,Brand New,0 km,"Rs 11,950,000",26 Sep 12:59 pm,https://ikman.lk/en/ad/kia-sonet-gtx-plus-2026-for-sale-colombo-458
Toyota,Allion,2007,"1,500 cc",Automatic,Petrol,Used,"122,560 km","Rs 7,950,000",26 Sep 12:58 pm,https://ikman.lk/en/ad/toyota-allion-g-grade-2007-for-sale-kegalle
Honda,N-WGN,2024,660 cc,Automatic,Petrol,Reconditioned,"61,500 km","Rs 7,300,000",26 Sep 12:58 pm,https://ikman.lk/en/ad/honda-n-wgn-2024-for-sale-colombo-17
Toyota,Allion,2018,"1,500 cc",Automatic,Petrol,Used,"66,000 km","Rs 13,450,000",26 Sep 12:56 pm,https://ikman.lk/en/ad/toyota-allion-a15-g-package-2018-for-sale-kandy-2
Ford,Ranger,2025,"2,000 cc",Automatic,Diesel,Used,"24,500 km","Rs 32,800,000",26 Sep 12:56 pm,https://ikman.lk/en/ad/ford-ranger-2025-for-sale-colombo
Perodua,Axia,2015,"1,000 cc",Automatic,Petrol,Used,"123,000 km","Rs 5,690,000",26 Sep 12:56 pm,https://ikman.lk/en/ad/perodua-axia-g-2015-for-sale-galle
Toyota,Corolla,2023,"1,500 cc",Automatic,Petrol,Reconditioned,"10,000 km","Rs 16,000,000",26 Sep 12:56 pm,https://ikman.lk/en/ad/toyota-corolla-g-grade-2023-for-sale-colombo-4
Land Rover,Range Rover Evoque,2026,"1,500 cc",Automatic,Hybrid,Brand New,0 km,"Rs 58,000,000",26 Sep 12:56 pm,https://ikman.lk/en/ad/land-rover-range-evoque-autobiography-phev-2026-for-sale-colombo-101
Honda,Vezel,2026,"1,500 cc",Automatic,Hybrid,Brand New,0 km,"Rs 18,250,000",26 Sep 12:56 pm,https://ikman.lk/en/ad/honda-vezel-z-4-way-camera-bsm-2026-for-sale-colombo-1
Kia,Sonet,2026,"1,000 cc",Automatic,Petrol,Brand New,0 km,"Rs 11,950,000",26 Sep 12:54 pm,https://ikman.lk/en/ad/kia-sonet-gtx-plus-2026-for-sale-colombo-462
Toyota,Vitz,2016,990 cc,Automatic,Petrol,Used,"87,000 km","Rs 7,800,000",26 Sep 12:54 pm,https://ikman.lk/en/ad/toyota-vitz-safety-2016-for-sale-colombo-851
Toyota,Taisor,2026,"1,000 cc",Automatic,Petrol,Brand New,0 km,"Rs 11,250,000",26 Sep 12:52 pm,https://ikman.lk/en/ad/toyota-taisor-v-grade-highest-spec-2026-for-sale-colombo-194
Toyota,Taisor,2026,998 cc,Automatic,Petrol,Brand New,0 km,"Rs 11,250,000",26 Sep 12:50 pm,https://ikman.lk/en/ad/toyota-taisor-v-grade-2026dualtone-2026-for-sale-colombo-2
Kia,Sonet,2026,998 cc,Automatic,Petrol,Brand New,0 km,"Rs 11,850,000",26 Sep 12:50 pm,https://ikman.lk/en/ad/kia-sonet-gtx-plus-premium-2026-for-sale-colombo-5
Toyota,Taisor,2026,998 cc,Automatic,Petrol,Brand New,0 km,"Rs 11,250,000",26 Sep 12:50 pm,https://ikman.lk/en/ad/toyota-taisor-v-grade-2026dualtone-2026-for-sale-colombo
Toyota,Taisor,2026,998 cc,Automatic,Petrol,Brand New,0 km,"Rs 11,250,000",26 Sep 12:50 pm,https://ikman.lk/en/ad/toyota-taisor-v-grade-2026dualtone-2026-for-sale-colombo-1
Toyota,Yaris,2024,"1,000 cc",Automatic,Petrol,Reconditioned,"20,000 km","Rs 9,590,000",26 Sep 12:50 pm,https://ikman.lk/en/ad/toyota-yaris-x-grade-2024-for-sale-colombo-198
Kia,Sonet,2026,"1,000 cc",Automatic,Petrol,Brand New,0 km,"Rs 11,950,000",26 Sep 12:50 pm,https://ikman.lk/en/ad/kia-sonet-gtx-plus-gt-line-2026-for-sale-colombo-41
Honda,Vezel,2026,"1,500 cc",Automatic,Hybrid,Brand New,0 km,"Rs 19,350,000",26 Sep 12:50 pm,https://ikman.lk/en/ad/honda-vezel-z-premium-10-speaker-2026-for-sale-colombo-81
Toyota,Land Cruiser,2013,"4,500 cc",Automatic,Diesel,Used,"120,000 km","Rs 48,000,000",17 Sep 4:30 pm,https://ikman.lk/en/ad/toyota-land-cruiser-2013-for-sale-colombo-37
Toyota,Roomy,2023,"1,000 cc",Automatic,Petrol,Reconditioned,"28,000 km","Rs 9,900,000",26 Sep 6:45 am,https://ikman.lk/en/ad/toyota-roomy-custom-g-gt-2023-for-sale-colombo-1
Honda,Civic,2018,"1,000 cc",Automatic,Petrol,Used,"53,000 km","Rs 14,075,000",20 Sep 7:49 pm,https://ikman.lk/en/ad/honda-civic-sedan-fc9-2018-for-sale-colombo
Daihatsu,Mira,2026,660 cc,Automatic,Petrol,Brand New,20 km,"Rs 7,950,000",26 Sep 12:49 pm,https://ikman.lk/en/ad/daihatsu-mira-g-grade-2026-for-sale-colombo-38
Suzuki,Fronx,2026,"1,000 cc",Automatic,Hybrid,Brand New,0 km,"Rs 10,750,000",26 Sep 12:48 pm,https://ikman.lk/en/ad/suzuki-fronx-alpha-hybrid-2026-for-sale-colombo-25
Suzuki,Fronx,2026,"1,000 cc",Automatic,Petrol,Brand New,38 km,"Rs 11,200,000",26 Sep 12:48 pm,https://ikman.lk/en/ad/suzuki-fronx-2026-for-sale-colombo-195
Kia,Sonet,2026,998 cc,Automatic,Petrol,Brand New,0 km,"Rs 11,850,000",26 Sep 12:48 pm,https://ikman.lk/en/ad/kia-sonet-gtx-plus-premium-2026-for-sale-colombo-7
Kia,Sonet,2026,998 cc,Automatic,Petrol,Brand New,0 km,"Rs 11,850,000",26 Sep 12:48 pm,https://ikman.lk/en/ad/kia-sonet-gtx-plus-premium-2026-for-sale-colombo-6
Hyundai,Venue,2026,"1,000 cc",Automatic,Petrol,Brand New,0 km,"Rs 12,900,000",26 Sep 12:48 pm,https://ikman.lk/en/ad/hyundai-venue-n-line-n10-2026-for-sale-ratnapura-11
Renault,KWID,2016,800 cc,Manual,Petrol,Used,"148,000 km","Rs 3,500,000",26 Sep 12:48 pm,https://ikman.lk/en/ad/renault-kwid-2016-for-sale-gampaha-743
Kia,Sonet,2026,998 cc,Automatic,Petrol,Brand New,0 km,"Rs 11,050,000",26 Sep 12:48 pm,https://ikman.lk/en/ad/kia-sonet-htx-turbo-2026-for-sale-colombo-8
Honda,Vezel,2024,"1,500 cc",Automatic,Hybrid,Reconditioned,"25,000 km","Rs 17,950,000",26 Sep 12:46 pm,https://ikman.lk/en/ad/honda-vezel-z-premium-2024-for-sale-colombo-236
Toyota,Taisor,2026,"1,000 cc",Automatic,Petrol,Brand New,0 km,"Rs 11,350,000",26 Sep 12:46 pm,https://ikman.lk/en/ad/toyota-taisor-v-grade-highest-spec-2026-for-sale-colombo-196
Kia,Sonet,2026,998 cc,Automatic,Petrol,Brand New,0 km,"Rs 11,050,000",26 Sep 12:46 pm,https://ikman.lk/en/ad/kia-sonet-htx-turbo-2026-for-sale-colombo-9
Suzuki,Fronx,2026,"1,000 cc",Automatic,Hybrid,Brand New,0 km,"Rs 10,750,000",26 Sep 12:46 pm,https://ikman.lk/en/ad/suzuki-fronx-alpha-hybrid-2026-for-sale-colombo-26
Nissan,Dayz,2024,660 cc,Automatic,Petrol,Reconditioned,"19,000 km","Rs 7,500,000",26 Sep 12:44 pm,https://ikman.lk/en/ad/nissan-dayz-2024-for-sale-colombo-105
Nissan,Roox,2024,660 cc,Automatic,Petrol,Reconditioned,"9,200 km","Rs 7,975,000",26 Sep 12:44 pm,https://ikman.lk/en/ad/nissan-roox-2024-for-sale-colombo-28
Toyota,Raize,2024,"1,200 cc",Automatic,Petrol,Reconditioned,"50,000 km","Rs 12,800,000",26 Sep 12:43 pm,https://ikman.lk/en/ad/toyota-raize-z-grade-2024-for-sale-colombo-292
Audi,Q7,2016,"2,000 cc",Automatic,Petrol,Used,"78,000 km","Rs 27,000,000",26 Sep 12:43 pm,https://ikman.lk/en/ad/audi-q7-2016-for-sale-colombo-98
Toyota,Taisor,2026,"1,000 cc",Automatic,Petrol,Brand New,0 km,"Rs 11,350,000",26 Sep 12:41 pm,https://ikman.lk/en/ad/toyota-taisor-v-grade-highest-spec-2026-for-sale-colombo-195
Daihatsu,Mira,2026,660 cc,Automatic,Petrol,Brand New,0 km,"Rs 7,750,000",26 Sep 12:39 pm,https://ikman.lk/en/ad/daihatsu-mira-g-grade-limited-2026-for-sale-colombo
Mercedes Benz,C200,2019,"1,500 cc",Automatic,Petrol,Used,"62,000 km","Rs 24,750,000",26 Sep 12:39 pm,https://ikman.lk/en/ad/mercedes-benz-c200-plus-2019-for-sale-gampaha
Toyota,Raize,2026,"1,200 cc",Automatic,Hybrid,Brand New,0 km,"Rs 14,750,000",26 Sep 12:37 pm,https://ikman.lk/en/ad/toyota-raize-body-kit-hybrid-2026-for-sale-colombo-1
Suzuki,Wagon R FZ,2018,658 cc,Automatic,Petrol,Used,"97,141 km","Rs 6,995,000",26 Sep 12:37 pm,https://ikman.lk/en/ad/suzuki-wagon-r-fz-premium-2018-for-sale-colombo-407
Toyota,Raize,2026,"1,200 cc",Automatic,Hybrid,Brand New,0 km,"Rs 14,775,000",26 Sep 12:35 pm,https://ikman.lk/en/ad/toyota-raize-z-hy-a-parking-b-kit-2026-for-sale-colombo-4
Suzuki,Wagon R FZ,2018,658 cc,Automatic,Petrol,Used,"79,453 km","Rs 7,090,000",26 Sep 12:34 pm,https://ikman.lk/en/ad/suzuki-wagon-r-fz-premium-2018-for-sale-colombo-406
Toyota,Yaris,2026,"1,000 cc",Automatic,Petrol,Brand New,48 km,"Rs 11,550,000",26 Sep 12:32 pm,https://ikman.lk/en/ad/toyota-yaris-g-grade-2026-for-sale-colombo-16
Honda,Vezel,2026,"1,490 cc",Automatic,Hybrid,Import,50 km,"Rs 17,490,000",26 Sep 12:31 pm,https://ikman.lk/en/ad/honda-vezel-z-grade-2026-for-sale-gampaha-50
BMW,740Li,2005,"4,000 cc",Automatic,Petrol,Used,"49,000 km","Rs 11,900,000",26 Sep 11:44 am,https://ikman.lk/en/ad/bmw-740li-2005-for-sale-colombo
Peugeot,3008,2018,"1,200 cc",Automatic,Petrol,Used,"84,000 km","Rs 13,000,000",25 Sep 4:57 pm,https://ikman.lk/en/ad/peugeot-3008-2018-for-sale-colombo-79
Opel,Other Model,2018,1 cc,Tiptronic,Petrol,Used,"18,000 km","Rs 11,750,000",26 Sep 1:54 pm,https://ikman.lk/en/ad/opel-holden-astra-ltz-trm-2018-for-sale-gampaha
Audi,A3,2014,"1,800 cc",Automatic,Petrol,Used,"96,000 km","Rs 11,190,000",26 Sep 12:30 pm,https://ikman.lk/en/ad/audi-a3-sedan-18l-tfsi-2014-for-sale-colombo
Honda,Vezel,2026,"1,500 cc",Automatic,Hybrid,Brand New,0 km,"Rs 20,575,000",26 Sep 12:30 pm,https://ikman.lk/en/ad/honda-vezel-rs-2026-for-sale-colombo-87
Suzuki,Wagon R,2014,650 cc,Automatic,Petrol,Used,"127,327 km","Rs 6,250,000",26 Sep 12:29 pm,https://ikman.lk/en/ad/suzuki-wagon-r-2014-for-sale-colombo-1883
Toyota,Fortuner,2013,"3,000 cc",Automatic,Diesel,Reconditioned,"150,000 km","Rs 16,700,000",26 Sep 12:28 pm,https://ikman.lk/en/ad/toyota-fortuner-2013-g-for-sale-kalutara
BMW,520d,2016,"2,000 cc",Automatic,Diesel,Used,"110,000 km","Rs 28,400,000",26 Sep 12:28 pm,https://ikman.lk/en/ad/bmw-520d-2016-for-sale-galle-1
Nissan,Bluebird,2000,"1,800 cc",Manual,Diesel,Used,"243,800 km","Rs 2,950,000",26 Sep 12:28 pm,https://ikman.lk/en/ad/nissan-bluebird-2000-for-sale-colombo-4
Toyota,Raize,2025,"1,000 cc",Automatic,Petrol,Brand New,"3,000 km","Rs 12,500,000",26 Sep 12:28 pm,https://ikman.lk/en/ad/toyota-raize-z-grade-2025-for-sale-gampaha-192
Suzuki,Wagon R,2025,658 cc,Automatic,Petrol,Used,"11,670 km","Rs 8,790,000",26 Sep 12:27 pm,https://ikman.lk/en/ad/suzuki-wagon-r-2025-for-sale-colombo-85
Chery,Tiggo,2026,"1,500 cc",Automatic,Hybrid,Brand New,0 km,"Rs 16,500,000",26 Sep 12:27 pm,https://ikman.lk/en/ad/chery-tiggo-cross-hybrid-2026-for-sale-colombo-29
Nissan,Magnite,2025,999 cc,Automatic,Petrol,Used,"22,556 km","Rs 8,995,000",26 Sep 12:26 pm,https://ikman.lk/en/ad/nissan-magnite-2025-for-sale-colombo-240
Honda,Vezel,2026,"1,490 cc",Automatic,Hybrid,Import,50 km,"Rs 19,390,000",26 Sep 12:25 pm,https://ikman.lk/en/ad/honda-vezel-z-play-premium-2026-for-sale-gampaha-6
Toyota,Passo,2015,"1,000 cc",Automatic,Petrol,Used,"132,000 km","Rs 6,570,000",26 Sep 12:23 pm,https://ikman.lk/en/ad/toyota-passo-2015-for-sale-gampaha-86
Toyota,Axio,2007,"1,500 cc",Automatic,Petrol,Used,"176,000 km","Rs 7,050,000",26 Sep 12:23 pm,https://ikman.lk/en/ad/toyota-axio-2007-for-sale-kurunegala-219
Toyota,Raize,2026,"1,200 cc",Automatic,Hybrid,Brand New,0 km,"Rs 14,575,000",26 Sep 12:23 pm,https://ikman.lk/en/ad/toyota-raize-z-hybrid-bsm-bodykit-2026-for-sale-colombo-9
Mercedes Benz,GLB,2025,"1,300 cc",Automatic,Petrol,Brand New,0 km,"Rs 39,500,000",26 Sep 12:23 pm,https://ikman.lk/en/ad/mercedes-benz-glb-180-amg-premium-plus-2025-for-sale-colombo-45
Suzuki,Alto,2016,650 cc,Automatic,Petrol,Used,"102,806 km","Rs 5,690,000",26 Sep 12:23 pm,https://ikman.lk/en/ad/suzuki-alto-2016-for-sale-colombo-1676
Daihatsu,Mira,2025,660 cc,Automatic,Petrol,Reconditioned,20 km,"Rs 7,500,000",26 Sep 12:23 pm,https://ikman.lk/en/ad/daihatsu-mira-x-grade-led-2025-for-sale-colombo-3
Toyota,Vitz,2007,"1,000 cc",Automatic,Petrol,Used,"87,889 km","Rs 5,850,000",26 Sep 12:23 pm,https://ikman.lk/en/ad/toyota-vitz-2007-for-sale-hambantota-24
Toyota,Taisor,2026,"1,000 cc",Automatic,Petrol,Brand New,0 km,"Rs 11,150,000",26 Sep 12:21 pm,https://ikman.lk/en/ad/toyota-taisor-2026-for-sale-colombo-76
Toyota,Land Cruiser Prado,2015,"2,700 cc",Automatic,Petrol,Used,"158,000 km","Rs 31,800,000",26 Sep 12:19 pm,https://ikman.lk/en/ad/toyota-land-cruiser-prado-150-2015-for-sale-colombo-140
Toyota,Raize,2023,"1,000 cc",Automatic,Petrol,Used,"10,000 km","Rs 11,400,000",26 Sep 12:19 pm,https://ikman.lk/en/ad/toyota-raize-turbo-2023-for-sale-colombo
Daihatsu,Mira,2025,650 cc,Automatic,Petrol,Reconditioned,"1,281 km","Rs 6,725,000",26 Sep 12:18 pm,https://ikman.lk/en/ad/daihatsu-mira-l-safety-2025-for-sale-colombo-39
Toyota,Raize,2026,"1,200 cc",Automatic,Hybrid,Brand New,0 km,"Rs 14,390,000",26 Sep 12:17 pm,https://ikman.lk/en/ad/toyota-raize-z-hybrid-autoparking-2026-for-sale-colombo-38
Toyota,Raize,2026,"1,200 cc",Automatic,Hybrid,Brand New,0 km,"Rs 13,900,000",26 Sep 12:17 pm,https://ikman.lk/en/ad/toyota-raize-z-hybrid-4way-bsm-2026-for-sale-colombo-91
Honda,Vezel,2024,"1,500 cc",Automatic,Hybrid,Reconditioned,"3,370 km","Rs 18,750,000",26 Sep 12:16 pm,https://ikman.lk/en/ad/honda-vezel-15l-ehev-z-premium-2024-for-sale-colombo-5
Toyota,Taisor,2026,"1,000 cc",Automatic,Petrol,Brand New,0 km,"Rs 11,250,000",26 Sep 1:29 pm,https://ikman.lk/en/ad/toyota-taisor-v-grade-2026-for-sale-colombo-562
Toyota,Roomy,2026,996 cc,Automatic,Petrol,Brand New,0 km,"Rs 12,200,000",26 Sep 5:03 pm,https://ikman.lk/en/ad/toyota-roomy-2026-for-sale-gampaha-2
Nissan,Magnite,2025,999 cc,Automatic,Petrol,Used,"12,200 km","Rs 8,750,000",26 Sep 1:09 pm,https://ikman.lk/en/ad/nissan-magnite-tekna-amt-2025-for-sale-colombo-10
Nissan,Sunny,2000,"1,600 cc",Manual,Petrol,Used,"170,825 km","Rs 4,000,000",26 Sep 12:29 pm,https://ikman.lk/en/ad/nissan-sunny-super-saloon-2000-for-sale-matara-1
Toyota,Raize,2026,"1,200 cc",Automatic,Hybrid,Brand New,0 km,"Rs 14,375,000",26 Sep 12:13 pm,https://ikman.lk/en/ad/toyota-raize-z-hybrid-autoparking-2026-for-sale-colombo-37
Suzuki,Wagon R,2025,660 cc,Automatic,Hybrid,Reconditioned,"3,106 km","Rs 8,890,000",26 Sep 12:28 pm,https://ikman.lk/en/ad/suzuki-wagon-r-custom-z-2025-for-sale-colombo-172
Nissan,Dayz,2025,660 cc,Automatic,Hybrid,Brand New,"1,800 km","Rs 8,550,000",26 Sep 12:10 pm,https://ikman.lk/en/ad/nissan-dayz-highway-star-x-2025-for-sale-colombo-49
Honda,Vezel,2026,"1,500 cc",Tiptronic,Hybrid,Brand New,0 km,"Rs 21,000,000",26 Sep 12:09 pm,https://ikman.lk/en/ad/honda-vezel-z-play-2026-for-sale-colombo-180
Toyota,Raize,2025,"1,200 cc",Automatic,Hybrid,Brand New,0 km,"Rs 13,750,000",26 Sep 12:08 pm,https://ikman.lk/en/ad/toyota-raize-z-12-hybrid-2025-for-sale-colombo-11
Toyota,Roomy,2024,"1,000 cc",Automatic,Petrol,Reconditioned,"12,000 km","Rs 10,800,000",26 Sep 12:07 pm,https://ikman.lk/en/ad/toyota-roomy-custom-g-2024-for-sale-colombo-154
Hyundai,Accent,2001,"1,500 cc",Manual,Petrol,Used,"200,000 km","Rs 2,790,000",26 Sep 12:33 pm,https://ikman.lk/en/ad/hyundai-accent-2001-for-sale-colombo-1231
BYD,ATTO 3,2025,100 cc,Automatic,Electric,Used,"10,000 km","Rs 16,000,000",26 Sep 12:05 pm,https://ikman.lk/en/ad/byd-atto-3-2025-for-sale-gampaha-9
Daihatsu,Mira,2025,660 cc,Automatic,Petrol,Brand New,7 km,"Rs 6,875,000",26 Sep 12:05 pm,https://ikman.lk/en/ad/daihatsu-mira-2025-for-sale-gampaha-36
Daihatsu,Mira,2015,660 cc,Automatic,Petrol,Used,"118,400 km","Rs 5,650,000",26 Sep 12:02 pm,https://ikman.lk/en/ad/daihatsu-mira-2015-for-sale-colombo-82
Suzuki,Wagon R ZX,2026,660 cc,Automatic,Hybrid,Reconditioned,20 km,"Rs 9,200,000",26 Sep 12:02 pm,https://ikman.lk/en/ad/suzuki-wagon-r-zx-hybrid-2026-for-sale-colombo-35
Honda,Vezel,2026,"1,490 cc",Automatic,Hybrid,Import,50 km,"Rs 18,390,000",26 Sep 12:00 pm,https://ikman.lk/en/ad/honda-vezel-z-premium-2026-for-sale-gampaha-151
Suzuki,Wagon R FX,2016,650 cc,Automatic,Hybrid,Used,"130,000 km","Rs 5,790,000",26 Sep 3:35 pm,https://ikman.lk/en/ad/suzuki-wagon-r-fx-2016-for-sale-colombo-748
Audi,A3,2023,"1,000 cc",Automatic,Petrol,Reconditioned,"26,000 km","Rs 16,400,000",26 Sep 11:58 am,https://ikman.lk/en/ad/audi-a3-sport-back-2023-for-sale-colombo-10
Mitsubishi,Montero,2012,"2,400 cc",Automatic,Diesel,Used,"181,000 km","Rs 12,700,000",26 Sep 11:58 am,https://ikman.lk/en/ad/mitsubishi-montero-sport-2012-for-sale-colombo-1777
Honda,Vezel,2025,"1,500 cc",Automatic,Petrol,Brand New,0 km,"Rs 20,300,000",26 Sep 11:58 am,https://ikman.lk/en/ad/honda-vezel-rs-2025-for-sale-colombo-99
BMW,218i,2025,"1,500 cc",Automatic,Petrol,Import,"5,000 km","Rs 27,500,000",26 Sep 11:58 am,https://ikman.lk/en/ad/bmw-218i-active-tourer-msport-2025-for-sale-colombo
Land Rover,Discovery,2014,"3,000 cc",Automatic,Diesel,Used,"143,000 km","Rs 21,500,000",26 Sep 11:57 am,https://ikman.lk/en/ad/land-rover-discovery-2014-for-sale-colombo-3
Honda,Vezel,2026,"1,500 cc",Automatic,Hybrid,Brand New,0 km,"Rs 19,200,000",26 Sep 11:57 am,https://ikman.lk/en/ad/honda-vezel-z-premium-10-speaker-2026-for-sale-colombo-80
MG,HS Hybrid+,2026,"1,500 cc",Automatic,Hybrid,Brand New,0 km,"Rs 21,450,000",26 Sep 11:57 am,https://ikman.lk/en/ad/mg-hs-hybrid-hev-2026-for-sale-colombo-114
Mercedes Benz,E200,2011,"1,800 cc",Automatic,Petrol,Used,"100,000 km","Rs 12,500,000",26 Sep 11:56 am,https://ikman.lk/en/ad/mercedes-benz-e200-2011-for-sale-colombo-79
Toyota,Land Cruiser Prado,2025,"2,700 cc",Tiptronic,Petrol,Used,"1,700 km","Rs 62,500,000",26 Sep 11:56 am,https://ikman.lk/en/ad/toyota-land-cruiser-prado-lc250-2025-for-sale-colombo-13
Honda,Vezel,2026,"1,500 cc",Automatic,Hybrid,Brand New,0 km,"Rs 20,500,000",26 Sep 11:56 am,https://ikman.lk/en/ad/honda-vezel-rs-premium-brand-new-2026-for-sale-colombo-15
Daihatsu,Mira,2025,650 cc,Automatic,Petrol,Brand New,8 km,"Rs 6,725,000",26 Sep 11:55 am,https://ikman.lk/en/ad/daihatsu-mira-l-safety-2025-for-sale-colombo-38
Nissan,Roox,2024,660 cc,Automatic,Hybrid,Reconditioned,"30,000 km","Rs 8,875,000",26 Sep 2:52 am,https://ikman.lk/en/ad/nissan-roox-highway-star-2024-for-sale-colombo-7
Hyundai,Accent,2012,"1,591 cc",Automatic,Petrol,Used,"185,000 km","Rs 5,200,000",26 Sep 1:24 pm,https://ikman.lk/en/ad/hyundai-accent-gls-2012-for-sale-colombo
Mini,Countryman,2024,"1,500 cc",Automatic,Petrol,Reconditioned,"9,000 km","Rs 33,250,000",26 Sep 11:02 pm,https://ikman.lk/en/ad/mini-countryman-2024-for-sale-kalutara
Kia,Seltos,2026,"1,500 cc",Tiptronic,Petrol,Brand New,0 km,"Rs 21,200,000",26 Sep 11:54 am,https://ikman.lk/en/ad/kia-seltos-gtx-line-2026-for-sale-colombo-2
Nissan,Dayz,2025,660 cc,Automatic,Hybrid,Reconditioned,"3,000 km","Rs 8,600,000",26 Sep 11:54 am,https://ikman.lk/en/ad/nissan-dayz-highway-star-2025-for-sale-colombo-63
Mazda,Carol,2023,660 cc,Automatic,Petrol,Reconditioned,"18,850 km","Rs 6,550,000",26 Sep 11:52 am,https://ikman.lk/en/ad/mazda-carol-gl-2023-for-sale-colombo-3
Toyota,Raize,2026,"1,200 cc",Automatic,Hybrid,Brand New,0 km,"Rs 14,495,000",26 Sep 11:52 am,https://ikman.lk/en/ad/toyota-raize-z-hybrid-modellista-2026-for-sale-colombo-19
Toyota,Raize,2026,"1,200 cc",Automatic,Hybrid,Brand New,0 km,"Rs 14,090,000",26 Sep 11:51 am,https://ikman.lk/en/ad/toyota-raize-z-hybrid-bsm-4-way-2026-for-sale-colombo-54
Audi,Q7,2017,"2,000 cc",Automatic,Petrol,Used,"95,000 km","Rs 24,500,000",26 Sep 11:49 am,https://ikman.lk/en/ad/audi-q7-2017-for-sale-gampaha-2
Nissan,Sunny,2004,"1,500 cc",Automatic,Petrol,Used,"198,000 km","Rs 4,825,000",26 Sep 11:49 am,https://ikman.lk/en/ad/nissan-sunny-fb-15-ex-saloon-2004-for-sale-kurunegala
Tata,Nano,2012,624 cc,Manual,Petrol,Used,"113,000 km","Rs 1,275,000",26 Sep 11:48 am,https://ikman.lk/en/ad/tata-nano-2012-for-sale-ratnapura-2
Mini,Cooper,1978,"1,300 cc",Manual,Petrol,Used,"75,000 km","Rs 2,500,000",26 Sep 11:47 am,https://ikman.lk/en/ad/mini-cooper-1978-for-sale-colombo
Mercedes Benz,C200,2019,"1,500 cc",Automatic,Petrol,Used,"70,000 km","Rs 22,270,000",26 Sep 11:47 am,https://ikman.lk/en/ad/mercedes-benz-c200-2019-for-sale-gampaha-98
MG,ZS,2026,"1,000 cc",Automatic,Petrol,Brand New,0 km,"Rs 12,989,000",26 Sep 11:46 am,https://ikman.lk/en/ad/mg-zs-mce-2026-for-sale-colombo-37
Suzuki,Celerio,2015,"1,000 cc",Automatic,Petrol,Used,"79,000 km","Rs 5,585,000",26 Sep 11:46 am,https://ikman.lk/en/ad/suzuki-celerio-2015-for-sale-colombo-1413
Mitsubishi,Montero,2012,"2,500 cc",Automatic,Diesel,Used,"173,000 km","Rs 11,800,000",26 Sep 11:46 am,https://ikman.lk/en/ad/mitsubishi-montero-sport-2012-for-sale-colombo-1781
Honda,CRV,2018,"1,500 cc",Automatic,Petrol,Used,"140,000 km","Rs 15,400,000",26 Sep 11:45 am,https://ikman.lk/en/ad/honda-crv-vti-lx-awd-2018-for-sale-colombo-2
Toyota,Yaris,2024,"1,000 cc",Automatic,Petrol,Reconditioned,"49,500 km","Rs 9,390,000",26 Sep 11:45 am,https://ikman.lk/en/ad/toyota-yaris-x-limited-360-camera-2024-for-sale-colombo-3
Honda,N-Van,2024,660 cc,Automatic,Petrol,Reconditioned,"5,700 km","Rs 7,390,000",26 Sep 11:54 am,https://ikman.lk/en/ad/honda-n-van-2024-for-sale-colombo-12
BMW,316i,2014,"1,600 cc",Automatic,Petrol,Reconditioned,"93,000 km","Rs 14,800,000",26 Sep 11:43 am,https://ikman.lk/en/ad/bmw-316i-m-sport-2014-for-sale-colombo-1
Toyota,Raize,2026,"1,200 cc",Automatic,Hybrid,Brand New,0 km,"Rs 14,300,000",26 Sep 11:43 am,https://ikman.lk/en/ad/toyota-raize-z-hybrid-2026-for-sale-colombo-120
Mercedes Benz,GLB,2024,"1,350 cc",Automatic,Petrol,Import,"5,000 km","Rs 34,500,000",26 Sep 11:43 am,https://ikman.lk/en/ad/mercedes-benz-glb-180-amg-line-2024-for-sale-colombo-2
Micro,Panda,2015,"1,000 cc",Manual,Petrol,Used,"114,000 km","Rs 2,980,000",26 Sep 11:40 am,https://ikman.lk/en/ad/micro-panda-2015-for-sale-puttalam-53
Toyota,Raize,2026,"1,200 cc",Automatic,Hybrid,Brand New,0 km,"Rs 14,075,000",26 Sep 11:39 am,https://ikman.lk/en/ad/toyota-raize-z-hybrid-bsm-4-way-2026-for-sale-colombo-53
Mazda,3,1989,"1,300 cc",Manual,Petrol,Used,"31,917 km","Rs 1,550,000",26 Sep 11:39 am,https://ikman.lk/en/ad/mazda-3-1989-for-sale-kurunegala
Honda,Vezel,2026,"1,500 cc",Automatic,Hybrid,Brand New,0 km,"Rs 20,200,000",26 Sep 11:39 am,https://ikman.lk/en/ad/honda-vezel-z-play-sunlight-2026-for-sale-colombo-6
Nissan,Roox,2024,660 cc,Automatic,Petrol,Reconditioned,"44,849 km","Rs 7,950,000",26 Sep 11:38 am,https://ikman.lk/en/ad/nissan-roox-2024-for-sale-colombo-27
Kia,Sorento,2012,"2,200 cc",Automatic,Diesel,Used,"160,000 km","Rs 9,750,000",26 Sep 11:38 am,https://ikman.lk/en/ad/kia-sorento-2012-for-sale-matara
Ford,Raptor Ranger,2025,"2,000 cc",Automatic,Diesel,Used,"7,300 km","Rs 33,000,000",26 Sep 4:12 pm,https://ikman.lk/en/ad/ford-raptor-ranger-2025-for-sale-kalutara-1
Toyota,Raize,2026,"1,200 cc",Automatic,Hybrid,Brand New,0 km,"Rs 14,100,000",26 Sep 8:49 pm,https://ikman.lk/en/ad/toyota-raize-z-4-way-apple-2026-for-sale-colombo-2
Toyota,Raize,2024,"1,200 cc",Automatic,Hybrid,Used,"4,925 km","Rs 13,095,000",26 Sep 9:51 am,https://ikman.lk/en/ad/toyota-raize-2024-for-sale-colombo-88
Kia,Sonet,2025,"1,000 cc",Automatic,Petrol,Used,"11,500 km","Rs 11,500,000",26 Sep 11:38 am,https://ikman.lk/en/ad/kia-sonet-gt-line-2025-for-sale-colombo-29
Toyota,Raize,2025,"1,200 cc",Automatic,Hybrid,Brand New,0 km,"Rs 14,000,000",26 Sep 11:37 am,https://ikman.lk/en/ad/toyota-raize-2025-for-sale-colombo-244
Micro,Panda,2015,"1,000 cc",Manual,Petrol,Used,"14,200 km","Rs 3,500,000",26 Sep 12:30 pm,https://ikman.lk/en/ad/micro-panda-2015-for-sale-kurunegala-86
Suzuki,Celerio,2019,998 cc,Automatic,Petrol,Used,"93,097 km","Rs 6,490,000",26 Sep 11:36 am,https://ikman.lk/en/ad/suzuki-celerio-x-2019-for-sale-colombo-3
Toyota,Roomy,2026,"1,000 cc",Automatic,Petrol,Brand New,0 km,"Rs 12,375,000",26 Sep 11:34 am,https://ikman.lk/en/ad/toyota-roomy-custom-gt-turbo-2026-for-sale-colombo-18
Toyota,Corolla,2005,"1,500 cc",Automatic,Petrol,Used,"246,000 km","Rs 6,190,000",26 Sep 11:33 am,https://ikman.lk/en/ad/toyota-corolla-121-xli-2005-for-sale-colombo
Micro,Panda,2015,997 cc,Manual,Petrol,Used,"36,627 km","Rs 3,690,000",26 Sep 11:33 am,https://ikman.lk/en/ad/micro-panda-2015-for-sale-colombo-1436
Toyota,Land Cruiser Sahara,2015,"4,600 cc",Automatic,Petrol,Used,"135,000 km","Rs 49,000,000",26 Sep 11:32 am,https://ikman.lk/en/ad/toyota-land-cruiser-sahara-zx-genuine-face-lift-2015-for-sale-colombo
Toyota,Yaris,2024,"1,000 cc",Automatic,Petrol,Reconditioned,"8,000 km","Rs 9,380,000",26 Sep 11:31 am,https://ikman.lk/en/ad/toyota-yaris-x-2024-for-sale-colombo-55
MG,ZS,2021,"1,000 cc",Automatic,Petrol,Used,"50,000 km","Rs 10,250,000",26 Sep 11:31 am,https://ikman.lk/en/ad/mg-zs-2021-for-sale-colombo-39
Suzuki,Wagon R FZ,2016,650 cc,Automatic,Petrol,Used,"106,039 km","Rs 6,175,000",26 Sep 11:30 am,https://ikman.lk/en/ad/suzuki-wagon-r-fz-safety-2016-for-sale-colombo-23
Toyota,Yaris,2026,"1,000 cc",Automatic,Petrol,Brand New,0 km,"Rs 10,975,000",26 Sep 11:30 am,https://ikman.lk/en/ad/toyota-yaris-led-version-2026-for-sale-ratnapura
Honda,Vezel,2025,"1,500 cc",Automatic,Petrol,Brand New,0 km,"Rs 18,200,000",26 Sep 11:27 am,https://ikman.lk/en/ad/honda-vezel-z-wirelessappleplay-2025-for-sale-gampaha
Mitsubishi,Xpander,2025,"1,500 cc",Automatic,Petrol,Used,"24,000 km","Rs 18,300,000",26 Sep 11:48 am,https://ikman.lk/en/ad/mitsubishi-xpander-cross-2025-for-sale-colombo-2
Toyota,Raize,2026,"1,000 cc",Automatic,Petrol,Brand New,0 km,"Rs 13,290,000",26 Sep 11:27 am,https://ikman.lk/en/ad/toyota-raize-z-auto-parking-bsm-2026-for-sale-colombo-12
Honda,Vezel,2026,"1,500 cc",Automatic,Hybrid,Brand New,0 km,"Rs 19,150,000",26 Sep 11:26 am,https://ikman.lk/en/ad/honda-vezel-z-premium-sunshine-2026-for-sale-colombo-8
Toyota,Hilux,2024,"2,800 cc",Tiptronic,Diesel,Used,"10,000 km","Rs 27,975,000",26 Sep 11:26 am,https://ikman.lk/en/ad/toyota-hilux-gr-sport-thailand-2024-for-sale-colombo
Subaru,XV,2020,"1,600 cc",Tiptronic,Petrol,Used,"118,000 km","Rs 12,500,000",26 Sep 11:25 am,https://ikman.lk/en/ad/subaru-xv-petrol-only-2020-for-sale-colombo
Suzuki,Wagon R Stingray,2014,660 cc,Automatic,Petrol,Used,"85,541 km","Rs 5,850,000",26 Sep 12:35 pm,https://ikman.lk/en/ad/suzuki-wagon-r-stingray-2014-for-sale-colombo-2581
Suzuki,Vitara,2019,"1,000 cc",Tiptronic,Petrol,Used,"95,500 km","Rs 9,295,000",26 Sep 1:40 pm,https://ikman.lk/en/ad/suzuki-vitara-sports-2019-for-sale-colombo-6
Suzuki,Swift,2017,"1,000 cc",Automatic,Petrol,Used,"108,000 km","Rs 7,990,000",26 Sep 11:24 am,https://ikman.lk/en/ad/suzuki-swift-rs-2017-for-sale-gampaha-176
Toyota,Allion,2016,"1,500 cc",Automatic,Petrol,Used,"111,000 km","Rs 13,500,000",26 Sep 11:23 am,https://ikman.lk/en/ad/toyota-allion-2016-for-sale-colombo-256
Land Rover,Discovery Sport,2017,"2,000 cc",Automatic,Diesel,Used,"139,000 km","Rs 17,900,000",26 Sep 11:23 am,https://ikman.lk/en/ad/land-rover-discovery-sport-2017-for-sale-colombo-18
Honda,Civic,2025,"1,500 cc",Manual,Petrol,Brand New,0 km,"Rs 22,800,000",26 Sep 11:23 am,https://ikman.lk/en/ad/honda-civic-rs-2025-for-sale-colombo
Toyota,Rush,2019,"1,500 cc",Automatic,Petrol,Used,"104,500 km","Rs 11,675,000",26 Sep 11:23 am,https://ikman.lk/en/ad/toyota-rush-2019-for-sale-colombo-10
BMW,X1,2011,"2,000 cc",Automatic,Diesel,Used,"340,000 km","Rs 8,400,000",24 Sep 11:46 am,https://ikman.lk/en/ad/bmw-x1-2011-for-sale-gampaha-81
Toyota,Vitz,2007,"1,000 cc",Automatic,Petrol,Used,"114,777 km","Rs 5,900,000",20 Sep 1:41 pm,https://ikman.lk/en/ad/toyota-vitz-2007-for-sale-ampara-6
Daihatsu,Mira,2024,660 cc,Automatic,Petrol,Reconditioned,"7,651 km","Rs 6,595,000",21 Sep 4:19 pm,https://ikman.lk/en/ad/daihatsu-mira-2024-for-sale-gampaha-52
Suzuki,Wagon R,2014,650 cc,Automatic,Petrol,Used,"139,322 km","Rs 62,750,000",26 Sep 11:22 am,https://ikman.lk/en/ad/suzuki-wagon-r-2014-for-sale-colombo-1882
Audi,Q2,2017,"1,000 cc",Automatic,Petrol,Used,"68,000 km","Rs 11,500,000",26 Sep 11:22 am,https://ikman.lk/en/ad/audi-q2-2017-for-sale-colombo-422
Mercedes Benz,E200,2004,"1,795 cc",Automatic,Petrol,Used,"170,000 km","Rs 7,600,000",26 Sep 11:21 am,https://ikman.lk/en/ad/mercedes-benz-e200-2004-for-sale-colombo-7
Suzuki,Swift,2024,"1,200 cc",Automatic,Hybrid,Used,"19,000 km","Rs 11,550,000",26 Sep 11:21 am,https://ikman.lk/en/ad/suzuki-swift-mz-highest-package-2024-for-sale-colombo-1
Toyota,Avanza,2012,"1,300 cc",Automatic,Petrol,Used,"220,000 km","Rs 7,000,000",26 Sep 11:21 am,https://ikman.lk/en/ad/toyota-avanza-7-seater-2012-for-sale-colombo
Toyota,Hilux,2026,"2,800 cc",Automatic,Diesel,Brand New,0 km,"Rs 31,200,000",26 Sep 11:21 am,https://ikman.lk/en/ad/toyota-hilux-travo-overland-plus-2026-for-sale-colombo-243
Nissan,X-Trail,2016,"2,000 cc",Automatic,Hybrid,Used,"167,000 km","Rs 9,475,000",26 Sep 11:21 am,https://ikman.lk/en/ad/nissan-x-trail-special-edition-2016-for-sale-colombo
Toyota,Raize,2026,"1,000 cc",Automatic,Petrol,Brand New,0 km,"Rs 13,275,000",26 Sep 11:20 am,https://ikman.lk/en/ad/toyota-raize-z-auto-parking-bsm-2026-for-sale-colombo-11
Daihatsu,Mira,2025,650 cc,Automatic,Petrol,Reconditioned,"6,800 km","Rs 6,965,000",26 Sep 11:20 am,https://ikman.lk/en/ad/daihatsu-mira-x-limited-2025-for-sale-colombo-87
Suzuki,Alto,2007,800 cc,Manual,Petrol,Used,"122,500 km","Rs 3,300,000",26 Sep 11:19 am,https://ikman.lk/en/ad/suzuki-alto-2007-for-sale-badulla-79
MG,ZS,2025,999 cc,Automatic,Petrol,Used,"15,800 km","Rs 11,280,000",26 Sep 1:54 pm,https://ikman.lk/en/ad/mg-zs-mce-2025-for-sale-colombo-74
Suzuki,Baleno,2019,"1,000 cc",Automatic,Petrol,Used,"225,454 km","Rs 7,400,000",26 Sep 11:17 am,https://ikman.lk/en/ad/suzuki-baleno-2019-for-sale-colombo-97
Toyota,Raize,2026,"1,000 cc",Automatic,Petrol,Brand New,0 km,"Rs 13,350,000",26 Sep 11:17 am,https://ikman.lk/en/ad/toyota-raize-z-bsm-brand-new-2026-for-sale-colombo-3
Mitsubishi,Montero,2001,"3,200 cc",Tiptronic,Diesel,Used,"285,000 km","Rs 13,950,000",26 Sep 11:17 am,https://ikman.lk/en/ad/mitsubishi-montero-2001-for-sale-gampaha-357
Toyota,CHR,2023,"1,200 cc",Automatic,Petrol,Reconditioned,"12,000 km","Rs 16,450,000",26 Sep 11:15 am,https://ikman.lk/en/ad/toyota-chr-2023-for-sale-gampaha-4
Toyota,Vitz,2017,"1,000 cc",Manual,Petrol,Used,"87,000 km","Rs 8,200,000",26 Sep 11:14 am,https://ikman.lk/en/ad/toyota-vitz-2017-for-sale-kegalle-5
Toyota,Aqua,2014,"1,496 cc",Automatic,Hybrid,Used,"124,387 km","Rs 7,990,000",26 Sep 11:14 am,https://ikman.lk/en/ad/toyota-aqua-2014-for-sale-colombo-3474
Toyota,Raize,2026,"1,000 cc",Automatic,Petrol,Brand New,0 km,"Rs 13,075,000",26 Sep 11:14 am,https://ikman.lk/en/ad/toyota-raize-z-bsm-4-way-camera-2026-for-sale-colombo-11
Land Rover,Range Rover Sport,2013,"3,000 cc",Automatic,Diesel,Used,"112,000 km","Rs 27,500,000",26 Sep 11:13 am,https://ikman.lk/en/ad/land-rover-range-sport-sdv6-2013-for-sale-gampaha
Mitsubishi,L200,2007,"2,477 cc",Automatic,Diesel,Used,"194,075 km","Rs 9,100,000",26 Sep 11:12 am,https://ikman.lk/en/ad/mitsubishi-l200-full-option-2007-for-sale-gampaha
Nissan,Serena,2026,"1,400 cc",Automatic,Hybrid,Brand New,0 km,"Rs 23,450,000",26 Sep 11:12 am,https://ikman.lk/en/ad/nissan-serena-e-power-highway-star-2026-for-sale-colombo-1
Land Rover,Defender,2026,"2,000 cc",Automatic,Hybrid,Brand New,0 km,"Rs 88,500,000",26 Sep 11:12 am,https://ikman.lk/en/ad/land-rover-defender-p300e-x-dynamic-hse-2026-for-sale-colombo-7
Toyota,Raize,2026,"1,200 cc",Automatic,Hybrid,Brand New,0 km,"Rs 13,975,000",26 Sep 11:12 am,https://ikman.lk/en/ad/toyota-raize-z-hybrid-2026-for-sale-colombo-126
DFSK,Glory,2022,"1,498 cc",Automatic,Petrol,Used,"42,957 km","Rs 7,990,000",26 Sep 11:10 am,https://ikman.lk/en/ad/dfsk-glory-580-2022-for-sale-colombo-7
Toyota,Raize,2026,"1,000 cc",Automatic,Petrol,Brand New,0 km,"Rs 12,890,000",26 Sep 11:10 am,https://ikman.lk/en/ad/toyota-raize-z-bsm-4-way-camera-2026-for-sale-colombo-10
Mercedes Benz,W123,1977,"1,900 cc",Manual,Diesel,Used,"104,092 km","Rs 1,850,000",09 Sep 12:59 pm,https://ikman.lk/en/ad/mercedes-benz-w123-1977-for-sale-gampaha
Suzuki,Wagon R Stingray,2018,650 cc,Automatic,Hybrid,Used,"69,000 km","Rs 7,290,000",26 Sep 4:36 pm,https://ikman.lk/en/ad/suzuki-wagon-r-stingray-2018-for-sale-colombo-4047
Mercedes Benz,GLB,2025,"1,300 cc",Automatic,Petrol,Brand New,0 km,"Rs 39,500,000",26 Sep 12:23 pm,https://ikman.lk/en/ad/mercedes-benz-glb-180-amg-premium-plus-2025-for-sale-colombo-45
Chery,QQ,2006,14 cc,Manual,Petrol,Used,"100,000 km","Rs 1,650,000",26 Sep 11:10 am,https://ikman.lk/en/ad/chery-qq-2006-for-sale-colombo-832
Kia,Seltos,2026,"1,500 cc",Automatic,Petrol,Brand New,0 km,"Rs 19,790,000",26 Sep 11:09 am,https://ikman.lk/en/ad/kia-seltos-blind-spot-modle-2026-for-sale-colombo-3
Suzuki,Every,2026,660 cc,Automatic,Petrol,Brand New,0 km,"Rs 9,290,000",26 Sep 1:53 pm,https://ikman.lk/en/ad/suzuki-every-join-new-f-lift-da18-2026-for-sale-colombo-4
Toyota,Roomy,2024,"1,000 cc",Automatic,Petrol,Import,"42,200 km","Rs 9,690,000",26 Sep 11:07 am,https://ikman.lk/en/ad/toyota-roomy-g-limited-grade-2024-for-sale-colombo-3
Toyota,Taisor,2026,"1,000 cc",Automatic,Petrol,Brand New,0 km,"Rs 11,250,000",26 Sep 11:06 am,https://ikman.lk/en/ad/toyota-taisor-v-grade-highest-spec-2026-for-sale-colombo-187
Mercedes Benz,GLE 300D,2020,"2,000 cc",Automatic,Diesel,Used,"30,000 km","Rs 44,000,000",26 Sep 11:06 am,https://ikman.lk/en/ad/mercedes-benz-gle-300d-amg-premium-plus-2020-for-sale-colombo-12
Suzuki,Wagon R,2026,660 cc,Automatic,Petrol,Brand New,3 km,"Rs 8,375,000",26 Sep 11:06 am,https://ikman.lk/en/ad/suzuki-wagon-r-face-lift-zl-2026-for-sale-colombo
MG,ZS,2018,999 cc,Automatic,Petrol,Used,"79,284 km","Rs 8,650,000",26 Sep 11:04 am,https://ikman.lk/en/ad/mg-zs-2018-for-sale-colombo-801
Honda,Vezel,2026,"1,500 cc",Automatic,Hybrid,Import,0 km,"Rs 17,975,000",26 Sep 11:04 am,https://ikman.lk/en/ad/honda-vezel-2026-for-sale-colombo-94
Kia,Picanto,2017,"1,000 cc",Automatic,Petrol,Used,"127,892 km","Rs 5,900,000",26 Sep 11:03 am,https://ikman.lk/en/ad/kia-picanto-2017-for-sale-colombo-280
Toyota,Premio,2019,"1,500 cc",Automatic,Petrol,Used,"127,000 km","Rs 16,350,000",26 Sep 3:33 pm,https://ikman.lk/en/ad/toyota-premio-g-superior-nzt-260-2019-for-sale-colombo-3
Hyundai,Venue,2026,"1,000 cc",Automatic,Petrol,Brand New,0 km,"Rs 12,450,000",26 Sep 11:02 am,https://ikman.lk/en/ad/hyundai-venue-n-line-10-top-spec-2026-for-sale-colombo-3
Toyota,Axio,2015,"1,490 cc",Automatic,Petrol,Used,"156,018 km","Rs 10,200,000",26 Sep 11:01 am,https://ikman.lk/en/ad/toyota-axio-2015-for-sale-colombo-1876
Suzuki,Baleno,2016,"1,200 cc",Automatic,Petrol,Used,"92,165 km","Rs 7,900,000",26 Sep 11:01 am,https://ikman.lk/en/ad/suzuki-baleno-2016-for-sale-colombo-295
Honda,Vezel,2023,"1,500 cc",Automatic,Hybrid,Reconditioned,"5,200 km","Rs 18,850,000",26 Sep 11:01 am,https://ikman.lk/en/ad/honda-vezel-wu-xian-mugen-edition-2023-for-sale-colombo
Mercedes Benz,GLB,2025,"1,300 cc",Automatic,Petrol,Brand New,0 km,"Rs 43,550,000",26 Sep 11:01 am,https://ikman.lk/en/ad/mercedes-benz-glb-200-amg-premium-plus-2025-for-sale-colombo-26
BMW,318i,2019,"1,500 cc",Tiptronic,Petrol,Used,"35,000 km","Rs 18,500,000",26 Sep 11:01 am,https://ikman.lk/en/ad/bmw-318i-m-sport-2019-for-sale-colombo-6
Kia,Sorento,2011,"2,200 cc",Automatic,Diesel,Used,"162,500 km","Rs 9,500,000",26 Sep 11:01 am,https://ikman.lk/en/ad/kia-sorento-2011-for-sale-colombo-1305
Zotye,Nomad,2012,"1,500 cc",Manual,Petrol,Used,"102,000 km","Rs 3,650,000",26 Sep 11:00 am,https://ikman.lk/en/ad/zotye-nomad-2-2012-for-sale-galle
Toyota,Yaris,2026,"1,000 cc",Automatic,Petrol,Brand New,0 km,"Rs 11,475,000",26 Sep 10:59 am,https://ikman.lk/en/ad/toyota-yaris-g-led-4-way-cam-bsm-2026-for-sale-colombo-26
Nissan,X-Trail,2015,"2,000 cc",Automatic,Hybrid,Used,"128,000 km","Rs 9,700,000",26 Sep 10:59 am,https://ikman.lk/en/ad/nissan-x-trail-2015-for-sale-colombo-1526
Daihatsu,Boon,2017,990 cc,Automatic,Petrol,Used,"85,488 km","Rs 85,488",26 Sep 10:58 am,https://ikman.lk/en/ad/daihatsu-boon-2017-for-sale-colombo-22
Toyota,Prius,2012,"1,800 cc",Automatic,Hybrid,Used,"161,000 km","Rs 10,600,000",26 Sep 10:58 am,https://ikman.lk/en/ad/toyota-prius-3rd-generation-2012-for-sale-gampaha
Honda,Grace,2015,"1,500 cc",Automatic,Hybrid,Used,"130,000 km","Rs 8,875,000",26 Sep 10:57 am,https://ikman.lk/en/ad/honda-grace-ex-2015-for-sale-gampaha-185
Perodua,Bezza,2025,998 cc,Automatic,Petrol,Used,"17,487 km","Rs 8,795,000",26 Sep 10:56 am,https://ikman.lk/en/ad/perodua-bezza-2025-for-sale-colombo-32
Hyundai,Accent,2012,"1,591 cc",Automatic,Petrol,Used,"185,000 km","Rs 5,200,000",26 Sep 1:24 pm,https://ikman.lk/en/ad/hyundai-accent-gls-2012-for-sale-colombo
Toyota,Raize,2026,"1,200 cc",Automatic,Hybrid,Used,0 km,"Rs 14,300,000",26 Sep 6:55 am,https://ikman.lk/en/ad/toyota-raize-z-hybrid-2026-for-sale-colombo-117
BMW,520d,2012,"2,000 cc",Tiptronic,Diesel,Used,"77,000 km","Rs 18,250,000",24 Sep 12:17 pm,https://ikman.lk/en/ad/bmw-520d-diesel-2012-for-sale-colombo-17
Toyota,Yaris,2026,"1,000 cc",Automatic,Petrol,Brand New,0 km,"Rs 11,450,000",26 Sep 10:56 am,https://ikman.lk/en/ad/toyota-yaris-g-led-4-way-cam-bsm-2026-for-sale-colombo-25
Suzuki,Wagon R FX,2025,660 cc,Automatic,Petrol,Reconditioned,"3,000 km","Rs 7,890,000",26 Sep 10:55 am,https://ikman.lk/en/ad/suzuki-wagon-r-fx-2025-for-sale-colombo-94
Toyota,Sienta,2018,"1,500 cc",Automatic,Petrol,Used,"149,000 km","Rs 13,375,000",26 Sep 10:54 am,https://ikman.lk/en/ad/toyota-sienta-2018-for-sale-colombo-6
Mitsubishi,Montero,2012,"2,500 cc",Automatic,Diesel,Used,"110,000 km","Rs 14,475,000",26 Sep 10:54 am,https://ikman.lk/en/ad/mitsubishi-montero-sport-2012-for-sale-colombo-1780
Toyota,Aqua,2012,"1,490 cc",Automatic,Petrol,Used,"128,958 km","Rs 7,690,000",26 Sep 10:54 am,https://ikman.lk/en/ad/toyota-aqua-2012-for-sale-colombo-6433
Mercedes Benz,CLA 180,2020,"1,400 cc",Automatic,Hybrid,Used,"33,600 km","Rs 22,450,000",26 Sep 10:54 am,https://ikman.lk/en/ad/mercedes-benz-cla-180-amg-line-2020-for-sale-kalutara-22
Toyota,Raize,2026,"1,000 cc",Automatic,Petrol,Brand New,0 km,"Rs 12,975,000",26 Sep 10:54 am,https://ikman.lk/en/ad/toyota-raize-z-highest-grade-2026-for-sale-colombo-1
Nissan,Almera,2025,"1,000 cc",Automatic,Petrol,Used,"13,000 km","Rs 11,775,000",26 Sep 10:53 am,https://ikman.lk/en/ad/nissan-almera-premium-vl-grade-2025-for-sale-colombo
Toyota,Yaris,2026,"1,000 cc",Automatic,Petrol,Brand New,0 km,"Rs 10,575,000",26 Sep 10:53 am,https://ikman.lk/en/ad/toyota-yaris-x-limited-brand-new-2026-for-sale-colombo-7
Micro,Kyron,2008,"1,998 cc",Automatic,Diesel,Used,"237,000 km","Rs 5,475,000",26 Sep 10:52 am,https://ikman.lk/en/ad/micro-kyron-2008-for-sale-colombo-1177
Tata,Nexon,2018,"1,200 cc",Tiptronic,Petrol,Used,"101,000 km","Rs 6,300,000",26 Sep 10:52 am,https://ikman.lk/en/ad/tata-nexon-xza-2018-for-sale-kandy-3
Daihatsu,Mira,2025,660 cc,Automatic,Petrol,Brand New,0 km,"Rs 7,000,000",26 Sep 10:52 am,https://ikman.lk/en/ad/daihatsu-mira-x-grade-limited-2025-for-sale-colombo-1
Toyota,Raize,2026,"1,200 cc",Automatic,Hybrid,Brand New,0 km,"Rs 14,090,000",26 Sep 10:52 am,https://ikman.lk/en/ad/toyota-raize-blacktop-bsm-2026-for-sale-colombo-5
Toyota,Vitz,2015,"1,000 cc",Automatic,Petrol,Used,"70,000 km","Rs 7,400,000",26 Sep 10:52 am,https://ikman.lk/en/ad/toyota-vitz-2015-for-sale-colombo-1876
Daihatsu,Mira,2026,660 cc,Automatic,Petrol,Brand New,300 km,"Rs 7,690,000",26 Sep 10:52 am,https://ikman.lk/en/ad/daihatsu-mira-g-highest-grade-2026-for-sale-colombo-2
Suzuki,Wagon R ZX,2026,650 cc,Automatic,Hybrid,Brand New,0 km,"Rs 9,175,000",26 Sep 10:51 am,https://ikman.lk/en/ad/suzuki-wagon-r-zx-custom-4-way-camera-2026-for-sale-colombo-14
Honda,Vezel,2020,"1,500 cc",Automatic,Hybrid,Used,"48,000 km","Rs 12,775,000",26 Sep 10:50 am,https://ikman.lk/en/ad/honda-vezel-rs-2020-for-sale-colombo-12
Toyota,Yaris,2023,996 cc,Automatic,Petrol,Used,"44,000 km","Rs 8,600,000",26 Sep 11:04 am,https://ikman.lk/en/ad/toyota-yaris-2023-for-sale-gampaha-44
Toyota,Raize,2026,"1,200 cc",Automatic,Hybrid,Brand New,0 km,"Rs 13,985,000",26 Sep 1:54 pm,https://ikman.lk/en/ad/toyota-raize-z-grade-4-way-bsm-2026-for-sale-colombo-31
Toyota,Hilux,2023,"2,390 cc",Automatic,Diesel,Used,"9,000 km","Rs 22,500,000",26 Sep 10:50 am,https://ikman.lk/en/ad/toyota-hilux-2023-for-sale-gampaha
Suzuki,Wagon R ZX,2026,650 cc,Automatic,Hybrid,Brand New,0 km,"Rs 9,150,000",26 Sep 10:49 am,https://ikman.lk/en/ad/suzuki-wagon-r-zx-custom-4-way-camera-2026-for-sale-colombo-13
Toyota,Land Cruiser Sahara,2016,"4,500 cc",Automatic,Diesel,Brand New,"115,000 km","Rs 69,000,000",26 Sep 10:49 am,https://ikman.lk/en/ad/toyota-land-cruiser-sahara-vx-v8-2016-for-sale-colombo-10
Toyota,Vitz,2019,"1,000 cc",Automatic,Petrol,Used,"91,000 km","Rs 7,950,000",26 Sep 10:49 am,https://ikman.lk/en/ad/toyota-vitz-2019-for-sale-colombo-405
Nissan,Dayz,2026,650 cc,Automatic,Hybrid,Brand New,0 km,"Rs 8,975,000",26 Sep 10:48 am,https://ikman.lk/en/ad/nissan-dayz-highwaystar-propilot-2026-for-sale-colombo-27
Suzuki,Wagon R FX,2025,660 cc,Automatic,Hybrid,Brand New,0 km,"Rs 8,290,000",26 Sep 10:48 am,https://ikman.lk/en/ad/suzuki-wagon-r-fx-safty-limited-hybrid-2025-for-sale-colombo-1
Honda,Vezel,2014,"1,500 cc",Automatic,Hybrid,Used,"180,000 km","Rs 9,075,000",22 Sep 10:29 am,https://ikman.lk/en/ad/honda-vezel-z-grade-2014-for-sale-colombo-2393
Honda,Vezel,2026,"1,496 cc",Automatic,Hybrid,Brand New,0 km,"Rs 19,000,000",25 Sep 11:38 am,https://ikman.lk/en/ad/honda-vezel-z-premium-2026-for-sale-gampaha-150
Mercedes Benz,GLB,2025,"1,300 cc",Automatic,Petrol,Brand New,0 km,"Rs 39,500,000",26 Sep 12:23 pm,https://ikman.lk/en/ad/mercedes-benz-glb-180-amg-premium-plus-2025-for-sale-colombo-45
DFSK,Glory,2022,"1,500 cc",Automatic,Petrol,Used,"45,000 km","Rs 9,450,000",26 Sep 10:47 am,https://ikman.lk/en/ad/dfsk-glory-i-2022-for-sale-colombo
Honda,Vezel,2014,"1,500 cc",Automatic,Hybrid,Used,"138,000 km","Rs 9,250,000",26 Sep 10:47 am,https://ikman.lk/en/ad/honda-vezel-z-orange-gold-badge-2014-for-sale-kegalle
Toyota,Axio,2020,"1,500 cc",Automatic,Petrol,Used,"108,500 km","Rs 11,650,000",26 Sep 10:47 am,https://ikman.lk/en/ad/toyota-axio-2020-for-sale-colombo-96
Honda,Vezel,2026,"1,500 cc",Automatic,Hybrid,Brand New,250 km,"Rs 18,300,000",26 Sep 10:46 am,https://ikman.lk/en/ad/honda-vezel-zero-milage-2026-for-sale-gampaha-5
Jaguar,XF,2013,"2,000 cc",Automatic,Diesel,Used,"121,000 km","Rs 13,200,000",26 Sep 10:46 am,https://ikman.lk/en/ad/jaguar-xf-2013-for-sale-kandy
Perodua,Bezza,2025,"1,000 cc",Automatic,Petrol,Used,"16,000 km","Rs 8,275,000",26 Sep 10:46 am,https://ikman.lk/en/ad/perodua-bezza-2025-for-sale-colombo-31
Honda,Fit,2018,"1,500 cc",Automatic,Hybrid,Used,"79,100 km","Rs 8,990,000",26 Sep 10:45 am,https://ikman.lk/en/ad/honda-fit-gp5-2018-for-sale-colombo-57
Suzuki,Swift,2018,"1,000 cc",Automatic,Petrol,Used,"74,200 km","Rs 8,275,000",26 Sep 10:45 am,https://ikman.lk/en/ad/suzuki-swift-rs-2018-for-sale-colombo-169
Honda,Vezel,2026,"1,500 cc",Automatic,Hybrid,Brand New,0 km,"Rs 18,890,000",26 Sep 10:44 am,https://ikman.lk/en/ad/honda-vezel-z-2026-for-sale-colombo-73
Honda,CRV,2019,"1,500 cc",Automatic,Petrol,Used,"70,000 km","Rs 14,975,000",26 Sep 10:44 am,https://ikman.lk/en/ad/honda-crv-sunroof-7-seater-2019-for-sale-colombo-59
Toyota,Prius,2014,"1,800 cc",Automatic,Petrol,Used,"111,200 km","Rs 10,450,000",26 Sep 10:43 am,https://ikman.lk/en/ad/toyota-prius-g-grade-2014-for-sale-colombo-31
Toyota,Yaris,2025,"1,000 cc",Automatic,Petrol,Import,"5,000 km","Rs 10,990,000",26 Sep 10:43 am,https://ikman.lk/en/ad/toyota-yaris-g-led-package-2025-for-sale-colombo-2
Nissan,Dayz,2025,660 cc,Automatic,Hybrid,Reconditioned,"7,000 km","Rs 8,675,000",26 Sep 10:43 am,https://ikman.lk/en/ad/nissan-dayz-highway-star-2025-for-sale-colombo-58
Suzuki,Alto,2024,660 cc,Automatic,Petrol,Reconditioned,"5,500 km","Rs 6,595,000",26 Sep 10:43 am,https://ikman.lk/en/ad/suzuki-alto-l-safety-2024-for-sale-colombo-16
Toyota,Raize,2024,"1,200 cc",Automatic,Hybrid,Reconditioned,"17,000 km","Rs 12,850,000",26 Sep 10:43 am,https://ikman.lk/en/ad/toyota-raize-z-hybrid-2024-for-sale-colombo-53
Honda,Vezel,2026,"1,500 cc",Automatic,Hybrid,Used,800 km,"Rs 17,250,000",26 Sep 10:54 am,https://ikman.lk/en/ad/honda-vezel-x-hunt-4-way-2026-for-sale-colombo
Honda,CRV,2019,"1,500 cc",Automatic,Petrol,Used,"62,000 km","Rs 17,500,000",26 Sep 10:42 am,https://ikman.lk/en/ad/honda-crv-masterpiece-japan-2019-for-sale-kurunegala
Toyota,Prius,2016,"1,800 cc",Automatic,Petrol,Used,"110,000 km","Rs 10,450,000",26 Sep 10:41 am,https://ikman.lk/en/ad/toyota-prius-2016-for-sale-colombo-401
Toyota,Raize,2026,"1,200 cc",Automatic,Hybrid,Brand New,20 km,"Rs 14,150,000",26 Sep 10:41 am,https://ikman.lk/en/ad/toyota-raize-z-grade-hybrid-2026-for-sale-colombo-92
Suzuki,Spacia,2025,660 cc,Automatic,Hybrid,Import,"4,000 km","Rs 10,000,000",26 Sep 10:41 am,https://ikman.lk/en/ad/suzuki-spacia-custom-xs-2025-for-sale-colombo-38
Honda,Vezel,2025,"1,490 cc",Automatic,Hybrid,Used,"25,000 km","Rs 16,975,000",26 Sep 10:44 am,https://ikman.lk/en/ad/honda-vezel-z-grade-4way-camera-2025-for-sale-colombo-5
Toyota,Yaris,2023,"1,000 cc",Automatic,Petrol,Used,"7,700 km","Rs 9,250,000",26 Sep 10:40 am,https://ikman.lk/en/ad/toyota-yaris-sensing-2023-for-sale-colombo-15
Toyota,Yaris,2024,"1,000 cc",Automatic,Petrol,Reconditioned,"14,000 km","Rs 9,375,000",26 Sep 10:40 am,https://ikman.lk/en/ad/toyota-yaris-low-mileage-2024-for-sale-colombo
Toyota,Axio,2020,"1,500 cc",Automatic,Hybrid,Used,"138,100 km","Rs 12,275,000",26 Sep 10:40 am,https://ikman.lk/en/ad/toyota-axio-2020-for-sale-colombo-95
Toyota,Allion,2013,"1,500 cc",Automatic,Petrol,Used,"160,000 km","Rs 9,650,000",26 Sep 10:39 am,https://ikman.lk/en/ad/toyota-allion-2013-for-sale-colombo-638
Daihatsu,Mira,2024,660 cc,Automatic,Petrol,Reconditioned,"3,255 km","Rs 6,590,000",26 Sep 10:35 am,https://ikman.lk/en/ad/daihatsu-mira-l-sa3-2024-for-sale-gampaha-14
Suzuki,Alto,2015,800 cc,Manual,Petrol,Used,"69,000 km","Rs 4,275,000",26 Sep 9:41 pm,https://ikman.lk/en/ad/suzuki-alto-2015-for-sale-gampaha-4907
Jaguar,X-Type,2000,"2,500 cc",Automatic,Petrol,Used,"115,000 km","Rs 5,400,000",24 Sep 5:21 pm,https://ikman.lk/en/ad/jaguar-x-type-2000-for-sale-colombo
Suzuki,Wagon R Stingray,2016,650 cc,Automatic,Hybrid,Used,"119,857 km","Rs 6,250,000",26 Sep 10:38 am,https://ikman.lk/en/ad/suzuki-wagon-r-stingray-2016-for-sale-colombo-524
Nissan,Magnite,2025,"1,000 cc",Automatic,Petrol,Used,"9,000 km","Rs 7,575,000",26 Sep 10:37 am,https://ikman.lk/en/ad/nissan-magnite-acenta-ez-shift-2025-for-sale-colombo-1
Honda,CRV,2019,"1,500 cc",Automatic,Petrol,Used,"67,000 km","Rs 14,975,000",26 Sep 10:37 am,https://ikman.lk/en/ad/honda-crv-sunroof-7-seater-2019-for-sale-kalutara-14
Toyota,Raize,2026,"1,200 cc",Automatic,Hybrid,Brand New,0 km,"Rs 14,000,000",26 Sep 10:37 am,https://ikman.lk/en/ad/toyota-raize-hybrid-z-bsm-2026-for-sale-colombo-8
Daihatsu,Mira,2026,650 cc,Automatic,Petrol,Brand New,0 km,"Rs 7,700,000",26 Sep 10:37 am,https://ikman.lk/en/ad/daihatsu-mira-g-grade-2026-for-sale-colombo-37
Hyundai,Venue,2026,"1,000 cc",Automatic,Petrol,Brand New,0 km,"Rs 12,890,000",26 Sep 10:39 am,https://ikman.lk/en/ad/hyundai-venue-n-line-n10-sunroof-2026-for-sale-colombo-19
Suzuki,Every,2024,660 cc,Automatic,Petrol,Reconditioned,"9,000 km","Rs 7,490,000",26 Sep 10:51 am,https://ikman.lk/en/ad/suzuki-every-pa-safety-2024-for-sale-colombo-1
Honda,Vezel,2017,"1,500 cc",Automatic,Hybrid,Used,"89,000 km","Rs 11,875,000",26 Sep 10:36 am,https://ikman.lk/en/ad/honda-vezel-rs-2017-for-sale-colombo-910
Toyota,Premio,2011,"1,500 cc",Automatic,Petrol,Reconditioned,"162,000 km","Rs 9,075,000",26 Sep 10:35 am,https://ikman.lk/en/ad/toyota-premio-260-2011-for-sale-colombo-13
Honda,Grace,2017,"1,500 cc",Automatic,Hybrid,Used,"91,200 km","Rs 9,975,000",26 Sep 10:35 am,https://ikman.lk/en/ad/honda-grace-2017-for-sale-kalutara-11
Tata,Indica,2015,"1,198 cc",Manual,Petrol,Used,"104,344 km","Rs 2,990,000",26 Sep 10:35 am,https://ikman.lk/en/ad/tata-indica-2015-for-sale-colombo-246
Daihatsu,Mira,2025,650 cc,Automatic,Petrol,Brand New,0 km,"Rs 7,275,000",26 Sep 10:34 am,https://ikman.lk/en/ad/daihatsu-mira-es-x-limited-sa3-2025-for-sale-colombo-28
Honda,Vezel,2026,"1,500 cc",Automatic,Hybrid,Brand New,0 km,"Rs 19,300,000",26 Sep 10:33 am,https://ikman.lk/en/ad/honda-vezel-z-premium-sunlight-2026-for-sale-gampaha-15
Toyota,Harrier,2017,"2,000 cc",Tiptronic,Petrol,Used,"37,700 km","Rs 21,750,000",26 Sep 10:33 am,https://ikman.lk/en/ad/toyota-harrier-2017-for-sale-colombo-248
Honda,Vezel,2017,"1,500 cc",Automatic,Hybrid,Used,"89,000 km","Rs 11,675,000",26 Sep 10:33 am,https://ikman.lk/en/ad/honda-vezel-rs-2017-for-sale-colombo-903
Toyota,Rush,2018,"1,500 cc",Automatic,Petrol,Used,"134,500 km","Rs 11,850,000",26 Sep 10:33 am,https://ikman.lk/en/ad/toyota-rush-2018-brand-new-for-sale-gampaha-1
Toyota,Roomy,2024,"1,000 cc",Automatic,Petrol,Import,"19,600 km","Rs 9,290,000",26 Sep 10:33 am,https://ikman.lk/en/ad/toyota-roomy-x-push-start-2024-for-sale-colombo-4
Toyota,Land Cruiser Prado,2025,"2,700 cc",Automatic,Petrol,Brand New,0 km,"Rs 62,000,000",26 Sep 10:33 am,https://ikman.lk/en/ad/toyota-land-cruiser-prado-first-edition-2025-for-sale-colombo-3
Toyota,Roomy,2023,"1,000 cc",Automatic,Petrol,Reconditioned,"8,000 km","Rs 9,800,000",26 Sep 10:31 am,https://ikman.lk/en/ad/toyota-roomy-custom-g-gt-2023-for-sale-colombo
Mercedes Benz,S300,2015,"2,200 cc",Automatic,Diesel,Used,"51,000 km","Rs 37,500,000",26 Sep 10:31 am,https://ikman.lk/en/ad/mercedes-benz-s300-diesal-2015-for-sale-colombo-1
Daihatsu,Mira,2025,650 cc,Automatic,Petrol,Brand New,"1,000 km","Rs 7,250,000",26 Sep 10:29 am,https://ikman.lk/en/ad/daihatsu-mira-es-x-limited-sa3-2025-for-sale-colombo-27
Suzuki,Wagon R FX,2018,650 cc,Automatic,Hybrid,Used,"91,184 km","Rs 6,650,000",26 Sep 10:29 am,https://ikman.lk/en/ad/suzuki-wagon-r-fx-2018-for-sale-colombo-1045
Toyota,Yaris,2024,"1,000 cc",Automatic,Petrol,Reconditioned,"30,000 km","Rs 9,000,000",26 Sep 10:29 am,https://ikman.lk/en/ad/toyota-yaris-x-push-start-2024-for-sale-colombo-9
Jetour,T2,2026,"1,500 cc",Automatic,Hybrid,Brand New,0 km,"Rs 29,700,000",26 Sep 10:28 am,https://ikman.lk/en/ad/jetour-t2-phev-2026-for-sale-colombo-6
Suzuki,Every,2025,660 cc,Automatic,Petrol,Brand New,0 km,"Rs 9,600,000",26 Sep 8:37 am,https://ikman.lk/en/ad/suzuki-every-wagon-pz-turbo-2025-for-sale-colombo-295
Suzuki,Alto,2024,660 cc,Automatic,Petrol,Reconditioned,"12,800 km","Rs 6,655,000",26 Sep 2:22 pm,https://ikman.lk/en/ad/suzuki-alto-l-safety-2024-for-sale-colombo-15
DFSK,Glory,2021,"1,500 cc",Tiptronic,Petrol,Used,"38,000 km","Rs 9,000,000",15 Sep 2:12 pm,https://ikman.lk/en/ad/dfsk-glory-2021-for-sale-colombo-384
Toyota,Vitz,2018,"1,000 cc",Automatic,Petrol,Used,"76,000 km","Rs 8,450,000",26 Sep 10:27 am,https://ikman.lk/en/ad/toyota-vitz-cbh-low-mileage-2018-for-sale-colombo
Daihatsu,Mira,2025,650 cc,Automatic,Petrol,Reconditioned,"3,000 km","Rs 7,260,000",26 Sep 10:33 am,https://ikman.lk/en/ad/daihatsu-mira-es-x-limited-sa3-2025-for-sale-colombo-26
Audi,A5,2019,"1,400 cc",Automatic,Petrol,Used,"76,000 km","Rs 23,000,000",26 Sep 10:26 am,https://ikman.lk/en/ad/audi-a5-rs-bodykited-2019-for-sale-colombo-4
Nissan,X-Trail,2001,"2,500 cc",Automatic,Petrol,Used,"235,000 km","Rs 6,200,000",26 Sep 10:24 am,https://ikman.lk/en/ad/nissan-x-trail-2001-for-sale-colombo-520
Suzuki,Wagon R FX,2017,650 cc,Automatic,Hybrid,Used,"114,000 km","Rs 6,850,000",26 Sep 10:24 am,https://ikman.lk/en/ad/suzuki-wagon-r-fx-2017-for-sale-colombo-4006
Daihatsu,Mira,2025,650 cc,Automatic,Petrol,Reconditioned,"2,000 km","Rs 6,800,000",26 Sep 10:24 am,https://ikman.lk/en/ad/daihatsu-mira-es-l-grade-sa3-2025-for-sale-colombo-7
Toyota,Taisor,2026,"1,000 cc",Automatic,Petrol,Brand New,0 km,"Rs 11,300,000",26 Sep 10:22 am,https://ikman.lk/en/ad/toyota-taisor-neo-drive-v-grade-2026-for-sale-colombo-1
Toyota,Raize,2024,990 cc,Automatic,Petrol,Import,"35,000 km","Rs 10,990,000",26 Sep 10:24 am,https://ikman.lk/en/ad/toyota-raize-g-grade-2024-for-sale-gampaha-41
Nissan,Gravite,2026,"1,000 cc",Automatic,Petrol,Brand New,0 km,"Rs 9,850,000",26 Sep 10:20 am,https://ikman.lk/en/ad/nissan-gravite-2026-for-sale-colombo-26
Daihatsu,Mira,2024,650 cc,Automatic,Petrol,Reconditioned,"2,000 km","Rs 6,775,000",26 Sep 10:20 am,https://ikman.lk/en/ad/daihatsu-mira-es-l-grade-2024-for-sale-colombo-29
Honda,CRV,2019,"1,500 cc",Automatic,Petrol,Used,"67,000 km","Rs 14,975,000",26 Sep 10:18 am,https://ikman.lk/en/ad/honda-crv-sunroof-7-seater-2019-for-sale-kalutara-6
Toyota,Hilux,1991,"3,000 cc",Manual,Diesel,Used,"200,000 km","Rs 6,200,000",26 Sep 10:18 am,https://ikman.lk/en/ad/toyota-hilux-4x4-1991-for-sale-kurunegala
Toyota,Axio,2020,"1,500 cc",Automatic,Petrol,Used,"108,500 km","Rs 11,650,000",26 Sep 10:18 am,https://ikman.lk/en/ad/toyota-axio-2020-for-sale-colombo-88
Daihatsu,Mira,2024,650 cc,Automatic,Petrol,Reconditioned,"8,000 km","Rs 6,750,000",26 Sep 10:17 am,https://ikman.lk/en/ad/daihatsu-mira-es-l-grade-sa3-2024-for-sale-colombo-12
Toyota,Prius,2014,"1,800 cc",Automatic,Petrol,Used,"111,200 km","Rs 10,450,000",26 Sep 10:16 am,https://ikman.lk/en/ad/toyota-prius-2014-for-sale-colombo-1232
Nissan,Roox,2024,660 cc,Automatic,Petrol,Reconditioned,"47,000 km","Rs 7,975,000",26 Sep 10:15 am,https://ikman.lk/en/ad/nissan-roox-2024-for-sale-colombo-26
Honda,Vezel,2026,"1,500 cc",Automatic,Hybrid,Brand New,0 km,"Rs 20,175,000",26 Sep 10:14 am,https://ikman.lk/en/ad/honda-vezel-z-play-moonroof-2026-for-sale-colombo-309
Kia,Seltos,2026,"1,500 cc",Automatic,Petrol,Import,0 km,"Rs 19,790,000",26 Sep 10:13 am,https://ikman.lk/en/ad/kia-seltos-gtx-a-sunroof-2026-for-sale-colombo-2
Suzuki,Wagon R FX,2018,650 cc,Automatic,Hybrid,Used,"110,802 km","Rs 6,650,000",26 Sep 10:13 am,https://ikman.lk/en/ad/suzuki-wagon-r-fx-2018-for-sale-colombo-1044
Toyota,Land Cruiser Prado,2024,"2,700 cc",Automatic,Petrol,Brand New,"11,500 km","Rs 59,500,000",26 Sep 10:12 am,https://ikman.lk/en/ad/toyota-land-cruiser-prado-250-1st-edition-2024-for-sale-gampaha-2
Daihatsu,Taft,2025,660 cc,Automatic,Petrol,Brand New,0 km,"Rs 8,875,000",26 Sep 10:12 am,https://ikman.lk/en/ad/daihatsu-taft-g-dark-chrome-ventur-2025-for-sale-gampaha-1
Nissan,Almera,2025,"1,000 cc",Automatic,Petrol,Reconditioned,"8,500 km","Rs 12,250,000",26 Sep 10:10 am,https://ikman.lk/en/ad/nissan-almera-vl-2025-for-sale-colombo-91
Honda,Vezel,2026,"1,500 cc",Automatic,Hybrid,Import,0 km,"Rs 17,975,000",26 Sep 10:10 am,https://ikman.lk/en/ad/honda-vezel-z-10-speakers-2026-for-sale-colombo-1
Honda,Vezel,2026,"1,500 cc",Automatic,Hybrid,Brand New,0 km,"Rs 19,250,000",26 Sep 10:17 am,https://ikman.lk/en/ad/honda-vezel-z-premium-2026-for-sale-colombo-729
Chevrolet,Cruze,2004,"1,300 cc",Automatic,Petrol,Used,"143,500 km","Rs 4,000,000",26 Sep 10:10 am,https://ikman.lk/en/ad/chevrolet-cruze-2004-for-sale-colombo-951
Land Rover,Defender,2026,"1,997 cc",Automatic,Petrol,Brand New,0 km,"Rs 77,000,000",25 Sep 9:37 am,https://ikman.lk/en/ad/land-rover-defender-p300-x-dynamic-se-2026-for-sale-gampaha
DFSK,Glory,2021,"1,500 cc",Automatic,Petrol,Used,"47,000 km","Rs 8,850,000",22 Sep 12:36 pm,https://ikman.lk/en/ad/dfsk-glory-i-auto-2021-for-sale-colombo-432
BMW,318i,2018,"1,500 cc",Tiptronic,Petrol,Used,"97,000 km","Rs 18,800,000",25 Sep 2:13 pm,https://ikman.lk/en/ad/bmw-318i-2018-for-sale-colombo-219
Kia,Sonet,2026,"1,000 cc",Automatic,Petrol,Brand New,0 km,"Rs 11,090,000",26 Sep 10:08 am,https://ikman.lk/en/ad/kia-sonet-sunroof-2026-for-sale-colombo-6
Kia,Picanto,2017,"1,000 cc",Automatic,Petrol,Used,"57,000 km","Rs 6,300,000",26 Sep 10:07 am,https://ikman.lk/en/ad/kia-picanto-2017-for-sale-colombo-281
Volkswagen,Passat,2012,"2,000 cc",Automatic,Diesel,Used,"107,000 km","Rs 8,275,000",26 Sep 10:05 am,https://ikman.lk/en/ad/volkswagen-passat-diesel-first-owner-2012-for-sale-colombo
Toyota,Axio,2015,"1,340 cc",Automatic,Petrol,Used,"49,000 km","Rs 89,750,000",26 Sep 10:05 am,https://ikman.lk/en/ad/toyota-axio-corolla-safty-push-2015-for-sale-colombo-1
Daihatsu,Mira,2026,660 cc,Automatic,Petrol,Brand New,0 km,"Rs 6,790,000",26 Sep 10:05 am,https://ikman.lk/en/ad/daihatsu-mira-es-l-grade-2026-for-sale-colombo-6
Toyota,CHR,2019,"1,200 cc",Automatic,Petrol,Used,"80,000 km","Rs 13,900,000",26 Sep 10:05 am,https://ikman.lk/en/ad/toyota-chr-eagle-eye-2019-for-sale-ratnapura-1
Honda,Vezel,2025,"1,500 cc",Automatic,Hybrid,Brand New,0 km,"Rs 19,990,000",26 Sep 10:04 am,https://ikman.lk/en/ad/honda-vezel-z-play-with-moonroof-2025-for-sale-colombo-21
Suzuki,Wagon R FX,2018,660 cc,Automatic,Hybrid,Used,"116,000 km","Rs 6,300,000",26 Sep 10:04 am,https://ikman.lk/en/ad/suzuki-wagon-r-fx-2018-for-sale-colombo-1043
Micro,Panda,2011,"1,342 cc",Manual,Petrol,Used,"175,635 km","Rs 2,675,000",26 Sep 10:03 am,https://ikman.lk/en/ad/micro-panda-2011-for-sale-puttalam-15
Toyota,Land Cruiser Prado,2024,"2,700 cc",Tiptronic,Petrol,Reconditioned,"15,000 km","Rs 54,700,000",26 Sep 10:03 am,https://ikman.lk/en/ad/toyota-land-cruiser-prado-250-first-edition-2024-for-sale-colombo-113
Mercedes Benz,E350,2017,"2,000 cc",Automatic,Hybrid,Used,"70,000 km","Rs 24,990,000",26 Sep 10:03 am,https://ikman.lk/en/ad/mercedes-benz-e350-avantgarde-plug-in-2017-for-sale-colombo-6
Audi,A6,2007,"2,000 cc",Automatic,Petrol,Used,"105,000 km","Rs 8,000,000",26 Sep 10:03 am,https://ikman.lk/en/ad/audi-a6-s-line-sunroof-2007-for-sale-colombo-1
Mercedes Benz,C180,2010,"1,800 cc",Automatic,Petrol,Used,"130,000 km","Rs 7,500,000",26 Sep 10:03 am,https://ikman.lk/en/ad/mercedes-benz-c180-supercharge-facelift-2010-for-sale-colombo
Toyota,Roomy,2025,"1,000 cc",Automatic,Petrol,Brand New,0 km,"Rs 11,375,000",26 Sep 10:03 am,https://ikman.lk/en/ad/toyota-roomy-custom-g-black-top-2025-for-sale-gampaha
Toyota,Raize,2025,990 cc,Automatic,Petrol,Brand New,990 km,"Rs 12,590,000",26 Sep 10:03 am,https://ikman.lk/en/ad/toyota-raize-z-grade-2025-for-sale-gampaha-190
Toyota,Roomy,2026,"1,000 cc",Automatic,Petrol,Brand New,0 km,"Rs 11,975,000",26 Sep 10:03 am,https://ikman.lk/en/ad/toyota-roomy-custom-g-4-way-cam-2026-for-sale-gampaha
Suzuki,Wagon R Stingray,2018,660 cc,Automatic,Hybrid,Used,"170,000 km","Rs 6,980,000",26 Sep 10:03 am,https://ikman.lk/en/ad/suzuki-wagon-r-stingray-2018-for-sale-kalutara-336
Suzuki,Alto,2015,800 cc,Manual,Petrol,Used,"117,555 km","Rs 4,190,000",26 Sep 10:02 am,https://ikman.lk/en/ad/suzuki-alto-800-lxi-2015-for-sale-kurunegala-45
Volkswagen,Taigun,2026,"1,000 cc",Automatic,Petrol,Brand New,0 km,"Rs 12,290,000",26 Sep 10:02 am,https://ikman.lk/en/ad/volkswagen-taigun-gt-line-2026-for-sale-colombo-21
Toyota,Raize,2026,"1,000 cc",Automatic,Petrol,Brand New,0 km,"Rs 13,100,000",26 Sep 10:02 am,https://ikman.lk/en/ad/toyota-raize-z-turbo-4-way-bsm-2026-for-sale-colombo-6
Suzuki,Every,2026,660 cc,Automatic,Petrol,Used,0 km,"Rs 9,850,000",26 Sep 10:01 am,https://ikman.lk/en/ad/suzuki-every-wagon-pz-speical-2026-for-sale-colombo
Honda,Vezel,2026,"1,500 cc",Automatic,Hybrid,Brand New,0 km,"Rs 18,990,000",26 Sep 10:01 am,https://ikman.lk/en/ad/honda-vezel-z-play-standard-2026-for-sale-colombo-15
Nissan,Dayz,2024,660 cc,Automatic,Petrol,Reconditioned,"19,000 km","Rs 7,525,000",26 Sep 10:07 am,https://ikman.lk/en/ad/nissan-dayz-2024-for-sale-colombo-104
Mitsubishi,Montero,2014,"2,500 cc",Automatic,Diesel,Used,"175,000 km","Rs 15,150,000",26 Sep 10:09 am,https://ikman.lk/en/ad/mitsubishi-montero-sport-2014-for-sale-colombo-4
Toyota,Axio,2017,"1,500 cc",Automatic,Petrol,Used,"129,000 km","Rs 11,860,000",26 Sep 9:59 am,https://ikman.lk/en/ad/toyota-axio-2017-for-sale-colombo-389
Hyundai,Accent,2001,"1,500 cc",Automatic,Petrol,Used,"150,000 km","Rs 2,650,000",16 Sep 1:27 pm,https://ikman.lk/en/ad/hyundai-accent-2001-for-sale-galle-92
Toyota,Roomy,2023,"1,000 cc",Automatic,Petrol,Import,"19,000 km","Rs 10,590,000",25 Sep 4:20 pm,https://ikman.lk/en/ad/toyota-roomy-custom-g-2023-for-sale-ratnapura-1
BYD,ATTO 3,2025,100 cc,Automatic,Electric,Used,"10,000 km","Rs 16,000,000",26 Sep 12:05 pm,https://ikman.lk/en/ad/byd-atto-3-2025-for-sale-gampaha-9
Toyota,Prius,2013,"1,800 cc",Automatic,Hybrid,Used,"150,000 km","Rs 10,300,000",26 Sep 10:00 am,https://ikman.lk/en/ad/toyota-prius-2013-for-sale-colombo-2955
Mercedes Benz,C200,2019,"1,497 cc",Automatic,Petrol,Used,"89,000 km","Rs 22,000,000",26 Sep 9:57 am,https://ikman.lk/en/ad/mercedes-benz-c200-2019-for-sale-colombo-256
Daihatsu,Mira,2025,660 cc,Automatic,Petrol,Brand New,0 km,"Rs 6,690,000",26 Sep 9:57 am,https://ikman.lk/en/ad/daihatsu-mira-2025-for-sale-gampaha-83
Nissan,Sunny,2001,"1,597 cc",Automatic,Petrol,Used,"247,840 km","Rs 4,375,000",26 Sep 9:57 am,https://ikman.lk/en/ad/nissan-sunny-super-saloon-2001-for-sale-jaffna-1
Toyota,Roomy,2025,"1,000 cc",Automatic,Petrol,Brand New,0 km,"Rs 11,375,000",26 Sep 9:57 am,https://ikman.lk/en/ad/toyota-roomy-custom-g-4-way-cam-2025-for-sale-gampaha
Nissan,X-Trail,2011,"2,488 cc",Manual,Petrol,Used,"267,893 km","Rs 6,525,000",26 Sep 9:57 am,https://ikman.lk/en/ad/nissan-x-trail-2011-for-sale-colombo-5
Suzuki,Wagon R Stingray,2017,660 cc,Automatic,Hybrid,Used,"87,000 km","Rs 6,925,000",26 Sep 3:35 pm,https://ikman.lk/en/ad/suzuki-wagon-r-stingray-2017-for-sale-colombo-1961
Kia,Sonet,2026,"1,000 cc",Automatic,Petrol,Brand New,0 km,"Rs 12,000,000",26 Sep 9:57 am,https://ikman.lk/en/ad/kia-sonet-gtx-plus-2026-for-sale-colombo-467
Mini,Cooper,2015,"1,500 cc",Automatic,Petrol,Used,"67,500 km","Rs 10,900,000",26 Sep 9:56 am,https://ikman.lk/en/ad/mini-cooper-2015-for-sale-gampaha-2
Suzuki,Spacia,2024,660 cc,Automatic,Hybrid,Reconditioned,"4,000 km","Rs 9,990,000",26 Sep 9:56 am,https://ikman.lk/en/ad/suzuki-spacia-dual-power-doors-2024-for-sale-colombo-1
Kia,Syros,2026,"1,000 cc",Automatic,Petrol,Brand New,0 km,"Rs 13,450,000",26 Sep 9:54 am,https://ikman.lk/en/ad/kia-syros-2026-for-sale-colombo-29
Suzuki,Wagon R FX,2025,660 cc,Automatic,Hybrid,Brand New,0 km,"Rs 8,290,000",26 Sep 9:52 am,https://ikman.lk/en/ad/suzuki-wagon-r-fx-safety-hybrid-2025-for-sale-colombo-13
Nissan,Sunny,2010,"1,600 cc",Automatic,Petrol,Used,"149,000 km","Rs 5,475,000",26 Sep 9:52 am,https://ikman.lk/en/ad/nissan-sunny-n17-super-saloon-2010-for-sale-colombo-7
Volkswagen,T-Cross,2024,"1,000 cc",Automatic,Petrol,Reconditioned,"1,000 km","Rs 15,990,000",26 Sep 9:52 am,https://ikman.lk/en/ad/volkswagen-t-cross-r-line-2024-for-sale-colombo-16
Toyota,Raize,2024,"1,200 cc",Automatic,Hybrid,Used,"4,925 km","Rs 13,095,000",26 Sep 9:51 am,https://ikman.lk/en/ad/toyota-raize-2024-for-sale-colombo-88
Volkswagen,Golf,2023,"1,000 cc",Automatic,Petrol,Reconditioned,"11,000 km","Rs 14,990,000",26 Sep 10:08 am,https://ikman.lk/en/ad/volkswagen-golf-etsi-active-2023-for-sale-colombo-6
Honda,Vezel,2026,"1,500 cc",Automatic,Hybrid,Brand New,100 km,"Rs 20,300,000",26 Sep 5:50 pm,https://ikman.lk/en/ad/honda-vezel-z-play-moonroof-2026-for-sale-colombo-311
Suzuki,Hustler,2017,660 cc,Automatic,Petrol,Used,"90,000 km",Rs 1,26 Sep 9:49 am,https://ikman.lk/en/ad/suzuki-hustler-2017-for-sale-colombo-25
Toyota,Raize,2026,"1,000 cc",Automatic,Petrol,Brand New,0 km,"Rs 12,990,000",26 Sep 9:47 am,https://ikman.lk/en/ad/toyota-raize-z-grade-turbo-2026-for-sale-colombo-5
Honda,Vezel,2014,"1,500 cc",Automatic,Hybrid,Used,"126,000 km","Rs 9,000,000",26 Sep 9:46 am,https://ikman.lk/en/ad/honda-vezel-2014-for-sale-gampaha-2418
Toyota,Raize,2026,"1,200 cc",Automatic,Hybrid,Brand New,0 km,"Rs 13,990,000",26 Sep 9:46 am,https://ikman.lk/en/ad/toyota-raize-z-hybrid-360-camera-2026-for-sale-colombo-2
Toyota,Premio,2019,"1,500 cc",Automatic,Petrol,Used,"59,000 km","Rs 17,250,000",26 Sep 9:45 am,https://ikman.lk/en/ad/toyota-premio-g-superior-2017-for-sale-colombo-868
Audi,A3,2024,"1,000 cc",Automatic,Petrol,Reconditioned,"11,000 km","Rs 17,990,000",26 Sep 9:58 am,https://ikman.lk/en/ad/audi-a3-s-line-2024-for-sale-colombo-90
BMW,X1,2011,"1,490 cc",Automatic,Petrol,Used,"275,000 km","Rs 7,980,000",26 Sep 9:34 pm,https://ikman.lk/en/ad/bmw-x1-2011-for-sale-kurunegala
Suzuki,Alto,2025,660 cc,Automatic,Petrol,Reconditioned,"4,000 km","Rs 6,790,000",26 Sep 9:44 am,https://ikman.lk/en/ad/suzuki-alto-l-grade-facelift-2025-for-sale-colombo-1
DFSK,Glory,2021,"1,500 cc",Automatic,Petrol,Used,"47,000 km","Rs 8,850,000",22 Sep 12:36 pm,https://ikman.lk/en/ad/dfsk-glory-i-auto-2021-for-sale-colombo-432
Suzuki,Alto,2015,800 cc,Manual,Petrol,Used,"69,000 km","Rs 4,275,000",26 Sep 9:41 pm,https://ikman.lk/en/ad/suzuki-alto-2015-for-sale-gampaha-4907
Mitsubishi,Eclipse Cross,2025,"1,500 cc",Automatic,Petrol,Used,"2,800 km","Rs 18,200,000",26 Sep 3:13 pm,https://ikman.lk/en/ad/mitsubishi-eclipse-cross-2025-for-sale-colombo-17
Kia,Sonet,2026,"1,200 cc",Automatic,Petrol,Brand New,0 km,"Rs 12,300,000",26 Sep 9:42 am,https://ikman.lk/en/ad/kia-sonet-2026-for-sale-gampaha-11
Honda,CRV,2013,"2,000 cc",Automatic,Petrol,Used,"127,000 km","Rs 11,000,000",26 Sep 9:42 am,https://ikman.lk/en/ad/honda-crv-2013-for-sale-gampaha
Audi,A4,2011,"1,800 cc",Automatic,Petrol,Used,"130,000 km","Rs 9,800,000",26 Sep 9:42 am,https://ikman.lk/en/ad/audi-a4-s4-2011-for-sale-matara
Toyota,Raize,2026,"1,200 cc",Automatic,Hybrid,Brand New,0 km,"Rs 14,300,000",26 Sep 9:42 am,https://ikman.lk/en/ad/toyota-raize-black-top-2026-for-sale-gampaha-1
Daihatsu,Mira,2024,660 cc,Automatic,Petrol,Reconditioned,"8,000 km","Rs 6,500,000",26 Sep 9:41 am,https://ikman.lk/en/ad/daihatsu-mira-l-safety-2024-for-sale-colombo-55
Nissan,Roox,2023,660 cc,Automatic,Petrol,Reconditioned,"10,548 km","Rs 8,850,000",26 Sep 9:40 am,https://ikman.lk/en/ad/nissan-roox-g-turbo-pro-pilot-2023-for-sale-kurunegala
Suzuki,Zen,2002,993 cc,Manual,Petrol,Used,"100,000 km","Rs 1,720,000",26 Sep 9:39 am,https://ikman.lk/en/ad/suzuki-zen-maruthi-2002-for-sale-kilinochchi
Suzuki,Wagon R,2026,660 cc,Automatic,Hybrid,Brand New,0 km,"Rs 9,075,000",26 Sep 9:38 am,https://ikman.lk/en/ad/suzuki-wagon-r-custom-zx-4way-cam-2026-for-sale-colombo-9
Kia,Picanto,2017,"1,000 cc",Automatic,Petrol,Used,"130,000 km","Rs 6,250,000",26 Sep 9:37 am,https://ikman.lk/en/ad/kia-picanto-face-lift-2017-for-sale-colombo-3
Daihatsu,Mira,2024,660 cc,Automatic,Petrol,Import,"40,000 km","Rs 5,990,000",26 Sep 9:36 am,https://ikman.lk/en/ad/daihatsu-mira-es-l-sa3-2024-for-sale-kurunegala-1
Kia,Sonet,2026,"1,000 cc",Automatic,Petrol,Brand New,0 km,"Rs 11,875,000",26 Sep 9:35 am,https://ikman.lk/en/ad/kia-sonet-gtx-gt-line-2026-for-sale-gampaha-3
Toyota,Aqua,2013,"1,500 cc",Automatic,Hybrid,Used,"166,500 km","Rs 7,700,000",26 Sep 9:35 am,https://ikman.lk/en/ad/toyota-aqua-2013-for-sale-gampaha-2360
BMW,X1,2025,"1,500 cc",Automatic,Petrol,Brand New,0 km,"Rs 32,500,000",26 Sep 9:35 am,https://ikman.lk/en/ad/bmw-x1-m-sport-latest-b-new-2025-for-sale-colombo-5
Suzuki,Wagon R ZX,2026,660 cc,Automatic,Hybrid,Brand New,0 km,"Rs 9,250,000",26 Sep 9:35 am,https://ikman.lk/en/ad/suzuki-wagon-r-zx-2026-for-sale-gampaha-96
Suzuki,Wagon R,2024,600 cc,Automatic,Hybrid,Import,"20,000 km","Rs 7,900,000",26 Sep 9:35 am,https://ikman.lk/en/ad/suzuki-wagon-r-mh95s-slll-a1-2024-for-sale-colombo
Toyota,Vitz,2016,"1,000 cc",Automatic,Petrol,Used,"76,800 km","Rs 7,650,000",26 Sep 9:35 am,https://ikman.lk/en/ad/toyota-vitz-2016-for-sale-kalutara-162
Toyota,Raize,2026,"1,200 cc",Automatic,Hybrid,Brand New,0 km,"Rs 14,200,000",26 Sep 9:33 am,https://ikman.lk/en/ad/toyota-raize-z-hybrid-2026-for-sale-colombo-127
Suzuki,Wagon R,2017,650 cc,Automatic,Hybrid,Used,"110,000 km","Rs 6,175,000",26 Sep 9:33 am,https://ikman.lk/en/ad/suzuki-wagon-r-fx-2018-for-sale-gampaha-537
Toyota,Axio,2024,"1,500 cc",Automatic,Petrol,Reconditioned,"15,000 km","Rs 15,090,000",26 Sep 9:32 am,https://ikman.lk/en/ad/toyota-axio-ex-petrol-2024-for-sale-colombo-24
Land Rover,Defender,2026,"2,000 cc",Automatic,Petrol,Brand New,37 km,"Rs 76,500,000",26 Sep 9:32 am,https://ikman.lk/en/ad/land-rover-defender-x-dynamic-7-seater-2026-for-sale-gampaha
Toyota,Raize,2026,"1,200 cc",Automatic,Hybrid,Reconditioned,0 km,"Rs 14,590,000",26 Sep 9:30 am,https://ikman.lk/en/ad/toyota-raize-z-primium-2026-for-sale-colombo-4
Audi,A1,2016,"1,000 cc",Tiptronic,Petrol,Used,"105,000 km","Rs 8,000,000",26 Sep 9:59 am,https://ikman.lk/en/ad/audi-a1-2016-for-sale-colombo-190
Toyota,Raize,2025,"1,200 cc",Automatic,Hybrid,Used,"16,000 km","Rs 13,850,000",26 Sep 11:40 am,https://ikman.lk/en/ad/toyota-raize-2025-for-sale-gampaha-121
Nissan,Dayz,2024,660 cc,Automatic,Petrol,Import,"5,600 km","Rs 6,990,000",26 Sep 9:28 am,https://ikman.lk/en/ad/nissan-dayz-x-grade-2024-for-sale-kurunegala-5
Toyota,Raize,2024,990 cc,Automatic,Petrol,Import,"29,000 km","Rs 10,490,000",26 Sep 9:33 am,https://ikman.lk/en/ad/toyota-raize-x-grade-2024-for-sale-gampaha
Daihatsu,Mira,2025,660 cc,Automatic,Petrol,Brand New,0 km,"Rs 7,000,000",26 Sep 10:52 am,https://ikman.lk/en/ad/daihatsu-mira-x-grade-limited-2025-for-sale-colombo-1
Nissan,Sunny,1990,"1,500 cc",Manual,Diesel,Used,"150,000 km","Rs 1,950,000",13 Sep 4:35 pm,https://ikman.lk/en/ad/nissan-sunny-1990-for-sale-jaffna
Toyota,Raize,2025,"1,200 cc",Automatic,Hybrid,Used,"3,500 km","Rs 13,675,000",26 Sep 5:05 pm,https://ikman.lk/en/ad/toyota-raize-z-2025-for-sale-kurunegala
Toyota,Axio,2014,"1,500 cc",Automatic,Hybrid,Reconditioned,"111,000 km","Rs 8,500,000",26 Sep 9:27 am,https://ikman.lk/en/ad/toyota-axio-g-grade-2014-for-sale-colombo-859
Toyota,Aqua,2012,"1,500 cc",Automatic,Hybrid,Used,"151,900 km","Rs 7,285,000",26 Sep 9:27 am,https://ikman.lk/en/ad/toyota-aqua-2012-for-sale-gampaha-2678
Toyota,Taisor,2026,"1,000 cc",Automatic,Petrol,Brand New,0 km,"Rs 11,500,000",26 Sep 9:26 am,https://ikman.lk/en/ad/toyota-taisor-v-grade-2026-for-sale-gampaha-69
Toyota,Yaris,2024,"1,000 cc",Automatic,Petrol,Brand New,"11,000 km","Rs 10,100,000",26 Sep 9:25 am,https://ikman.lk/en/ad/toyota-yaris-g-led-edition-2024-for-sale-colombo-2
Suzuki,S-Cross,2021,"1,500 cc",Manual,Petrol,Used,"53,000 km","Rs 10,400,000",26 Sep 9:23 am,https://ikman.lk/en/ad/suzuki-s-cross-2021-for-sale-colombo
Toyota,Allion,2008,"1,490 cc",Automatic,Petrol,Used,"312,000 km","Rs 7,800,000",26 Sep 9:20 am,https://ikman.lk/en/ad/toyota-allion-2008-for-sale-colombo-510
Suzuki,Wagon R ZX,2026,660 cc,Automatic,Hybrid,Reconditioned,0 km,"Rs 9,150,000",26 Sep 9:20 am,https://ikman.lk/en/ad/suzuki-wagon-r-zx-custom-2026-for-sale-colombo-79
Suzuki,Celerio,2015,"1,000 cc",Automatic,Petrol,Used,"83,000 km","Rs 5,475,000",26 Sep 9:18 am,https://ikman.lk/en/ad/suzuki-celerio-vxi-auto-2015-for-sale-gampaha-274
Suzuki,Wagon R,2026,660 cc,Automatic,Hybrid,Brand New,0 km,"Rs 8,950,000",26 Sep 9:18 am,https://ikman.lk/en/ad/suzuki-wagon-r-zx-2026-for-sale-colombo-95
Toyota,Yaris,2023,"1,000 cc",Automatic,Petrol,Reconditioned,"25,000 km","Rs 9,750,000",26 Sep 9:18 am,https://ikman.lk/en/ad/toyota-yaris-g-led-2023-for-sale-colombo-19
Suzuki,Wagon R,2026,660 cc,Automatic,Petrol,Reconditioned,0 km,"Rs 8,320,000",26 Sep 10:32 am,https://ikman.lk/en/ad/suzuki-wagon-r-zl-2026-for-sale-colombo-81
Micro,Panda Cross,2013,"1,300 cc",Manual,Petrol,Used,"47,000 km","Rs 2,950,000",26 Sep 9:17 am,https://ikman.lk/en/ad/micro-panda-cross-2013-for-sale-kegalle-1
Toyota,Yaris,2024,"1,000 cc",Automatic,Petrol,Reconditioned,"35,000 km","Rs 9,000,000",26 Sep 9:16 am,https://ikman.lk/en/ad/toyota-yaris-x-push-start-2024-for-sale-colombo-10
Suzuki,Fronx,2026,990 cc,Automatic,Petrol,Import,50 km,"Rs 10,390,000",26 Sep 9:14 am,https://ikman.lk/en/ad/suzuki-fronx-alfa-fully-loaded-2026-for-sale-gampaha
Toyota,Aqua,2013,"1,490 cc",Automatic,Hybrid,Used,"152,000 km","Rs 7,700,000",26 Sep 9:14 am,https://ikman.lk/en/ad/toyota-aqua-2013-for-sale-kalutara-416
Toyota,Land Cruiser Prado,2007,"2,700 cc",Manual,Petrol,Used,"133,850 km","Rs 16,750,000",26 Sep 9:14 am,https://ikman.lk/en/ad/toyota-land-cruiser-prado-120-2007-for-sale-anuradhapura
Toyota,Yaris,2025,"1,000 cc",Automatic,Petrol,Brand New,0 km,"Rs 10,100,000",26 Sep 9:14 am,https://ikman.lk/en/ad/toyota-yaris-x-safety-smart-2025-for-sale-colombo-1
Suzuki,Wagon R FX,2017,650 cc,Automatic,Hybrid,Used,"82,738 km","Rs 6,650,000",26 Sep 9:12 am,https://ikman.lk/en/ad/suzuki-wagon-r-fx-2017-for-sale-colombo-4005
Suzuki,Spacia,2016,660 cc,Automatic,Petrol,Used,"145,500 km","Rs 6,085,000",26 Sep 9:12 am,https://ikman.lk/en/ad/suzuki-spacia-2016-for-sale-colombo-959
Toyota,Raize,2026,"1,200 cc",Automatic,Hybrid,Brand New,0 km,"Rs 14,000,000",26 Sep 9:12 am,https://ikman.lk/en/ad/toyota-raize-z-hybrid-4way-bsm-2026-for-sale-colombo-90
Suzuki,Wagon R,2026,660 cc,Automatic,Petrol,Reconditioned,"5,500 km","Rs 7,465,000",26 Sep 9:10 am,https://ikman.lk/en/ad/suzuki-wagon-r-fx-2026-for-sale-colombo-10
Suzuki,Wagon R Stingray,2015,"1,000 cc",Automatic,Petrol,Used,"123,000 km","Rs 5,250,000",26 Sep 9:13 am,https://ikman.lk/en/ad/suzuki-wagon-r-stingray-2015-for-sale-gampaha-1270
Honda,Vezel,2026,"1,490 cc",Automatic,Hybrid,Brand New,0 km,"Rs 20,475,000",26 Sep 9:09 am,https://ikman.lk/en/ad/honda-vezel-z-play-moonroof-2026-for-sale-colombo-307
Land Rover,Defender,2008,"2,400 cc",Manual,Diesel,Used,"2,012 km","Rs 26,500,000",26 Sep 9:08 am,https://ikman.lk/en/ad/land-rover-defender-puma-24-2008-for-sale-colombo-4
Honda,Vezel,2024,"1,490 cc",Automatic,Hybrid,Brand New,"10,000 km","Rs 17,750,000",26 Sep 9:08 am,https://ikman.lk/en/ad/honda-vezel-z-pkg-hybrid-2024-for-sale-colombo-16
Toyota,Land Cruiser Prado,2018,"2,700 cc",Automatic,Petrol,Used,"180,000 km","Rs 48,000,000",26 Sep 5:10 pm,https://ikman.lk/en/ad/toyota-land-cruiser-prado-2018-for-sale-colombo-25
Toyota,Raize,2025,"1,200 cc",Automatic,Hybrid,Used,"3,500 km","Rs 13,675,000",26 Sep 5:05 pm,https://ikman.lk/en/ad/toyota-raize-z-2025-for-sale-kurunegala
Toyota,Aqua,2014,"1,500 cc",Automatic,Hybrid,Used,"177,000 km","Rs 8,800,000",26 Sep 10:35 am,https://ikman.lk/en/ad/toyota-aqua-2014-for-sale-trincomalee-9
Mazda,Flair,2024,660 cc,Automatic,Hybrid,Reconditioned,"6,000 km","Rs 8,575,000",26 Sep 9:07 am,https://ikman.lk/en/ad/mazda-flair-2024-for-sale-colombo-5
Suzuki,Wagon R,2024,660 cc,Automatic,Petrol,Import,"2,900 km","Rs 6,990,000",26 Sep 9:06 am,https://ikman.lk/en/ad/suzuki-wagon-r-fx-2024-for-sale-kurunegala-26
Suzuki,Fronx,2026,998 cc,Automatic,Hybrid,Brand New,0 km,"Rs 10,875,000",26 Sep 9:05 am,https://ikman.lk/en/ad/suzuki-fronx-alpha-hybrid-2026-for-sale-colombo-5
Suzuki,Wagon R,2026,660 cc,Automatic,Petrol,Reconditioned,0 km,"Rs 8,350,000",26 Sep 9:04 am,https://ikman.lk/en/ad/suzuki-wagon-r-zl-2026-for-sale-colombo-79
Suzuki,Wagon R,2025,660 cc,Automatic,Petrol,Reconditioned,"4,000 km","Rs 7,600,000",26 Sep 9:03 am,https://ikman.lk/en/ad/suzuki-wagon-r-fx-2025-for-sale-colombo-90
Suzuki,Fronx,2026,990 cc,Automatic,Hybrid,Brand New,0 km,"Rs 10,875,000",26 Sep 9:03 am,https://ikman.lk/en/ad/suzuki-fronx-at-2026-for-sale-colombo-5
Toyota,Raize,2024,"1,200 cc",Automatic,Petrol,Reconditioned,"36,000 km","Rs 12,800,000",26 Sep 9:03 am,https://ikman.lk/en/ad/toyota-raize-z-2024-for-sale-colombo-51
Audi,A4,2016,"2,000 cc",Automatic,Petrol,Used,"92,000 km","Rs 15,800,000",26 Sep 9:03 am,https://ikman.lk/en/ad/audi-a4-20l-40tfsi-2016-for-sale-gampaha
Land Rover,Range Rover Sport,2017,"3,000 cc",Automatic,Petrol,Used,"90,000 km","Rs 37,500,000",26 Sep 9:03 am,https://ikman.lk/en/ad/land-rover-range-sport-30l-supercharged-v6-2017-for-sale-gampaha-6
Toyota,Taisor,2026,990 cc,Tiptronic,Petrol,Brand New,0 km,"Rs 11,250,000",26 Sep 9:03 am,https://ikman.lk/en/ad/toyota-taisor-high-spec-v-2026-for-sale-colombo-2
Toyota,Land Cruiser Sahara,2003,"4,700 cc",Automatic,Petrol,Used,"124,000 km","Rs 15,800,000",26 Sep 9:01 am,https://ikman.lk/en/ad/toyota-land-cruiser-sahara-v8-cygnus-2003-for-sale-gampaha-5
Audi,A6,2010,"2,000 cc",Automatic,Petrol,Used,"168,000 km","Rs 7,850,000",26 Sep 9:01 am,https://ikman.lk/en/ad/audi-a6-20l-2010-for-sale-gampaha
Audi,A3,2023,"1,000 cc",Automatic,Petrol,Reconditioned,"12,000 km","Rs 17,800,000",26 Sep 8:59 am,https://ikman.lk/en/ad/audi-a3-s-line-2023-for-sale-gampaha
Mercedes Benz,CLA 180,2024,"1,330 cc",Automatic,Petrol,Reconditioned,"9,400 km","Rs 33,500,000",26 Sep 8:59 am,https://ikman.lk/en/ad/mercedes-benz-cla-180-amg-2024-for-sale-colombo-43
BMW,X5,2016,"2,000 cc",Automatic,Hybrid,Used,"124,000 km","Rs 19,500,000",26 Sep 8:59 am,https://ikman.lk/en/ad/bmw-x5-m-sport-2016-for-sale-gampaha-27
Mercedes Benz,GLB,2025,"1,400 cc",Automatic,Petrol,Reconditioned,"1,800 km","Rs 39,500,000",26 Sep 8:59 am,https://ikman.lk/en/ad/mercedes-benz-glb-180-amg-2025-for-sale-colombo-8
Suzuki,Swift,2004,"1,300 cc",Automatic,Petrol,Used,"170,000 km","Rs 3,975,000",26 Sep 2:12 pm,https://ikman.lk/en/ad/suzuki-swift-2004-for-sale-colombo-2436
Mercedes Benz,C200,2023,"1,500 cc",Automatic,Petrol,Reconditioned,"17,000 km","Rs 38,500,000",26 Sep 8:57 am,https://ikman.lk/en/ad/mercedes-benz-c200-amg-premium-plus-2023-for-sale-colombo-197
Toyota,Raize,2026,"1,200 cc",Automatic,Hybrid,Brand New,0 km,"Rs 14,250,000",26 Sep 8:57 am,https://ikman.lk/en/ad/toyota-raize-z-grade-2026-for-sale-colombo-112
Toyota,Taisor,2026,"1,000 cc",Automatic,Petrol,Brand New,0 km,"Rs 11,390,000",26 Sep 8:57 am,https://ikman.lk/en/ad/toyota-taisor-v-grade-2026-for-sale-colombo-566
Mitsubishi,Pajero,2000,"2,000 cc",Automatic,Petrol,Used,"199,000 km","Rs 6,250,000",26 Sep 8:57 am,https://ikman.lk/en/ad/mitsubishi-pajero-io-jeep-4wd-2000-for-sale-gampaha
Suzuki,Swift,2005,"1,300 cc",Automatic,Petrol,Used,"172,000 km","Rs 4,150,000",26 Sep 8:57 am,https://ikman.lk/en/ad/suzuki-swift-2005-for-sale-kalutara-65
Mitsubishi,eK Wagon,2023,660 cc,Automatic,Petrol,Reconditioned,"10,100 km","Rs 7,150,000",26 Sep 8:57 am,https://ikman.lk/en/ad/mitsubishi-ek-wagon-m-grade-safety-2023-for-sale-gampaha
Tata,Nano,2016,699 cc,Tiptronic,Petrol,Used,"100,000 km","Rs 2,650,000",26 Sep 8:57 am,https://ikman.lk/en/ad/tata-nano-gen-xta-triptronic-2016-for-sale-colombo
BMW,X1,2011,"2,000 cc",Automatic,Diesel,Used,"340,000 km","Rs 8,400,000",24 Sep 11:46 am,https://ikman.lk/en/ad/bmw-x1-2011-for-sale-gampaha-81
Suzuki,Alto,2015,800 cc,Manual,Petrol,Used,"61,000 km","Rs 4,200,000",24 Sep 10:10 am,https://ikman.lk/en/ad/suzuki-alto-sport-2015-for-sale-galle-3
Toyota,Hilux,2020,"2,800 cc",Tiptronic,Diesel,Used,"87,000 km","Rs 20,800,000",23 Sep 5:51 pm,https://ikman.lk/en/ad/toyota-hilux-2020-white-for-sale-colombo
Toyota,Land Cruiser Prado,1998,"2,800 cc",Manual,Diesel,Used,"235,000 km","Rs 10,750,000",26 Sep 8:55 am,https://ikman.lk/en/ad/toyota-land-cruiser-prado-95-7-seater-1998-for-sale-gampaha
Honda,Vezel,2025,"1,500 cc",Tiptronic,Hybrid,Brand New,0 km,"Rs 20,390,000",26 Sep 8:55 am,https://ikman.lk/en/ad/honda-vezel-z-play-premium-10sp-2025-for-sale-gampaha
Toyota,Land Cruiser Prado,2023,"2,700 cc",Automatic,Petrol,Reconditioned,"20,000 km","Rs 55,500,000",26 Sep 8:55 am,https://ikman.lk/en/ad/toyota-land-cruiser-prado-2023-for-sale-colombo-51
Toyota,Rush,2018,"1,500 cc",Automatic,Petrol,Used,"300,000 km","Rs 10,350,000",26 Sep 9:00 am,https://ikman.lk/en/ad/toyota-rush-2018-for-sale-colombo-175
Honda,Vezel,2026,"1,500 cc",Tiptronic,Hybrid,Brand New,0 km,"Rs 18,590,000",26 Sep 8:53 am,https://ikman.lk/en/ad/honda-vezel-z-grade-brand-new-2026-for-sale-gampaha
Mitsubishi,eK Wagon,2024,660 cc,Automatic,Petrol,Reconditioned,"6,500 km","Rs 7,250,000",26 Sep 8:53 am,https://ikman.lk/en/ad/mitsubishi-ek-wagon-m-grade-safety-2024-for-sale-gampaha-9
Toyota,Yaris,2023,990 cc,Automatic,Petrol,Reconditioned,"4,400 km","Rs 9,150,000",26 Sep 8:53 am,https://ikman.lk/en/ad/toyota-yaris-x-grade-safety-2023-for-sale-gampaha-4
Daihatsu,Mira,2025,660 cc,Automatic,Petrol,Reconditioned,"11,200 km","Rs 7,250,000",26 Sep 8:53 am,https://ikman.lk/en/ad/daihatsu-mira-g-grade-safety-2025-for-sale-gampaha
Suzuki,Celerio,2015,"1,000 cc",Automatic,Petrol,Used,"120,000 km","Rs 5,275,000",26 Sep 8:53 am,https://ikman.lk/en/ad/suzuki-celerio-vxi-auto-2015-for-sale-gampaha-272
Toyota,Hilux,2024,"2,400 cc",Automatic,Diesel,Reconditioned,"16,900 km","Rs 25,500,000",26 Sep 8:50 am,https://ikman.lk/en/ad/toyota-hilux-revo-rocco-4x4-2024-for-sale-gampaha
Nissan,Leaf,2014,3 cc,Automatic,Electric,Used,"117,000 km","Rs 5,450,000",26 Sep 9:55 am,https://ikman.lk/en/ad/nissan-leaf-2014-for-sale-anuradhapura
Toyota,Land Cruiser,2026,"3,500 cc",Automatic,Petrol,Brand New,0 km,"Rs 101,000,000",26 Sep 8:48 am,https://ikman.lk/en/ad/toyota-land-cruiser-sahara-lc300-zx-v6-2026-for-sale-colombo-1
Toyota,Yaris,2023,"1,000 cc",Automatic,Petrol,Reconditioned,"35,000 km","Rs 8,600,000",26 Sep 8:46 am,https://ikman.lk/en/ad/toyota-yaris-x-grade-push-start-2023-for-sale-colombo-10
Toyota,Roomy,2023,996 cc,Automatic,Petrol,Reconditioned,"34,000 km","Rs 8,900,000",26 Sep 8:46 am,https://ikman.lk/en/ad/toyota-roomy-g-grade-2023-for-sale-colombo-55
Toyota,Raize,2026,650 cc,Automatic,Hybrid,Brand New,0 km,"Rs 14,125,000",26 Sep 8:46 am,https://ikman.lk/en/ad/toyota-raize-z-hybrid-1200cc-2026-for-sale-colombo-18
Kia,Sonet,2026,990 cc,Automatic,Hybrid,Import,50 km,"Rs 11,490,000",26 Sep 8:46 am,https://ikman.lk/en/ad/kia-sonet-gtx-pluse-2026-for-sale-gampaha
Honda,Vezel,2025,"1,500 cc",Automatic,Hybrid,Reconditioned,"8,000 km","Rs 19,150,000",26 Sep 8:44 am,https://ikman.lk/en/ad/honda-vezel-z-play-2025-for-sale-gampaha-143
Mercedes Benz,CLA 180,2017,"1,600 cc",Tiptronic,Petrol,Used,"94,500 km","Rs 18,950,000",26 Sep 8:41 am,https://ikman.lk/en/ad/mercedes-benz-cla-180-amg-line-2017-for-sale-gampaha-19
BMW,740Li,2005,"4,000 cc",Automatic,Petrol,Used,"49,000 km","Rs 11,900,000",26 Sep 11:44 am,https://ikman.lk/en/ad/bmw-740li-2005-for-sale-colombo
Toyota,Belta,2007,"1,000 cc",Automatic,Petrol,Used,"180,000 km","Rs 5,775,000",26 Sep 10:55 am,https://ikman.lk/en/ad/toyota-belta-ksp92-kn-2011-2007-for-sale-colombo
Toyota,Prius,2016,"1,800 cc",Automatic,Hybrid,Used,"130,000 km","Rs 14,500,000",26 Sep 8:37 am,https://ikman.lk/en/ad/toyota-prius-2016-for-sale-colombo-397
Toyota,Yaris,2023,"1,000 cc",Automatic,Petrol,Reconditioned,"68,000 km","Rs 8,600,000",26 Sep 8:37 am,https://ikman.lk/en/ad/toyota-yaris-x-grade-push-start-2023-for-sale-colombo-12
BMW,318i,2018,"1,500 cc",Automatic,Petrol,Used,"28,000 km","Rs 19,800,000",26 Sep 8:37 am,https://ikman.lk/en/ad/bmw-318i-m-sport-shadow-2018-for-sale-colombo-13
Suzuki,Celerio,2019,"1,000 cc",Automatic,Petrol,Used,"82,000 km","Rs 6,175,000",26 Sep 8:37 am,https://ikman.lk/en/ad/suzuki-celerio-x-1st-owner-2019-for-sale-gampaha
Honda,Vezel,2026,"1,500 cc",Automatic,Hybrid,Brand New,0 km,"Rs 20,390,000",26 Sep 8:37 am,https://ikman.lk/en/ad/honda-vezel-z-play-moonroof-10sp-2026-for-sale-colombo-18
Nissan,X-Trail,2015,"2,000 cc",Automatic,Hybrid,Used,"159,526 km","Rs 11,000,000",15 Sep 10:07 pm,https://ikman.lk/en/ad/nissan-x-trail-2015-for-sale-gampaha-350
Honda,Vezel,2025,"1,500 cc",Automatic,Hybrid,Import,"23,000 km","Rs 18,100,000",11 Sep 10:47 am,https://ikman.lk/en/ad/honda-vezel-z-premium-2025-for-sale-gampaha-142
Mercedes Benz,GLB,2025,"1,300 cc",Automatic,Petrol,Brand New,0 km,"Rs 39,500,000",26 Sep 5:41 pm,https://ikman.lk/en/ad/mercedes-benz-glb-180-amg-line-plus-2025-for-sale-colombo
Toyota,Yaris Cross,2023,"1,500 cc",Automatic,Hybrid,Reconditioned,"4,000 km","Rs 15,800,000",26 Sep 8:37 am,https://ikman.lk/en/ad/toyota-yaris-cross-g-hybrid-2023-for-sale-colombo
Suzuki,Celerio,2016,"1,000 cc",Automatic,Petrol,Used,"107,000 km","Rs 5,575,000",26 Sep 8:37 am,https://ikman.lk/en/ad/suzuki-celerio-vxi-2016-for-sale-gampaha-18
Suzuki,Wagon R ZX,2026,660 cc,Automatic,Hybrid,Brand New,0 km,"Rs 8,950,000",26 Sep 8:37 am,https://ikman.lk/en/ad/suzuki-wagon-r-zx-custom-2026-for-sale-colombo-40
Toyota,Taisor,2026,"1,000 cc",Automatic,Petrol,Brand New,13 km,"Rs 11,350,000",26 Sep 8:37 am,https://ikman.lk/en/ad/toyota-taisor-v-grade-2026-for-sale-colombo-548
Toyota,Roomy,2024,"1,000 cc",Automatic,Petrol,Reconditioned,"5,000 km","Rs 10,600,000",26 Sep 8:37 am,https://ikman.lk/en/ad/toyota-roomy-custom-g-2024-for-sale-colombo-151
Land Rover,Defender,2026,"2,000 cc",Automatic,Petrol,Brand New,10 km,"Rs 73,250,000",26 Sep 8:37 am,https://ikman.lk/en/ad/land-rover-defender-p300-x-dynamic-se-2026-for-sale-colombo-12
Honda,Vezel,2026,"1,500 cc",Automatic,Hybrid,Brand New,0 km,"Rs 18,900,000",26 Sep 8:37 am,https://ikman.lk/en/ad/honda-vezel-z-premium-10-speaker-2026-for-sale-colombo-78
Suzuki,Every,2025,660 cc,Automatic,Petrol,Brand New,0 km,"Rs 9,600,000",26 Sep 8:37 am,https://ikman.lk/en/ad/suzuki-every-wagon-pz-turbo-2025-for-sale-colombo-295
Toyota,Roomy,2024,"1,000 cc",Automatic,Petrol,Reconditioned,"20,000 km","Rs 9,600,000",26 Sep 8:37 am,https://ikman.lk/en/ad/toyota-roomy-g-grade-2024-for-sale-colombo-56
Suzuki,Alto,2024,660 cc,Automatic,Hybrid,Reconditioned,"4,000 km","Rs 7,700,000",26 Sep 8:37 am,https://ikman.lk/en/ad/suzuki-alto-hybrid-x-2024-for-sale-colombo
Toyota,Yaris,2023,"1,000 cc",Automatic,Petrol,Reconditioned,"17,000 km","Rs 9,475,000",26 Sep 8:37 am,https://ikman.lk/en/ad/toyota-yaris-2023-for-sale-galle-6
Suzuki,Wagon R FX,2024,660 cc,Automatic,Hybrid,Reconditioned,"13,000 km","Rs 7,700,000",26 Sep 8:37 am,https://ikman.lk/en/ad/suzuki-wagon-r-fx-hybrid-multifunction-2024-for-sale-colombo-3
Toyota,Land Cruiser Prado,2026,"2,700 cc",Automatic,Petrol,Brand New,100 km,"Rs 60,975,000",26 Sep 8:37 am,https://ikman.lk/en/ad/toyota-land-cruiser-prado-lc250-2026-for-sale-colombo-5
Nissan,Bluebird,1999,"1,973 cc",Manual,Diesel,Used,"150,000 km","Rs 2,850,000",26 Sep 8:35 am,https://ikman.lk/en/ad/nissan-bluebird-su14-1999-for-sale-kegalle-2
Toyota,Yaris Cross,2025,"1,500 cc",Automatic,Hybrid,Used,"13,750 km","Rs 17,200,000",26 Sep 8:35 am,https://ikman.lk/en/ad/toyota-yaris-cross-2025-for-sale-colombo-104
Hyundai,Tucson,2014,"1,995 cc",Automatic,Diesel,Used,"132,000 km","Rs 8,985,000",26 Sep 8:32 am,https://ikman.lk/en/ad/hyundai-tucson-premium-sunroof-2014-for-sale-colombo-2
Suzuki,Swift,2008,"1,300 cc",Automatic,Petrol,Used,"123,000 km","Rs 5,590,000",26 Sep 8:27 am,https://ikman.lk/en/ad/suzuki-swift-fully-lorded-2008-for-sale-colombo
Toyota,Taisor,2026,990 cc,Automatic,Petrol,Import,50 km,"Rs 10,900,000",26 Sep 8:26 am,https://ikman.lk/en/ad/toyota-taisor-v-grade-fullyloded-2026-for-sale-gampaha
Toyota,Raize,2026,"1,200 cc",Automatic,Hybrid,Used,12 km,"Rs 13,990,000",26 Sep 8:25 am,https://ikman.lk/en/ad/toyota-raize-z-2026-for-sale-gampaha-123
Toyota,Raize,2025,"1,000 cc",Automatic,Petrol,Brand New,"17,000 km","Rs 11,975,000",26 Sep 8:24 am,https://ikman.lk/en/ad/toyota-raize-g-limited-2025-for-sale-colombo-2
Suzuki,Wagon R Stingray,2015,650 cc,Automatic,Hybrid,Used,"116,000 km","Rs 6,190,000",26 Sep 8:22 am,https://ikman.lk/en/ad/suzuki-wagon-r-stingray-j-style-2015-for-sale-colombo-416
Toyota,Allion,2013,"1,500 cc",Automatic,Petrol,Used,"167,500 km","Rs 9,875,000",26 Sep 4:16 pm,https://ikman.lk/en/ad/toyota-allion-g-grade-1-st-owner-2013-for-sale-colombo
Toyota,Vitz,2018,"1,000 cc",Automatic,Petrol,Used,"98,000 km","Rs 8,700,000",26 Sep 8:20 am,https://ikman.lk/en/ad/toyota-vitz-jewela-2018-for-sale-colombo-8
Suzuki,Alto,2025,660 cc,Automatic,Hybrid,Brand New,180 km,"Rs 7,475,000",26 Sep 8:20 am,https://ikman.lk/en/ad/suzuki-alto-full-option-2025-for-sale-colombo-1
BAIC,Other Model,2018,"1,500 cc",Automatic,Petrol,Used,"58,000 km","Rs 5,400,000",26 Sep 7:45 pm,https://ikman.lk/en/ad/baic-x25-suv-2018-for-sale-colombo
Toyota,Starlet,1993,"1,330 cc",Manual,Petrol,Used,"245,000 km","Rs 3,700,000",25 Sep 12:57 pm,https://ikman.lk/en/ad/toyota-starlet-ep82-gt-bodykit-1993-for-sale-gampaha
Kia,Syros,2026,"1,000 cc",Automatic,Petrol,Brand New,0 km,"Rs 12,600,000",17 Sep 10:35 am,https://ikman.lk/en/ad/kia-syros-htx-0-fully-loaded-2026-for-sale-gampaha
Honda,Fit,2013,"1,330 cc",Automatic,Hybrid,Used,"137,637 km","Rs 6,775,000",12 Sep 3:41 pm,https://ikman.lk/en/ad/honda-fit-2013-for-sale-colombo-1084
Toyota,Raize,2020,"1,000 cc",Automatic,Petrol,Used,"60,000 km","Rs 10,895,000",26 Sep 8:16 am,https://ikman.lk/en/ad/toyota-raize-z-grade-4-way-2020-for-sale-colombo
Suzuki,Celerio,2015,"1,000 cc",Automatic,Petrol,Used,"100,100 km","Rs 5,340,000",26 Sep 8:16 am,https://ikman.lk/en/ad/suzuki-celerio-2015-for-sale-colombo-1412
Land Rover,Range Rover Sport,2018,"2,000 cc",Automatic,Diesel,Used,"31,000 km","Rs 53,500,000",26 Sep 8:15 am,https://ikman.lk/en/ad/land-rover-range-sport-2018-for-sale-gampaha-76
Toyota,Cami,2001,"1,300 cc",Automatic,Petrol,Used,"152,000 km","Rs 4,490,000",26 Sep 8:24 am,https://ikman.lk/en/ad/toyota-cami-j122-vvt-i-crystal-2001-for-sale-colombo
Toyota,Land Cruiser Prado,2026,"2,700 cc",Automatic,Petrol,Brand New,0 km,"Rs 60,000,000",26 Sep 8:14 am,https://ikman.lk/en/ad/toyota-land-cruiser-prado-250-vx-2026-for-sale-colombo-74
Toyota,UrbanCruiser Hyryder,2026,"1,000 cc",Automatic,Hybrid,Brand New,80 km,"Rs 11,175,000",26 Sep 8:13 am,https://ikman.lk/en/ad/toyota-urbancruiser-hyryder-v-grade-2026-for-sale-colombo-7
Mercedes Benz,S400,2017,"2,140 cc",Automatic,Hybrid,Used,"49,800 km","Rs 65,000,000",26 Sep 8:12 am,https://ikman.lk/en/ad/mercedes-benz-s400-lwheel-diesel-hybrid-2017-for-sale-gampaha-13
Mercedes Benz,C200,2026,"1,500 cc",Automatic,Petrol,Brand New,"9,000 km","Rs 35,500,000",26 Sep 8:10 am,https://ikman.lk/en/ad/mercedes-benz-c200-amg-premium-plus-2026-for-sale-colombo-1
Cadillac,Other Model,2026,"3,000 cc",Automatic,Electric,Brand New,0 km,"Rs 127,000,000",26 Sep 8:10 am,https://ikman.lk/en/ad/cadillac-hongqi-r-royce-e-hs9-2026-for-sale-colombo-5
Suzuki,Fronx,2026,"1,000 cc",Automatic,Hybrid,Brand New,30 km,"Rs 10,875,000",26 Sep 8:09 am,https://ikman.lk/en/ad/suzuki-fronx-hybrid-fully-lorded-2026-for-sale-colombo
Toyota,Land Cruiser Sahara,2015,"4,461 cc",Automatic,Diesel,Used,"109,000 km","Rs 75,000,000",26 Sep 8:09 am,https://ikman.lk/en/ad/toyota-land-cruiser-sahara-vx-v8-diesel-black-2015-for-sale-gampaha-70
Toyota,Raize,2026,"1,200 cc",Automatic,Hybrid,Brand New,0 km,"Rs 13,900,000",26 Sep 8:18 am,https://ikman.lk/en/ad/toyota-raize-z-hybrid-4way-bsm-2026-for-sale-colombo-89
Honda,Vezel,2026,"1,500 cc",Automatic,Hybrid,Brand New,0 km,"Rs 18,300,000",26 Sep 8:08 am,https://ikman.lk/en/ad/honda-vezel-z-2026-for-sale-colombo-70
Honda,Vezel,2026,"1,500 cc",Automatic,Hybrid,Brand New,0 km,"Rs 18,800,000",26 Sep 8:04 am,https://ikman.lk/en/ad/honda-vezel-z-premium-4way-10spk-2026-for-sale-colombo-60
Suzuki,Wagon R,2015,650 cc,Automatic,Hybrid,Used,"117,000 km","Rs 5,990,000",26 Sep 8:04 am,https://ikman.lk/en/ad/suzuki-wagon-r-fz-safety-push-2015-for-sale-colombo
Suzuki,Alto,2015,"1,000 cc",Automatic,Petrol,Used,"100,800 km","Rs 4,440,000",26 Sep 8:03 am,https://ikman.lk/en/ad/suzuki-alto-vxi-k-10-2015-for-sale-colombo
Nissan,Dayz,2024,660 cc,Automatic,Petrol,Reconditioned,"21,200 km","Rs 7,050,000",26 Sep 8:03 am,https://ikman.lk/en/ad/nissan-dayz-s-grade-2024-for-sale-gampaha-1
Honda,Vezel,2026,"1,500 cc",Automatic,Hybrid,Brand New,0 km,"Rs 18,300,000",26 Sep 8:00 am,https://ikman.lk/en/ad/honda-vezel-z-2026-for-sale-colombo-72
Nissan,Dayz,2024,660 cc,Automatic,Petrol,Reconditioned,"7,600 km","Rs 8,250,000",26 Sep 8:00 am,https://ikman.lk/en/ad/nissan-dayz-highway-star-g-turbo-2024-for-sale-gampaha-5
Toyota,Raize,2025,"1,200 cc",Automatic,Hybrid,Brand New,"6,000 km","Rs 13,200,000",26 Sep 7:58 am,https://ikman.lk/en/ad/toyota-raize-z-hybrid-4way-camera-2025-for-sale-colombo-17
Toyota,Yaris,2026,"1,000 cc",Automatic,Petrol,Used,0 km,"Rs 10,275,000",26 Sep 7:52 am,https://ikman.lk/en/ad/toyota-yaris-x-2026-for-sale-colombo-9
Suzuki,Spacia,2016,650 cc,Automatic,Hybrid,Used,"116,000 km","Rs 6,290,000",26 Sep 7:51 am,https://ikman.lk/en/ad/suzuki-spacia-electric-doors-2016-for-sale-colombo
Suzuki,Wagon R FX,2025,650 cc,Automatic,Petrol,Reconditioned,"1,900 km","Rs 7,275,000",26 Sep 7:51 am,https://ikman.lk/en/ad/suzuki-wagon-r-fx-safety-2025-for-sale-colombo-186
Mercedes Benz,C200,2018,"1,500 cc",Automatic,Petrol,Used,"71,000 km","Rs 25,000,000",26 Sep 7:51 am,https://ikman.lk/en/ad/mercedes-benz-c200-amg-premium-plus-2018-for-sale-colombo-382
Toyota,Vitz,2016,"1,000 cc",Automatic,Petrol,Used,"129,000 km","Rs 7,490,000",26 Sep 7:50 am,https://ikman.lk/en/ad/toyota-vitz-safety-1st-owner-2016-for-sale-colombo
Toyota,Raize,2025,"1,200 cc",Automatic,Hybrid,Reconditioned,"14,900 km","Rs 13,400,000",26 Sep 7:03 pm,https://ikman.lk/en/ad/toyota-raize-z-hybrid-1200cc-2025-for-sale-colombo-58
Daihatsu,Mira,2026,660 cc,Automatic,Petrol,Brand New,0 km,"Rs 7,750,000",26 Sep 12:39 pm,https://ikman.lk/en/ad/daihatsu-mira-g-grade-limited-2026-for-sale-colombo
Nissan,Magnite,2025,999 cc,Automatic,Petrol,Used,"12,200 km","Rs 8,750,000",26 Sep 1:09 pm,https://ikman.lk/en/ad/nissan-magnite-tekna-amt-2025-for-sale-colombo-10
Toyota,Yaris,2024,"1,000 cc",Automatic,Petrol,Brand New,"4,000 km","Rs 9,975,000",26 Sep 7:36 am,https://ikman.lk/en/ad/toyota-yaris-g-headrest-model-2024-for-sale-colombo
Toyota,Yaris,2026,"1,000 cc",Automatic,Petrol,Brand New,0 km,"Rs 10,690,000",26 Sep 7:36 am,https://ikman.lk/en/ad/toyota-yaris-g-head-rest-model-2026-for-sale-colombo
Suzuki,Wagon R FX,2025,660 cc,Automatic,Petrol,Reconditioned,"2,000 km","Rs 7,250,000",26 Sep 7:36 am,https://ikman.lk/en/ad/suzuki-wagon-r-fx-petrol-2025-for-sale-colombo-8
Toyota,Yaris,2024,"1,000 cc",Automatic,Petrol,Reconditioned,"25,000 km","Rs 9,590,000",26 Sep 7:36 am,https://ikman.lk/en/ad/toyota-yaris-g-grade-2024-for-sale-colombo-66
Suzuki,Wagon R ZX,2026,660 cc,Automatic,Hybrid,Brand New,0 km,"Rs 8,975,000",26 Sep 7:36 am,https://ikman.lk/en/ad/suzuki-wagon-r-zx-upgrade-2026-for-sale-colombo-1
Honda,Vezel,2026,"1,500 cc",Automatic,Hybrid,Brand New,0 km,"Rs 18,790,000",26 Sep 7:36 am,https://ikman.lk/en/ad/honda-vezel-z-premium-10sp-4way-2026-for-sale-colombo-7
Nissan,Roox,2025,660 cc,Automatic,Hybrid,Brand New,0 km,"Rs 9,290,000",26 Sep 7:36 am,https://ikman.lk/en/ad/nissan-roox-h-way-star-4way-cam-2025-for-sale-colombo
Honda,Vezel,2026,"1,500 cc",Automatic,Hybrid,Brand New,0 km,"Rs 18,290,000",26 Sep 7:36 am,https://ikman.lk/en/ad/honda-vezel-z-applecar-w-charger-2026-for-sale-colombo
Toyota,Roomy,2025,"1,000 cc",Automatic,Petrol,Reconditioned,"5,000 km","Rs 11,375,000",26 Sep 7:36 am,https://ikman.lk/en/ad/toyota-roomy-custom-gt-turbo-2025-for-sale-colombo-129
Toyota,Yaris,2024,"1,000 cc",Automatic,Petrol,Reconditioned,"35,000 km","Rs 8,975,000",26 Sep 7:36 am,https://ikman.lk/en/ad/toyota-yaris-x-push-start-2024-for-sale-colombo-8
Toyota,Belta,2010,"1,000 cc",Automatic,Petrol,Reconditioned,"121,000 km","Rs 6,725,000",26 Sep 7:36 am,https://ikman.lk/en/ad/toyota-belta-s-grade-2010-for-sale-colombo-24
Suzuki,Maruti,2005,"1,000 cc",Manual,Petrol,Reconditioned,"154,000 km","Rs 2,175,000",26 Sep 7:30 am,https://ikman.lk/en/ad/suzuki-maruti-zen-vxi-2005-for-sale-colombo-3
Suzuki,A-Star,2011,"1,000 cc",Manual,Petrol,Used,"79,675 km","Rs 3,950,000",26 Sep 7:27 am,https://ikman.lk/en/ad/suzuki-a-star-silver-2011-for-sale-kegalle-1
Toyota,Raize,2026,"1,200 cc",Automatic,Hybrid,Brand New,0 km,"Rs 14,490,000",26 Sep 7:26 am,https://ikman.lk/en/ad/toyota-raize-z-bodykit-4way-bsm-2026-for-sale-colombo
Honda,Vezel,2026,"1,500 cc",Automatic,Hybrid,Brand New,0 km,"Rs 18,890,000",26 Sep 7:26 am,https://ikman.lk/en/ad/honda-vezel-z-premium-sunlight-w-2026-for-sale-colombo-18
Mitsubishi,Montero,2016,"3,200 cc",Automatic,Diesel,Used,"118,000 km","Rs 27,900,000",26 Sep 7:26 am,https://ikman.lk/en/ad/mitsubishi-montero-32-gls-highest-spec-2016-for-sale-colombo
Toyota,Raize,2025,"1,000 cc",Automatic,Petrol,Brand New,"7,100 km","Rs 12,450,000",26 Sep 7:25 am,https://ikman.lk/en/ad/toyota-raize-1000cc-turbo-zgrade-2025-for-sale-gampaha
Daihatsu,Mira,2025,660 cc,Automatic,Hybrid,Reconditioned,"2,000 km","Rs 6,690,000",26 Sep 7:24 am,https://ikman.lk/en/ad/daihatsu-mira-l-sa3-2025-for-sale-colombo-3
Toyota,Yaris Cross,2026,"1,500 cc",Automatic,Hybrid,Brand New,0 km,"Rs 18,290,000",26 Sep 7:24 am,https://ikman.lk/en/ad/toyota-yaris-cross-z-adventure-2026-for-sale-colombo-2
Toyota,Raize,2025,"1,200 cc",Automatic,Hybrid,Reconditioned,"14,000 km","Rs 13,590,000",26 Sep 7:24 am,https://ikman.lk/en/ad/toyota-raize-z-apple-car-4way-bsm-2025-for-sale-colombo-2
Mitsubishi,Lancer,2011,"1,600 cc",Automatic,Petrol,Used,"182,000 km","Rs 6,650,000",26 Sep 7:22 am,https://ikman.lk/en/ad/mitsubishi-lancer-cs3-glx-2011-for-sale-colombo-16
Maruti Suzuki,800,2012,800 cc,Manual,Petrol,Used,"60,000 km","Rs 2,540,000",26 Sep 7:22 am,https://ikman.lk/en/ad/maruti-suzuki-800-2012-for-sale-mannar
Toyota,Land Cruiser Prado,2015,"3,000 cc",Automatic,Diesel,Used,"156,000 km","Rs 34,300,000",26 Sep 7:22 am,https://ikman.lk/en/ad/toyota-land-cruiser-prado-sroof-auto-diesal-2015-for-sale-colombo
Toyota,Raize,2026,"1,200 cc",Tiptronic,Hybrid,Brand New,0 km,"Rs 14,350,000",26 Sep 7:20 am,https://ikman.lk/en/ad/toyota-raize-z-hybrid-modelista-2026-for-sale-colombo-5
Toyota,Raize,2026,"1,200 cc",Tiptronic,Hybrid,Brand New,0 km,"Rs 14,250,000",26 Sep 7:18 am,https://ikman.lk/en/ad/toyota-raize-z-hybrid-bsm-4way-2026-for-sale-colombo-19
Toyota,Taisor,2026,"1,000 cc",Automatic,Hybrid,Brand New,0 km,"Rs 11,150,000",26 Sep 10:52 am,https://ikman.lk/en/ad/toyota-taisor-hybrid-brand-new-v-2026-for-sale-gampaha
Toyota,Roomy,2024,"1,000 cc",Automatic,Petrol,Brand New,"1,000 km","Rs 10,790,000",25 Sep 3:57 pm,https://ikman.lk/en/ad/toyota-roomy-custom-gt-turbo-2024-for-sale-colombo-33
Toyota,Premio,2018,"1,500 cc",Automatic,Petrol,Used,"134,000 km","Rs 15,000,000",21 Sep 10:55 am,https://ikman.lk/en/ad/toyota-premio-g-superior-2018-for-sale-colombo-1152
Toyota,RAV4,2026,"2,500 cc",Tiptronic,Hybrid,Brand New,0 km,"Rs 49,500,000",26 Sep 7:16 am,https://ikman.lk/en/ad/toyota-rav4-z-hybrid-25l-gr-2026-for-sale-colombo
Toyota,Raize,2025,"1,000 cc",Automatic,Petrol,Brand New,"22,000 km","Rs 11,200,000",26 Sep 7:12 am,https://ikman.lk/en/ad/toyota-raize-x-grade-2025-for-sale-gampaha-5
Honda,Vezel,2015,"1,500 cc",Automatic,Hybrid,Used,"127,500 km","Rs 10,350,000",26 Sep 7:10 am,https://ikman.lk/en/ad/honda-vezel-z-orange-highst-spec-2015-for-sale-colombo
Toyota,Yaris,2024,"1,000 cc",Automatic,Petrol,Brand New,"14,000 km","Rs 9,600,000",26 Sep 7:09 am,https://ikman.lk/en/ad/toyota-yaris-x-grade-2024-for-sale-gampaha-79
Toyota,Corolla,1992,"1,300 cc",Manual,Petrol,Used,"249,029 km","Rs 2,500,000",26 Sep 7:06 am,https://ikman.lk/en/ad/toyota-corolla-lx-1992-for-sale-monaragala
Suzuki,Wagon R FX,2025,660 cc,Automatic,Petrol,Brand New,270 km,"Rs 7,650,000",26 Sep 7:05 am,https://ikman.lk/en/ad/suzuki-wagon-r-fx-petrol-2025-for-sale-gampaha-17
Toyota,Corolla,1996,"1,500 cc",Automatic,Petrol,Reconditioned,"145,009 km","Rs 3,425,000",26 Sep 7:02 am,https://ikman.lk/en/ad/toyota-corolla-110-1996-for-sale-colombo-174
Toyota,Raize,2026,"1,200 cc",Automatic,Hybrid,Used,0 km,"Rs 14,300,000",26 Sep 6:55 am,https://ikman.lk/en/ad/toyota-raize-z-hybrid-2026-for-sale-colombo-117
Toyota,Land Cruiser 79,2025,"2,890 cc",Manual,Diesel,Used,201 km,"Rs 29,000,000",26 Sep 6:49 am,https://ikman.lk/en/ad/toyota-land-cruiser-79-2025-for-sale-kegalle
Land Rover,Discovery,2019,"2,000 cc",Automatic,Diesel,Used,"37,000 km","Rs 32,500,000",26 Sep 6:45 am,https://ikman.lk/en/ad/land-rover-discovery-5-diesal-hse-dynamic-2019-for-sale-colombo
Toyota,Yaris,2024,"1,000 cc",Automatic,Petrol,Reconditioned,"25,000 km","Rs 9,475,000",26 Sep 6:45 am,https://ikman.lk/en/ad/toyota-yaris-x-ltd-2024-for-sale-colombo-1
Toyota,Roomy,2023,"1,000 cc",Automatic,Petrol,Reconditioned,"28,000 km","Rs 9,900,000",26 Sep 6:45 am,https://ikman.lk/en/ad/toyota-roomy-custom-g-gt-2023-for-sale-colombo-1
Toyota,Roomy,2023,"1,000 cc",Automatic,Petrol,Reconditioned,"6,000 km","Rs 9,800,000",26 Sep 6:45 am,https://ikman.lk/en/ad/toyota-roomy-custom-g-2023-for-sale-colombo-105
Toyota,Roomy,2023,"1,000 cc",Automatic,Petrol,Reconditioned,"33,000 km","Rs 8,950,000",26 Sep 6:45 am,https://ikman.lk/en/ad/toyota-roomy-g-grade-2023-for-sale-colombo-76
Suzuki,Wagon R FX,2025,660 cc,Automatic,Petrol,Brand New,"4,774 km","Rs 7,650,000",26 Sep 6:42 am,https://ikman.lk/en/ad/suzuki-wagon-r-fx-petrol-2025-for-sale-gampaha-16
Nissan,March,1999,"1,000 cc",Automatic,Petrol,Reconditioned,"121,000 km","Rs 3,295,000",26 Sep 6:34 am,https://ikman.lk/en/ad/nissan-march-k11-1999-for-sale-colombo-180
Mercedes Benz,GLA 200,2015,"1,600 cc",Automatic,Petrol,Used,"94,360 km","Rs 12,500,000",26 Sep 11:04 pm,https://ikman.lk/en/ad/mercedes-benz-gla-200-2015-for-sale-kalutara
Subaru,XV,2014,"2,000 cc",Automatic,Hybrid,Used,"185,000 km","Rs 8,400,000",26 Sep 6:31 am,https://ikman.lk/en/ad/subaru-xv-hybrid-2014-for-sale-gampaha-11
Land Rover,Defender,2023,"2,000 cc",Tiptronic,Petrol,Used,"28,000 km","Rs 59,800,000",26 Sep 5:46 am,https://ikman.lk/en/ad/land-rover-defender-p300-x-dynamic-se-2023-for-sale-colombo-9
Toyota,Axio,2020,"1,500 cc",Automatic,Hybrid,Used,"76,500 km","Rs 13,975,000",26 Sep 5:46 am,https://ikman.lk/en/ad/toyota-axio-2020-for-sale-kandy-1
Toyota,Vitz,2019,"1,000 cc",Automatic,Petrol,Used,"89,000 km","Rs 8,675,000",26 Sep 5:22 am,https://ikman.lk/en/ad/toyota-vitz-edition-3-2019-for-sale-colombo-422
Mercedes Benz,E200,2023,"2,000 cc",Automatic,Petrol,Used,222 km,Rs 445,26 Sep 2:12 am,https://ikman.lk/en/ad/mercedes-benz-e200-2023-for-sale-colombo-8
Toyota,Noah,2026,"1,800 cc",Automatic,Hybrid,Used,"1,700 km",Rs 345,26 Sep 1:52 am,https://ikman.lk/en/ad/toyota-noah-2026-for-sale-colombo
Suzuki,Wagon R ZX,2026,650 cc,Automatic,Hybrid,Reconditioned,"4,000 km","Rs 8,840,000",26 Sep 1:27 am,https://ikman.lk/en/ad/suzuki-wagon-r-zx-custom-z-2026-for-sale-colombo-9
Toyota,Taisor,2026,"1,000 cc",Automatic,Petrol,Brand New,0 km,"Rs 11,340,000",26 Sep 12:55 am,https://ikman.lk/en/ad/toyota-taisor-v-grade-2026-for-sale-colombo-573
Nissan,Roox,2024,660 cc,Automatic,Hybrid,Reconditioned,"30,000 km","Rs 8,875,000",26 Sep 2:52 am,https://ikman.lk/en/ad/nissan-roox-highway-star-2024-for-sale-colombo-7
Opel,Other Model,2018,1 cc,Tiptronic,Petrol,Used,"18,000 km","Rs 11,750,000",26 Sep 1:54 pm,https://ikman.lk/en/ad/opel-holden-astra-ltz-trm-2018-for-sale-gampaha
Toyota,Premio,2018,"1,500 cc",Automatic,Petrol,Used,"134,000 km","Rs 15,000,000",21 Sep 10:55 am,https://ikman.lk/en/ad/toyota-premio-g-superior-2018-for-sale-colombo-1152
Toyota,Taisor,2026,"1,000 cc",Automatic,Petrol,Brand New,0 km,"Rs 11,340,000",26 Sep 12:51 am,https://ikman.lk/en/ad/toyota-taisor-v-grade-2026-for-sale-colombo-572
Honda,Vezel,2026,"1,500 cc",Automatic,Hybrid,Brand New,0 km,"Rs 18,990,000",26 Sep 10:06 am,https://ikman.lk/en/ad/honda-vezel-z-premium-2026-for-sale-colombo-727
Suzuki,Wagon R,2018,660 cc,Automatic,Hybrid,Used,"91,000 km","Rs 6,900,000",26 Sep 12:48 am,https://ikman.lk/en/ad/suzuki-wagon-r-2018-for-sale-colombo-654
Toyota,Raize,2026,"1,200 cc",Automatic,Petrol,Brand New,0 km,"Rs 13,990,000",26 Sep 10:06 am,https://ikman.lk/en/ad/toyota-raize-z-grade-hybrid-bsm-2026-for-sale-colombo-22
Volkswagen,Taigun,2026,"1,000 cc",Automatic,Petrol,Brand New,0 km,"Rs 12,290,000",26 Sep 12:47 am,https://ikman.lk/en/ad/volkswagen-taigun-gt-line-2026-for-sale-colombo-20
Hyundai,Venue,2026,"1,000 cc",Automatic,Petrol,Brand New,0 km,"Rs 12,490,000",26 Sep 10:10 am,https://ikman.lk/en/ad/hyundai-venue-n-line-n10-2026-for-sale-colombo-64
Perodua,Axia,2016,998 cc,Automatic,Petrol,Used,"97,729 km","Rs 6,050,000",26 Sep 11:20 am,https://ikman.lk/en/ad/perodua-axia-2016-for-sale-matara-4
Kia,Sorento,2011,"1,500 cc",Automatic,Petrol,Used,"147,000 km","Rs 9,850,000",26 Sep 5:18 pm,https://ikman.lk/en/ad/kia-sorento-2011-for-sale-kalutara-4
Nissan,Almera,2025,"1,000 cc",Automatic,Petrol,Brand New,900 km,"Rs 11,950,000",26 Sep 3:28 am,https://ikman.lk/en/ad/nissan-almera-2025-for-sale-colombo-58
Toyota,Roomy,2025,"1,000 cc",Automatic,Petrol,Reconditioned,"4,000 km","Rs 9,300,000",25 Sep 11:59 pm,https://ikman.lk/en/ad/toyota-roomy-2025-for-sale-colombo-24
Mitsubishi,L200,1990,"2,500 cc",Manual,Diesel,Used,"122,000 km","Rs 2,950,000",25 Sep 11:54 pm,https://ikman.lk/en/ad/mitsubishi-l200-1990-for-sale-matale-1
Toyota,Premio,2003,"1,500 cc",Automatic,Petrol,Used,"162,000 km","Rs 6,600,000",25 Sep 11:19 pm,https://ikman.lk/en/ad/toyota-premio-2003-for-sale-colombo-36
Toyota,Passo,2007,"1,000 cc",Automatic,Petrol,Used,"140,000 km","Rs 4,675,000",25 Sep 11:18 pm,https://ikman.lk/en/ad/toyota-passo-2007-for-sale-colombo-1273
Honda,Fit Shuttle,2012,"1,300 cc",Automatic,Hybrid,Used,"180,000 km","Rs 8,150,000",25 Sep 11:14 pm,https://ikman.lk/en/ad/honda-fit-shuttle-2012-for-sale-colombo-840
Perodua,Bezza,2018,"1,000 cc",Automatic,Petrol,Used,"92,000 km","Rs 6,675,000",25 Sep 11:13 pm,https://ikman.lk/en/ad/perodua-bezza-2018-for-sale-colombo-188
Suzuki,Alto,2015,800 cc,Manual,Petrol,Used,"181,000 km","Rs 4,200,000",25 Sep 11:02 pm,https://ikman.lk/en/ad/suzuki-alto-lxi-2015-for-sale-gampaha-798
Suzuki,Spacia,2025,660 cc,Automatic,Petrol,Reconditioned,"10,000 km","Rs 10,400,000",25 Sep 11:01 pm,https://ikman.lk/en/ad/suzuki-spacia-custom-z-turbo-2025-for-sale-colombo-1
Nissan,Dayz,2024,660 cc,Automatic,Petrol,Reconditioned,"13,000 km","Rs 7,700,000",25 Sep 10:49 pm,https://ikman.lk/en/ad/nissan-dayz-x-2024-for-sale-gampaha-5
Suzuki,Fronx,2026,"1,000 cc",Automatic,Petrol,Brand New,0 km,"Rs 10,700,000",25 Sep 10:48 pm,https://ikman.lk/en/ad/suzuki-fronx-alfa-2026-for-sale-colombo-2
Toyota,Yaris,2024,"1,000 cc",Automatic,Petrol,Brand New,700 km,"Rs 10,650,000",25 Sep 11:31 pm,https://ikman.lk/en/ad/toyota-yaris-g-led-2024-for-sale-colombo-7
Toyota,Taisor,2026,"1,000 cc",Automatic,Petrol,Brand New,0 km,"Rs 10,475,000",25 Sep 10:38 pm,https://ikman.lk/en/ad/toyota-taisor-v-grade-2026-for-sale-colombo-571
Toyota,Vitz,2018,"1,000 cc",Automatic,Petrol,Used,"126,700 km","Rs 7,990,000",26 Sep 10:18 am,https://ikman.lk/en/ad/toyota-vitz-safety-edition-2-2018-for-sale-ampara-1
Nissan,Leaf,2013,15 cc,Automatic,Electric,Used,"90,000 km","Rs 5,500,000",26 Sep 6:44 am,https://ikman.lk/en/ad/nissan-leaf-2013-for-sale-colombo-1498
Toyota,Yaris,2023,"1,000 cc",Automatic,Petrol,Reconditioned,"19,000 km","Rs 9,650,000",25 Sep 9:44 pm,https://ikman.lk/en/ad/toyota-yaris-x-limited-2023-for-sale-gampaha-14
Suzuki,Celerio,2015,"1,000 cc",Automatic,Petrol,Used,"132,000 km","Rs 5,375,000",25 Sep 9:37 pm,https://ikman.lk/en/ad/suzuki-celerio-vxi-2015-for-sale-gampaha-85
BMW,740Li,2005,"4,000 cc",Automatic,Petrol,Used,"49,000 km","Rs 11,900,000",26 Sep 11:44 am,https://ikman.lk/en/ad/bmw-740li-2005-for-sale-colombo
Nissan,Sunny,2004,"1,500 cc",Automatic,Petrol,Used,"198,000 km","Rs 4,825,000",26 Sep 11:49 am,https://ikman.lk/en/ad/nissan-sunny-fb-15-ex-saloon-2004-for-sale-kurunegala
DFSK,Glory,2021,"1,500 cc",Tiptronic,Petrol,Used,"38,000 km","Rs 9,000,000",15 Sep 2:12 pm,https://ikman.lk/en/ad/dfsk-glory-2021-for-sale-colombo-384
Nissan,Dayz,2024,660 cc,Automatic,Petrol,Reconditioned,"3,250 km","Rs 7,490,000",25 Sep 9:35 pm,https://ikman.lk/en/ad/nissan-dayz-x-touch-ac-4way-2024-for-sale-gampaha
Suzuki,Every,2026,660 cc,Automatic,Petrol,Brand New,0 km,"Rs 10,675,000",25 Sep 9:21 pm,https://ikman.lk/en/ad/suzuki-every-wagon-pz-t-da18w-2026-for-sale-gampaha
Mitsubishi,Pajero,2015,"3,200 cc",Automatic,Diesel,Used,"169,000 km","Rs 28,400,000",25 Sep 9:16 pm,https://ikman.lk/en/ad/mitsubishi-pajero-2015-for-sale-colombo
Toyota,Roomy,2025,"1,000 cc",Automatic,Petrol,Used,"12,000 km","Rs 11,275,000",25 Sep 9:15 pm,https://ikman.lk/en/ad/toyota-roomy-custom-gt-2025-for-sale-puttalam-8
Suzuki,Every,2026,660 cc,Automatic,Petrol,Used,0 km,"Rs 10,675,000",25 Sep 9:12 pm,https://ikman.lk/en/ad/suzuki-every-wagon-pz-turbo-da18w-2026-for-sale-gampaha
Hyundai,Santa Fe,2007,"2,200 cc",Automatic,Diesel,Used,"113,000 km","Rs 5,950,000",25 Sep 9:24 pm,https://ikman.lk/en/ad/hyundai-santa-fe-22-2007-for-sale-kegalle-1
Toyota,Raize,2026,"1,200 cc",Automatic,Hybrid,Brand New,0 km,"Rs 14,200,000",25 Sep 8:57 pm,https://ikman.lk/en/ad/toyota-raize-z-hybrid-bsm-2026-for-sale-colombo-58
Honda,Vezel,2026,"1,500 cc",Automatic,Hybrid,Brand New,0 km,"Rs 19,500,000",25 Sep 8:40 pm,https://ikman.lk/en/ad/honda-vezel-z-premium-2026-for-sale-gampaha-35
Toyota,Yaris,2023,"1,000 cc",Automatic,Petrol,Reconditioned,"5,000 km","Rs 10,800,000",25 Sep 8:40 pm,https://ikman.lk/en/ad/toyota-yaris-g-grade-3-2023-for-sale-gampaha
Mercedes Benz,E300,2015,"2,200 cc",Automatic,Hybrid,Used,"56,000 km","Rs 16,500,000",25 Sep 8:40 pm,https://ikman.lk/en/ad/mercedes-benz-e300-bluetec-hybrid-2015-for-sale-gampaha-1
Toyota,Raize,2025,"1,000 cc",Automatic,Petrol,Brand New,0 km,"Rs 13,450,000",25 Sep 8:40 pm,https://ikman.lk/en/ad/toyota-raize-z-gray-blacktop-2025-for-sale-gampaha
Toyota,Raize,2024,"1,200 cc",Automatic,Petrol,Reconditioned,"40,000 km","Rs 12,250,000",25 Sep 8:36 pm,https://ikman.lk/en/ad/toyota-raize-z-grade-2024-for-sale-colombo-291
Audi,e-tron,2024,400 cc,Tiptronic,Electric,Used,"8,500 km","Rs 67,500,000",25 Sep 8:30 pm,https://ikman.lk/en/ad/audi-e-tron-gt-2024-for-sale-colombo-49
Toyota,Corolla,2023,"1,496 cc",Automatic,Petrol,Used,"3,000 km","Rs 18,700,000",25 Sep 8:26 pm,https://ikman.lk/en/ad/toyota-corolla-wxb-2023-for-sale-ampara
Toyota,Land Cruiser Prado,2017,"2,700 cc",Automatic,Petrol,Used,"119,000 km","Rs 37,500,000",26 Sep 5:48 pm,https://ikman.lk/en/ad/toyota-land-cruiser-prado-tx-l-g-frontier-2017-for-sale-kalutara-3
Kia,Sorento,2012,"2,200 cc",Automatic,Diesel,Used,"94,000 km","Rs 10,950,000",25 Sep 10:24 pm,https://ikman.lk/en/ad/kia-sorento-1-12-option-2012-for-sale-kegalle-3
Toyota,Roomy,2024,"1,000 cc",Automatic,Petrol,Used,"13,000 km","Rs 9,750,000",25 Sep 8:10 pm,https://ikman.lk/en/ad/toyota-roomy-gt-2024-for-sale-colombo-6
Mitsubishi,Montero,2018,"3,200 cc",Automatic,Diesel,Used,"110,000 km","Rs 29,990,000",25 Sep 8:08 pm,https://ikman.lk/en/ad/mitsubishi-montero-cbc-glx-1st-owner-2018-for-sale-colombo
Toyota,Premio,2014,"1,500 cc",Automatic,Petrol,Used,"87,000 km","Rs 9,200,000",25 Sep 8:02 pm,https://ikman.lk/en/ad/toyota-premio-g-superior-2014-for-sale-kegalle-26
Toyota,Corolla,1987,"1,300 cc",Manual,Petrol,Used,"62,100 km","Rs 550,000",25 Sep 8:11 pm,https://ikman.lk/en/ad/toyota-corolla-1987-for-sale-colombo-17
Toyota,Allion,2010,"1,500 cc",Automatic,Petrol,Used,"230,000 km","Rs 9,200,000",25 Sep 7:56 pm,https://ikman.lk/en/ad/toyota-allion-2010-for-sale-colombo-1178
Suzuki,Hustler,2024,660 cc,Automatic,Hybrid,Reconditioned,"18,000 km","Rs 7,890,000",26 Sep 2:28 am,https://ikman.lk/en/ad/suzuki-hustler-turbo-2024-for-sale-gampaha
Nissan,Dayz,2023,650 cc,Automatic,Petrol,Reconditioned,"15,570 km","Rs 7,175,000",25 Sep 7:54 pm,https://ikman.lk/en/ad/nissan-dayz-x-grade-push-start-2023-for-sale-kegalle-2
Hyundai,Venue,2026,"1,000 cc",Automatic,Petrol,Brand New,0 km,"Rs 12,450,000",25 Sep 7:52 pm,https://ikman.lk/en/ad/hyundai-venue-n-line-10-2026-for-sale-colombo-3
Ford,Ranger,2018,"2,198 cc",Automatic,Diesel,Used,"182,000 km","Rs 17,700,000",25 Sep 10:47 pm,https://ikman.lk/en/ad/ford-ranger-xlt-2018-for-sale-colombo-1
Opel,Other Model,2018,1 cc,Tiptronic,Petrol,Used,"18,000 km","Rs 11,750,000",26 Sep 1:54 pm,https://ikman.lk/en/ad/opel-holden-astra-ltz-trm-2018-for-sale-gampaha
Toyota,Roomy,2024,"1,000 cc",Automatic,Petrol,Reconditioned,"5,000 km","Rs 10,600,000",26 Sep 8:37 am,https://ikman.lk/en/ad/toyota-roomy-custom-g-2024-for-sale-colombo-151
Hyundai,Eon,2016,814 cc,Manual,Petrol,Used,"76,148 km","Rs 4,000,000",26 Sep 7:37 pm,https://ikman.lk/en/ad/hyundai-eon-2016-for-sale-gampaha-44
Tata,Nano,2011,624 cc,Manual,Petrol,Used,"144,000 km","Rs 1,350,000",25 Sep 7:47 pm,https://ikman.lk/en/ad/tata-nano-2011-for-sale-gampaha-915
Maruti Suzuki,Alto,2007,800 cc,Manual,Petrol,Used,"210,000 km","Rs 2,750,000",25 Sep 7:46 pm,https://ikman.lk/en/ad/maruti-suzuki-alto-lx-2007-for-sale-colombo
BAIC,X55 II,2025,"1,500 cc",Automatic,Petrol,Used,"11,000 km","Rs 13,000,000",25 Sep 7:43 pm,https://ikman.lk/en/ad/baic-x55-ii-luxury-2025-for-sale-colombo-16
Honda,Vezel,2014,"1,500 cc",Automatic,Hybrid,Used,"113,000 km","Rs 9,550,000",25 Sep 7:33 pm,https://ikman.lk/en/ad/honda-vezel-z-orange-pkg-2014-for-sale-kegalle-16
Toyota,Yaris,2026,"1,200 cc",Automatic,Hybrid,Brand New,0 km,"Rs 14,790,000",25 Sep 7:28 pm,https://ikman.lk/en/ad/toyota-yaris-advance-blast-hybrid-2026-for-sale-gampaha
Ford,Raptor Ranger,2026,"1,996 cc",Automatic,Diesel,Brand New,0 km,"Rs 39,500,000",25 Sep 7:28 pm,https://ikman.lk/en/ad/ford-raptor-ranger-20l-bi-turbo-diesel-2026-for-sale-colombo
Toyota,Prius,2013,"1,800 cc",Automatic,Hybrid,Used,"210,000 km","Rs 11,275,000",25 Sep 7:30 pm,https://ikman.lk/en/ad/toyota-prius-2013-for-sale-gampaha-1545
Honda,Fit,2013,"1,300 cc",Automatic,Hybrid,Used,"105,000 km","Rs 6,775,000",25 Sep 7:25 pm,https://ikman.lk/en/ad/honda-fit-gp-1-2013-for-sale-gampaha-4
Toyota,Raize,2026,"1,200 cc",Automatic,Hybrid,Brand New,100 km,"Rs 14,500,000",25 Sep 7:24 pm,https://ikman.lk/en/ad/toyota-raize-z-2026-for-sale-colombo-43
DFSK,Glory,2021,"1,500 cc",Automatic,Petrol,Used,"52,000 km","Rs 8,650,000",25 Sep 7:15 pm,https://ikman.lk/en/ad/dfsk-glory-i-auto-2021-for-sale-colombo-434
Cadillac,Other Model,2026,"2,500 cc",Automatic,Electric,Brand New,0 km,"Rs 127,000,000",25 Sep 7:15 pm,https://ikman.lk/en/ad/cadillac-hongqi-r-royce-e-hs9-2026-for-sale-colombo-4
Toyota,Taisor,2026,"1,000 cc",Automatic,Petrol,Brand New,0 km,"Rs 11,125,000",25 Sep 7:12 pm,https://ikman.lk/en/ad/toyota-taisor-v-grade-2026-for-sale-colombo-569
Suzuki,Alto,2023,660 cc,Automatic,Hybrid,Reconditioned,"8,000 km","Rs 7,450,000",25 Sep 7:09 pm,https://ikman.lk/en/ad/suzuki-alto-hybrid-x-2023-for-sale-colombo-1
Suzuki,Alto,2006,800 cc,Manual,Petrol,Reconditioned,"157,000 km","Rs 2,950,000",25 Sep 7:07 pm,https://ikman.lk/en/ad/suzuki-alto-mint-condition-car-2006-for-sale-kurunegala
Nissan,Presea,1998,"1,500 cc",Automatic,Petrol,Used,"190,000 km","Rs 2,975,000",25 Sep 7:04 pm,https://ikman.lk/en/ad/nissan-presea-1998-for-sale-colombo-4
Toyota,Vitz,2017,"1,000 cc",Automatic,Petrol,Used,"120,000 km","Rs 7,650,000",25 Sep 7:00 pm,https://ikman.lk/en/ad/toyota-vitz-safety-push-edition-2017-for-sale-colombo
Hyundai,Tucson,2011,"2,000 cc",Automatic,Petrol,Used,"210,650 km","Rs 7,275,000",25 Sep 6:50 pm,https://ikman.lk/en/ad/hyundai-tucson-2011-for-sale-colombo-1037
Suzuki,Alto,2018,660 cc,Automatic,Petrol,Used,"82,000 km","Rs 5,650,000",25 Sep 6:49 pm,https://ikman.lk/en/ad/suzuki-alto-2018-for-sale-colombo-255
BMW,318i,2016,"1,500 cc",Automatic,Petrol,Used,"64,000 km","Rs 17,500,000",25 Sep 6:47 pm,https://ikman.lk/en/ad/bmw-318i-luxury-line-2016-for-sale-colombo-33
Tata,Nano,2016,626 cc,Manual,Petrol,Used,"114,456 km","Rs 1,850,000",25 Sep 6:45 pm,https://ikman.lk/en/ad/tata-nano-twist-2016-for-sale-colombo-36
Mercedes Benz,C200,2018,"1,500 cc",Tiptronic,Petrol,Used,"65,000 km","Rs 24,000,000",25 Sep 6:44 pm,https://ikman.lk/en/ad/mercedes-benz-c200-amg-premium-plus-2018-for-sale-colombo-381
Honda,Grace,2015,"1,500 cc",Automatic,Hybrid,Used,"152,700 km","Rs 9,650,000",25 Sep 6:43 pm,https://ikman.lk/en/ad/honda-grace-2015-for-sale-colombo-1352
Suzuki,Wagon R FX,2024,660 cc,Automatic,Hybrid,Reconditioned,"20,000 km","Rs 7,700,000",25 Sep 6:40 pm,https://ikman.lk/en/ad/suzuki-wagon-r-fx-hybrid-multifunction-2024-for-sale-colombo-7
Nissan,ROOX HIGHWAY STAR X,2025,650 cc,Automatic,Hybrid,Reconditioned,"3,000 km","Rs 8,675,000",25 Sep 6:38 pm,https://ikman.lk/en/ad/nissan-roox-highway-star-x-4way-2025-for-sale-colombo-6
BYD,ATTO 3,2025,100 cc,Automatic,Electric,Used,"10,000 km","Rs 16,000,000",26 Sep 12:05 pm,https://ikman.lk/en/ad/byd-atto-3-2025-for-sale-gampaha-9
Toyota,Land Cruiser Sahara,2015,"4,600 cc",Automatic,Petrol,Used,"67,000 km","Rs 46,900,000",25 Sep 3:56 pm,https://ikman.lk/en/ad/toyota-land-cruiser-sahara-v8-zx-bruno-cross-2015-for-sale-colombo-4
Toyota,Pixis,2025,660 cc,Automatic,Petrol,Reconditioned,"2,000 km","Rs 7,350,000",25 Sep 6:37 pm,https://ikman.lk/en/ad/toyota-pixis-ledlight-powermirror-2025-for-sale-colombo-3
Suzuki,Wagon R FX,2025,660 cc,Automatic,Hybrid,Brand New,0 km,"Rs 7,950,000",26 Sep 3:28 am,https://ikman.lk/en/ad/suzuki-wagon-r-fx-hybrid-multifunction-2025-for-sale-colombo-1
Toyota,Pixis,2024,660 cc,Automatic,Petrol,Used,"12,000 km","Rs 6,895,000",26 Sep 8:04 am,https://ikman.lk/en/ad/toyota-pixis-x-limited-2024-for-sale-colombo-1
Nissan,Dayz,2024,650 cc,Automatic,Petrol,Reconditioned,"19,500 km","Rs 7,990,000",25 Sep 6:27 pm,https://ikman.lk/en/ad/nissan-dayz-x-ltd-4-way-360-2024-for-sale-gampaha
Mercedes Benz,E300,2018,"2,000 cc",Automatic,Petrol,Used,"33,000 km","Rs 35,000,000",26 Sep 4:09 pm,https://ikman.lk/en/ad/mercedes-benz-e300-coupe-edition-1-2018-for-sale-colombo
MG,ZS,2025,"1,000 cc",Automatic,Petrol,Used,"14,000 km","Rs 11,190,000",25 Sep 6:12 pm,https://ikman.lk/en/ad/mg-zs-mce-2025-for-sale-colombo-73
Toyota,Land Cruiser Prado,2011,"2,700 cc",Automatic,Petrol,Used,"114,000 km","Rs 26,575,000",25 Sep 6:09 pm,https://ikman.lk/en/ad/toyota-land-cruiser-prado-150-tx-2011-for-sale-colombo-30
Subaru,Impreza,2000,"1,500 cc",Automatic,Petrol,Used,"155,000 km","Rs 3,575,000",25 Sep 6:08 pm,https://ikman.lk/en/ad/subaru-impreza-2000-for-sale-colombo-3
Toyota,Land Cruiser Prado,2010,"2,700 cc",Automatic,Petrol,Used,"145,000 km","Rs 21,575,000",25 Sep 6:07 pm,https://ikman.lk/en/ad/toyota-land-cruiser-prado-tx-2010-for-sale-kalutara
Mitsubishi,Pajero,2007,"3,800 cc",Automatic,Petrol,Used,"207,872 km","Rs 13,000,000",25 Sep 6:07 pm,https://ikman.lk/en/ad/mitsubishi-pajero-2007-for-sale-kalutara
Toyota,Premio,2018,"1,800 cc",Automatic,Petrol,Used,"99,000 km","Rs 16,700,000",25 Sep 6:07 pm,https://ikman.lk/en/ad/toyota-premio-g-superior-2018-for-sale-gampaha-478
Mercedes Benz,GLB,2020,"1,332 cc",Automatic,Petrol,Used,"90,000 km","Rs 23,975,000",25 Sep 6:30 pm,https://ikman.lk/en/ad/mercedes-benz-glb-200-premium-plus-2020-for-sale-gampaha
Audi,A4,2012,"2,000 cc",Automatic,Diesel,Used,"200,000 km","Rs 8,575,000",25 Sep 6:18 pm,https://ikman.lk/en/ad/audi-a4-20-lt-diesel-2012-for-sale-colombo-1
Fiat,Palio,2002,"1,300 cc",Manual,Petrol,Used,"55,000 km","Rs 1,686,000",25 Sep 6:04 pm,https://ikman.lk/en/ad/fiat-palio-sport-2002-for-sale-colombo-1
Mercedes Benz,E300,2015,"2,150 cc",Automatic,Diesel,Used,"70,000 km","Rs 16,750,000",25 Sep 6:03 pm,https://ikman.lk/en/ad/mercedes-benz-e300-w212-blue-tec-hybrid-2015-for-sale-colombo-2
Toyota,Aqua,2013,"1,500 cc",Automatic,Hybrid,Used,"123,000 km","Rs 7,595,000",25 Sep 6:02 pm,https://ikman.lk/en/ad/toyota-aqua-s-grade-2013-for-sale-colombo-1402
Toyota,Raize,2025,"1,000 cc",Automatic,Petrol,Reconditioned,"17,000 km","Rs 12,450,000",26 Sep 3:46 pm,https://ikman.lk/en/ad/toyota-raize-z-grade-4-way-2025-for-sale-colombo-18
Suzuki,Wagon R FZ,2014,660 cc,Automatic,Hybrid,Used,"143,200 km","Rs 5,500,000",25 Sep 5:58 pm,https://ikman.lk/en/ad/suzuki-wagon-r-fz-mh44s-2014-for-sale-badulla
Daihatsu,Mira,2025,660 cc,Automatic,Petrol,Brand New,"1,000 km","Rs 6,875,000",26 Sep 7:20 am,https://ikman.lk/en/ad/daihatsu-mira-full-option-2025-for-sale-colombo-5
Nissan,ROOX HIGHWAY STAR X,2025,660 cc,Automatic,Hybrid,Reconditioned,"14,900 km","Rs 9,195,000",25 Sep 5:56 pm,https://ikman.lk/en/ad/nissan-roox-highway-star-x-propiliot-limited-2025-for-sale-colombo-1
Toyota,Mark,2007,"2,490 cc",Automatic,Petrol,Used,"165,000 km","Rs 7,575,000",25 Sep 5:55 pm,https://ikman.lk/en/ad/toyota-mark-x-2007-for-sale-colombo-18
Honda,WR-V,2024,"1,500 cc",Tiptronic,Petrol,Brand New,150 km,"Rs 16,950,000",25 Sep 5:53 pm,https://ikman.lk/en/ad/honda-wr-v-vezel-highest-grade-2024-for-sale-gampaha
Toyota,Raize,2026,"1,200 cc",Automatic,Hybrid,Brand New,0 km,"Rs 13,990,000",26 Sep 3:28 am,https://ikman.lk/en/ad/toyota-raize-z-hybrid-2026-for-sale-colombo-128
Mercedes Benz,CLA 180,2026,"1,500 cc",Tiptronic,Hybrid,Import,"3,000 km","Rs 46,000,000",25 Sep 5:51 pm,https://ikman.lk/en/ad/mercedes-benz-cla-180-hybrid-new-shape-2026-for-sale-colombo-1
Nissan,Dayz,2025,660 cc,Automatic,Hybrid,Brand New,0 km,"Rs 8,590,000",25 Sep 5:51 pm,https://ikman.lk/en/ad/nissan-dayz-highway-star-x-2025-for-sale-colombo-48
Mercedes Benz,GLB,2025,"1,300 cc",Automatic,Petrol,Brand New,0 km,"Rs 43,550,000",26 Sep 11:01 am,https://ikman.lk/en/ad/mercedes-benz-glb-200-amg-premium-plus-2025-for-sale-colombo-26
Audi,A3,2017,"1,000 cc",Automatic,Petrol,Used,"113,125 km","Rs 12,000,000",22 Sep 3:04 pm,https://ikman.lk/en/ad/audi-a3-2017-for-sale-colombo-193
Suzuki,Fronx,2026,"1,000 cc",Automatic,Petrol,Brand New,0 km,"Rs 11,000,000",11 Sep 5:29 pm,https://ikman.lk/en/ad/suzuki-fronx-alpha-2026-for-sale-kurunegala-8
Suzuki,Wagon R,2024,650 cc,Automatic,Hybrid,Brand New,100 km,"Rs 8,095,000",25 Sep 5:49 pm,https://ikman.lk/en/ad/suzuki-wagon-r-hybrid-2024-for-sale-colombo-5
Suzuki,Fronx,2026,"1,000 cc",Automatic,Petrol,Brand New,0 km,"Rs 10,990,000",25 Sep 5:45 pm,https://ikman.lk/en/ad/suzuki-fronx-alpha-turbo-2026-for-sale-colombo-287
Honda,Vezel,2026,"1,500 cc",Automatic,Hybrid,Brand New,30 km,"Rs 18,995,000",25 Sep 5:44 pm,https://ikman.lk/en/ad/honda-vezel-z-premium-2026-for-sale-colombo-726
Honda,Vezel,2026,"1,500 cc",Automatic,Hybrid,Brand New,30 km,"Rs 20,775,000",25 Sep 5:39 pm,https://ikman.lk/en/ad/honda-vezel-rs-2026-for-sale-colombo-90
Nissan,Dayz,2023,660 cc,Automatic,Hybrid,Reconditioned,"12,000 km","Rs 79,500,000",25 Sep 5:36 pm,https://ikman.lk/en/ad/nissan-dayz-hybrid-highway-star-2023-for-sale-colombo-1
Honda,Fit,2014,"1,500 cc",Automatic,Hybrid,Used,"88,000 km","Rs 8,675,000",26 Sep 7:23 am,https://ikman.lk/en/ad/honda-fit-s-grade-2014-for-sale-colombo
Toyota,Yaris,2026,"1,000 cc",Automatic,Petrol,Brand New,6 km,"Rs 11,650,000",25 Sep 5:35 pm,https://ikman.lk/en/ad/toyota-yaris-g-grade-4way-camera-2026-for-sale-colombo-7
BMW,X7,2024,"3,000 cc",Automatic,Diesel,Used,"13,889 km","Rs 125,000,000",25 Sep 5:34 pm,https://ikman.lk/en/ad/bmw-x7-xdrive40d-2024-for-sale-colombo
Suzuki,Wagon R ZX,2026,650 cc,Automatic,Hybrid,Brand New,7 km,"Rs 9,400,000",25 Sep 5:34 pm,https://ikman.lk/en/ad/suzuki-wagon-r-zx-hybrid-brand-new-2026-for-sale-colombo-2
Toyota,RAV4,2013,"2,300 cc",Automatic,Petrol,Used,"147,000 km","Rs 9,875,000",25 Sep 5:30 pm,https://ikman.lk/en/ad/toyota-rav4-g-grade-2013-for-sale-colombo-21
Toyota,Axio,2019,"1,500 cc",Automatic,Hybrid,Used,"94,000 km","Rs 13,200,000",25 Sep 5:30 pm,https://ikman.lk/en/ad/toyota-axio-wxb-2019-for-sale-colombo-217
Suzuki,Baleno,2019,"1,000 cc",Automatic,Petrol,Used,"80,000 km","Rs 7,890,000",25 Sep 5:28 pm,https://ikman.lk/en/ad/suzuki-baleno-turbo-2019-for-sale-colombo-35
Toyota,Taisor,2026,"1,000 cc",Automatic,Petrol,Brand New,0 km,"Rs 10,550,000",25 Sep 5:25 pm,https://ikman.lk/en/ad/toyota-taisor-g-grade-2026-for-sale-colombo-149
Mercedes Benz,Vito,2017,"2,200 cc",Automatic,Diesel,Used,"80,000 km","Rs 19,575,000",25 Sep 5:24 pm,https://ikman.lk/en/ad/mercedes-benz-vito-cdi-116-2017-for-sale-colombo
Honda,Fit,2015,"1,500 cc",Automatic,Hybrid,Used,"130,000 km","Rs 8,890,000",25 Sep 5:22 pm,https://ikman.lk/en/ad/honda-fit-gp5-s-grade-1st-owne-2015-for-sale-colombo-2
Toyota,Vitz,2017,"1,000 cc",Automatic,Petrol,Used,"92,600 km","Rs 7,800,000",25 Sep 5:20 pm,https://ikman.lk/en/ad/toyota-vitz-2017-for-sale-kalutara-8
Ford,Raptor Ranger,2025,"3,000 cc",Automatic,Petrol,Used,"7,000 km","Rs 32,990,000",26 Sep 2:28 am,https://ikman.lk/en/ad/ford-raptor-ranger-v6-3l-turbo-2025-for-sale-colombo-1
Toyota,Vitz,2017,"1,000 cc",Automatic,Petrol,Used,"79,000 km","Rs 7,990,000",25 Sep 5:19 pm,https://ikman.lk/en/ad/toyota-vitz-safety-edition-1-2017-for-sale-colombo-21
Land Rover,Range Rover,2018,"1,997 cc",Automatic,Hybrid,Used,"47,575 km","Rs 62,000,000",25 Sep 5:26 pm,https://ikman.lk/en/ad/land-rover-range-vogue-se-p400e-2018-for-sale-colombo-9
Honda,N-Van,2026,48 cc,Automatic,Electric,Reconditioned,"1,900 km","Rs 9,795,008",26 Sep 2:28 am,https://ikman.lk/en/ad/honda-n-van-ev-japan-brandnew-2026-for-sale-colombo-1
Toyota,Roomy,2025,"1,000 cc",Automatic,Petrol,Brand New,0 km,"Rs 9,850,000",25 Sep 5:15 pm,https://ikman.lk/en/ad/toyota-roomy-g-grade-2025-for-sale-colombo-33
Suzuki,Spacia,2025,660 cc,Automatic,Petrol,Brand New,7 km,"Rs 8,350,000",26 Sep 3:28 am,https://ikman.lk/en/ad/suzuki-spacia-g-safety-hybrid-2025-for-sale-gampaha-4
Daihatsu,Mira,2025,660 cc,Automatic,Petrol,Reconditioned,"8,000 km","Rs 7,100,000",25 Sep 5:23 pm,https://ikman.lk/en/ad/daihatsu-mira-es-x-grade-led-2025-for-sale-gampaha-1
Toyota,Yaris,2024,"1,000 cc",Automatic,Petrol,Reconditioned,"4,500 km","Rs 9,890,000",26 Sep 2:29 am,https://ikman.lk/en/ad/toyota-yaris-x-grade-brand-new-2024-for-sale-colombo-1
Daihatsu,Mira,2025,650 cc,Automatic,Petrol,Reconditioned,"3,000 km","Rs 6,690,000",25 Sep 5:09 pm,https://ikman.lk/en/ad/daihatsu-mira-es-l-sa3-pearl-2025-for-sale-colombo-3
Toyota,Taisor,2026,"1,000 cc",Automatic,Petrol,Brand New,0 km,"Rs 11,600,000",11 Sep 12:32 am,https://ikman.lk/en/ad/toyota-taisor-2026-for-sale-colombo-70
Toyota,Roomy,2025,"1,000 cc",Automatic,Petrol,Brand New,0 km,"Rs 11,375,000",26 Sep 10:03 am,https://ikman.lk/en/ad/toyota-roomy-custom-g-black-top-2025-for-sale-gampaha
Mercedes Benz,C180,2010,"1,600 cc",Tiptronic,Petrol,Used,"97,000 km","Rs 11,800,000",24 Sep 12:13 pm,https://ikman.lk/en/ad/mercedes-benz-c180-2010-for-sale-colombo-350
Kia,Sportage,2011,"2,000 cc",Automatic,Petrol,Used,"115,000 km","Rs 8,550,000",25 Sep 5:09 pm,https://ikman.lk/en/ad/kia-sportage-2011-for-sale-colombo-1374
Mercedes Benz,GLE 300D,2020,"2,000 cc",Automatic,Diesel,Used,"75,000 km","Rs 39,900,000",25 Sep 5:07 pm,https://ikman.lk/en/ad/mercedes-benz-gle-300d-amg-premium-plus-2020-for-sale-colombo-13
DFSK,Glory,2024,"1,500 cc",Automatic,Petrol,Used,"11,500 km","Rs 10,490,000",25 Sep 5:06 pm,https://ikman.lk/en/ad/dfsk-glory-i-auto-11500-km-2024-for-sale-colombo-2
Toyota,UrbanCruiser Hyryder,2026,"1,500 cc",Automatic,Hybrid,Brand New,0 km,"Rs 17,490,000",25 Sep 5:06 pm,https://ikman.lk/en/ad/toyota-urbancruiser-hyryder-hybrid-brand-new-2026-for-sale-colombo
Daihatsu,Mira,2024,650 cc,Automatic,Petrol,Reconditioned,"3,000 km","Rs 6,590,000",25 Sep 5:06 pm,https://ikman.lk/en/ad/daihatsu-mira-es-l-sa3-pearl-2024-for-sale-colombo-4
Suzuki,Alto,2025,660 cc,Automatic,Petrol,Reconditioned,"4,000 km","Rs 6,850,000",25 Sep 5:05 pm,https://ikman.lk/en/ad/suzuki-alto-l-grade-safety-2025-for-sale-gampaha-10
Nissan,Sakura,2025,48 cc,Automatic,Electric,Reconditioned,"9,000 km","Rs 8,695,000",25 Sep 5:04 pm,https://ikman.lk/en/ad/nissan-sakura-90th-anniversary-ltd-2025-for-sale-colombo-8
Suzuki,Wagon R FX,2025,660 cc,Automatic,Petrol,Reconditioned,"5,000 km","Rs 7,750,000",25 Sep 5:03 pm,https://ikman.lk/en/ad/suzuki-wagon-r-fx-safety-2025-for-sale-gampaha-52
Suzuki,Wagon R Stingray,2018,650 cc,Automatic,Petrol,Used,"27,000 km","Rs 7,650,000",25 Sep 5:02 pm,https://ikman.lk/en/ad/suzuki-wagon-r-stingray-2018-for-sale-colombo-4050
Peugeot,3008,2020,"1,198 cc",Automatic,Petrol,Used,"63,000 km","Rs 15,500,000",25 Sep 5:02 pm,https://ikman.lk/en/ad/peugeot-3008-full-option-auto-2020-for-sale-colombo-51
Toyota,Land Cruiser Prado,2026,"2,700 cc",Automatic,Petrol,Brand New,0 km,"Rs 61,590,000",25 Sep 5:02 pm,https://ikman.lk/en/ad/toyota-land-cruiser-prado-lc250-vx-brand-new-2026-for-sale-colombo-18
Toyota,Raize,2026,"1,000 cc",Automatic,Petrol,Used,0 km,"Rs 13,290,000",25 Sep 5:01 pm,https://ikman.lk/en/ad/toyota-raize-z-petrol-2026-for-sale-colombo-9
Toyota,Premio,2013,"1,500 cc",Automatic,Petrol,Used,"126,000 km","Rs 7,550,000",25 Sep 5:00 pm,https://ikman.lk/en/ad/toyota-premio-260-g-superior-2013-for-sale-kandy-2
Lexus,LX570,2017,"5,663 cc",Automatic,Petrol,Used,"68,410 km","Rs 64,500,000",25 Sep 4:58 pm,https://ikman.lk/en/ad/lexus-lx570-masterpiece-2017-for-sale-colombo-5
Toyota,Land Cruiser Prado,2026,"2,700 cc",Automatic,Petrol,Brand New,0 km,"Rs 61,590,000",25 Sep 4:57 pm,https://ikman.lk/en/ad/toyota-land-cruiser-prado-lc250-vx-brand-new-2026-for-sale-colombo-17
Suzuki,Wagon R FX,2025,650 cc,Automatic,Petrol,Reconditioned,"11,780 km","Rs 7,990,000",25 Sep 4:57 pm,https://ikman.lk/en/ad/suzuki-wagon-r-fx-safty-push-start-2025-for-sale-colombo-8
Suzuki,Wagon R ZX,2026,660 cc,Automatic,Hybrid,Brand New,0 km,"Rs 9,195,000",25 Sep 4:56 pm,https://ikman.lk/en/ad/suzuki-wagon-r-zx-custom-brand-new-2026-for-sale-colombo-14
Honda,CRV,2018,"2,000 cc",Automatic,Petrol,Used,"82,250 km","Rs 15,500,000",25 Sep 4:56 pm,https://ikman.lk/en/ad/honda-crv-australian-spec-2018-for-sale-colombo-35
Toyota,Vios,2007,"1,500 cc",Automatic,Petrol,Used,"127,000 km","Rs 6,000,000",25 Sep 5:15 pm,https://ikman.lk/en/ad/toyota-vios-2007-for-sale-colombo-496
Daihatsu,Mira,2025,650 cc,Automatic,Petrol,Reconditioned,"3,500 km","Rs 6,890,000",25 Sep 4:54 pm,https://ikman.lk/en/ad/daihatsu-mira-es-l-grade-2025-for-sale-colombo-34
Porsche,Macan,2017,"2,000 cc",Automatic,Petrol,Used,"54,200 km","Rs 37,500,000",25 Sep 4:54 pm,https://ikman.lk/en/ad/porsche-macan-20t-2017-for-sale-colombo-19
Nissan,Bluebird,2011,"1,500 cc",Automatic,Petrol,Used,"153,000 km",Rs 1,26 Sep 10:02 am,https://ikman.lk/en/ad/nissan-bluebird-sylphy-g11-2011-for-sale-colombo-1
Toyota,Land Cruiser Prado,2024,"2,800 cc",Automatic,Diesel,Used,"2,000 km","Rs 78,990,000",25 Sep 4:53 pm,https://ikman.lk/en/ad/toyota-land-cruiser-prado-lc250-zx-diesel-2024-for-sale-colombo-5
Toyota,Land Cruiser Sahara,2015,"4,600 cc",Automatic,Petrol,Used,"61,000 km","Rs 52,500,000",25 Sep 4:52 pm,https://ikman.lk/en/ad/toyota-land-cruiser-sahara-zx-v8-2015-for-sale-colombo-48
Honda,Vezel,2026,"1,500 cc",Automatic,Hybrid,Used,1 km,"Rs 21,000,000",25 Sep 4:52 pm,https://ikman.lk/en/ad/honda-vezel-rs-ehev-2026-for-sale-galle
Toyota,Raize,2025,"1,200 cc",Automatic,Hybrid,Reconditioned,"5,000 km","Rs 13,400,000",23 Sep 9:26 am,https://ikman.lk/en/ad/toyota-raize-hybrid-z-2025-for-sale-colombo-75
Toyota,Taisor,2026,"1,000 cc",Automatic,Petrol,Used,"6,000 km","Rs 5,500,000",12 Sep 11:32 am,https://ikman.lk/en/ad/toyota-taisor-cruiser-v-high-grade-2026-for-sale-gampaha
Land Rover,Range Rover,2025,"3,000 cc",Automatic,Petrol,Brand New,0 km,"Rs 158,000,000",25 Sep 4:23 pm,https://ikman.lk/en/ad/land-rover-range-lwb-pure-petrol-2025-for-sale-colombo-12
Kia,Sonet,2026,"1,000 cc",Automatic,Petrol,Brand New,0 km,"Rs 11,990,000",25 Sep 4:22 pm,https://ikman.lk/en/ad/kia-sonet-gtx-plus-brand-new-2026-for-sale-colombo-115
Jeep,Compass,2019,"1,400 cc",Automatic,Petrol,Used,"92,000 km","Rs 13,500,000",25 Sep 4:54 pm,https://ikman.lk/en/ad/jeep-compass-2019-for-sale-colombo-20
Mercedes Benz,GLB,2020,"1,332 cc",Automatic,Petrol,Used,"50,000 km","Rs 22,000,000",25 Sep 4:20 pm,https://ikman.lk/en/ad/mercedes-benz-glb-200-amg-premium-2020-for-sale-colombo-24
Land Rover,Range Rover,2019,"2,000 cc",Automatic,Petrol,Used,"58,000 km","Rs 79,500,000",25 Sep 4:19 pm,https://ikman.lk/en/ad/land-rover-range-sv-2019-for-sale-colombo-4
Nissan,X-Trail,2025,"1,490 cc",Automatic,Hybrid,Brand New,0 km,"Rs 27,195,000",25 Sep 4:45 pm,https://ikman.lk/en/ad/nissan-x-trail-e-power-brand-new-2025-for-sale-colombo-49
Audi,A5,2018,"1,500 cc",Automatic,Petrol,Used,"65,000 km","Rs 18,000,000",25 Sep 4:16 pm,https://ikman.lk/en/ad/audi-a5-tfsi-2018-for-sale-colombo
Nissan,Roox,2025,660 cc,Automatic,Hybrid,Reconditioned,"12,000 km","Rs 8,350,000",26 Sep 2:29 am,https://ikman.lk/en/ad/nissan-roox-x-grade-2025-for-sale-colombo-8
Suzuki,Wagon R FX,2024,660 cc,Automatic,Hybrid,Reconditioned,"20,000 km","Rs 7,950,000",25 Sep 4:11 pm,https://ikman.lk/en/ad/suzuki-wagon-r-fx-hybrid-multifunction-2024-for-sale-colombo-6
Nissan,ROOX HIGHWAY STAR X,2025,660 cc,Automatic,Hybrid,Reconditioned,"12,000 km","Rs 9,195,000",25 Sep 4:11 pm,https://ikman.lk/en/ad/nissan-roox-highway-star-x-limited-2025-for-sale-colombo-2
Toyota,Roomy,2024,"1,000 cc",Automatic,Petrol,Reconditioned,"14,000 km","Rs 9,200,000",26 Sep 2:29 am,https://ikman.lk/en/ad/toyota-roomy-thor-g-grade-2024-for-sale-colombo-4
Suzuki,Wagon R FZ,2017,650 cc,Automatic,Hybrid,Used,"104,000 km","Rs 6,800,000",25 Sep 6:46 pm,https://ikman.lk/en/ad/suzuki-wagon-r-fz-safety-package-2017-for-sale-matara-2
Audi,A6,2017,"1,800 cc",Automatic,Petrol,Used,"60,000 km","Rs 17,200,000",25 Sep 4:07 pm,https://ikman.lk/en/ad/audi-a6-higest-spec-2017-for-sale-colombo-1
Nissan,Dayz,2024,650 cc,Automatic,Petrol,Reconditioned,"3,500 km","Rs 9,290,000",26 Sep 8:29 am,https://ikman.lk/en/ad/nissan-dayz-highway-star-g-turbo-2024-for-sale-colombo-15
Toyota,Roomy,2024,"1,000 cc",Automatic,Petrol,Reconditioned,"28,000 km","Rs 9,800,000",26 Sep 2:29 am,https://ikman.lk/en/ad/toyota-roomy-thor-custom-gt-2024-for-sale-colombo-5
Toyota,Roomy,2023,"1,000 cc",Automatic,Petrol,Reconditioned,"19,000 km","Rs 10,450,000",26 Sep 8:29 am,https://ikman.lk/en/ad/toyota-roomy-custom-gt-turbo-2023-for-sale-colombo-102
BMW,X5,2016,"2,000 cc",Automatic,Petrol,Used,"78,000 km","Rs 21,000,000",25 Sep 4:00 pm,https://ikman.lk/en/ad/bmw-x5-40e-2016-for-sale-colombo-1
Honda,Civic,2007,"1,600 cc",Automatic,Petrol,Used,"193,000 km","Rs 6,890,000",25 Sep 4:00 pm,https://ikman.lk/en/ad/honda-civic-fd4-16-auto-2007-for-sale-gampaha
DFSK,Glory,2021,"1,500 cc",Automatic,Petrol,Used,"41,000 km","Rs 7,500,000",25 Sep 4:02 pm,https://ikman.lk/en/ad/dfsk-glory-580-2021-for-sale-colombo-267
Toyota,Hilux,2023,"2,400 cc",Automatic,Diesel,Used,"25,000 km","Rs 23,500,000",25 Sep 4:00 pm,https://ikman.lk/en/ad/toyota-hilux-gr-sport-2023-for-sale-gampaha-37
Toyota,Roomy,2024,"1,000 cc",Automatic,Petrol,Reconditioned,"8,000 km","Rs 8,950,000",26 Sep 2:30 am,https://ikman.lk/en/ad/toyota-roomy-thor-x-grade-2024-for-sale-colombo-4
Toyota,Raize,2025,"1,200 cc",Automatic,Hybrid,Brand New,"1,000 km","Rs 13,990,000",26 Sep 8:29 am,https://ikman.lk/en/ad/toyota-raize-z-premium-2025-for-sale-colombo-16
Toyota,Land Cruiser Sahara,2015,"4,600 cc",Automatic,Petrol,Used,"67,000 km","Rs 46,900,000",25 Sep 3:56 pm,https://ikman.lk/en/ad/toyota-land-cruiser-sahara-v8-zx-bruno-cross-2015-for-sale-colombo-4
Suzuki,Alto,2025,660 cc,Automatic,Hybrid,Reconditioned,"8,000 km","Rs 7,195,000",25 Sep 3:56 pm,https://ikman.lk/en/ad/suzuki-alto-l-grade-hybrid-2025-for-sale-colombo
Land Rover,Range Rover,2024,"3,000 cc",Automatic,Petrol,Brand New,786 km,"Rs 148,000,000",25 Sep 3:56 pm,https://ikman.lk/en/ad/land-rover-range-p460e-hse-2024-for-sale-colombo-18
Toyota,Raize,2026,"1,200 cc",Automatic,Hybrid,Brand New,0 km,"Rs 14,750,000",26 Sep 12:37 pm,https://ikman.lk/en/ad/toyota-raize-body-kit-hybrid-2026-for-sale-colombo-1
Toyota,Taisor,2026,"1,000 cc",Automatic,Petrol,Brand New,0 km,"Rs 11,600,000",11 Sep 12:32 am,https://ikman.lk/en/ad/toyota-taisor-2026-for-sale-colombo-70
Suzuki,Wagon R,2026,650 cc,Automatic,Petrol,Brand New,0 km,"Rs 8,260,000",16 Sep 2:50 pm,https://ikman.lk/en/ad/suzuki-wagon-r-zl-brand-new-upgrade-2026-for-sale-colombo-36
Daihatsu,Move,2025,660 cc,Automatic,Petrol,Reconditioned,"5,000 km","Rs 9,490,000",26 Sep 8:29 am,https://ikman.lk/en/ad/daihatsu-move-rs-premium-turbo-2025-for-sale-colombo-24
Honda,Grace,2015,"1,500 cc",Automatic,Hybrid,Used,"115,000 km","Rs 9,250,000",25 Sep 4:03 pm,https://ikman.lk/en/ad/honda-grace-2015-for-sale-colombo-1351
Toyota,Roomy,2025,"1,000 cc",Automatic,Petrol,Reconditioned,"5,000 km","Rs 11,550,000",25 Sep 3:53 pm,https://ikman.lk/en/ad/toyota-roomy-gt-custom-2025-for-sale-colombo-15
Toyota,Raize,2025,"1,000 cc",Automatic,Petrol,Reconditioned,"4,000 km","Rs 13,670,000",26 Sep 8:30 am,https://ikman.lk/en/ad/toyota-raize-z-premium-petrol-2025-for-sale-colombo-33
Daihatsu,Mira,2024,660 cc,Automatic,Petrol,Reconditioned,"8,000 km","Rs 6,850,000",26 Sep 11:47 am,https://ikman.lk/en/ad/daihatsu-mira-x-grade-2024-for-sale-colombo-27
Toyota,Land Cruiser Prado,2015,"2,700 cc",Automatic,Petrol,Used,"119,000 km","Rs 35,000,000",26 Sep 6:56 pm,https://ikman.lk/en/ad/toyota-land-cruiser-prado-150-tx-2015-for-sale-colombo-58
Audi,A4,2017,"1,400 cc",Automatic,Petrol,Used,"99,301 km","Rs 16,000,000",25 Sep 3:51 pm,https://ikman.lk/en/ad/audi-a4-s-line-2017-for-sale-colombo-1
Toyota,Yaris,2008,"1,300 cc",Automatic,Petrol,Used,"170,000 km","Rs 6,250,000",25 Sep 3:50 pm,https://ikman.lk/en/ad/toyota-yaris-2008-for-sale-kalutara-109
Audi,Q2,2018,"1,000 cc",Automatic,Petrol,Used,"35,587 km","Rs 13,400,000",25 Sep 3:47 pm,https://ikman.lk/en/ad/audi-q2-10-tfsi-2018-for-sale-colombo-6
Honda,Vezel,2026,"1,500 cc",Automatic,Hybrid,Brand New,22 km,"Rs 20,950,000",25 Sep 3:47 pm,https://ikman.lk/en/ad/honda-vezel-z-play-fully-loaded-2026-for-sale-colombo-28
Daihatsu,Taft,2024,660 cc,Automatic,Petrol,Used,"17,000 km","Rs 7,800,000",25 Sep 3:46 pm,https://ikman.lk/en/ad/daihatsu-taft-2024-for-sale-colombo-51
Suzuki,Wagon R,2025,660 cc,Automatic,Petrol,Brand New,20 km,"Rs 9,490,000",26 Sep 8:30 am,https://ikman.lk/en/ad/suzuki-wagon-r-rs-premium-turbo-2025-for-sale-colombo-6
Audi,Q7,2016,"3,000 cc",Automatic,Petrol,Used,"144,000 km","Rs 34,500,000",25 Sep 3:44 pm,https://ikman.lk/en/ad/audi-q7-3l-supercharged-v6-2016-for-sale-colombo-51
Toyota,Axio,2015,"1,500 cc",Automatic,Hybrid,Used,"123,000 km","Rs 10,650,000",25 Sep 3:42 pm,https://ikman.lk/en/ad/toyota-axio-g-new-facelift-2015-for-sale-gampaha
Suzuki,Alto,2024,660 cc,Automatic,Petrol,Reconditioned,"1,500 km","Rs 6,990,000",26 Sep 8:30 am,https://ikman.lk/en/ad/suzuki-alto-l-ltd-pkg-japan-2024-for-sale-colombo-2
Maruti Suzuki,800,2000,800 cc,Manual,Petrol,Used,"130,000 km","Rs 1,750,000",26 Sep 10:29 am,https://ikman.lk/en/ad/maruti-suzuki-800-zuzuki-2000-for-sale-gampaha
Daihatsu,Taft,2024,660 cc,Automatic,Petrol,Reconditioned,"25,000 km","Rs 8,390,000",25 Sep 3:38 pm,https://ikman.lk/en/ad/daihatsu-taft-g-chrome-premium-2024-for-sale-colombo-4
Land Rover,Defender,2026,"3,000 cc",Automatic,Hybrid,Used,0 km,"Rs 82,500,000",25 Sep 3:38 pm,https://ikman.lk/en/ad/land-rover-defender-x-dynamic-hse-phev-2026-for-sale-colombo-25
Toyota,Passo,2017,"1,000 cc",Automatic,Petrol,Used,"72,000 km","Rs 7,290,000",25 Sep 3:35 pm,https://ikman.lk/en/ad/toyota-passo-moda-premium-edition-2017-for-sale-colombo-11
Suzuki,Every,2017,650 cc,Tiptronic,Petrol,Used,"136,000 km","Rs 6,080,000",25 Sep 3:34 pm,https://ikman.lk/en/ad/suzuki-every-2017-for-sale-matara-6
Honda,Vezel,2026,"1,500 cc",Automatic,Hybrid,Brand New,20 km,"Rs 19,375,000",26 Sep 8:30 am,https://ikman.lk/en/ad/honda-vezel-z-grade-2026-for-sale-colombo-72
Mahindra,Scorpio,2026,"2,179 cc",Manual,Diesel,Brand New,0 km,"Rs 7,622,881",25 Sep 3:29 pm,https://ikman.lk/en/ad/mahindra-scorpio-single-cab-2026-for-sale-ratnapura-2
Mahindra,Scorpio Pikup,2026,"2,179 cc",Manual,Diesel,Brand New,0 km,"Rs 7,622,881",25 Sep 3:29 pm,https://ikman.lk/en/ad/mahindra-scorpio-pikup-single-cab-2026-for-sale-badulla-2
Mahindra,Scorpio Pikup,2026,"2,179 cc",Manual,Diesel,Brand New,0 km,"Rs 7,622,881",25 Sep 3:29 pm,https://ikman.lk/en/ad/mahindra-scorpio-pikup-single-cab-2026-for-sale-nuwara-eliya-1
Mahindra,Scorpio Pikup,2026,"2,179 cc",Manual,Diesel,Brand New,0 km,"Rs 7,622,881",25 Sep 3:29 pm,https://ikman.lk/en/ad/mahindra-scorpio-pikup-single-cab-2026-for-sale-badulla-1
Toyota,Land Cruiser Prado,2018,"2,700 cc",Automatic,Petrol,Used,"180,000 km","Rs 48,000,000",26 Sep 5:10 pm,https://ikman.lk/en/ad/toyota-land-cruiser-prado-2018-for-sale-colombo-25
Toyota,Roomy,2024,"1,000 cc",Automatic,Petrol,Reconditioned,"3,000 km","Rs 10,090,000",22 Sep 2:48 pm,https://ikman.lk/en/ad/toyota-roomy-gt-turbo-2024-for-sale-colombo-24
Mahindra,Scorpio,2026,"2,179 cc",Manual,Diesel,Brand New,0 km,"Rs 7,622,881",25 Sep 3:29 pm,https://ikman.lk/en/ad/mahindra-scorpio-single-cab-2026-for-sale-batticaloa-2
Mahindra,Scorpio Pikup,2026,"2,179 cc",Manual,Diesel,Brand New,0 km,"Rs 7,622,881",25 Sep 3:28 pm,https://ikman.lk/en/ad/mahindra-scorpio-pikup-single-cab-2026-for-sale-ampara-1
Mahindra,Scorpio,2026,"2,179 cc",Manual,Diesel,Brand New,0 km,"Rs 7,622,881",25 Sep 3:28 pm,https://ikman.lk/en/ad/mahindra-scorpio-single-cab-2026-for-sale-galle
Mahindra,Scorpio,2026,"2,179 cc",Manual,Diesel,Brand New,0 km,"Rs 7,622,881",25 Sep 3:27 pm,https://ikman.lk/en/ad/mahindra-scorpio-single-cab-2026-for-sale-kalutara-2
Mahindra,Scorpio Pikup,2026,"2,179 cc",Manual,Diesel,Brand New,0 km,"Rs 7,622,881",25 Sep 3:27 pm,https://ikman.lk/en/ad/mahindra-scorpio-pikup-single-cab-2026-for-sale-monaragala
Mahindra,Scorpio,2026,"2,179 cc",Manual,Diesel,Brand New,0 km,"Rs 7,622,881",25 Sep 3:27 pm,https://ikman.lk/en/ad/mahindra-scorpio-single-cab-2026-for-sale-matara-2
Mahindra,Scorpio Pikup,2026,"2,179 cc",Manual,Diesel,Brand New,0 km,"Rs 7,622,881",25 Sep 3:27 pm,https://ikman.lk/en/ad/mahindra-scorpio-pikup-single-cab-2026-for-sale-hambantota-3
Mahindra,Scorpio,2026,"2,179 cc",Manual,Diesel,Brand New,0 km,"Rs 7,622,881",25 Sep 3:27 pm,https://ikman.lk/en/ad/mahindra-scorpio-single-cab-2026-for-sale-gampaha-3
Suzuki,Alto,2015,"1,000 cc",Manual,Petrol,Used,"130,000 km","Rs 4,100,000",26 Sep 8:25 pm,https://ikman.lk/en/ad/suzuki-alto-2015-for-sale-kurunegala-1810
Honda,Vezel,2026,"1,500 cc",Automatic,Petrol,Brand New,0 km,"Rs 18,500,000",25 Sep 3:22 pm,https://ikman.lk/en/ad/honda-vezel-z-wireless-charge-bn-2026-for-sale-colombo
Ssang Yong,Kyron,2008,"2,000 cc",Automatic,Diesel,Used,"194,564 km","Rs 5,275,000",25 Sep 3:21 pm,https://ikman.lk/en/ad/ssang-yong-kyron-2008-for-sale-colombo-301
Hyundai,Santa Fe,2008,"2,000 cc",Automatic,Diesel,Used,"147,000 km","Rs 5,965,000",25 Sep 3:21 pm,https://ikman.lk/en/ad/hyundai-santa-fe-diesel-auto-2008-for-sale-colombo-2
Suzuki,Wagon R FZ,2014,660 cc,Automatic,Petrol,Used,"103,687 km","Rs 5,750,000",26 Sep 2:02 pm,https://ikman.lk/en/ad/suzuki-wagon-r-fz-2014-for-sale-kurunegala-277
Ferrari,Other Model,2025,"3,000 cc",Tiptronic,Petrol,Brand New,0 km,"Rs 260,000,000",25 Sep 3:19 pm,https://ikman.lk/en/ad/ferrari-296-gtb-2025-for-sale-colombo-2
Kia,Syros,2026,"1,000 cc",Automatic,Petrol,Brand New,0 km,"Rs 11,590,000",25 Sep 3:20 pm,https://ikman.lk/en/ad/kia-syros-htk-facelift-2026-for-sale-colombo-11
Daihatsu,Move,2025,660 cc,Automatic,Petrol,Brand New,20 km,"Rs 9,490,000",26 Sep 8:30 am,https://ikman.lk/en/ad/daihatsu-move-rs-premium-turbo-2025-for-sale-colombo-23
Hyundai,Elantra,2011,"1,490 cc",Automatic,Petrol,Used,"135,000 km","Rs 6,390,000",25 Sep 3:16 pm,https://ikman.lk/en/ad/hyundai-elantra-6-speed-2011-for-sale-colombo
Bentley,Flying Spur,2024,"3,000 cc",Tiptronic,Petrol,Brand New,0 km,"Rs 218,000,000",25 Sep 3:15 pm,https://ikman.lk/en/ad/bentley-flying-spur-azure-2024-for-sale-colombo-29
Audi,Q7,2025,"1,500 cc",Automatic,Petrol,Brand New,100 km,"Rs 72,500,000",25 Sep 3:15 pm,https://ikman.lk/en/ad/audi-q7-quattro-2025-for-sale-colombo-16
Daihatsu,Taft,2024,660 cc,Automatic,Petrol,Reconditioned,"11,000 km","Rs 8,975,000",26 Sep 8:30 am,https://ikman.lk/en/ad/daihatsu-taft-g-chromeventureturbo-2024-for-sale-colombo-4
Suzuki,XBee,2025,990 cc,Automatic,Hybrid,Used,"11,800 km","Rs 8,700,000",25 Sep 9:23 pm,https://ikman.lk/en/ad/suzuki-xbee-2025-for-sale-colombo
Daihatsu,Mira,2025,660 cc,Automatic,Petrol,Brand New,0 km,"Rs 6,750,000",25 Sep 3:12 pm,https://ikman.lk/en/ad/daihatsu-mira-l-grade-safety-2025-for-sale-colombo-44
Daihatsu,Mira,2025,660 cc,Automatic,Petrol,Brand New,0 km,"Rs 6,850,000",25 Sep 3:10 pm,https://ikman.lk/en/ad/daihatsu-mira-l-grade-safety-2025-for-sale-colombo-43
Peugeot,508,2012,"1,600 cc",Automatic,Petrol,Used,"90,000 km","Rs 7,500,000",25 Sep 3:35 pm,https://ikman.lk/en/ad/peugeot-508-gt-luxury-2012-for-sale-colombo
Suzuki,Wagon R,2017,660 cc,Automatic,Hybrid,Used,"92,000 km","Rs 6,500,000",25 Sep 3:07 pm,https://ikman.lk/en/ad/suzuki-wagon-r-fz-2017-for-sale-puttalam-7
Daihatsu,Mira,2025,660 cc,Automatic,Petrol,Brand New,0 km,"Rs 6,690,000",26 Sep 9:57 am,https://ikman.lk/en/ad/daihatsu-mira-2025-for-sale-gampaha-83
Suzuki,Alto,2017,660 cc,Automatic,Petrol,Used,"22,153 km","Rs 6,000,000",26 Sep 1:33 pm,https://ikman.lk/en/ad/suzuki-alto-2017-for-sale-colombo-1106
Toyota,Hilux,2020,"2,800 cc",Tiptronic,Diesel,Used,"87,000 km","Rs 20,800,000",23 Sep 5:51 pm,https://ikman.lk/en/ad/toyota-hilux-2020-white-for-sale-colombo
Mercedes Benz,S500,2015,"4,700 cc",Automatic,Petrol,Used,"31,000 km","Rs 52,500,000",25 Sep 3:08 pm,https://ikman.lk/en/ad/mercedes-benz-s500-v8-luxury-flagship-2015-for-sale-colombo
Suzuki,Wagon R,2026,650 cc,Automatic,Petrol,Brand New,6 km,"Rs 8,590,000",25 Sep 3:07 pm,https://ikman.lk/en/ad/suzuki-wagon-r-zl-new-face-2026-for-sale-colombo-16
Toyota,Roomy,2024,"1,000 cc",Automatic,Petrol,Reconditioned,"23,000 km","Rs 9,195,000",25 Sep 3:06 pm,https://ikman.lk/en/ad/toyota-roomy-x-grade-limited-2024-for-sale-colombo
Suzuki,Wagon R Stingray,2014,650 cc,Automatic,Hybrid,Used,"92,300 km","Rs 6,150,000",25 Sep 3:05 pm,https://ikman.lk/en/ad/suzuki-wagon-r-stingray-safty-push-start-2014-for-sale-colombo-2
Suzuki,Wagon R FX,2023,658 cc,Automatic,Petrol,Reconditioned,"8,737 km","Rs 7,590,000",25 Sep 3:04 pm,https://ikman.lk/en/ad/suzuki-wagon-r-fx-2023-for-sale-colombo-181
Toyota,Raize,2026,"1,200 cc",Automatic,Hybrid,Brand New,12 km,"Rs 14,190,000",25 Sep 3:04 pm,https://ikman.lk/en/ad/toyota-raize-hybrid-bsm-12l-4way-2026-for-sale-colombo-9
Nissan,Serena,2025,"1,430 cc",Automatic,Petrol,Brand New,100 km,"Rs 23,490,000",26 Sep 8:31 am,https://ikman.lk/en/ad/nissan-serena-highway-star-premium-2025-for-sale-colombo-12
Toyota,Hilux,1980,"2,188 cc",Manual,Diesel,Used,"460,000 km","Rs 2,200,000",25 Sep 3:03 pm,https://ikman.lk/en/ad/toyota-hilux-ln40-1980-for-sale-ratnapura
Toyota,Pixis,2024,658 cc,Automatic,Petrol,Reconditioned,"2,340 km","Rs 7,490,000",25 Sep 3:03 pm,https://ikman.lk/en/ad/toyota-pixis-epoch-sa3-g-grade-2024-for-sale-colombo-15
Toyota,Raize,2026,"1,200 cc",Automatic,Hybrid,Brand New,10 km,"Rs 14,690,000",25 Sep 3:01 pm,https://ikman.lk/en/ad/toyota-raize-body-kit-bsm-4way-2026-for-sale-colombo-1
Ssang Yong,Rexton,2018,"2,200 cc",Automatic,Diesel,Used,"82,000 km","Rs 21,500,000",25 Sep 3:00 pm,https://ikman.lk/en/ad/ssang-yong-rexton-2018-for-sale-colombo
BMW,530e,2018,"2,000 cc",Automatic,Hybrid,Used,"11,000 km","Rs 27,500,000",25 Sep 2:55 pm,https://ikman.lk/en/ad/bmw-530e-luxury-line-2018-for-sale-colombo
Daihatsu,Mira,2023,660 cc,Automatic,Petrol,Reconditioned,"8,900 km","Rs 6,540,000",25 Sep 2:55 pm,https://ikman.lk/en/ad/daihatsu-mira-2023-for-sale-gampaha-31
Toyota,Yaris,2024,"1,000 cc",Automatic,Petrol,Reconditioned,"45,000 km","Rs 9,375,000",26 Sep 10:57 am,https://ikman.lk/en/ad/toyota-yaris-x-limited-360-camera-2024-for-sale-colombo-5
JAECOO,Other Model,2025,"1,500 cc",Automatic,Electric,Used,"5,000 km","Rs 17,500,000",25 Sep 2:51 pm,https://ikman.lk/en/ad/jaecoo-omoda-e5-ev-2025-for-sale-colombo
Hyundai,Atos,2001,"1,000 cc",Manual,Petrol,Used,"143,000 km","Rs 2,850,000",25 Sep 2:49 pm,https://ikman.lk/en/ad/hyundai-atos-2001-for-sale-gampaha-57
Daihatsu,Mira,2020,"1,000 cc",Automatic,Petrol,Used,"123,000 km","Rs 5,775,000",25 Sep 2:48 pm,https://ikman.lk/en/ad/daihatsu-mira-es-1st-owner-2020-for-sale-gampaha
Daihatsu,Mira,2025,650 cc,Automatic,Petrol,Brand New,10 km,"Rs 6,790,000",25 Sep 2:48 pm,https://ikman.lk/en/ad/daihatsu-mira-l-grade-safty-2025-for-sale-colombo-4
Daihatsu,Mira,2026,650 cc,Automatic,Petrol,Brand New,10 km,"Rs 7,950,000",25 Sep 2:47 pm,https://ikman.lk/en/ad/daihatsu-mira-g-grade-push-start-2026-for-sale-colombo-16
BYD,Seal,2024,150 cc,Automatic,Electric,Brand New,200 km,"Rs 27,450,000",26 Sep 8:31 am,https://ikman.lk/en/ad/byd-seal-premium-plus-150kw-2024-for-sale-colombo-30
Daihatsu,Mira,2025,650 cc,Automatic,Petrol,Reconditioned,"1,740 km","Rs 7,290,000",25 Sep 2:44 pm,https://ikman.lk/en/ad/daihatsu-mira-es-x-limited-safety-2025-for-sale-colombo-4
Peugeot,508,2015,"1,600 cc",Automatic,Petrol,Used,"74,536 km","Rs 11,900,000",25 Sep 3:55 pm,https://ikman.lk/en/ad/peugeot-508-2015-for-sale-gampaha
Suzuki,Vitara,2019,"1,000 cc",Automatic,Petrol,Used,"56,000 km","Rs 9,700,000",25 Sep 2:43 pm,https://ikman.lk/en/ad/suzuki-vitara-2019-for-sale-colombo-221
Kia,Syros,2026,"1,000 cc",Automatic,Petrol,Brand New,0 km,"Rs 12,390,000",25 Sep 2:42 pm,https://ikman.lk/en/ad/kia-syros-htx-electric-seat-2026-for-sale-colombo-10
Honda,CRV,2007,"2,400 cc",Automatic,Petrol,Used,"221,000 km","Rs 7,270,000",13 Sep 12:19 pm,https://ikman.lk/en/ad/honda-crv-re3-2007-for-sale-colombo
