Brand,Model,YOM,Engine (cc),Gear,Fuel Type,Millage(KM),Condition,Price,Date
AUDI,A1,2016,990.0,AUTOMATIC,PETROL,99000.0,USED,100.0,2025-02-05
AUDI,A1,2016,1000.0,AUTOMATIC,PETROL,139000.0,USED,76.0,2026-09-26
AUDI,A1,2016,1000.0,AUTOMATIC,PETROL,105000.0,USED,80.0,2026-09-26
AUDI,A1,2017,1000.0,AUTOMATIC,PETROL,88000.0,USED,97.0,2025-01-14
AUDI,A1,2017,1000.0,AUTOMATIC,PETROL,88000.0,USED,107.0,2024-12-21
AUDI,A1,2017,1000.0,AUTOMATIC,PETROL,88000.0,USED,99.5,2024-12-21
AUDI,A1,2017,1000.0,AUTOMATIC,PETROL,88000.0,USED,104.0,2024-12-11
AUDI,A1,2017,1000.0,AUTOMATIC,PETROL,77000.0,USED,85.5,2026-09-24
AUDI,A1,2017,1000.0,AUTOMATIC,PETROL,64000.0,USED,87.5,2026-09-23
AUDI,A1,2017,1000.0,AUTOMATIC,PETROL,77000.0,USED,86.0,2026-09-23
AUDI,A1,2018,1000.0,AUTOMATIC,PETROL,77000.0,USED,98.5,2025-01-23
AUDI,A1,2018,1500.0,AUTOMATIC,PETROL,77000.0,USED,91.375,2024-12-16
AUDI,A1 RS,2016,1000.0,AUTOMATIC,PETROL,99000.0,USED,105.0,2025-01-19
AUDI,A3,2014,1800.0,AUTOMATIC,PETROL,96000.0,USED,111.9,2026-09-26
AUDI,A3,2017,1000.0,AUTOMATIC,PETROL,113125.0,USED,120.0,2026-09-22
AUDI,A3,2018,1000.0,AUTOMATIC,PETROL,77000.0,USED,139.0,2025-02-05
AUDI,A3,2018,1750.0,AUTOMATIC,PETROL,77000.0,USED,139.0,2025-01-31
AUDI,A3,2018,1000.0,AUTOMATIC,PETROL,77000.0,USED,139.0,2025-01-23
AUDI,A3,2018,1000.0,AUTOMATIC,PETROL,77000.0,USED,139.0,2025-01-20
AUDI,A3,2018,1200.0,AUTOMATIC,PETROL,127000.0,USED,143.5,2026-09-26
AUDI,A3,2018,1000.0,AUTOMATIC,PETROL,75000.0,USED,119.0,2026-09-24
AUDI,A3,2018,1500.0,AUTOMATIC,PETROL,93000.0,USED,132.0,2026-09-02
AUDI,A3,2019,1000.0,AUTOMATIC,PETROL,70000.0,USED,143.9,2026-09-25
AUDI,A3,2020,1400.0,AUTOMATIC,PETROL,80000.0,USED,128.0,2026-09-23
AUDI,A3,2023,1000.0,AUTOMATIC,PETROL,6000.0,USED,209.75,2026-09-26
AUDI,A3,2023,1000.0,AUTOMATIC,PETROL,15000.0,USED,215.0,2026-09-26
AUDI,A3,2023,990.0,AUTOMATIC,PETROL,6600.0,USED,195.0,2026-09-24
AUDI,A3,2023,1000.0,AUTOMATIC,PETROL,18000.0,USED,158.5,2026-09-24
AUDI,A3,2023,1000.0,AUTOMATIC,PETROL,12000.0,USED,189.9,2026-09-24
AUDI,A3,2023,1000.0,AUTOMATIC,PETROL,26000.0,USED,164.0,2026-09-26
AUDI,A3,2023,1000.0,AUTOMATIC,PETROL,12000.0,USED,178.0,2026-09-26
AUDI,A3,2024,1000.0,AUTOMATIC,PETROL,9800.0,USED,177.9,2026-09-25
AUDI,A3,2024,1500.0,AUTOMATIC,PETROL,24500.0,USED,155.0,2026-09-24
AUDI,A3,2024,1000.0,AUTOMATIC,PETROL,10000.0,USED,188.0,2026-09-24
AUDI,A3,2024,1000.0,AUTOMATIC,PETROL,10000.0,USED,175.0,2026-09-24
AUDI,A3,2024,1000.0,AUTOMATIC,PETROL,11000.0,USED,179.9,2026-09-26
AUDI,A3 S LINE,2018,1000.0,AUTOMATIC,PETROL,77000.0,USED,178.0,2025-01-19
AUDI,A3 S LINE,2018,1000.0,AUTOMATIC,PETROL,77000.0,USED,178.0,2024-12-13
AUDI,A3 S-LINE,2018,999.0,AUTOMATIC,PETROL,77000.0,USED,145.0,2024-12-24
AUDI,A3 SPORTBACK,2017,1000.0,AUTOMATIC,PETROL,88000.0,USED,125.0,2025-02-01
AUDI,A3 SPORTBACK,2017,1000.0,AUTOMATIC,PETROL,88000.0,USED,142.5,2025-01-31
AUDI,A3 SPORTBACK,2017,1000.0,AUTOMATIC,PETROL,88000.0,USED,165.0,2025-01-03
AUDI,A3 TFSI,2015,1899.0,AUTOMATIC,PETROL,110000.0,USED,159.0,2024-12-10
AUDI,A3 TFSI,2015,1500.0,AUTOMATIC,PETROL,110000.0,USED,159.0,2024-12-09
AUDI,A3 TFSI,2018,1000.0,AUTOMATIC,PETROL,77000.0,USED,149.5,2025-01-16
AUDI,A4,1999,1900.0,MANUAL,DIESEL,286000.0,USED,31.5,2025-01-09
AUDI,A4,2001,1900.0,MANUAL,DIESEL,264000.0,USED,38.8,2025-02-04
AUDI,A4,2003,1800.0,AUTOMATIC,PETROL,242000.0,USED,53.6,2025-01-06
AUDI,A4,2010,1800.0,AUTOMATIC,PETROL,165000.0,USED,118.0,2025-02-03
AUDI,A4,2010,1800.0,AUTOMATIC,PETROL,165000.0,USED,100.0,2024-12-26
AUDI,A4,2011,2000.0,AUTOMATIC,PETROL,154000.0,USED,125.0,2025-01-18
AUDI,A4,2011,2000.0,AUTOMATIC,DIESEL,154000.0,USED,108.0,2025-01-27
AUDI,A4,2011,2000.0,AUTOMATIC,DIESEL,154000.0,USED,116.5,2024-12-28
AUDI,A4,2011,1800.0,AUTOMATIC,PETROL,130000.0,USED,98.0,2026-09-27
AUDI,A4,2011,1800.0,AUTOMATIC,PETROL,170000.0,USED,100.0,2026-09-25
AUDI,A4,2012,2000.0,AUTOMATIC,DIESEL,143000.0,USED,169.0,2025-01-15
AUDI,A4,2012,1800.0,AUTOMATIC,PETROL,143000.0,USED,139.0,2025-01-21
AUDI,A4,2012,1800.0,AUTOMATIC,PETROL,143000.0,USED,145.0,2024-12-22
AUDI,A4,2012,1800.0,AUTOMATIC,PETROL,143000.0,USED,155.0,2024-12-15
AUDI,A4,2012,2000.0,AUTOMATIC,DIESEL,200000.0,USED,85.75,2026-09-25
AUDI,A4,2016,2000.0,AUTOMATIC,PETROL,99000.0,USED,210.0,2025-01-21
AUDI,A4,2016,1400.0,AUTOMATIC,PETROL,192000.0,USED,139.9,2026-09-26
AUDI,A4,2016,2000.0,AUTOMATIC,PETROL,92000.0,USED,158.0,2026-09-26
AUDI,A4,2017,1400.0,AUTOMATIC,PETROL,99301.0,USED,160.0,2026-09-25
AUDI,A4,2018,1400.0,AUTOMATIC,PETROL,86789.0,USED,195.0,2026-09-25
AUDI,A4,2018,1400.0,AUTOMATIC,PETROL,75000.0,USED,177.9,2026-09-24
AUDI,A4,2019,1400.0,AUTOMATIC,PETROL,66000.0,USED,225.0,2025-01-29
AUDI,A4 1.9 TDI,2001,1900.0,MANUAL,DIESEL,264000.0,USED,5.0,2025-01-16
AUDI,A4 B8,2011,1800.0,AUTOMATIC,PETROL,154000.0,USED,112.0,2025-01-25
AUDI,A4 RS4 CONVERSION,2012,1800.0,AUTOMATIC,PETROL,143000.0,USED,140.0,2024-12-10
AUDI,A4 S LINE,2010,1800.0,AUTOMATIC,PETROL,165000.0,USED,102.0,2025-01-10
AUDI,A4 S LINE,2016,1600.0,AUTOMATIC,PETROL,99000.0,USED,215.0,2025-01-30
AUDI,A5,2014,2000.0,AUTOMATIC,PETROL,121000.0,USED,220.0,2024-12-13
AUDI,A5,2018,1400.0,AUTOMATIC,PETROL,77000.0,USED,316.5,2024-12-13
AUDI,A5,2018,1500.0,AUTOMATIC,PETROL,65000.0,USED,180.0,2026-09-25
AUDI,A5,2018,1500.0,AUTOMATIC,PETROL,55000.0,USED,187.5,2026-09-24
AUDI,A5,2019,1400.0,AUTOMATIC,PETROL,36800.0,USED,199.5,2026-09-24
AUDI,A5,2019,1400.0,AUTOMATIC,PETROL,76000.0,USED,230.0,2026-09-26
AUDI,A5,2025,2000.0,AUTOMATIC,PETROL,5000.0,USED,450.0,2026-09-23
AUDI,A6,2001,1900.0,MANUAL,DIESEL,264000.0,USED,48.0,2025-01-27
AUDI,A6,2003,2000.0,MANUAL,DIESEL,242000.0,USED,48.5,2024-12-27
AUDI,A6,2007,2000.0,AUTOMATIC,PETROL,105000.0,USED,80.0,2026-09-26
AUDI,A6,2010,2000.0,AUTOMATIC,PETROL,168000.0,USED,78.5,2026-09-26
AUDI,A6,2011,2000.0,AUTOMATIC,PETROL,154000.0,USED,114.9,2025-02-03
AUDI,A6,2011,2000.0,AUTOMATIC,PETROL,125000.0,USED,105.0,2026-09-19
AUDI,A6,2012,2000.0,AUTOMATIC,PETROL,143000.0,USED,149.0,2025-01-30
AUDI,A6,2013,2000.0,AUTOMATIC,PETROL,132000.0,USED,180.0,2025-02-01
AUDI,A6,2013,2000.0,AUTOMATIC,DIESEL,132000.0,USED,180.0,2025-01-05
AUDI,A6,2013,2000.0,AUTOMATIC,PETROL,132000.0,USED,180.0,2024-12-31
AUDI,A6,2015,1800.0,AUTOMATIC,PETROL,128000.0,USED,188.9,2026-09-25
AUDI,A6,2016,2000.0,AUTOMATIC,PETROL,65000.0,USED,145.0,2026-09-25
AUDI,A6,2017,1800.0,AUTOMATIC,PETROL,60000.0,USED,172.0,2026-09-25
AUDI,A6,2017,1800.0,AUTOMATIC,PETROL,100000.0,USED,167.5,2026-09-24
AUDI,A6 S LINE,2010,2000.0,AUTOMATIC,PETROL,165000.0,USED,117.5,2025-02-01
AUDI,A6 S LINE,2016,1800.0,AUTOMATIC,PETROL,99000.0,USED,248.0,2025-01-12
AUDI,A6 T1.8,2004,1800.0,AUTOMATIC,PETROL,231000.0,USED,16.95,2025-01-03
AUDI,A6 TFSI,2017,1800.0,AUTOMATIC,PETROL,88000.0,USED,256.5,2025-01-24
AUDI,A8L,2013,3000.0,AUTOMATIC,DIESEL,132000.0,USED,25.0,2025-01-03
AUDI,A8L,2013,3000.0,AUTOMATIC,HYBRID,132000.0,USED,25.0,2024-12-31
AUDI,Q2,2017,1000.0,AUTOMATIC,PETROL,68000.0,USED,115.0,2026-09-26
AUDI,Q2,2018,1000.0,AUTOMATIC,PETROL,96000.0,USED,129.5,2026-09-26
AUDI,Q2,2018,1000.0,AUTOMATIC,PETROL,35587.0,USED,134.0,2026-09-25
AUDI,Q3,2016,1500.0,AUTOMATIC,PETROL,140000.0,USED,108.75,2026-09-26
AUDI,Q3,2016,2000.0,AUTOMATIC,PETROL,90000.0,USED,117.5,2026-09-24
AUDI,Q3,2016,1500.0,AUTOMATIC,PETROL,45000.0,USED,135.0,2026-09-24
AUDI,Q3,2018,1400.0,AUTOMATIC,PETROL,89000.0,USED,119.5,2026-09-26
AUDI,Q3,2024,1000.0,AUTOMATIC,PETROL,3000.0,USED,295.0,2026-09-25
AUDI,Q3,2024,1500.0,AUTOMATIC,PETROL,1500.0,USED,300.0,2026-09-24
AUDI,Q3,2026,1500.0,AUTOMATIC,PETROL,0.0,NEW,419.5,2026-09-25
AUDI,Q5,2011,2000.0,AUTOMATIC,PETROL,87500.0,USED,119.9,2026-09-24
AUDI,Q7,2016,2000.0,AUTOMATIC,PETROL,89000.0,USED,225.0,2026-09-23
AUDI,Q7,2016,3000.0,AUTOMATIC,PETROL,144000.0,USED,345.0,2026-09-25
AUDI,Q7,2016,2000.0,AUTOMATIC,PETROL,78000.0,USED,270.0,2026-09-26
AUDI,Q7,2017,3000.0,AUTOMATIC,PETROL,69000.0,USED,235.0,2026-09-24
AUDI,Q7,2017,2000.0,AUTOMATIC,PETROL,58000.0,USED,295.0,2026-09-24
AUDI,Q7,2017,2000.0,AUTOMATIC,PETROL,95000.0,USED,245.0,2026-09-26
AUDI,Q7,2018,2000.0,AUTOMATIC,PETROL,71000.0,USED,265.0,2026-09-25
AUDI,Q7,2025,1500.0,AUTOMATIC,PETROL,100.0,NEW,725.0,2026-09-25
AUSTIN,CAMBRIDGE,1960,1500.0,MANUAL,PETROL,715000.0,USED,12.75,2024-12-28
AUSTIN,COOPER S,1998,1300.0,AUTOMATIC,PETROL,297000.0,USED,33.5,2024-12-08
AUSTIN,MINI,1960,1300.0,AUTOMATIC,PETROL,715000.0,USED,25.0,2024-12-29
AUSTIN,MINI COOPER,1950,1300.0,AUTOMATIC,PETROL,438400.0,USED,33.0,2026-09-25
AUSTIN,MINI COOPER,1960,1300.0,MANUAL,PETROL,715000.0,USED,22.95,2025-01-09
AUSTIN,MINI COOPER,1969,1300.0,AUTOMATIC,PETROL,616000.0,USED,24.9,2025-02-03
AUSTIN,MINI COOPER,1969,1300.0,MANUAL,PETROL,616000.0,USED,20.5,2025-01-18
AUSTIN,MINI COOPER,1969,1275.0,MANUAL,PETROL,616000.0,USED,21.0,2025-01-21
AUSTIN,MINI COOPER,1969,1300.0,AUTOMATIC,PETROL,616000.0,USED,28.5,2024-12-04
AUSTIN,MINI COOPER,1970,1300.0,MANUAL,PETROL,605000.0,USED,25.25,2024-12-11
AUSTIN,MINI COOPER,1980,1300.0,MANUAL,PETROL,495000.0,USED,21.5,2025-02-05
AUSTIN,MINI COOPER,1980,1300.0,MANUAL,PETROL,495000.0,USED,23.0,2025-01-21
AUSTIN,MINI COOPER,1980,1000.0,MANUAL,PETROL,495000.0,USED,21.5,2024-12-23
AUSTIN,MINI COOPER,1995,1300.0,MANUAL,PETROL,330000.0,USED,26.5,2025-01-09
AUSTIN,MINI COOPER,1997,1300.0,AUTOMATIC,PETROL,308000.0,USED,30.0,2025-01-15
AUSTIN,MINI COOPER,1997,1300.0,AUTOMATIC,PETROL,308000.0,USED,30.0,2025-01-19
AUSTIN,MINI COOPER,1997,1300.0,AUTOMATIC,PETROL,308000.0,USED,23.0,2025-01-04
AUSTIN,MORRIS MINI COOPER,1961,1275.0,MANUAL,PETROL,704000.0,USED,38.0,2025-01-31
BAIC,X55 II,2025,1500.0,AUTOMATIC,PETROL,11500.0,USED,138.5,2026-09-25
BAIC,X55 II,2025,1500.0,AUTOMATIC,PETROL,11000.0,USED,130.0,2026-09-25
BAJAJ,QUTE,2018,1500.0,MANUAL,PETROL,77000.0,USED,10.5,2025-02-02
BAJAJ,QUTE,2018,216.0,MANUAL,PETROL,25000.0,USED,13.1,2026-09-24
BAJAJ,QUTE,2018,216.0,MANUAL,PETROL,36000.0,USED,13.5,2026-09-23
BAJAJ,QUTE,2019,1500.0,MANUAL,PETROL,66000.0,USED,9.75,2025-02-04
BAJAJ,QUTE,2019,1500.0,MANUAL,PETROL,66000.0,USED,13.78125,2025-01-14
BAJAJ,QUTE,2019,1500.0,MANUAL,PETROL,66000.0,USED,12.25,2024-12-15
BAJAJ,QUTE,2019,1500.0,MANUAL,PETROL,66000.0,USED,10.5,2024-12-11
BAJAJ,QUTE,2019,216.0,MANUAL,PETROL,41000.0,USED,11.5,2026-09-24
BAJAJ,QUTE,2020,200.0,MANUAL,PETROL,35000.0,USED,14.5,2026-09-26
BENTLEY,FLYING SPUR,2024,3000.0,AUTOMATIC,PETROL,0.0,NEW,2180.0,2026-09-25
BMW,116I,2013,1600.0,AUTOMATIC,PETROL,132000.0,USED,160.0,2025-02-02
BMW,218I,2025,1500.0,AUTOMATIC,PETROL,5000.0,USED,275.0,2026-09-26
BMW,220I,2025,1500.0,AUTOMATIC,PETROL,5000.0,USED,285.0,2026-09-25
BMW,316I,2014,1600.0,AUTOMATIC,PETROL,121000.0,USED,169.0,2025-01-25
BMW,316I,2014,1600.0,AUTOMATIC,PETROL,93000.0,USED,148.0,2026-09-26
BMW,316I E30,1990,1600.0,MANUAL,PETROL,385000.0,USED,39.0,2025-01-23
BMW,316I SPORTS,2015,1600.0,AUTOMATIC,PETROL,110000.0,USED,178.0,2025-01-23
BMW,318I,2016,1500.0,AUTOMATIC,PETROL,99000.0,USED,205.0,2025-01-31
BMW,318I,2016,1500.0,AUTOMATIC,PETROL,99000.0,USED,210.0,2025-01-03
BMW,318I,2016,1500.0,AUTOMATIC,PETROL,58000.0,USED,167.95,2026-09-23
BMW,318I,2016,1500.0,AUTOMATIC,PETROL,64000.0,USED,175.0,2026-09-25
BMW,318I,2017,1500.0,AUTOMATIC,PETROL,88000.0,USED,220.0,2025-02-04
BMW,318I,2018,1500.0,AUTOMATIC,PETROL,77000.0,USED,271.25,2025-01-27
BMW,318I,2018,1499.0,AUTOMATIC,PETROL,114000.0,USED,189.0,2026-09-26
BMW,318I,2018,1500.0,AUTOMATIC,PETROL,104000.0,USED,189.0,2026-09-25
BMW,318I,2018,1500.0,AUTOMATIC,PETROL,97000.0,USED,188.0,2026-09-25
BMW,318I,2018,1500.0,AUTOMATIC,PETROL,97500.0,USED,195.0,2026-09-25
BMW,318I,2018,1500.0,AUTOMATIC,PETROL,25000.0,USED,210.0,2026-09-25
BMW,318I,2018,1500.0,AUTOMATIC,PETROL,28000.0,USED,198.0,2026-09-27
BMW,318I,2019,1500.0,AUTOMATIC,PETROL,35000.0,USED,185.0,2026-09-27
BMW,318I LUXURY LINE,2018,1500.0,AUTOMATIC,PETROL,77000.0,USED,218.75,2025-01-14
BMW,318I M SPORT,2018,1499.0,AUTOMATIC,PETROL,77000.0,USED,250.0,2025-01-31
BMW,318I M SPORT,2018,1500.0,AUTOMATIC,PETROL,77000.0,USED,250.0,2025-01-20
BMW,318I M SPORT AUSTRALIAN,2018,1500.0,AUTOMATIC,PETROL,77000.0,USED,280.0,2025-01-30
BMW,318I M SPORT SHADOW,2018,1500.0,AUTOMATIC,PETROL,77000.0,USED,275.0,2025-02-02
BMW,318I MSPORT,2017,1500.0,AUTOMATIC,PETROL,88000.0,USED,225.0,2025-02-04
BMW,318I SHADOW EDITION,2018,1500.0,AUTOMATIC,PETROL,77000.0,USED,280.0,2024-12-14
BMW,320D,2000,2000.0,MANUAL,DIESEL,275000.0,USED,54.5,2025-01-27
BMW,320D,2011,2000.0,AUTOMATIC,DIESEL,154000.0,USED,295.75,2025-01-14
BMW,320D,2011,2000.0,AUTOMATIC,DIESEL,154000.0,USED,119.5,2025-01-21
BMW,320D,2013,2000.0,AUTOMATIC,DIESEL,132000.0,USED,190.0,2025-01-20
BMW,320D,2013,2000.0,AUTOMATIC,DIESEL,132000.0,USED,180.0,2024-12-22
BMW,320D,2013,2000.0,AUTOMATIC,DIESEL,57840.0,USED,163.95,2026-09-25
BMW,320D SPORTS,2013,2000.0,AUTOMATIC,DIESEL,132000.0,USED,179.0,2025-02-05
BMW,320I,2007,1990.0,AUTOMATIC,PETROL,198000.0,USED,115.0,2025-01-14
BMW,320I,2007,2000.0,AUTOMATIC,PETROL,198000.0,USED,115.0,2025-01-21
BMW,320I,2007,2000.0,AUTOMATIC,PETROL,198000.0,USED,115.0,2024-12-15
BMW,320I E90,2006,2000.0,MANUAL,PETROL,209000.0,USED,116.0,2024-12-19
BMW,320I E90,2007,2000.0,AUTOMATIC,PETROL,198000.0,USED,115.0,2025-01-29
BMW,320I E90,2007,2000.0,AUTOMATIC,PETROL,198000.0,USED,115.0,2025-01-26
BMW,320I E90,2010,1997.0,AUTOMATIC,PETROL,165000.0,USED,123.125,2025-01-03
BMW,420D,2014,2000.0,AUTOMATIC,DIESEL,66000.0,USED,295.0,2026-09-25
BMW,420D,2015,2000.0,AUTOMATIC,DIESEL,110000.0,USED,350.0,2025-01-29
BMW,430I,2017,2000.0,AUTOMATIC,PETROL,30000.0,USED,308.0,2026-09-24
BMW,430I GRAN COUPE,2017,2000.0,AUTOMATIC,PETROL,88000.0,USED,450.0,2025-02-03
BMW,520,2012,2000.0,AUTOMATIC,DIESEL,143000.0,USED,228.0,2025-01-10
BMW,520D,2012,1995.0,AUTOMATIC,DIESEL,143000.0,USED,245.0,2025-02-05
BMW,520D,2012,1995.0,AUTOMATIC,DIESEL,143000.0,USED,220.0,2025-02-05
BMW,520D,2012,2000.0,AUTOMATIC,DIESEL,143000.0,USED,212.0,2025-02-02
BMW,520D,2012,1995.0,AUTOMATIC,DIESEL,143000.0,USED,225.0,2025-01-31
BMW,520D,2012,2000.0,AUTOMATIC,DIESEL,143000.0,USED,198.0,2025-01-24
BMW,520D,2012,2000.0,AUTOMATIC,DIESEL,143000.0,USED,220.0,2024-12-25
BMW,520D,2012,2000.0,AUTOMATIC,DIESEL,122000.0,USED,225.0,2026-09-25
BMW,520D,2012,2000.0,AUTOMATIC,DIESEL,138000.0,USED,208.5,2026-09-25
BMW,520D,2012,2000.0,AUTOMATIC,DIESEL,77000.0,USED,182.5,2026-09-24
BMW,520D,2012,2000.0,AUTOMATIC,DIESEL,140000.0,USED,165.0,2026-09-24
BMW,520D,2012,2000.0,AUTOMATIC,DIESEL,140000.0,USED,167.5,2026-09-24
BMW,520D,2013,2000.0,AUTOMATIC,DIESEL,132000.0,USED,264.0,2025-02-02
BMW,520D,2013,2000.0,AUTOMATIC,DIESEL,132000.0,USED,264.0,2025-01-28
BMW,520D,2013,2000.0,AUTOMATIC,DIESEL,132000.0,USED,258.0,2025-01-05
BMW,520D,2013,2000.0,AUTOMATIC,DIESEL,132000.0,USED,270.0,2024-12-18
BMW,520D,2013,2000.0,AUTOMATIC,DIESEL,127000.0,USED,189.5,2026-09-26
BMW,520D,2013,2000.0,AUTOMATIC,DIESEL,130000.0,USED,186.5,2026-09-23
BMW,520D,2014,1995.0,AUTOMATIC,DIESEL,84000.0,USED,240.0,2026-09-26
BMW,520D,2015,2000.0,AUTOMATIC,DIESEL,110000.0,USED,330.0,2025-01-24
BMW,520D,2015,2000.0,AUTOMATIC,DIESEL,94500.0,USED,285.0,2026-09-25
BMW,520D,2016,2000.0,AUTOMATIC,DIESEL,160000.0,USED,255.0,2026-09-25
BMW,520D,2016,2000.0,AUTOMATIC,DIESEL,146000.0,USED,255.5,2026-09-25
BMW,520D,2016,2000.0,AUTOMATIC,DIESEL,110000.0,USED,284.0,2026-09-24
BMW,520D,2016,2000.0,AUTOMATIC,DIESEL,110000.0,USED,284.0,2026-09-26
BMW,520D 3 OPTION,2013,2000.0,AUTOMATIC,DIESEL,132000.0,USED,238.0,2025-01-09
BMW,520D M SPORT,2015,2000.0,AUTOMATIC,DIESEL,110000.0,USED,360.0,2025-01-30
BMW,520D MSPORT,2012,1995.0,AUTOMATIC,DIESEL,143000.0,USED,218.00002,2025-02-03
BMW,520I,2005,2000.0,AUTOMATIC,PETROL,220000.0,USED,100.0,2025-01-29
BMW,520I,2011,2000.0,AUTOMATIC,PETROL,154000.0,USED,178.0,2025-01-17
BMW,520I,2011,2000.0,AUTOMATIC,PETROL,154000.0,USED,175.0,2024-12-07
BMW,523I,2024,2000.0,AUTOMATIC,PETROL,5000.0,USED,525.0,2026-09-25
BMW,525 E,1974,2000.0,MANUAL,DIESEL,561000.0,USED,14.5,2024-12-17
BMW,528I,2011,2000.0,AUTOMATIC,PETROL,106000.0,USED,185.0,2026-09-25
BMW,528I,2011,2000.0,AUTOMATIC,PETROL,85900.0,USED,169.0,2026-09-24
BMW,528I,2011,2000.0,AUTOMATIC,PETROL,161000.0,USED,168.0,2026-09-26
BMW,530E,2017,1990.0,AUTOMATIC,HYBRID,88000.0,USED,364.5,2025-02-04
BMW,530E,2017,1500.0,AUTOMATIC,PETROL,88000.0,USED,364.5,2025-02-04
BMW,530E,2017,2000.0,AUTOMATIC,PETROL,88000.0,USED,364.5,2025-01-26
BMW,530E,2017,1500.0,AUTOMATIC,PETROL,88000.0,USED,364.5,2025-01-21
BMW,530E,2017,2000.0,AUTOMATIC,HYBRID,70000.0,USED,285.0,2026-09-24
BMW,530E,2018,2000.0,AUTOMATIC,HYBRID,11000.0,USED,275.0,2026-09-25
BMW,530E,2018,1998.0,AUTOMATIC,HYBRID,120321.0,USED,245.0,2026-09-23
BMW,530I M SPORT,2017,2200.0,AUTOMATIC,PETROL,88000.0,USED,460.0,2024-12-07
BMW,535I,2011,3000.0,AUTOMATIC,PETROL,154000.0,USED,185.0,2025-01-29
BMW,535I,2012,4500.0,AUTOMATIC,HYBRID,58000.0,USED,190.0,2026-09-26
BMW,730 LI,2006,3000.0,AUTOMATIC,PETROL,209000.0,USED,175.0,2025-01-21
BMW,730IL,2011,3000.0,AUTOMATIC,PETROL,154000.0,USED,275.0,2024-12-04
BMW,730L ACTIVEHYBRID 7,2014,3000.0,AUTOMATIC,HYBRID,121000.0,USED,285.0,2025-01-18
BMW,730LD,2011,3000.0,AUTOMATIC,DIESEL,50000.0,USED,229.5,2026-09-26
BMW,735LI,2013,3000.0,AUTOMATIC,PETROL,50000.0,USED,245.0,2026-09-24
BMW,740E,2018,2000.0,AUTOMATIC,PETROL,45000.0,USED,295.0,2026-09-25
BMW,740I,2024,3000.0,AUTOMATIC,PETROL,0.0,NEW,1200.0,2026-09-25
BMW,740LE,2016,2000.0,AUTOMATIC,PETROL,94000.0,USED,305.0,2026-09-26
BMW,740LE,2017,2000.0,AUTOMATIC,HYBRID,27000.0,USED,385.0,2026-09-26
BMW,740LE,2017,2000.0,AUTOMATIC,PETROL,60900.0,USED,390.0,2026-09-25
BMW,740LE,2018,2000.0,AUTOMATIC,PETROL,40000.0,USED,427.0,2026-09-25
BMW,740LE M SPORT,2016,2000.0,AUTOMATIC,PETROL,99000.0,USED,575.0,2025-01-16
BMW,740LI,2005,4000.0,AUTOMATIC,PETROL,49000.0,USED,119.0,2026-09-26
BMW,DE90,2011,2000.0,AUTOMATIC,DIESEL,154000.0,USED,127.0,2025-01-28
BMW,E 30,1988,1800.0,MANUAL,PETROL,407000.0,USED,28.5,2025-02-03
BMW,E 36 318I,1993,1800.0,MANUAL,PETROL,352000.0,USED,45.0,2025-01-23
BMW,E30 316I,1991,1590.0,MANUAL,PETROL,374000.0,USED,18.0,2025-02-01
BMW,E34,1990,1796.0,MANUAL,PETROL,385000.0,USED,29.5,2024-12-10
BMW,E39,2002,2500.0,AUTOMATIC,PETROL,253000.0,USED,85.0,2025-02-01
BMW,E46 318I,2002,1980.0,MANUAL,PETROL,253000.0,USED,65.0,2025-01-23
BMW,E46 320D,2000,2500.0,MANUAL,DIESEL,275000.0,USED,62.5,2025-01-31
BMW,E60 530I,2004,3000.0,AUTOMATIC,PETROL,231000.0,USED,95.0,2024-12-05
BMW,G30 530I,2017,2000.0,AUTOMATIC,PETROL,88000.0,USED,380.0,2025-01-30
BMW,I3 REX,2016,650.0,AUTOMATIC,HYBRID,99000.0,USED,167.0,2025-02-04
BMW,I3 REX,2016,650.0,AUTOMATIC,HYBRID,99000.0,USED,167.0,2025-01-04
BMW,I8,2014,1500.0,AUTOMATIC,HYBRID,42000.0,USED,285.0,2026-09-25
BMW,I8 COUPE,2018,2990.0,AUTOMATIC,HYBRID,77000.0,USED,349.0,2025-02-02
BMW,LUXURY LINE,2017,1500.0,AUTOMATIC,PETROL,88000.0,USED,225.0,2024-12-20
BMW,M SPORT,2018,2000.0,AUTOMATIC,PETROL,77000.0,USED,425.0,2025-01-14
BMW,M2351,2014,3000.0,AUTOMATIC,PETROL,121000.0,USED,355.0,2024-12-21
BMW,M5 4400,2012,4400.0,AUTOMATIC,PETROL,143000.0,USED,350.0,2025-01-17
BMW,MINI COOPER,2020,1200.0,AUTOMATIC,PETROL,55000.0,USED,149.5,2025-01-05
BMW,MINI COOPER S,2007,1590.0,AUTOMATIC,PETROL,198000.0,USED,89.5,2024-12-17
BMW,MINI COORPER,2015,1600.0,MANUAL,PETROL,110000.0,USED,105.0,2025-02-03
BMW,X1,2011,2000.0,AUTOMATIC,DIESEL,340000.0,USED,84.0,2026-09-24
BMW,X1,2011,2200.0,AUTOMATIC,DIESEL,167000.0,USED,94.75,2026-09-23
BMW,X1,2011,1490.0,AUTOMATIC,PETROL,275000.0,USED,79.8,2026-09-26
BMW,X1,2016,1500.0,AUTOMATIC,PETROL,116000.0,USED,142.0,2026-09-26
BMW,X1,2018,1499.0,AUTOMATIC,PETROL,25900.0,USED,159.0,2026-09-24
BMW,X1,2018,1500.0,AUTOMATIC,PETROL,73000.0,USED,164.9,2026-09-24
BMW,X1,2019,1500.0,AUTOMATIC,PETROL,76000.0,USED,147.0,2026-09-24
BMW,X1,2025,1500.0,AUTOMATIC,PETROL,0.0,NEW,333.0,2026-09-25
BMW,X1,2025,1500.0,AUTOMATIC,PETROL,0.0,NEW,325.0,2026-09-26
BMW,X2,2019,1499.0,AUTOMATIC,PETROL,38715.0,USED,189.5,2026-09-23
BMW,X2,2025,2000.0,AUTOMATIC,PETROL,0.0,NEW,645.0,2026-09-25
BMW,X5,2015,2000.0,AUTOMATIC,PETROL,87300.0,USED,200.0,2026-09-25
BMW,X5,2016,2000.0,AUTOMATIC,PETROL,78000.0,USED,210.0,2026-09-25
BMW,X5,2016,2000.0,AUTOMATIC,PETROL,70175.0,USED,245.0,2026-09-25
BMW,X5,2016,2000.0,AUTOMATIC,HYBRID,75200.0,USED,230.0,2026-09-26
BMW,X5,2016,2000.0,AUTOMATIC,HYBRID,124000.0,USED,195.0,2026-09-26
BMW,X5 M,2015,4400.0,AUTOMATIC,PETROL,17000.0,USED,495.0,2026-09-25
BMW,X5 M,2016,2000.0,AUTOMATIC,PETROL,50000.0,USED,233.0,2026-09-25
BMW,X6 M,2017,4000.0,AUTOMATIC,DIESEL,57000.0,USED,450.0,2026-09-24
BMW,X7,2024,3000.0,AUTOMATIC,DIESEL,13889.0,USED,1250.0,2026-09-25
BYD,SHARK 6,2025,1500.0,AUTOMATIC,HYBRID,40000.0,USED,239.0,2026-09-24
CHERY,CHERY,2015,1000.0,MANUAL,PETROL,110000.0,USED,31.5,2025-01-30
CHERY,QQ,2006,812.0,AUTOMATIC,PETROL,209000.0,USED,11.3,2025-02-05
CHERY,QQ,2006,800.0,MANUAL,PETROL,209000.0,USED,11.3,2025-02-05
CHERY,QQ,2006,800.0,MANUAL,PETROL,209000.0,USED,12.25,2025-02-03
CHERY,QQ,2006,800.0,MANUAL,PETROL,209000.0,USED,13.2,2025-02-01
CHERY,QQ,2006,798.0,MANUAL,PETROL,209000.0,USED,11.3,2025-02-01
CHERY,QQ,2006,800.0,MANUAL,PETROL,209000.0,USED,9.5,2025-02-01
CHERY,QQ,2006,800.0,MANUAL,PETROL,209000.0,USED,8.575000000000001,2025-01-31
CHERY,QQ,2006,800.0,MANUAL,PETROL,209000.0,USED,11.75,2025-01-17
CHERY,QQ,2006,800.0,MANUAL,PETROL,209000.0,USED,11.0,2025-01-14
CHERY,QQ,2006,800.0,MANUAL,PETROL,209000.0,USED,12.25,2025-01-19
CHERY,QQ,2006,812.0,MANUAL,PETROL,209000.0,USED,12.25,2024-12-21
CHERY,QQ,2007,812.0,MANUAL,PETROL,198000.0,USED,12.6,2025-02-04
CHERY,QQ,2007,812.0,MANUAL,PETROL,198000.0,USED,13.65,2025-02-04
CHERY,QQ,2007,800.0,MANUAL,PETROL,198000.0,USED,14.0,2025-01-07
CHERY,QQ,2007,800.0,MANUAL,PETROL,198000.0,USED,16.75,2025-01-20
CHERY,QQ,2007,800.0,MANUAL,PETROL,198000.0,USED,12.5,2025-01-19
CHERY,QQ,2007,800.0,MANUAL,PETROL,198000.0,USED,12.85,2025-01-05
CHERY,QQ,2007,800.0,MANUAL,PETROL,198000.0,USED,12.6,2024-12-26
CHERY,QQ,2007,800.0,MANUAL,PETROL,198000.0,USED,13.48,2024-12-21
CHERY,QQ,2007,800.0,MANUAL,PETROL,198000.0,USED,12.85,2024-12-20
CHERY,QQ,2007,800.0,MANUAL,PETROL,198000.0,USED,12.5,2024-12-09
CHERY,QQ,2007,800.0,MANUAL,PETROL,198000.0,USED,14.5,2024-12-05
CHERY,QQ,2008,800.0,MANUAL,PETROL,187000.0,USED,14.5,2025-01-07
CHERY,QQ,2008,800.0,AUTOMATIC,PETROL,187000.0,USED,14.5,2025-01-27
CHERY,QQ,2008,798.0,MANUAL,PETROL,187000.0,USED,18.375,2025-01-05
CHERY,QQ,2009,800.0,MANUAL,PETROL,176000.0,USED,12.75,2025-02-05
CHERY,QQ,2009,798.0,MANUAL,PETROL,176000.0,USED,12.4,2024-12-17
CHERY,QQ,2009,800.0,MANUAL,PETROL,176000.0,USED,14.95,2024-12-16
CHERY,QQ,2009,800.0,MANUAL,PETROL,176000.0,USED,15.0,2024-12-04
CHERY,QQ,2010,812.0,AUTOMATIC,PETROL,165000.0,USED,18.375,2025-02-05
CHERY,QQ,2010,670.0,MANUAL,PETROL,165000.0,USED,18.375,2024-12-10
CHERY,QQ,2011,798.0,MANUAL,PETROL,154000.0,USED,12.0375,2025-02-05
CHERY,QQ,2011,812.0,MANUAL,PETROL,154000.0,USED,14.9,2025-02-03
CHERY,QQ,2011,800.0,MANUAL,PETROL,154000.0,USED,15.5,2025-01-29
CHERY,QQ,2011,800.0,MANUAL,PETROL,154000.0,USED,8.575000000000001,2025-01-25
CHERY,QQ,2011,800.0,MANUAL,PETROL,154000.0,USED,13.85,2024-12-13
CHERY,QQ,2012,800.0,MANUAL,PETROL,143000.0,USED,15.75,2025-01-07
CHERY,QQ,2012,800.0,MANUAL,PETROL,143000.0,USED,14.2,2024-12-21
CHERY,QQ,2017,800.0,MANUAL,PETROL,88000.0,USED,17.95,2024-12-21
CHERY,QQ 308,2006,800.0,MANUAL,PETROL,209000.0,USED,13.25,2025-01-21
CHERY,QQ 308,2007,800.0,MANUAL,PETROL,198000.0,USED,13.0,2025-01-16
CHERY,QQ 308,2007,833.0,MANUAL,PETROL,198000.0,USED,13.0,2025-01-28
CHERY,QQ 308,2011,900.0,MANUAL,PETROL,154000.0,USED,13.75,2024-12-10
CHERY,TIGGO,2026,1500.0,AUTOMATIC,HYBRID,0.0,NEW,165.0,2026-09-26
CHEVROLET,AVEO,2007,1400.0,MANUAL,PETROL,198000.0,USED,31.0,2025-01-30
CHEVROLET,AVEO,2008,1200.0,MANUAL,PETROL,187000.0,USED,23.75,2025-01-22
CHEVROLET,AVEO,2008,1400.0,MANUAL,PETROL,187000.0,USED,35.5,2024-12-31
CHEVROLET,AVEO UVA LT,2007,1100.0,MANUAL,PETROL,198000.0,USED,27.0,2024-12-21
CHEVROLET,BEAT,2011,1200.0,MANUAL,PETROL,154000.0,USED,27.5,2024-12-04
CHEVROLET,CAMARO,2024,2000.0,AUTOMATIC,PETROL,19000.0,USED,545.0,2026-09-25
CHEVROLET,CRUZE,2002,1300.0,AUTOMATIC,PETROL,253000.0,USED,35.85,2025-02-05
CHEVROLET,CRUZE,2002,1320.0,AUTOMATIC,PETROL,253000.0,USED,39.9,2025-02-03
CHEVROLET,CRUZE,2002,1300.0,AUTOMATIC,PETROL,253000.0,USED,36.75,2025-01-31
CHEVROLET,CRUZE,2002,1300.0,AUTOMATIC,PETROL,253000.0,USED,35.0,2025-01-27
CHEVROLET,CRUZE,2002,1300.0,MANUAL,PETROL,253000.0,USED,36.875,2024-12-18
CHEVROLET,CRUZE,2003,1300.0,AUTOMATIC,PETROL,242000.0,USED,35.5,2025-02-05
CHEVROLET,CRUZE,2003,1300.0,AUTOMATIC,PETROL,242000.0,USED,34.85,2025-02-05
CHEVROLET,CRUZE,2003,1320.0,AUTOMATIC,PETROL,242000.0,USED,39.5,2025-02-03
CHEVROLET,CRUZE,2003,1320.0,AUTOMATIC,PETROL,242000.0,USED,37.9,2025-01-15
CHEVROLET,CRUZE,2003,1320.0,AUTOMATIC,PETROL,242000.0,USED,36.5,2025-01-26
CHEVROLET,CRUZE,2003,1300.0,AUTOMATIC,PETROL,242000.0,USED,37.9,2025-01-25
CHEVROLET,CRUZE,2003,1300.0,AUTOMATIC,PETROL,242000.0,USED,39.9,2024-12-15
CHEVROLET,CRUZE,2004,1320.0,AUTOMATIC,PETROL,231000.0,USED,37.375,2025-02-04
CHEVROLET,CRUZE,2004,1300.0,AUTOMATIC,PETROL,231000.0,USED,37.375,2025-02-01
CHEVROLET,CRUZE,2004,1320.0,AUTOMATIC,PETROL,231000.0,USED,36.0,2025-01-30
CHEVROLET,CRUZE,2004,1330.0,AUTOMATIC,PETROL,231000.0,USED,35.75,2025-01-30
CHEVROLET,CRUZE,2004,1320.0,AUTOMATIC,PETROL,231000.0,USED,37.375,2025-01-11
CHEVROLET,CRUZE,2004,1300.0,AUTOMATIC,PETROL,231000.0,USED,39.5,2025-01-06
CHEVROLET,CRUZE,2004,1300.0,AUTOMATIC,PETROL,231000.0,USED,37.0,2025-01-05
CHEVROLET,CRUZE,2004,1320.0,AUTOMATIC,PETROL,231000.0,USED,37.0,2025-01-27
CHEVROLET,CRUZE,2004,1300.0,AUTOMATIC,PETROL,231000.0,USED,39.0,2025-01-22
CHEVROLET,CRUZE,2004,1300.0,AUTOMATIC,PETROL,143500.0,USED,40.0,2026-09-26
CHEVROLET,CRUZE,2006,1300.0,AUTOMATIC,PETROL,209000.0,USED,37.0,2025-02-02
CHEVROLET,CRUZE,2006,1300.0,AUTOMATIC,PETROL,209000.0,USED,37.5,2025-01-17
CHEVROLET,CRUZE,2006,1300.0,AUTOMATIC,PETROL,209000.0,NEW,39.0,2025-01-14
CHEVROLET,CRUZE GM,2003,1300.0,AUTOMATIC,PETROL,242000.0,USED,37.9,2025-01-14
CHEVROLET,CRUZE GM,2004,1320.0,AUTOMATIC,PETROL,231000.0,USED,41.33125000000002,2025-02-03
CHEVROLET,CRUZE GM,2005,1300.0,AUTOMATIC,PETROL,220000.0,USED,35.0,2025-02-04
CHEVROLET,CRUZE GM,2005,1319.0,AUTOMATIC,PETROL,220000.0,USED,37.95,2025-01-07
CHEVROLET,CRUZE GM LIMITED,2004,1300.0,AUTOMATIC,PETROL,231000.0,USED,39.5,2025-02-05
CHEVROLET,CRUZE JAPAN GM SPORT,2004,1300.0,AUTOMATIC,PETROL,231000.0,USED,38.5,2025-02-03
CHEVROLET,SPORT,2012,1200.0,MANUAL,PETROL,143000.0,USED,325.0,2025-02-01
CHEVROLET,UVA AVEO LT,2007,1198.0,MANUAL,PETROL,198000.0,USED,28.0,2024-12-18
CHEVROLET,UVA HACHBACK,2008,1300.0,MANUAL,PETROL,187000.0,USED,25.0,2025-01-03
DAEWOO,CIELO,1996,1500.0,MANUAL,PETROL,319000.0,USED,9.85,2025-01-17
DAEWOO,DAEWOO,1987,1234.0,MANUAL,PETROL,418000.0,USED,4.25,2024-12-08
DAEWOO,DAEWOO,1996,1500.0,AUTOMATIC,PETROL,319000.0,USED,17.5,2025-01-10
DAEWOO,ESPERO,1996,1500.0,AUTOMATIC,PETROL,160000.0,USED,8.5,2026-09-24
DAEWOO,ESPERO GLXI KOREA,2001,1500.0,MANUAL,PETROL,264000.0,USED,19.75,2025-02-05
DAEWOO,KALOS,2003,1500.0,AUTOMATIC,PETROL,242000.0,USED,30.0,2025-02-02
DAEWOO,LANOS,2002,1500.0,MANUAL,PETROL,253000.0,USED,18.5,2024-12-11
DAEWOO,LEGANZA,2000,2198.0,MANUAL,PETROL,275000.0,USED,13.5,2024-12-19
DAEWOO,LEGANZA,2002,2000.0,AUTOMATIC,PETROL,253000.0,USED,20.0,2025-02-03
DAEWOO,MATIZ,1999,800.0,MANUAL,PETROL,286000.0,USED,12.75,2025-01-25
DAEWOO,MATIZ,2001,800.0,AUTOMATIC,PETROL,264000.0,USED,17.75,2024-12-07
DAEWOO,NUBIRA,1999,1500.0,MANUAL,PETROL,286000.0,USED,20.25,2025-02-04
DAEWOO,NUBIRA,2000,1568.0,AUTOMATIC,PETROL,275000.0,USED,17.95,2025-02-05
DAEWOO,NUBIRA,2002,1499.0,AUTOMATIC,PETROL,253000.0,USED,16.5,2025-01-31
DAEWOO,RACER,1994,1500.0,MANUAL,PETROL,341000.0,USED,10.0,2024-12-05
DAEWOO,RACER,1995,1500.0,MANUAL,PETROL,330000.0,USED,9.25,2025-01-23
DAEWOO,RACER GTI SPORT,1994,1500.0,MANUAL,PETROL,341000.0,USED,12.75,2025-02-04
DAIHATSU,BOOM,2004,1000.0,AUTOMATIC,PETROL,231000.0,USED,41.75,2025-02-05
DAIHATSU,BOON,2023,1000.0,AUTOMATIC,PETROL,21230.0,USED,84.9,2026-09-24
DAIHATSU,BOON,2023,1000.0,AUTOMATIC,PETROL,19000.0,USED,82.75,2026-09-23
DAIHATSU,CAST ACTIVA,2019,660.0,AUTOMATIC,HYBRID,78500.0,USED,65.85,2026-09-24
DAIHATSU,CHARADE,1986,1200.0,MANUAL,DIESEL,429000.0,USED,7.5,2025-01-16
DAIHATSU,CHARADE,1986,1000.0,MANUAL,DIESEL,429000.0,USED,9.0,2024-12-15
DAIHATSU,CHARADE,1987,990.0,MANUAL,PETROL,418000.0,USED,14.0,2025-01-24
DAIHATSU,CHARADE,1987,1000.0,MANUAL,PETROL,418000.0,USED,11.5,2025-01-19
DAIHATSU,CHARADE,1989,1000.0,MANUAL,DIESEL,396000.0,USED,11.8,2025-01-24
DAIHATSU,CHARADE,1989,1000.0,MANUAL,PETROL,396000.0,USED,7.8,2025-01-02
DAIHATSU,CHARADE,1989,990.0,MANUAL,DIESEL,396000.0,USED,11.8,2024-12-24
DAIHATSU,CHARADE,1989,1000.0,MANUAL,DIESEL,396000.0,USED,8.75,2024-12-24
DAIHATSU,CHARADE,1989,1113.0,MANUAL,DIESEL,396000.0,USED,12.9,2024-12-15
DAIHATSU,CHARADE,1991,1000.0,MANUAL,PETROL,374000.0,USED,12.0,2025-01-11
DAIHATSU,CHARADE,1994,1490.0,AUTOMATIC,PETROL,126696.0,USED,23.95,2026-09-26
DAIHATSU,CHARADE,1995,1000.0,MANUAL,PETROL,185000.0,USED,17.5,2026-09-24
DAIHATSU,CHARADE,1996,1500.0,AUTOMATIC,PETROL,319000.0,USED,19.53125,2024-12-15
DAIHATSU,CHARADE,2006,1500.0,AUTOMATIC,PETROL,209000.0,USED,19.53125,2024-12-24
DAIHATSU,CHARADE G100,1991,990.0,MANUAL,PETROL,374000.0,USED,12.5,2025-01-02
DAIHATSU,CHARADE G100S,1987,1000.0,MANUAL,PETROL,418000.0,USED,14.5,2025-01-30
DAIHATSU,CHARADE G100S,1987,990.0,MANUAL,PETROL,418000.0,USED,9.95,2025-01-14
DAIHATSU,CHARADE G101S,1989,1000.0,MANUAL,DIESEL,396000.0,USED,8.0,2025-02-02
DAIHATSU,CHARADE G101S,1989,1000.0,MANUAL,DIESEL,396000.0,USED,8.0,2025-01-29
DAIHATSU,CHARADE G11,1985,1000.0,MANUAL,PETROL,440000.0,USED,7.5,2024-12-04
DAIHATSU,CHARADE G200S,1997,1300.0,MANUAL,PETROL,308000.0,USED,15.0,2024-12-14
DAIHATSU,CHARMANT,1985,1290.0,MANUAL,PETROL,440000.0,USED,16.5,2024-12-11
DAIHATSU,COPEN,2015,650.0,AUTOMATIC,PETROL,110000.0,USED,58.0,2024-12-27
DAIHATSU,COPEN X PLAY,2015,660.0,AUTOMATIC,PETROL,110000.0,USED,67.0,2025-02-02
DAIHATSU,CUORE,1991,800.0,MANUAL,PETROL,374000.0,USED,12.5,2025-01-20
DAIHATSU,CUORE,1994,825.0,MANUAL,PETROL,341000.0,USED,16.75,2025-01-28
DAIHATSU,CUORE,1997,850.0,MANUAL,PETROL,308000.0,USED,19.9,2025-01-29
DAIHATSU,CUORE,1997,825.0,MANUAL,PETROL,308000.0,USED,18.25,2024-12-23
DAIHATSU,CUOREMIRA,1997,850.0,MANUAL,PETROL,308000.0,USED,18.5,2025-01-30
DAIHATSU,DAIHATSU,1982,1300.0,MANUAL,DIESEL,473000.0,USED,9.5,2025-01-01
DAIHATSU,ESSE,2010,660.0,AUTOMATIC,PETROL,163000.0,USED,42.0,2026-09-25
DAIHATSU,G101S,1994,990.0,MANUAL,DIESEL,341000.0,USED,12.5,2025-01-23
DAIHATSU,JAPAN,1996,847.0,MANUAL,PETROL,319000.0,USED,14.5,2024-12-17
DAIHATSU,MINI HUMMER,2009,650.0,AUTOMATIC,PETROL,176000.0,USED,49.75,2025-02-02
DAIHATSU,MIRA,1987,800.0,MANUAL,PETROL,418000.0,USED,40.6875,2025-01-03
DAIHATSU,MIRA,1994,800.0,MANUAL,PETROL,341000.0,USED,40.6875,2025-01-19
DAIHATSU,MIRA,1996,650.0,MANUAL,PETROL,319000.0,USED,40.6875,2025-01-07
DAIHATSU,MIRA,1997,847.0,MANUAL,PETROL,308000.0,USED,40.6875,2025-02-05
DAIHATSU,MIRA,1997,890.0,MANUAL,PETROL,308000.0,USED,40.6875,2025-02-02
DAIHATSU,MIRA,2002,1000.0,AUTOMATIC,PETROL,253000.0,USED,40.6875,2025-02-01
DAIHATSU,MIRA,2004,660.0,AUTOMATIC,PETROL,231000.0,USED,40.6875,2025-01-25
DAIHATSU,MIRA,2006,1000.0,MANUAL,PETROL,191000.0,USED,36.5,2026-09-24
DAIHATSU,MIRA,2015,650.0,AUTOMATIC,PETROL,110000.0,USED,51.0,2025-02-05
DAIHATSU,MIRA,2015,650.0,AUTOMATIC,PETROL,110000.0,USED,50.75,2025-02-05
DAIHATSU,MIRA,2015,650.0,AUTOMATIC,PETROL,110000.0,USED,51.0,2025-02-01
DAIHATSU,MIRA,2015,650.0,AUTOMATIC,PETROL,110000.0,USED,52.5,2025-01-29
DAIHATSU,MIRA,2015,650.0,AUTOMATIC,PETROL,110000.0,USED,52.0,2025-01-11
DAIHATSU,MIRA,2015,650.0,AUTOMATIC,PETROL,110000.0,USED,52.5,2025-01-26
DAIHATSU,MIRA,2015,650.0,AUTOMATIC,PETROL,110000.0,USED,49.9,2025-01-25
DAIHATSU,MIRA,2015,660.0,AUTOMATIC,PETROL,110000.0,USED,53.5,2025-01-01
DAIHATSU,MIRA,2015,650.0,AUTOMATIC,PETROL,110000.0,USED,53.5,2024-12-27
DAIHATSU,MIRA,2015,650.0,AUTOMATIC,PETROL,110000.0,USED,57.0,2024-12-10
DAIHATSU,MIRA,2015,660.0,AUTOMATIC,PETROL,118400.0,USED,56.5,2026-09-26
DAIHATSU,MIRA,2016,650.0,AUTOMATIC,PETROL,99000.0,USED,54.375,2025-02-01
DAIHATSU,MIRA,2016,650.0,AUTOMATIC,PETROL,99000.0,USED,53.0,2025-01-29
DAIHATSU,MIRA,2016,660.0,AUTOMATIC,PETROL,99000.0,USED,54.375,2025-01-07
DAIHATSU,MIRA,2016,650.0,AUTOMATIC,PETROL,99000.0,USED,52.0,2025-01-01
DAIHATSU,MIRA,2016,650.0,AUTOMATIC,PETROL,99000.0,USED,61.0,2024-12-28
DAIHATSU,MIRA,2016,650.0,AUTOMATIC,PETROL,99000.0,USED,52.0,2024-12-25
DAIHATSU,MIRA,2016,650.0,AUTOMATIC,PETROL,99000.0,USED,54.75,2024-12-23
DAIHATSU,MIRA,2016,650.0,AUTOMATIC,PETROL,99000.0,USED,53.5,2024-12-22
DAIHATSU,MIRA,2017,650.0,AUTOMATIC,PETROL,88000.0,USED,59.6,2025-02-03
DAIHATSU,MIRA,2017,650.0,AUTOMATIC,PETROL,88000.0,USED,59.9,2025-02-03
DAIHATSU,MIRA,2017,650.0,AUTOMATIC,PETROL,88000.0,USED,59.6,2025-01-30
DAIHATSU,MIRA,2017,660.0,AUTOMATIC,PETROL,88000.0,NEW,59.6,2025-01-18
DAIHATSU,MIRA,2017,660.0,AUTOMATIC,PETROL,88000.0,USED,56.75,2025-01-26
DAIHATSU,MIRA,2017,650.0,AUTOMATIC,PETROL,88000.0,USED,57.75,2025-01-23
DAIHATSU,MIRA,2017,660.0,AUTOMATIC,PETROL,88000.0,USED,64.0,2024-12-25
DAIHATSU,MIRA,2018,650.0,AUTOMATIC,PETROL,62068.0,USED,58.9,2026-09-26
DAIHATSU,MIRA,2019,650.0,AUTOMATIC,PETROL,66000.0,USED,59.9,2025-02-01
DAIHATSU,MIRA,2020,1000.0,AUTOMATIC,PETROL,123000.0,USED,57.75,2026-09-25
DAIHATSU,MIRA,2023,660.0,AUTOMATIC,PETROL,8900.0,USED,65.4,2026-09-25
DAIHATSU,MIRA,2023,658.0,AUTOMATIC,PETROL,7331.0,USED,77.9,2026-09-25
DAIHATSU,MIRA,2023,658.0,AUTOMATIC,PETROL,20320.0,USED,65.9,2026-09-25
DAIHATSU,MIRA,2023,660.0,AUTOMATIC,PETROL,9000.0,USED,66.5,2026-09-25
DAIHATSU,MIRA,2023,660.0,AUTOMATIC,PETROL,17500.0,USED,64.9,2026-09-24
DAIHATSU,MIRA,2023,660.0,AUTOMATIC,PETROL,12250.0,USED,65.9,2026-09-24
DAIHATSU,MIRA,2024,650.0,AUTOMATIC,PETROL,11000.0,USED,59.5,2025-02-01
DAIHATSU,MIRA,2024,660.0,AUTOMATIC,PETROL,5000.0,USED,69.9,2026-09-26
DAIHATSU,MIRA,2024,660.0,AUTOMATIC,PETROL,18000.0,USED,72.9,2026-09-26
DAIHATSU,MIRA,2024,650.0,AUTOMATIC,PETROL,4900.0,NEW,69.5,2026-09-26
DAIHATSU,MIRA,2024,660.0,AUTOMATIC,PETROL,2000.0,USED,64.5,2026-09-26
DAIHATSU,MIRA,2024,660.0,AUTOMATIC,PETROL,8000.0,USED,68.5,2026-09-26
DAIHATSU,MIRA,2024,650.0,AUTOMATIC,PETROL,10000.0,USED,67.0,2026-09-25
DAIHATSU,MIRA,2024,650.0,AUTOMATIC,PETROL,5300.0,USED,66.5,2026-09-25
DAIHATSU,MIRA,2024,660.0,AUTOMATIC,PETROL,16500.0,USED,73.5,2026-09-24
DAIHATSU,MIRA,2024,660.0,AUTOMATIC,PETROL,3000.0,USED,69.5,2026-09-24
DAIHATSU,MIRA,2024,650.0,AUTOMATIC,PETROL,20000.0,USED,64.5,2026-09-24
DAIHATSU,MIRA,2024,660.0,AUTOMATIC,PETROL,7651.0,USED,65.95,2026-09-21
DAIHATSU,MIRA,2024,660.0,AUTOMATIC,PETROL,3255.0,USED,65.9,2026-09-26
DAIHATSU,MIRA,2024,650.0,AUTOMATIC,PETROL,2000.0,USED,67.75,2026-09-26
DAIHATSU,MIRA,2024,650.0,AUTOMATIC,PETROL,8000.0,USED,67.5,2026-09-26
DAIHATSU,MIRA,2024,660.0,AUTOMATIC,PETROL,8000.0,USED,65.0,2026-09-26
DAIHATSU,MIRA,2024,660.0,AUTOMATIC,PETROL,40000.0,USED,59.9,2026-09-26
DAIHATSU,MIRA,2024,650.0,AUTOMATIC,PETROL,3000.0,USED,65.9,2026-09-25
DAIHATSU,MIRA,2025,660.0,AUTOMATIC,PETROL,1691.0,USED,71.0,2026-09-26
DAIHATSU,MIRA,2025,660.0,AUTOMATIC,PETROL,1000.0,NEW,65.0,2026-09-26
DAIHATSU,MIRA,2025,650.0,AUTOMATIC,PETROL,3900.0,NEW,71.0,2026-09-26
DAIHATSU,MIRA,2025,660.0,AUTOMATIC,PETROL,7.0,NEW,66.95,2026-09-26
DAIHATSU,MIRA,2025,660.0,AUTOMATIC,PETROL,0.0,NEW,66.9,2026-09-26
DAIHATSU,MIRA,2025,660.0,AUTOMATIC,PETROL,0.0,NEW,67.5,2026-09-25
DAIHATSU,MIRA,2025,660.0,AUTOMATIC,PETROL,0.0,NEW,68.5,2026-09-25
DAIHATSU,MIRA,2025,650.0,AUTOMATIC,PETROL,10.0,NEW,67.9,2026-09-25
DAIHATSU,MIRA,2025,650.0,AUTOMATIC,PETROL,2500.0,USED,67.5,2026-09-25
DAIHATSU,MIRA,2025,650.0,AUTOMATIC,PETROL,1600.0,USED,67.0,2026-09-25
DAIHATSU,MIRA,2025,650.0,AUTOMATIC,PETROL,11.0,NEW,78.5,2026-09-25
DAIHATSU,MIRA,2025,660.0,AUTOMATIC,PETROL,18000.0,USED,69.0,2026-09-25
DAIHATSU,MIRA,2025,658.0,AUTOMATIC,PETROL,1700.0,USED,68.5,2026-09-25
DAIHATSU,MIRA,2025,658.0,AUTOMATIC,PETROL,3600.0,USED,68.5,2026-09-25
DAIHATSU,MIRA,2025,658.0,AUTOMATIC,PETROL,5401.0,USED,71.9,2026-09-25
DAIHATSU,MIRA,2025,660.0,AUTOMATIC,PETROL,0.0,NEW,70.0,2026-09-27
DAIHATSU,MIRA,2025,660.0,AUTOMATIC,PETROL,3000.0,USED,67.9,2026-09-25
DAIHATSU,MIRA,2025,660.0,AUTOMATIC,PETROL,12000.0,USED,73.9,2026-09-26
DAIHATSU,MIRA,2025,660.0,AUTOMATIC,PETROL,5000.0,USED,68.9,2026-09-26
DAIHATSU,MIRA,2025,650.0,AUTOMATIC,PETROL,3000.0,USED,72.5,2026-09-26
DAIHATSU,MIRA,2025,660.0,AUTOMATIC,PETROL,12500.0,USED,76.5,2026-09-26
DAIHATSU,MIRA,2025,660.0,AUTOMATIC,PETROL,1500.0,USED,67.9,2026-09-26
DAIHATSU,MIRA,2025,650.0,AUTOMATIC,PETROL,3612.0,USED,67.5,2026-09-24
DAIHATSU,MIRA,2025,660.0,AUTOMATIC,PETROL,2500.0,USED,76.5,2026-09-24
DAIHATSU,MIRA,2025,660.0,AUTOMATIC,PETROL,2000.0,USED,78.25,2026-09-24
DAIHATSU,MIRA,2025,660.0,AUTOMATIC,PETROL,0.0,NEW,76.95,2026-09-24
DAIHATSU,MIRA,2025,660.0,AUTOMATIC,PETROL,11000.0,USED,67.75,2026-09-27
DAIHATSU,MIRA,2025,660.0,AUTOMATIC,PETROL,0.0,NEW,69.5,2026-09-24
DAIHATSU,MIRA,2025,660.0,AUTOMATIC,PETROL,700.0,NEW,70.5,2026-09-24
DAIHATSU,MIRA,2025,650.0,AUTOMATIC,PETROL,6000.0,USED,63.0,2026-09-24
DAIHATSU,MIRA,2025,650.0,AUTOMATIC,PETROL,8.0,NEW,67.9,2026-09-23
DAIHATSU,MIRA,2025,660.0,AUTOMATIC,PETROL,0.0,NEW,70.5,2026-09-23
DAIHATSU,MIRA,2025,650.0,AUTOMATIC,PETROL,2900.0,USED,69.5,2026-09-26
DAIHATSU,MIRA,2025,660.0,AUTOMATIC,PETROL,8000.0,USED,69.0,2026-09-26
DAIHATSU,MIRA,2025,650.0,AUTOMATIC,PETROL,2000.0,NEW,66.25,2026-09-26
DAIHATSU,MIRA,2025,660.0,AUTOMATIC,PETROL,20.0,USED,75.0,2026-09-26
DAIHATSU,MIRA,2025,650.0,AUTOMATIC,PETROL,1281.0,USED,67.25,2026-09-26
DAIHATSU,MIRA,2025,660.0,AUTOMATIC,PETROL,7.0,NEW,68.75,2026-09-26
DAIHATSU,MIRA,2025,650.0,AUTOMATIC,PETROL,8.0,NEW,67.25,2026-09-26
DAIHATSU,MIRA,2025,650.0,AUTOMATIC,PETROL,6800.0,USED,69.65,2026-09-26
DAIHATSU,MIRA,2025,650.0,AUTOMATIC,PETROL,0.0,NEW,72.75,2026-09-26
DAIHATSU,MIRA,2025,650.0,AUTOMATIC,PETROL,1000.0,NEW,72.5,2026-09-26
DAIHATSU,MIRA,2025,650.0,AUTOMATIC,PETROL,3000.0,USED,72.6,2026-09-26
DAIHATSU,MIRA,2025,650.0,AUTOMATIC,PETROL,2000.0,USED,68.0,2026-09-26
DAIHATSU,MIRA,2025,660.0,AUTOMATIC,PETROL,11200.0,USED,72.5,2026-09-26
DAIHATSU,MIRA,2025,660.0,AUTOMATIC,HYBRID,2000.0,USED,66.9,2026-09-26
DAIHATSU,MIRA,2025,660.0,AUTOMATIC,PETROL,1000.0,NEW,68.75,2026-09-26
DAIHATSU,MIRA,2025,660.0,AUTOMATIC,PETROL,8000.0,USED,71.0,2026-09-25
DAIHATSU,MIRA,2025,650.0,AUTOMATIC,PETROL,3000.0,USED,66.9,2026-09-25
DAIHATSU,MIRA,2025,650.0,AUTOMATIC,PETROL,3500.0,USED,68.9,2026-09-25
DAIHATSU,MIRA,2025,650.0,AUTOMATIC,PETROL,1740.0,USED,72.9,2026-09-25
DAIHATSU,MIRA,2026,660.0,AUTOMATIC,PETROL,268.0,NEW,66.95,2026-09-26
DAIHATSU,MIRA,2026,650.0,AUTOMATIC,PETROL,10.0,NEW,79.5,2026-09-25
DAIHATSU,MIRA,2026,660.0,AUTOMATIC,PETROL,300.0,NEW,76.9,2026-09-21
DAIHATSU,MIRA,2026,660.0,AUTOMATIC,PETROL,650.0,NEW,71.95,2026-09-25
DAIHATSU,MIRA,2026,660.0,AUTOMATIC,PETROL,0.0,NEW,77.9,2026-09-24
DAIHATSU,MIRA,2026,650.0,AUTOMATIC,PETROL,0.0,NEW,66.5,2026-09-24
DAIHATSU,MIRA,2026,650.0,AUTOMATIC,PETROL,0.0,NEW,71.75,2026-09-23
DAIHATSU,MIRA,2026,650.0,AUTOMATIC,PETROL,0.0,NEW,75.5,2026-09-23
DAIHATSU,MIRA,2026,1000.0,AUTOMATIC,PETROL,0.0,NEW,67.0,2026-09-23
DAIHATSU,MIRA,2026,1000.0,AUTOMATIC,PETROL,0.0,NEW,71.0,2026-09-23
DAIHATSU,MIRA,2026,660.0,AUTOMATIC,PETROL,0.0,NEW,76.0,2026-09-23
DAIHATSU,MIRA,2026,660.0,AUTOMATIC,PETROL,0.0,NEW,77.5,2026-09-26
DAIHATSU,MIRA,2026,660.0,AUTOMATIC,PETROL,20.0,NEW,79.5,2026-09-26
DAIHATSU,MIRA,2026,650.0,AUTOMATIC,PETROL,0.0,NEW,77.0,2026-09-26
DAIHATSU,MIRA,2026,660.0,AUTOMATIC,PETROL,0.0,NEW,67.9,2026-09-26
DAIHATSU,MIRA ES,2016,660.0,AUTOMATIC,PETROL,99000.0,USED,52.0,2025-02-02
DAIHATSU,MIRA ES,2016,680.0,AUTOMATIC,PETROL,99000.0,USED,52.0,2024-12-21
DAIHATSU,MIRA ES,2018,650.0,AUTOMATIC,PETROL,77000.0,USED,63.4,2025-01-29
DAIHATSU,MIRA ES SAFETY,2018,660.0,AUTOMATIC,PETROL,77000.0,USED,58.0,2025-02-04
DAIHATSU,MIRA GINO SPECIAL EDITION,2001,650.0,AUTOMATIC,PETROL,264000.0,USED,41.0,2025-01-31
DAIHATSU,MIRA JAPAN,2003,650.0,AUTOMATIC,PETROL,242000.0,USED,35.6,2025-02-05
DAIHATSU,MIRA SAFETY,2016,650.0,AUTOMATIC,PETROL,99000.0,USED,54.0,2025-01-22
DAIHATSU,MIRA SAFETY,2016,650.0,AUTOMATIC,PETROL,99000.0,USED,54.675,2024-12-19
DAIHATSU,MIRA SAFETY,2016,660.0,AUTOMATIC,PETROL,99000.0,USED,55.35,2024-12-10
DAIHATSU,MOVE,2006,660.0,AUTOMATIC,PETROL,209000.0,USED,39.36249999999998,2024-12-20
DAIHATSU,MOVE,2011,650.0,AUTOMATIC,PETROL,154000.0,USED,46.0,2025-01-16
DAIHATSU,MOVE,2015,650.0,AUTOMATIC,PETROL,110000.0,USED,59.9,2025-02-03
DAIHATSU,MOVE,2015,660.0,AUTOMATIC,PETROL,110000.0,USED,68.0,2024-12-09
DAIHATSU,MOVE,2016,660.0,AUTOMATIC,PETROL,99000.0,USED,62.2,2025-02-05
DAIHATSU,MOVE,2016,650.0,AUTOMATIC,PETROL,99000.0,USED,65.9,2025-02-02
DAIHATSU,MOVE,2016,650.0,AUTOMATIC,PETROL,99000.0,USED,58.5,2025-01-22
DAIHATSU,MOVE,2017,660.0,AUTOMATIC,PETROL,88000.0,USED,66.5,2025-01-18
DAIHATSU,MOVE,2018,650.0,AUTOMATIC,HYBRID,64890.0,USED,65.85,2026-09-24
DAIHATSU,MOVE,2018,660.0,AUTOMATIC,HYBRID,68850.0,USED,66.85,2026-09-24
DAIHATSU,MOVE,2025,660.0,AUTOMATIC,PETROL,5000.0,USED,94.9,2026-09-26
DAIHATSU,MOVE,2025,660.0,AUTOMATIC,PETROL,20.0,NEW,94.9,2026-09-26
DAIHATSU,MOVE JAPAN,2017,680.0,AUTOMATIC,PETROL,88000.0,USED,69.5,2025-02-03
DAIHATSU,ROCKY,2023,1000.0,AUTOMATIC,PETROL,13040.0,USED,115.0,2026-09-04
DAIHATSU,ROCKY,2024,1200.0,AUTOMATIC,HYBRID,3000.0,USED,132.9,2026-09-25
DAIHATSU,ROCKY,2024,1200.0,AUTOMATIC,HYBRID,20150.0,USED,135.5,2026-09-24
DAIHATSU,ROCKY,2025,1200.0,AUTOMATIC,HYBRID,1300.0,USED,135.0,2026-09-24
DAIHATSU,ROCKY,2026,1200.0,AUTOMATIC,HYBRID,10.0,NEW,137.0,2026-09-25
DAIHATSU,ROCKY,2026,1200.0,AUTOMATIC,HYBRID,0.0,NEW,135.9,2026-09-24
DAIHATSU,ROCKY,2026,1200.0,AUTOMATIC,HYBRID,16.0,NEW,141.0,2026-09-23
DAIHATSU,SPORT,1987,1000.0,MANUAL,DIESEL,418000.0,USED,6.1,2024-12-18
DAIHATSU,TAFT,2024,650.0,AUTOMATIC,PETROL,18000.0,NEW,82.5,2026-09-26
DAIHATSU,TAFT,2024,660.0,AUTOMATIC,PETROL,17000.0,USED,78.0,2026-09-25
DAIHATSU,TAFT,2024,660.0,AUTOMATIC,PETROL,25000.0,USED,83.9,2026-09-25
DAIHATSU,TAFT,2024,660.0,AUTOMATIC,PETROL,11000.0,USED,89.75,2026-09-26
DAIHATSU,TAFT,2025,650.0,AUTOMATIC,PETROL,23306.0,USED,79.5,2026-09-26
DAIHATSU,TAFT,2025,650.0,AUTOMATIC,PETROL,16000.0,USED,79.0,2026-09-24
DAIHATSU,TAFT,2025,650.0,AUTOMATIC,PETROL,8500.0,USED,78.75,2026-09-23
DAIHATSU,TAFT,2025,660.0,AUTOMATIC,PETROL,11700.0,USED,79.5,2026-09-26
DAIHATSU,TAFT,2025,660.0,AUTOMATIC,PETROL,0.0,NEW,88.75,2026-09-26
DAIHATSU,TANK,2019,990.0,AUTOMATIC,PETROL,66000.0,USED,81.0,2024-12-15
DAIHATSU,TANTO,2017,650.0,AUTOMATIC,PETROL,88000.0,USED,73.0,2025-01-31
DAIHATSU,THOR,2023,1000.0,AUTOMATIC,PETROL,24130.0,USED,102.5,2026-09-25
DAIHATSU,YRV,2003,1300.0,MANUAL,PETROL,242000.0,USED,34.0,2024-12-31
DATSUN,B110,1972,1200.0,MANUAL,PETROL,583000.0,USED,5.75,2024-12-10
DATSUN,B2 10,1979,1170.0,MANUAL,PETROL,506000.0,USED,5.9,2024-12-18
DATSUN,B310,1980,1200.0,MANUAL,PETROL,495000.0,USED,9.5,2025-01-18
DATSUN,DATSUN,2017,800.0,MANUAL,PETROL,88000.0,USED,4.65,2025-01-15
DATSUN,DATSUN,2017,1171.0,MANUAL,PETROL,88000.0,USED,4.65,2025-01-24
DATSUN,REDI-GO,2016,800.0,MANUAL,PETROL,99000.0,USED,23.575000000000003,2025-02-05
DATSUN,REDI-GO,2016,800.0,MANUAL,PETROL,99000.0,USED,27.75,2025-02-04
DATSUN,REDI-GO,2016,800.0,MANUAL,PETROL,99000.0,USED,28.5,2025-01-17
DATSUN,REDI-GO,2016,799.0,MANUAL,PETROL,99000.0,USED,30.25,2025-01-07
DATSUN,REDI-GO,2016,800.0,MANUAL,PETROL,99000.0,USED,26.0,2025-01-27
DATSUN,REDI-GO,2016,800.0,MANUAL,PETROL,99000.0,USED,25.791666666666664,2025-01-20
DATSUN,REDI-GO,2016,813.0,MANUAL,PETROL,99000.0,USED,25.791666666666664,2024-12-27
DATSUN,REDI-GO,2016,800.0,MANUAL,PETROL,99000.0,USED,29.25,2024-12-13
DATSUN,REDI-GO,2016,800.0,MANUAL,PETROL,93492.0,USED,33.9,2026-09-25
DATSUN,REDI-GO,2017,800.0,MANUAL,PETROL,88000.0,USED,28.95,2025-01-30
DATSUN,REDI-GO,2017,800.0,MANUAL,PETROL,88000.0,USED,29.491666666666664,2025-01-29
DATSUN,REDI-GO,2017,1000.0,MANUAL,PETROL,88000.0,USED,29.0,2025-01-10
DATSUN,REDI-GO,2017,800.0,MANUAL,PETROL,88000.0,USED,27.5,2025-01-08
DATSUN,REDI-GO,2017,800.0,MANUAL,PETROL,88000.0,USED,31.5,2024-12-29
DATSUN,REDI-GO,2017,800.0,MANUAL,PETROL,88000.0,USED,31.5,2024-12-20
DATSUN,REDI-GO,2017,800.0,MANUAL,PETROL,88000.0,USED,28.5,2024-12-18
DATSUN,REDI-GO,2017,800.0,MANUAL,PETROL,88000.0,USED,29.491666666666664,2024-12-04
DATSUN,REDI-GO,2017,800.0,MANUAL,PETROL,69000.0,USED,36.5,2026-09-25
DFSK,GLORY,2021,1500.0,AUTOMATIC,PETROL,56000.0,USED,74.0,2026-09-27
DFSK,GLORY,2021,1500.0,AUTOMATIC,PETROL,38000.0,USED,90.0,2026-09-15
DFSK,GLORY,2021,1500.0,AUTOMATIC,PETROL,41000.0,USED,75.0,2026-09-25
DFSK,GLORY,2021,1500.0,AUTOMATIC,PETROL,40000.0,USED,89.9,2026-09-25
DFSK,GLORY,2021,1500.0,AUTOMATIC,PETROL,28463.0,USED,88.0,2026-09-24
DFSK,GLORY,2021,1500.0,AUTOMATIC,PETROL,47000.0,USED,88.5,2026-09-22
DFSK,GLORY,2021,1500.0,AUTOMATIC,PETROL,52000.0,USED,86.5,2026-09-25
DFSK,GLORY,2022,1500.0,AUTOMATIC,PETROL,31390.0,USED,105.0,2026-09-26
DFSK,GLORY,2022,1498.0,AUTOMATIC,PETROL,42957.0,USED,79.9,2026-09-26
DFSK,GLORY,2022,1500.0,AUTOMATIC,PETROL,45000.0,USED,94.5,2026-09-26
DFSK,GLORY,2023,1500.0,AUTOMATIC,PETROL,12000.0,USED,103.0,2026-09-24
DFSK,GLORY,2024,1500.0,AUTOMATIC,PETROL,11500.0,USED,104.9,2026-09-25
FIAT,127,1979,900.0,MANUAL,PETROL,506000.0,USED,11.3,2025-01-03
FIAT,127,1980,900.0,MANUAL,PETROL,495000.0,USED,8.0,2024-12-28
FIAT,128,1977,1100.0,MANUAL,PETROL,528000.0,USED,12.8,2024-12-18
FIAT,BRAVO,2004,2000.0,MANUAL,DIESEL,231000.0,USED,35.0,2024-12-22
FIAT,GRANDE PUNTO,2007,1400.0,AUTOMATIC,PETROL,198000.0,USED,35.0,2025-02-04
FIAT,GRANDE PUNTO,2007,1400.0,AUTOMATIC,PETROL,198000.0,USED,28.5,2025-01-24
FIAT,LINEA,2011,1400.0,MANUAL,PETROL,154000.0,USED,39.5,2025-01-12
FIAT,LINEA,2011,1300.0,MANUAL,DIESEL,154000.0,USED,34.9,2025-01-25
FIAT,LINEA,2012,1400.0,MANUAL,DIESEL,143000.0,USED,37.5,2024-12-31
FIAT,LINEA,2016,1366.0,MANUAL,PETROL,99000.0,USED,32.0,2025-01-01
FIAT,LINEA G,2011,1300.0,MANUAL,DIESEL,154000.0,USED,34.9,2025-02-01
FIAT,PALIO,2002,1300.0,MANUAL,PETROL,55000.0,USED,16.86,2026-09-25
FIAT,PUNTO,2001,1200.0,MANUAL,PETROL,264000.0,USED,12.25,2025-01-15
FIAT,PUNTO,2001,1240.0,MANUAL,PETROL,264000.0,USED,12.25,2025-01-26
FIAT,PUNTO,2004,1200.0,MANUAL,PETROL,231000.0,USED,23.0,2025-01-24
FIAT,PUNTO,2007,1400.0,AUTOMATIC,PETROL,198000.0,USED,20.5,2024-12-18
FIAT,PUNTO,2007,1400.0,AUTOMATIC,PETROL,198000.0,USED,40.0,2024-12-14
FIAT,PUNTO,2008,1400.0,AUTOMATIC,PETROL,187000.0,USED,31.75,2025-02-01
FIAT,PUNTO SX,1998,1299.0,MANUAL,PETROL,297000.0,USED,13.0,2024-12-29
FIAT,TEMPRA EFI,1999,1500.0,AUTOMATIC,PETROL,286000.0,USED,8.15,2024-12-10
FIAT,UNO,1988,1000.0,MANUAL,PETROL,407000.0,USED,6.9,2024-12-13
FIAT,UNO,1996,1000.0,MANUAL,PETROL,319000.0,USED,12.5,2025-02-02
FIAT,UNO,1996,1000.0,MANUAL,PETROL,319000.0,USED,11.75,2025-01-28
FIAT,UNO 60,1987,1100.0,MANUAL,PETROL,418000.0,USED,7.75,2025-01-10
FORD,FESTIVA,1994,1300.0,MANUAL,PETROL,341000.0,USED,15.0,2024-12-30
FORD,FESTIVA,1995,1300.0,MANUAL,PETROL,330000.0,USED,14.75,2024-12-13
FORD,FESTIVA,1997,1300.0,MANUAL,PETROL,308000.0,USED,16.5,2025-01-12
FORD,FESTIVA,2000,1300.0,MANUAL,PETROL,85600.0,USED,16.0,2026-09-26
FORD,FOCUS,2011,1600.0,AUTOMATIC,PETROL,154000.0,USED,58.5,2025-01-31
FORD,FOCUS MK3,2012,1590.0,AUTOMATIC,PETROL,143000.0,USED,84.9,2025-02-03
FORD,FOCUS ST,2017,1000.0,AUTOMATIC,PETROL,88000.0,USED,110.0,2025-02-01
FORD,FOCUS TITANIUM,2015,1600.0,AUTOMATIC,PETROL,110000.0,USED,118.0,2024-12-29
FORD,FORD,1998,1500.0,MANUAL,PETROL,297000.0,USED,21.5,2025-02-05
FORD,FORD,2001,1500.0,AUTOMATIC,PETROL,264000.0,USED,29.75,2025-01-21
FORD,LASER,1984,1500.0,AUTOMATIC,PETROL,451000.0,USED,7.5,2025-01-08
FORD,LASER,1985,1500.0,MANUAL,DIESEL,440000.0,USED,13.75,2025-01-27
FORD,LASER,1985,1500.0,MANUAL,PETROL,440000.0,USED,12.9,2025-01-21
FORD,LASER,1987,1300.0,MANUAL,PETROL,418000.0,USED,9.6,2025-02-02
FORD,LASER,1987,1300.0,MANUAL,PETROL,418000.0,USED,12.5,2025-01-14
FORD,LASER,1988,1500.0,MANUAL,PETROL,407000.0,USED,15.5,2024-12-19
FORD,LASER,1991,1300.0,MANUAL,PETROL,374000.0,USED,14.0,2024-12-25
FORD,LASER,1992,1300.0,MANUAL,PETROL,363000.0,USED,15.8,2025-02-04
FORD,LASER,1994,1300.0,MANUAL,PETROL,341000.0,USED,15.75,2024-12-07
FORD,LASER,1996,1600.0,MANUAL,PETROL,319000.0,USED,12.75,2025-02-04
FORD,LASER,1996,1500.0,MANUAL,PETROL,319000.0,USED,18.75,2025-01-29
FORD,LASER,1998,1598.0,MANUAL,PETROL,297000.0,NEW,23.9,2025-01-06
FORD,LASER,2000,1500.0,AUTOMATIC,PETROL,275000.0,USED,26.9,2025-02-03
FORD,LASER,2000,1500.0,AUTOMATIC,PETROL,275000.0,USED,30.5,2025-02-02
FORD,LASER,2000,2139.0,AUTOMATIC,PETROL,275000.0,USED,29.75,2025-01-30
FORD,LASER,2000,1500.0,MANUAL,PETROL,275000.0,USED,32.0,2025-01-29
FORD,LASER,2000,1500.0,AUTOMATIC,PETROL,275000.0,USED,29.75,2025-01-14
FORD,LASER,2000,1500.0,MANUAL,PETROL,275000.0,USED,29.5,2025-01-26
FORD,LASER,2001,1500.0,MANUAL,PETROL,264000.0,USED,27.0,2025-02-05
FORD,LASER,2001,1490.0,AUTOMATIC,PETROL,264000.0,USED,29.75,2025-01-04
FORD,LASER BF,1988,1500.0,MANUAL,PETROL,407000.0,USED,13.8,2025-01-25
FORD,LASER BF GHIA,1985,1500.0,MANUAL,PETROL,440000.0,USED,13.5,2025-01-14
FORD,LASER BF GHIA,1986,1500.0,MANUAL,PETROL,429000.0,USED,12.75,2025-01-13
FORD,LASER BG3,1991,1300.0,MANUAL,PETROL,374000.0,USED,7.2,2025-01-28
FORD,LASER GHIA,1986,1500.0,MANUAL,PETROL,429000.0,USED,12.5,2025-02-03
FORD,LASER GHIA,1987,1500.0,MANUAL,PETROL,418000.0,USED,10.9,2025-01-31
FORD,LASER GHIA,1996,1598.0,MANUAL,PETROL,319000.0,USED,23.0,2024-12-23
FORD,LASER GL,1982,1300.0,MANUAL,PETROL,473000.0,USED,10.25,2025-02-01
FORD,LASER GL,1989,1500.0,MANUAL,PETROL,396000.0,NEW,12.0,2024-12-15
FORD,LASER GL SEDAN,1991,1300.0,MANUAL,PETROL,374000.0,USED,9.8,2024-12-15
FORD,MONDEO,2003,1900.0,AUTOMATIC,PETROL,242000.0,USED,22.5,2025-01-03
FORD,MONDEO,2003,1990.0,AUTOMATIC,PETROL,242000.0,USED,13.5,2024-12-17
FORD,RANGER,2012,2500.0,MANUAL,DIESEL,160000.0,USED,83.0,2026-09-26
FORD,RANGER,2018,2198.0,AUTOMATIC,DIESEL,182000.0,USED,177.0,2026-09-25
FORD,RANGER,2025,2000.0,AUTOMATIC,DIESEL,24500.0,USED,328.0,2026-09-26
FORD,RAPTOR RANGER,2025,2000.0,AUTOMATIC,DIESEL,7300.0,USED,330.0,2026-09-26
FORD,RAPTOR RANGER,2025,2000.0,AUTOMATIC,DIESEL,0.0,NEW,340.0,2026-09-26
FORD,RAPTOR RANGER,2025,3000.0,AUTOMATIC,PETROL,0.0,NEW,358.5,2026-09-25
FORD,RAPTOR RANGER,2025,2000.0,AUTOMATIC,DIESEL,0.0,NEW,335.0,2026-09-24
FORD,RAPTOR RANGER,2025,3000.0,AUTOMATIC,PETROL,18000.0,USED,320.0,2026-09-23
FORD,RAPTOR RANGER,2025,3000.0,AUTOMATIC,PETROL,7000.0,USED,329.9,2026-09-26
FORD,RAPTOR RANGER,2026,1996.0,AUTOMATIC,DIESEL,0.0,NEW,395.0,2026-09-25
FORD,SUPER DUTY,2026,3000.0,AUTOMATIC,DIESEL,0.0,NEW,369.9,2026-09-24
FORD,TELSTAR,1985,2000.0,MANUAL,DIESEL,440000.0,USED,8.75,2025-01-12
FORD,TELSTAR,1985,2000.0,MANUAL,DIESEL,440000.0,USED,95.0,2024-12-28
FOTON,PROTON SAGA,2009,1490.0,AUTOMATIC,PETROL,176000.0,USED,9.95,2025-02-03
FOTON,PROTON SAGA,2011,1490.0,AUTOMATIC,PETROL,154000.0,USED,9.95,2025-02-05
FOTON,SAGA,2011,1490.0,AUTOMATIC,PETROL,154000.0,USED,9.95,2025-01-31
HONDA,ACCORD,1991,2000.0,AUTOMATIC,PETROL,374000.0,USED,19.0,2025-01-17
HONDA,ACCORD,1999,1900.0,AUTOMATIC,PETROL,286000.0,USED,26.5,2025-01-19
HONDA,ACCORD,2003,2400.0,AUTOMATIC,PETROL,242000.0,USED,46.0,2024-12-12
HONDA,ACCORD,2015,2000.0,AUTOMATIC,HYBRID,255000.0,USED,122.5,2026-09-23
HONDA,ACCORD CD 3,1997,1800.0,MANUAL,PETROL,308000.0,USED,30.5,2025-01-25
HONDA,ACCORD CF3 EURO,1999,1800.0,AUTOMATIC,PETROL,286000.0,USED,38.9,2024-12-20
HONDA,ACCORD CF9 EX,2002,2000.0,AUTOMATIC,PETROL,253000.0,USED,39.75,2025-01-12
HONDA,ACCORD CL7,2007,1990.0,AUTOMATIC,PETROL,198000.0,USED,57.5,2025-01-15
HONDA,ACCORD EX PREMIUM,2013,1900.0,AUTOMATIC,HYBRID,132000.0,USED,147.0,2025-02-02
HONDA,ACCORD I-VTEC,1999,1800.0,AUTOMATIC,PETROL,286000.0,USED,38.5,2025-02-01
HONDA,ACCORD I-VTEC,2009,2400.0,AUTOMATIC,PETROL,176000.0,USED,83.0,2025-01-11
HONDA,ACCORD IVTEC,2009,2400.0,AUTOMATIC,PETROL,176000.0,USED,83.0,2025-01-29
HONDA,ARIA GD8,2008,1500.0,AUTOMATIC,PETROL,187000.0,USED,49.9,2024-12-05
HONDA,CF9,2003,2000.0,AUTOMATIC,PETROL,242000.0,USED,46.5,2025-02-04
HONDA,CITY,1998,1300.0,MANUAL,PETROL,297000.0,NEW,22.9,2025-01-31
HONDA,CITY,1999,1500.0,MANUAL,PETROL,286000.0,USED,21.0,2025-01-09
HONDA,CITY,2000,1500.0,AUTOMATIC,PETROL,275000.0,USED,31.9,2025-02-01
HONDA,CITY,2000,1500.0,AUTOMATIC,PETROL,275000.0,USED,31.5,2025-01-05
HONDA,CITY,2000,1500.0,AUTOMATIC,PETROL,275000.0,USED,18.175000000000008,2025-01-21
HONDA,CITY,2000,1500.0,AUTOMATIC,PETROL,275000.0,USED,18.175000000000008,2025-01-04
HONDA,CITY,2000,1498.0,MANUAL,PETROL,275000.0,NEW,32.0,2024-12-14
HONDA,CITY,2000,1500.0,AUTOMATIC,PETROL,275000.0,USED,32.9,2024-12-10
HONDA,CITY,2001,1500.0,AUTOMATIC,PETROL,264000.0,USED,29.9,2025-02-05
HONDA,CITY,2001,1500.0,AUTOMATIC,PETROL,264000.0,USED,32.0,2025-01-27
HONDA,CITY,2001,1500.0,AUTOMATIC,PETROL,264000.0,USED,32.5,2025-01-24
HONDA,CITY,2001,1500.0,MANUAL,PETROL,264000.0,USED,28.5,2025-01-23
HONDA,CITY,2002,1500.0,AUTOMATIC,PETROL,253000.0,USED,33.5,2025-02-01
HONDA,CITY,2004,1500.0,AUTOMATIC,PETROL,231000.0,USED,41.974999999999994,2025-02-03
HONDA,CITY,2004,1500.0,AUTOMATIC,PETROL,231000.0,USED,39.75,2024-12-23
HONDA,CITY,2005,1500.0,AUTOMATIC,PETROL,220000.0,USED,33.9,2025-02-04
HONDA,CITY,2025,1000.0,AUTOMATIC,PETROL,13800.0,USED,124.9,2026-09-26
HONDA,CITY,2026,1000.0,AUTOMATIC,PETROL,0.0,NEW,133.5,2026-09-24
HONDA,CITY GD 8,2003,1500.0,AUTOMATIC,PETROL,242000.0,USED,43.75,2025-02-05
HONDA,CITY V-TEC,2000,1500.0,AUTOMATIC,PETROL,275000.0,USED,29.25,2025-02-04
HONDA,CITY VTEC,2000,1500.0,AUTOMATIC,PETROL,275000.0,USED,28.5,2025-01-25
HONDA,CIVIC,1985,1300.0,MANUAL,PETROL,440000.0,USED,12.5,2025-02-01
HONDA,CIVIC,1985,1400.0,MANUAL,PETROL,440000.0,USED,10.3125,2025-01-31
HONDA,CIVIC,1985,1500.0,MANUAL,PETROL,440000.0,USED,7.75,2025-01-15
HONDA,CIVIC,1985,1300.0,MANUAL,PETROL,440000.0,USED,8.5,2025-01-15
HONDA,CIVIC,1985,1500.0,MANUAL,PETROL,440000.0,USED,12.5,2025-01-06
HONDA,CIVIC,1987,1500.0,MANUAL,PETROL,418000.0,USED,4.25,2025-01-09
HONDA,CIVIC,1987,1500.0,MANUAL,PETROL,418000.0,USED,16.88,2024-12-19
HONDA,CIVIC,1989,1500.0,MANUAL,PETROL,396000.0,USED,14.75,2025-01-28
HONDA,CIVIC,1991,1500.0,MANUAL,PETROL,374000.0,USED,16.75,2025-01-31
HONDA,CIVIC,1991,1490.0,MANUAL,PETROL,374000.0,USED,19.75,2025-01-09
HONDA,CIVIC,1991,1500.0,MANUAL,PETROL,142090.0,USED,23.5,2026-09-24
HONDA,CIVIC,1992,1500.0,MANUAL,PETROL,125000.0,USED,29.75,2026-09-25
HONDA,CIVIC,1995,1500.0,MANUAL,PETROL,330000.0,USED,18.7,2025-01-15
HONDA,CIVIC,1995,1500.0,MANUAL,PETROL,300000.0,USED,38.5,2026-09-23
HONDA,CIVIC,2003,1590.0,AUTOMATIC,PETROL,140154.0,USED,59.95,2026-09-25
HONDA,CIVIC,2004,1500.0,AUTOMATIC,PETROL,231000.0,USED,48.0,2025-01-16
HONDA,CIVIC,2007,1600.0,AUTOMATIC,PETROL,198000.0,USED,65.0,2025-02-02
HONDA,CIVIC,2007,1800.0,AUTOMATIC,PETROL,198000.0,USED,75.0,2025-01-30
HONDA,CIVIC,2007,1300.0,AUTOMATIC,PETROL,198000.0,USED,65.0,2025-01-15
HONDA,CIVIC,2007,1600.0,AUTOMATIC,PETROL,174000.0,USED,70.0,2026-09-26
HONDA,CIVIC,2007,1600.0,AUTOMATIC,PETROL,193000.0,USED,68.9,2026-09-25
HONDA,CIVIC,2012,1600.0,AUTOMATIC,PETROL,143000.0,USED,98.5,2025-02-02
HONDA,CIVIC,2012,1598.0,AUTOMATIC,PETROL,143000.0,USED,100.0,2024-12-28
HONDA,CIVIC,2013,1500.0,AUTOMATIC,HYBRID,130000.0,USED,85.0,2026-09-22
HONDA,CIVIC,2017,1500.0,AUTOMATIC,PETROL,88000.0,USED,135.0,2025-01-09
HONDA,CIVIC,2017,1000.0,AUTOMATIC,PETROL,88000.0,USED,138.0,2025-01-28
HONDA,CIVIC,2017,1000.0,AUTOMATIC,PETROL,88000.0,USED,120.75,2025-01-25
HONDA,CIVIC,2017,1000.0,AUTOMATIC,PETROL,88000.0,USED,135.0,2025-01-22
HONDA,CIVIC,2017,1322.0,AUTOMATIC,PETROL,88000.0,USED,138.5,2024-12-28
HONDA,CIVIC,2017,1000.0,AUTOMATIC,PETROL,85000.0,USED,119.0,2026-09-25
HONDA,CIVIC,2018,1000.0,AUTOMATIC,PETROL,77000.0,USED,135.0,2025-02-03
HONDA,CIVIC,2018,1000.0,AUTOMATIC,PETROL,77000.0,USED,138.0,2025-01-29
HONDA,CIVIC,2018,1000.0,AUTOMATIC,PETROL,77000.0,USED,127.0,2025-01-15
HONDA,CIVIC,2018,1322.0,AUTOMATIC,PETROL,77000.0,USED,129.25,2025-01-06
HONDA,CIVIC,2018,1000.0,AUTOMATIC,PETROL,77000.0,USED,128.0,2025-01-25
HONDA,CIVIC,2018,1000.0,AUTOMATIC,PETROL,77000.0,USED,126.5,2024-12-30
HONDA,CIVIC,2018,1000.0,AUTOMATIC,PETROL,77000.0,USED,121.0,2024-12-24
HONDA,CIVIC,2018,1500.0,AUTOMATIC,PETROL,77000.0,USED,129.25,2024-12-10
HONDA,CIVIC,2018,1200.0,AUTOMATIC,PETROL,77000.0,USED,129.25,2024-12-10
HONDA,CIVIC,2018,1000.0,AUTOMATIC,PETROL,120000.0,USED,110.5,2026-09-24
HONDA,CIVIC,2018,1000.0,AUTOMATIC,PETROL,53000.0,USED,140.75,2026-09-20
HONDA,CIVIC,2019,1000.0,AUTOMATIC,PETROL,66000.0,USED,172.5,2025-01-06
HONDA,CIVIC,2019,1200.0,AUTOMATIC,PETROL,66000.0,USED,149.0,2025-01-20
HONDA,CIVIC,2019,1000.0,AUTOMATIC,PETROL,66000.0,USED,144.99999,2025-01-03
HONDA,CIVIC,2025,1500.0,MANUAL,PETROL,0.0,NEW,228.0,2026-09-26
HONDA,CIVIC EFI VTEC,1992,1500.0,MANUAL,PETROL,363000.0,USED,23.8,2025-01-31
HONDA,CIVIC EG8,1991,1500.0,AUTOMATIC,PETROL,374000.0,USED,29.75,2025-01-31
HONDA,CIVIC EK,1999,1500.0,AUTOMATIC,PETROL,286000.0,USED,40.0,2024-12-31
HONDA,CIVIC EK3,1995,1495.0,MANUAL,PETROL,330000.0,USED,29.9125,2025-01-13
HONDA,CIVIC EK3,1996,1500.0,MANUAL,PETROL,319000.0,USED,34.5,2025-01-30
HONDA,CIVIC EK3,1996,1500.0,MANUAL,PETROL,319000.0,USED,34.75,2025-01-12
HONDA,CIVIC EK3,1996,1450.0,MANUAL,PETROL,319000.0,USED,35.0,2025-01-22
HONDA,CIVIC EK3,1996,1500.0,AUTOMATIC,PETROL,319000.0,USED,34.75,2024-12-18
HONDA,CIVIC EK3,1997,1500.0,MANUAL,PETROL,308000.0,USED,37.25,2025-01-21
HONDA,CIVIC EK3,1997,1500.0,MANUAL,PETROL,308000.0,USED,34.75,2025-01-04
HONDA,CIVIC EK3,1997,1500.0,AUTOMATIC,PETROL,308000.0,USED,38.0,2025-01-02
HONDA,CIVIC EK3,1997,1500.0,MANUAL,PETROL,308000.0,USED,37.5,2024-12-17
HONDA,CIVIC EK3,1998,1500.0,MANUAL,PETROL,297000.0,USED,35.0,2025-02-04
HONDA,CIVIC EK3,1998,1500.0,MANUAL,PETROL,297000.0,USED,36.8,2025-01-31
HONDA,CIVIC EK3,1998,1500.0,MANUAL,PETROL,297000.0,USED,37.5,2025-01-17
HONDA,CIVIC EK3,1998,1500.0,AUTOMATIC,PETROL,297000.0,USED,29.9125,2025-01-02
HONDA,CIVIC EK3,1998,1500.0,AUTOMATIC,PETROL,297000.0,USED,37.9,2024-12-30
HONDA,CIVIC EK3,1999,1500.0,MANUAL,PETROL,286000.0,USED,38.0,2025-02-01
HONDA,CIVIC EK3,1999,1500.0,MANUAL,PETROL,286000.0,USED,38.0,2025-01-28
HONDA,CIVIC EK3,2000,1500.0,AUTOMATIC,PETROL,275000.0,USED,42.8125,2025-02-04
HONDA,CIVIC EK3,2000,1500.0,MANUAL,PETROL,275000.0,USED,42.8125,2024-12-07
HONDA,CIVIC EK3 VTEC VIRS,2000,1500.0,AUTOMATIC,PETROL,275000.0,USED,49.75,2024-12-22
HONDA,CIVIC ES08,2004,1500.0,AUTOMATIC,PETROL,231000.0,USED,50.5,2025-01-26
HONDA,CIVIC ES1,2004,1500.0,AUTOMATIC,PETROL,231000.0,USED,49.5,2025-02-02
HONDA,CIVIC ES5,2003,1600.0,AUTOMATIC,PETROL,242000.0,USED,52.0,2024-12-20
HONDA,CIVIC ES5 VTEC,2003,1600.0,AUTOMATIC,PETROL,242000.0,USED,58.0,2025-02-05
HONDA,CIVIC ES8,2001,1500.0,MANUAL,PETROL,264000.0,USED,43.75,2025-02-01
HONDA,CIVIC ES8,2001,1500.0,MANUAL,PETROL,264000.0,USED,43.40625,2025-01-31
HONDA,CIVIC ES8,2001,1500.0,MANUAL,PETROL,264000.0,USED,46.75,2025-01-03
HONDA,CIVIC ES8,2002,1500.0,MANUAL,PETROL,253000.0,USED,46.5,2025-02-04
HONDA,CIVIC ES8,2002,1500.0,AUTOMATIC,PETROL,253000.0,USED,46.75,2024-12-23
HONDA,CIVIC ES8,2003,1500.0,AUTOMATIC,PETROL,242000.0,USED,51.15625,2025-01-04
HONDA,CIVIC ES8,2004,1500.0,AUTOMATIC,PETROL,231000.0,USED,46.75,2025-01-31
HONDA,CIVIC ES8,2004,1500.0,AUTOMATIC,PETROL,231000.0,USED,46.25,2025-01-23
HONDA,CIVIC ES8,2005,1500.0,AUTOMATIC,PETROL,220000.0,USED,51.15625,2025-01-25
HONDA,CIVIC ES8,2006,1500.0,AUTOMATIC,PETROL,209000.0,USED,48.75,2025-01-28
HONDA,CIVIC EX,2017,1000.0,AUTOMATIC,PETROL,88000.0,USED,143.0,2024-12-28
HONDA,CIVIC EX,2018,1000.0,AUTOMATIC,PETROL,77000.0,USED,138.5,2025-02-03
HONDA,CIVIC EX,2018,1000.0,AUTOMATIC,PETROL,77000.0,USED,146.0,2025-02-02
HONDA,CIVIC EX,2018,1000.0,AUTOMATIC,PETROL,77000.0,USED,144.0,2025-01-29
HONDA,CIVIC EX,2018,1000.0,AUTOMATIC,PETROL,77000.0,USED,139.0,2025-01-11
HONDA,CIVIC EX,2019,1000.0,AUTOMATIC,PETROL,66000.0,USED,149.5,2025-01-20
HONDA,CIVIC EX TECH PACK,2017,1000.0,AUTOMATIC,PETROL,88000.0,USED,140.0,2025-01-29
HONDA,CIVIC EX TECH PACK,2020,1000.0,AUTOMATIC,PETROL,55000.0,USED,175.0,2025-01-08
HONDA,CIVIC FB1,2012,1600.0,AUTOMATIC,PETROL,143000.0,USED,25.5,2025-01-22
HONDA,CIVIC FD1,2006,1800.0,AUTOMATIC,PETROL,209000.0,USED,72.0,2025-02-01
HONDA,CIVIC FD1,2006,1800.0,AUTOMATIC,PETROL,209000.0,USED,72.0,2025-01-31
HONDA,CIVIC FD1,2008,1800.0,AUTOMATIC,PETROL,187000.0,USED,74.9,2025-02-03
HONDA,CIVIC FD1,2008,1799.0,AUTOMATIC,PETROL,187000.0,USED,74.9,2025-01-31
HONDA,CIVIC FD1 TYPE S,2007,1800.0,AUTOMATIC,PETROL,198000.0,USED,77.5,2025-01-17
HONDA,CIVIC FD1S,2006,1799.0,AUTOMATIC,PETROL,209000.0,USED,65.0,2024-12-08
HONDA,CIVIC FD3,2007,1350.0,AUTOMATIC,HYBRID,198000.0,USED,63.875,2025-02-04
HONDA,CIVIC FD3,2007,1300.0,AUTOMATIC,HYBRID,198000.0,USED,65.75,2025-02-03
HONDA,CIVIC FD3,2007,1300.0,AUTOMATIC,HYBRID,198000.0,USED,65.95,2025-01-31
HONDA,CIVIC FD3,2007,1300.0,AUTOMATIC,HYBRID,198000.0,USED,66.0,2025-01-07
HONDA,CIVIC FD3,2007,1500.0,AUTOMATIC,PETROL,198000.0,USED,63.875,2024-12-04
HONDA,CIVIC FD3,2008,1300.0,AUTOMATIC,PETROL,187000.0,USED,65.0,2025-01-16
HONDA,CIVIC FD3,2008,1330.0,AUTOMATIC,HYBRID,187000.0,USED,65.0,2025-01-14
HONDA,CIVIC FD3,2008,1330.0,AUTOMATIC,HYBRID,187000.0,USED,65.0,2025-01-02
HONDA,CIVIC FD3,2008,1300.0,AUTOMATIC,PETROL,187000.0,USED,65.0,2024-12-14
HONDA,CIVIC FD4,2007,1600.0,AUTOMATIC,PETROL,198000.0,USED,66.5,2025-01-18
HONDA,CIVIC FD4,2008,1600.0,AUTOMATIC,PETROL,187000.0,USED,66.5,2025-02-05
HONDA,CIVIC FK6,2017,1000.0,AUTOMATIC,PETROL,88000.0,USED,140.0,2025-01-06
HONDA,CIVIC LIMITED EDITION,1985,1300.0,MANUAL,PETROL,440000.0,USED,7.95,2025-02-01
HONDA,CIVIC MUGEN KIT,2018,1000.0,AUTOMATIC,PETROL,77000.0,USED,143.9,2025-02-01
HONDA,CIVIC SEDAN,2020,1500.0,AUTOMATIC,PETROL,55000.0,NEW,210.0,2024-12-27
HONDA,CIVIC SEDAN 1.6 JAPAN,2016,1600.0,AUTOMATIC,PETROL,99000.0,USED,179.75,2025-01-28
HONDA,CIVIC SR,2017,1000.0,AUTOMATIC,PETROL,88000.0,USED,135.9,2025-02-01
HONDA,CIVIC SR,2017,1000.0,AUTOMATIC,PETROL,88000.0,USED,130.0,2024-12-04
HONDA,CIVIC SR,2018,1000.0,AUTOMATIC,PETROL,77000.0,USED,139.5,2025-02-01
HONDA,CIVIC SR,2018,1200.0,AUTOMATIC,PETROL,77000.0,USED,125.0,2024-12-05
HONDA,CIVIC SR VTEC CVT,2017,1000.0,AUTOMATIC,PETROL,88000.0,USED,140.0,2024-12-31
HONDA,CIVIC TECH PACK UK,2018,1000.0,AUTOMATIC,PETROL,77000.0,USED,139.0,2025-01-28
HONDA,CIVIC TECHPACK,2019,1000.0,AUTOMATIC,PETROL,66000.0,USED,165.0,2025-02-05
HONDA,CRV,2007,2400.0,AUTOMATIC,PETROL,221000.0,USED,72.7,2026-09-13
HONDA,CRV,2013,2000.0,AUTOMATIC,PETROL,130000.0,USED,92.5,2026-09-24
HONDA,CRV,2013,2000.0,AUTOMATIC,PETROL,127000.0,USED,110.0,2026-09-26
HONDA,CRV,2016,2000.0,AUTOMATIC,PETROL,172000.0,USED,111.9,2026-09-24
HONDA,CRV,2018,1500.0,AUTOMATIC,PETROL,160000.0,USED,148.0,2026-09-26
HONDA,CRV,2018,1500.0,AUTOMATIC,PETROL,180000.0,USED,152.0,2026-09-22
HONDA,CRV,2018,1500.0,AUTOMATIC,PETROL,140000.0,USED,154.0,2026-09-26
HONDA,CRV,2018,2000.0,AUTOMATIC,PETROL,82250.0,USED,155.0,2026-09-25
HONDA,CRV,2019,1500.0,AUTOMATIC,PETROL,125000.0,USED,155.0,2026-09-27
HONDA,CRV,2019,1500.0,AUTOMATIC,PETROL,99300.0,USED,152.75,2026-09-25
HONDA,CRV,2019,1500.0,AUTOMATIC,PETROL,70000.0,USED,149.75,2026-09-26
HONDA,CRV,2019,1500.0,AUTOMATIC,PETROL,62000.0,USED,175.0,2026-09-26
HONDA,CRV,2019,1500.0,AUTOMATIC,PETROL,67000.0,USED,149.75,2026-09-26
HONDA,CRV,2025,1500.0,AUTOMATIC,PETROL,150.0,NEW,295.0,2026-09-25
HONDA,CRV,2025,1500.0,AUTOMATIC,PETROL,0.0,NEW,282.0,2026-09-23
HONDA,CRZ,2013,1500.0,AUTOMATIC,PETROL,132000.0,USED,64.9,2025-01-31
HONDA,CRZ,2013,1600.0,MANUAL,HYBRID,132000.0,USED,66.0,2025-01-29
HONDA,DEA-GJ1,2007,1500.0,AUTOMATIC,PETROL,198000.0,USED,69.85,2025-01-21
HONDA,DELSOL,1992,1500.0,MANUAL,PETROL,363000.0,USED,47.5,2025-02-01
HONDA,ES1,2002,1500.0,AUTOMATIC,PETROL,253000.0,USED,53.0,2025-01-09
HONDA,FD1,2007,1800.0,AUTOMATIC,PETROL,198000.0,USED,68.0,2025-01-31
HONDA,FD3,2008,1300.0,AUTOMATIC,HYBRID,187000.0,USED,70.0,2025-01-21
HONDA,FIT,2007,1300.0,AUTOMATIC,PETROL,198000.0,USED,54.75,2025-01-22
HONDA,FIT,2011,1330.0,AUTOMATIC,PETROL,154000.0,USED,59.0,2024-12-08
HONDA,FIT,2012,1300.0,AUTOMATIC,PETROL,143000.0,USED,62.5,2025-01-17
HONDA,FIT,2012,1330.0,AUTOMATIC,HYBRID,143000.0,USED,64.75,2025-01-24
HONDA,FIT,2012,1422.0,AUTOMATIC,HYBRID,143000.0,USED,63.9,2025-01-24
HONDA,FIT,2012,1330.0,AUTOMATIC,PETROL,143000.0,USED,69.75,2024-12-19
HONDA,FIT,2013,1500.0,AUTOMATIC,HYBRID,132000.0,USED,87.75,2025-01-13
HONDA,FIT,2013,1500.0,AUTOMATIC,HYBRID,132000.0,USED,77.0,2025-01-09
HONDA,FIT,2013,1500.0,AUTOMATIC,HYBRID,132000.0,USED,78.5,2024-12-25
HONDA,FIT,2013,1500.0,AUTOMATIC,HYBRID,131000.0,USED,75.5,2026-09-26
HONDA,FIT,2013,1300.0,AUTOMATIC,HYBRID,210000.0,USED,64.3,2026-09-26
HONDA,FIT,2013,1500.0,AUTOMATIC,HYBRID,65000.0,USED,79.9,2026-09-25
HONDA,FIT,2013,1500.0,AUTOMATIC,HYBRID,134000.0,USED,75.9,2026-09-25
HONDA,FIT,2013,1330.0,AUTOMATIC,HYBRID,137637.0,USED,67.75,2026-09-12
HONDA,FIT,2013,1300.0,AUTOMATIC,HYBRID,105000.0,USED,67.75,2026-09-25
HONDA,FIT,2014,1500.0,AUTOMATIC,HYBRID,121000.0,USED,80.3,2025-02-04
HONDA,FIT,2014,1500.0,AUTOMATIC,PETROL,121000.0,USED,81.0,2025-01-16
HONDA,FIT,2014,1490.0,AUTOMATIC,HYBRID,121000.0,USED,75.0,2025-01-15
HONDA,FIT,2014,1339.0,AUTOMATIC,PETROL,121000.0,USED,79.0,2025-01-11
HONDA,FIT,2014,1500.0,AUTOMATIC,PETROL,121000.0,USED,79.0,2024-12-26
HONDA,FIT,2014,1490.0,AUTOMATIC,HYBRID,121000.0,USED,87.5,2024-12-05
HONDA,FIT,2014,1500.0,AUTOMATIC,HYBRID,82000.0,USED,82.0,2026-09-26
HONDA,FIT,2014,1500.0,AUTOMATIC,PETROL,83000.0,USED,83.0,2026-09-24
HONDA,FIT,2014,1490.0,AUTOMATIC,HYBRID,174000.0,USED,76.5,2026-09-27
HONDA,FIT,2014,1500.0,AUTOMATIC,HYBRID,88000.0,USED,80.0,2026-09-26
HONDA,FIT,2014,1500.0,AUTOMATIC,HYBRID,118000.0,USED,79.9,2026-09-23
HONDA,FIT,2014,1490.0,AUTOMATIC,PETROL,150000.0,USED,82.0,2026-09-26
HONDA,FIT,2014,1500.0,AUTOMATIC,HYBRID,88000.0,USED,86.75,2026-09-26
HONDA,FIT,2015,1490.0,AUTOMATIC,HYBRID,165000.0,USED,112.0,2026-09-24
HONDA,FIT,2015,1500.0,AUTOMATIC,HYBRID,133000.0,USED,79.5,2026-09-24
HONDA,FIT,2015,1500.0,AUTOMATIC,HYBRID,130000.0,USED,88.9,2026-09-25
HONDA,FIT,2018,1500.0,AUTOMATIC,HYBRID,79100.0,USED,89.9,2026-09-26
HONDA,FIT ARIA,2004,1330.0,AUTOMATIC,PETROL,231000.0,USED,45.9,2024-12-17
HONDA,FIT ARIA,2004,1330.0,AUTOMATIC,PETROL,231000.0,USED,45.9,2024-12-04
HONDA,FIT ARIA,2005,1500.0,AUTOMATIC,PETROL,220000.0,USED,38.625,2025-02-05
HONDA,FIT ARIA,2005,1500.0,AUTOMATIC,PETROL,220000.0,USED,38.625,2024-12-13
HONDA,FIT ARIA,2006,1490.0,AUTOMATIC,PETROL,209000.0,USED,47.8,2025-01-23
HONDA,FIT ARIA,2007,1490.0,AUTOMATIC,PETROL,198000.0,USED,50.0,2025-02-04
HONDA,FIT ARIA,2007,1500.0,AUTOMATIC,PETROL,198000.0,USED,49.25,2025-01-30
HONDA,FIT ARIA,2007,1500.0,AUTOMATIC,PETROL,198000.0,USED,48.5,2025-01-20
HONDA,FIT ARIA,2007,1470.0,AUTOMATIC,PETROL,198000.0,USED,49.25,2024-12-27
HONDA,FIT ARIA,2007,1500.0,MANUAL,PETROL,198000.0,USED,49.25,2024-12-15
HONDA,FIT ARIA,2008,1500.0,AUTOMATIC,PETROL,187000.0,USED,45.0,2025-01-27
HONDA,FIT ARIA,2008,1500.0,AUTOMATIC,PETROL,187000.0,USED,45.0,2025-01-24
HONDA,FIT ARIA,2008,1500.0,AUTOMATIC,PETROL,187000.0,USED,49.5,2024-12-08
HONDA,FIT ARIA GD 9,2008,1500.0,AUTOMATIC,PETROL,187000.0,USED,52.0,2025-01-06
HONDA,FIT ARIA GD8,2003,1500.0,AUTOMATIC,PETROL,242000.0,USED,38.95,2025-02-05
HONDA,FIT GD1,2003,1300.0,AUTOMATIC,PETROL,242000.0,USED,44.0,2025-01-29
HONDA,FIT GD1,2003,1300.0,AUTOMATIC,PETROL,242000.0,USED,46.9,2025-01-18
HONDA,FIT GD1,2003,1300.0,AUTOMATIC,PETROL,242000.0,USED,44.5,2025-01-20
HONDA,FIT GD1,2005,1300.0,AUTOMATIC,PETROL,220000.0,USED,43.5,2025-02-03
HONDA,FIT GD1,2007,1330.0,AUTOMATIC,PETROL,198000.0,USED,48.0,2025-01-26
HONDA,FIT GD1,2007,1300.0,AUTOMATIC,PETROL,198000.0,USED,45.5,2024-12-22
HONDA,FIT GD1,2008,1300.0,AUTOMATIC,PETROL,187000.0,USED,47.9,2025-01-28
HONDA,FIT GE 6,2009,1300.0,AUTOMATIC,PETROL,176000.0,USED,58.0,2025-01-27
HONDA,FIT GE6,2007,1300.0,AUTOMATIC,PETROL,198000.0,USED,54.5,2025-01-31
HONDA,FIT GE6,2007,1330.0,AUTOMATIC,PETROL,198000.0,USED,54.5,2024-12-13
HONDA,FIT GE6,2008,1300.0,AUTOMATIC,PETROL,187000.0,USED,54.75,2025-02-05
HONDA,FIT GE6,2008,1300.0,AUTOMATIC,PETROL,187000.0,USED,54.75,2025-01-28
HONDA,FIT GE6,2008,1330.0,AUTOMATIC,PETROL,187000.0,USED,54.75,2024-12-23
HONDA,FIT GE6,2010,1330.0,AUTOMATIC,PETROL,165000.0,USED,55.03125,2025-01-25
HONDA,FIT GP1,2010,1330.0,AUTOMATIC,HYBRID,165000.0,USED,62.75,2025-02-05
HONDA,FIT GP1,2010,1300.0,AUTOMATIC,PETROL,165000.0,USED,65.5,2025-01-11
HONDA,FIT GP1,2010,1300.0,AUTOMATIC,PETROL,165000.0,USED,66.0,2025-01-10
HONDA,FIT GP1,2010,1330.0,AUTOMATIC,HYBRID,165000.0,USED,64.0,2025-01-08
HONDA,FIT GP1,2010,1400.0,AUTOMATIC,HYBRID,165000.0,USED,65.0,2025-01-04
HONDA,FIT GP1,2010,1500.0,AUTOMATIC,PETROL,165000.0,USED,65.0,2024-12-20
HONDA,FIT GP1,2010,1330.0,AUTOMATIC,HYBRID,165000.0,USED,64.7,2024-12-11
HONDA,FIT GP1,2011,1300.0,AUTOMATIC,HYBRID,154000.0,USED,64.9,2025-02-05
HONDA,FIT GP1,2011,1300.0,AUTOMATIC,PETROL,154000.0,USED,62.5,2025-02-05
HONDA,FIT GP1,2011,1390.0,AUTOMATIC,PETROL,154000.0,USED,57.06875000000001,2025-02-05
HONDA,FIT GP1,2011,1390.0,AUTOMATIC,PETROL,154000.0,USED,61.63125,2025-02-03
HONDA,FIT GP1,2011,1300.0,AUTOMATIC,HYBRID,154000.0,USED,66.5,2025-01-31
HONDA,FIT GP1,2011,1328.0,AUTOMATIC,HYBRID,154000.0,USED,61.63125,2025-01-30
HONDA,FIT GP1,2011,1330.0,AUTOMATIC,PETROL,154000.0,USED,60.85,2025-01-17
HONDA,FIT GP1,2011,1330.0,AUTOMATIC,PETROL,154000.0,USED,64.5,2025-01-05
HONDA,FIT GP1,2011,1300.0,AUTOMATIC,HYBRID,154000.0,USED,66.75,2025-01-25
HONDA,FIT GP1,2011,1330.0,AUTOMATIC,HYBRID,154000.0,USED,65.0,2025-01-21
HONDA,FIT GP1,2011,1300.0,AUTOMATIC,HYBRID,154000.0,USED,63.9,2025-01-05
HONDA,FIT GP1,2011,1328.0,AUTOMATIC,HYBRID,154000.0,USED,61.63125,2025-01-03
HONDA,FIT GP1,2011,1300.0,AUTOMATIC,HYBRID,154000.0,USED,65.5,2025-01-01
HONDA,FIT GP1,2011,1300.0,AUTOMATIC,HYBRID,154000.0,USED,61.75,2024-12-25
HONDA,FIT GP1,2011,1360.0,AUTOMATIC,PETROL,154000.0,USED,64.5,2024-12-23
HONDA,FIT GP1,2011,1330.0,AUTOMATIC,HYBRID,154000.0,USED,63.0,2024-12-21
HONDA,FIT GP1,2011,1300.0,AUTOMATIC,HYBRID,154000.0,USED,69.3,2024-12-09
HONDA,FIT GP1,2011,1300.0,AUTOMATIC,HYBRID,154000.0,USED,66.5,2024-12-05
HONDA,FIT GP1,2011,1300.0,AUTOMATIC,PETROL,154000.0,USED,61.9,2024-12-04
HONDA,FIT GP1,2012,1300.0,AUTOMATIC,PETROL,143000.0,USED,65.5,2025-02-05
HONDA,FIT GP1,2012,1330.0,AUTOMATIC,HYBRID,143000.0,USED,66.02903225806452,2025-02-05
HONDA,FIT GP1,2012,1300.0,AUTOMATIC,HYBRID,143000.0,USED,69.5,2025-02-05
HONDA,FIT GP1,2012,1330.0,AUTOMATIC,HYBRID,143000.0,USED,63.5,2025-02-05
HONDA,FIT GP1,2012,1300.0,AUTOMATIC,PETROL,143000.0,USED,67.0,2025-02-05
HONDA,FIT GP1,2012,1300.0,AUTOMATIC,HYBRID,143000.0,USED,64.5,2025-02-04
HONDA,FIT GP1,2012,1300.0,AUTOMATIC,HYBRID,143000.0,USED,69.0,2025-02-03
HONDA,FIT GP1,2012,1300.0,AUTOMATIC,PETROL,143000.0,USED,68.0,2025-02-03
HONDA,FIT GP1,2012,1350.0,AUTOMATIC,HYBRID,143000.0,USED,66.02903225806452,2025-02-02
HONDA,FIT GP1,2012,1330.0,AUTOMATIC,HYBRID,143000.0,USED,65.9,2025-02-02
HONDA,FIT GP1,2012,1300.0,AUTOMATIC,HYBRID,143000.0,USED,64.5,2025-02-02
HONDA,FIT GP1,2012,1300.0,AUTOMATIC,PETROL,143000.0,USED,69.65,2025-02-02
HONDA,FIT GP1,2012,1300.0,AUTOMATIC,PETROL,143000.0,USED,64.25,2025-02-02
HONDA,FIT GP1,2012,1330.0,AUTOMATIC,HYBRID,143000.0,USED,70.0,2025-02-01
HONDA,FIT GP1,2012,1300.0,AUTOMATIC,HYBRID,143000.0,USED,63.75,2025-02-01
HONDA,FIT GP1,2012,1330.0,AUTOMATIC,HYBRID,143000.0,USED,67.0,2025-02-01
HONDA,FIT GP1,2012,1330.0,AUTOMATIC,HYBRID,143000.0,USED,63.75,2025-01-31
HONDA,FIT GP1,2012,1330.0,AUTOMATIC,PETROL,143000.0,USED,62.0,2025-01-31
HONDA,FIT GP1,2012,1330.0,AUTOMATIC,HYBRID,143000.0,USED,66.02903225806452,2025-01-31
HONDA,FIT GP1,2012,1300.0,AUTOMATIC,HYBRID,143000.0,USED,66.02903225806452,2025-01-31
HONDA,FIT GP1,2012,1330.0,AUTOMATIC,PETROL,143000.0,USED,63.75,2025-01-29
HONDA,FIT GP1,2012,1000.0,AUTOMATIC,PETROL,143000.0,USED,66.02903225806452,2025-01-18
HONDA,FIT GP1,2012,1500.0,AUTOMATIC,HYBRID,143000.0,USED,64.5,2025-01-17
HONDA,FIT GP1,2012,1300.0,AUTOMATIC,HYBRID,143000.0,USED,68.0,2025-01-17
HONDA,FIT GP1,2012,1328.0,AUTOMATIC,HYBRID,143000.0,USED,65.5,2025-01-17
HONDA,FIT GP1,2012,1300.0,AUTOMATIC,HYBRID,143000.0,USED,67.0,2025-01-14
HONDA,FIT GP1,2012,1490.0,AUTOMATIC,HYBRID,143000.0,USED,66.02903225806452,2025-01-12
HONDA,FIT GP1,2012,1330.0,AUTOMATIC,PETROL,143000.0,USED,63.5,2025-01-11
HONDA,FIT GP1,2012,1300.0,AUTOMATIC,HYBRID,143000.0,USED,64.0,2025-01-09
HONDA,FIT GP1,2012,1330.0,AUTOMATIC,HYBRID,143000.0,USED,60.75,2025-01-26
HONDA,FIT GP1,2012,1300.0,AUTOMATIC,HYBRID,143000.0,USED,70.0,2025-01-23
HONDA,FIT GP1,2012,1300.0,AUTOMATIC,HYBRID,143000.0,USED,64.75,2025-01-22
HONDA,FIT GP1,2012,1328.0,AUTOMATIC,HYBRID,143000.0,USED,65.9,2025-01-20
HONDA,FIT GP1,2012,1300.0,AUTOMATIC,HYBRID,143000.0,USED,67.7,2024-12-20
HONDA,FIT GP1,2012,1330.0,AUTOMATIC,HYBRID,143000.0,USED,67.5,2024-12-20
HONDA,FIT GP1,2012,1300.0,AUTOMATIC,PETROL,143000.0,USED,66.75,2024-12-16
HONDA,FIT GP1,2012,1299.0,AUTOMATIC,PETROL,143000.0,USED,69.5,2024-12-04
HONDA,FIT GP1,2013,1300.0,AUTOMATIC,HYBRID,132000.0,USED,72.0,2025-02-04
HONDA,FIT GP1,2013,1300.0,AUTOMATIC,PETROL,132000.0,USED,67.5,2025-02-03
HONDA,FIT GP1,2013,1330.0,AUTOMATIC,HYBRID,132000.0,USED,69.5,2025-02-02
HONDA,FIT GP1,2013,1500.0,AUTOMATIC,HYBRID,132000.0,USED,69.81111111111112,2025-02-01
HONDA,FIT GP1,2013,1500.0,AUTOMATIC,HYBRID,132000.0,USED,69.81111111111112,2025-01-31
HONDA,FIT GP1,2013,1300.0,AUTOMATIC,PETROL,132000.0,USED,68.5,2025-01-29
HONDA,FIT GP1,2013,1300.0,AUTOMATIC,PETROL,132000.0,USED,68.5,2025-01-18
HONDA,FIT GP1,2013,1330.0,AUTOMATIC,HYBRID,132000.0,USED,69.81111111111112,2025-01-11
HONDA,FIT GP1,2013,1300.0,AUTOMATIC,HYBRID,132000.0,USED,72.5,2025-01-07
HONDA,FIT GP1,2013,1300.0,AUTOMATIC,HYBRID,132000.0,USED,69.81111111111112,2025-01-28
HONDA,FIT GP1,2013,1300.0,AUTOMATIC,HYBRID,132000.0,USED,69.81111111111112,2025-01-19
HONDA,FIT GP1,2013,1500.0,AUTOMATIC,HYBRID,132000.0,USED,68.5,2025-01-02
HONDA,FIT GP1,2013,1300.0,AUTOMATIC,HYBRID,132000.0,USED,68.8,2024-12-30
HONDA,FIT GP1,2013,1330.0,AUTOMATIC,HYBRID,132000.0,USED,69.81111111111112,2024-12-28
HONDA,FIT GP1,2013,1300.0,AUTOMATIC,HYBRID,132000.0,USED,69.81111111111112,2024-12-24
HONDA,FIT GP1,2013,1300.0,AUTOMATIC,PETROL,132000.0,USED,72.5,2024-12-20
HONDA,FIT GP1,2013,1330.0,AUTOMATIC,HYBRID,132000.0,USED,69.81111111111112,2024-12-15
HONDA,FIT GP1,2013,1300.0,AUTOMATIC,PETROL,132000.0,USED,69.81111111111112,2024-12-09
HONDA,FIT GP1,2014,1328.0,AUTOMATIC,PETROL,121000.0,USED,73.0,2025-01-10
HONDA,FIT GP1,2014,1400.0,AUTOMATIC,HYBRID,121000.0,USED,73.0,2024-12-19
HONDA,FIT GP1,2014,1390.0,AUTOMATIC,PETROL,121000.0,USED,73.0,2024-12-19
HONDA,FIT GP1 10TH ANNIVERSARY,2011,1330.0,AUTOMATIC,HYBRID,154000.0,USED,66.5,2024-12-09
HONDA,FIT GP1 10TH ANNIVERSARY,2012,1400.0,AUTOMATIC,HYBRID,143000.0,USED,68.5,2025-02-01
HONDA,FIT GP1 10TH ANNIVERSARY,2012,1300.0,AUTOMATIC,HYBRID,143000.0,USED,68.5,2025-01-18
HONDA,FIT GP1 NAVI PREMIUM,2010,1330.0,AUTOMATIC,HYBRID,165000.0,USED,63.75,2025-02-03
HONDA,FIT GP1 NAVI PREMIUM,2012,1300.0,AUTOMATIC,HYBRID,143000.0,USED,65.95,2025-02-05
HONDA,FIT GP1 NAVI PREMIUM,2012,1300.0,AUTOMATIC,HYBRID,143000.0,USED,65.75,2025-02-02
HONDA,FIT GP1 NAVI PREMIUM,2012,1300.0,AUTOMATIC,HYBRID,143000.0,USED,71.25,2025-01-04
HONDA,FIT GP1 NAVI PREMIUM,2012,1330.0,AUTOMATIC,HYBRID,143000.0,USED,67.5,2024-12-22
HONDA,FIT GP1 NAVI PREMIUM,2013,1300.0,AUTOMATIC,HYBRID,132000.0,USED,73.0,2025-01-04
HONDA,FIT GP1 NAVI PREMIUM,2013,1390.0,AUTOMATIC,HYBRID,132000.0,USED,73.0,2024-12-19
HONDA,FIT GP1 NAVI PREMIUM,2013,1330.0,AUTOMATIC,HYBRID,132000.0,USED,73.0,2024-12-09
HONDA,FIT GP1 NAVI PREMIUM,2013,1300.0,AUTOMATIC,PETROL,132000.0,USED,73.0,2024-12-09
HONDA,FIT GP1 PREMIUM,2013,1330.0,AUTOMATIC,HYBRID,132000.0,USED,72.0,2025-02-01
HONDA,FIT GP1 PREMIUM,2013,1330.0,AUTOMATIC,HYBRID,132000.0,USED,69.0,2025-01-17
HONDA,FIT GP1 SHES GOLD BATCH,2012,1330.0,AUTOMATIC,HYBRID,143000.0,USED,65.5,2025-01-06
HONDA,FIT GP4,2012,1500.0,AUTOMATIC,HYBRID,143000.0,USED,72.5,2025-01-04
HONDA,FIT GP4,2012,1500.0,AUTOMATIC,PETROL,143000.0,USED,78.0,2024-12-15
HONDA,FIT GP4,2012,1500.0,AUTOMATIC,HYBRID,143000.0,USED,78.5,2024-12-09
HONDA,FIT GP4 RS,2012,1500.0,AUTOMATIC,HYBRID,143000.0,USED,78.0,2025-02-03
HONDA,FIT GP4 RS,2012,1500.0,AUTOMATIC,HYBRID,143000.0,USED,77.5,2025-01-06
HONDA,FIT GP4 RS,2012,1500.0,AUTOMATIC,PETROL,143000.0,USED,78.5,2025-01-25
HONDA,FIT GP4 RS,2013,1500.0,AUTOMATIC,HYBRID,132000.0,USED,77.5,2025-01-30
HONDA,FIT GP4 RS,2013,1500.0,AUTOMATIC,HYBRID,132000.0,USED,78.25,2025-01-17
HONDA,FIT GP4 RS,2013,1500.0,AUTOMATIC,PETROL,132000.0,USED,78.75,2025-01-06
HONDA,FIT GP4 RS,2013,1500.0,AUTOMATIC,PETROL,132000.0,USED,78.5,2025-01-22
HONDA,FIT GP4 RS MUGAN,2015,1500.0,AUTOMATIC,HYBRID,110000.0,USED,78.5,2025-02-03
HONDA,FIT GP5,2013,1500.0,AUTOMATIC,HYBRID,132000.0,USED,73.5,2025-02-05
HONDA,FIT GP5,2013,1490.0,AUTOMATIC,HYBRID,132000.0,USED,77.125,2025-02-05
HONDA,FIT GP5,2013,1490.0,AUTOMATIC,PETROL,132000.0,USED,77.125,2025-02-03
HONDA,FIT GP5,2013,1500.0,AUTOMATIC,HYBRID,132000.0,USED,77.125,2025-02-01
HONDA,FIT GP5,2013,1500.0,AUTOMATIC,HYBRID,132000.0,USED,77.5,2025-01-30
HONDA,FIT GP5,2013,1500.0,AUTOMATIC,HYBRID,132000.0,USED,75.5,2025-01-29
HONDA,FIT GP5,2013,1500.0,AUTOMATIC,HYBRID,132000.0,USED,75.5,2025-01-11
HONDA,FIT GP5,2013,1500.0,AUTOMATIC,HYBRID,132000.0,USED,75.0,2025-01-05
HONDA,FIT GP5,2013,1500.0,AUTOMATIC,HYBRID,132000.0,USED,78.5,2025-01-28
HONDA,FIT GP5,2013,1500.0,AUTOMATIC,PETROL,132000.0,USED,77.125,2025-01-27
HONDA,FIT GP5,2013,1490.0,AUTOMATIC,HYBRID,132000.0,USED,78.5,2025-01-23
HONDA,FIT GP5,2013,1300.0,AUTOMATIC,PETROL,132000.0,USED,77.125,2025-01-23
HONDA,FIT GP5,2013,1500.0,AUTOMATIC,HYBRID,132000.0,USED,83.5,2025-01-04
HONDA,FIT GP5,2013,1490.0,AUTOMATIC,HYBRID,132000.0,USED,79.0,2024-12-28
HONDA,FIT GP5,2013,1500.0,AUTOMATIC,PETROL,132000.0,USED,80.0,2024-12-24
HONDA,FIT GP5,2013,1500.0,AUTOMATIC,HYBRID,132000.0,USED,77.125,2024-12-22
HONDA,FIT GP5,2013,1500.0,AUTOMATIC,PETROL,132000.0,USED,71.0,2024-12-17
HONDA,FIT GP5,2013,1800.0,AUTOMATIC,HYBRID,132000.0,USED,78.0,2024-12-08
HONDA,FIT GP5,2014,1500.0,AUTOMATIC,PETROL,121000.0,USED,81.55384615384615,2025-02-05
HONDA,FIT GP5,2014,1500.0,AUTOMATIC,HYBRID,121000.0,USED,82.75,2025-02-05
HONDA,FIT GP5,2014,1500.0,AUTOMATIC,PETROL,121000.0,USED,75.95,2025-02-05
HONDA,FIT GP5,2014,1495.0,AUTOMATIC,HYBRID,121000.0,USED,79.5,2025-02-05
HONDA,FIT GP5,2014,1500.0,AUTOMATIC,HYBRID,121000.0,USED,81.55384615384615,2025-02-05
HONDA,FIT GP5,2014,1500.0,AUTOMATIC,HYBRID,121000.0,USED,80.9,2025-02-03
HONDA,FIT GP5,2014,1500.0,AUTOMATIC,PETROL,121000.0,USED,80.0,2025-02-03
HONDA,FIT GP5,2014,1490.0,AUTOMATIC,HYBRID,121000.0,USED,73.0,2025-02-03
HONDA,FIT GP5,2014,1490.0,AUTOMATIC,HYBRID,121000.0,USED,77.3,2025-02-03
HONDA,FIT GP5,2014,1500.0,AUTOMATIC,HYBRID,121000.0,USED,81.0,2025-01-30
HONDA,FIT GP5,2014,1490.0,AUTOMATIC,HYBRID,121000.0,USED,82.5,2025-01-18
HONDA,FIT GP5,2014,1490.0,AUTOMATIC,HYBRID,121000.0,USED,77.0,2025-01-12
HONDA,FIT GP5,2014,1500.0,AUTOMATIC,HYBRID,121000.0,USED,78.0,2025-01-10
HONDA,FIT GP5,2014,1490.0,AUTOMATIC,PETROL,121000.0,USED,83.0,2025-01-05
HONDA,FIT GP5,2014,1500.0,AUTOMATIC,PETROL,121000.0,USED,82.5,2025-01-05
HONDA,FIT GP5,2014,1500.0,AUTOMATIC,HYBRID,121000.0,USED,86.0,2025-01-28
HONDA,FIT GP5,2014,1500.0,AUTOMATIC,PETROL,121000.0,USED,78.0,2025-01-26
HONDA,FIT GP5,2014,1500.0,AUTOMATIC,HYBRID,121000.0,USED,79.75,2025-01-25
HONDA,FIT GP5,2014,1360.0,AUTOMATIC,PETROL,121000.0,USED,81.55384615384615,2025-01-24
HONDA,FIT GP5,2014,1500.0,AUTOMATIC,HYBRID,121000.0,USED,85.0,2025-01-23
HONDA,FIT GP5,2014,1495.0,AUTOMATIC,PETROL,121000.0,USED,90.0,2025-01-23
HONDA,FIT GP5,2014,1500.0,AUTOMATIC,PETROL,121000.0,USED,81.5,2025-01-22
HONDA,FIT GP5,2014,1500.0,AUTOMATIC,HYBRID,121000.0,USED,83.0,2025-01-22
HONDA,FIT GP5,2014,1500.0,AUTOMATIC,HYBRID,121000.0,USED,82.5,2025-01-22
HONDA,FIT GP5,2014,1500.0,AUTOMATIC,HYBRID,121000.0,USED,75.5,2025-01-21
HONDA,FIT GP5,2014,1500.0,AUTOMATIC,HYBRID,121000.0,USED,84.5,2025-01-19
HONDA,FIT GP5,2014,1500.0,AUTOMATIC,HYBRID,121000.0,USED,82.0,2025-01-19
HONDA,FIT GP5,2014,1490.0,AUTOMATIC,HYBRID,121000.0,USED,74.0,2025-01-19
HONDA,FIT GP5,2014,1500.0,AUTOMATIC,HYBRID,121000.0,USED,89.7,2025-01-02
HONDA,FIT GP5,2014,1495.0,AUTOMATIC,PETROL,121000.0,USED,80.5,2025-01-02
HONDA,FIT GP5,2014,1500.0,AUTOMATIC,HYBRID,121000.0,USED,82.0,2025-01-01
HONDA,FIT GP5,2014,1499.0,AUTOMATIC,HYBRID,121000.0,USED,81.55384615384615,2024-12-27
HONDA,FIT GP5,2014,1500.0,AUTOMATIC,PETROL,121000.0,USED,81.55384615384615,2024-12-24
HONDA,FIT GP5,2014,1500.0,AUTOMATIC,PETROL,121000.0,USED,87.5,2024-12-23
HONDA,FIT GP5,2014,1495.0,AUTOMATIC,HYBRID,121000.0,USED,81.55384615384615,2024-12-19
HONDA,FIT GP5,2014,1490.0,AUTOMATIC,PETROL,121000.0,USED,80.0,2024-12-19
HONDA,FIT GP5,2014,1500.0,AUTOMATIC,PETROL,121000.0,USED,79.5,2024-12-18
HONDA,FIT GP5,2014,1500.0,AUTOMATIC,PETROL,121000.0,USED,84.5,2024-12-18
HONDA,FIT GP5,2014,1496.0,AUTOMATIC,PETROL,121000.0,USED,80.0,2024-12-18
HONDA,FIT GP5,2014,1500.0,AUTOMATIC,HYBRID,121000.0,USED,82.5,2024-12-17
HONDA,FIT GP5,2014,1500.0,AUTOMATIC,PETROL,121000.0,USED,81.55384615384615,2024-12-17
HONDA,FIT GP5,2014,1500.0,AUTOMATIC,PETROL,121000.0,USED,83.25,2024-12-12
HONDA,FIT GP5,2014,1500.0,AUTOMATIC,HYBRID,121000.0,USED,83.5,2024-12-12
HONDA,FIT GP5,2014,1500.0,AUTOMATIC,PETROL,121000.0,USED,86.5,2024-12-11
HONDA,FIT GP5,2014,1600.0,AUTOMATIC,PETROL,121000.0,USED,83.5,2024-12-08
HONDA,FIT GP5,2014,1500.0,AUTOMATIC,HYBRID,121000.0,USED,82.5,2024-12-05
HONDA,FIT GP5,2015,1500.0,AUTOMATIC,HYBRID,110000.0,USED,88.9,2025-02-05
HONDA,FIT GP5,2015,1500.0,AUTOMATIC,HYBRID,110000.0,USED,87.32142857142857,2025-02-05
HONDA,FIT GP5,2015,1490.0,AUTOMATIC,PETROL,110000.0,USED,80.9,2025-02-05
HONDA,FIT GP5,2015,1500.0,AUTOMATIC,HYBRID,110000.0,USED,90.9,2025-02-01
HONDA,FIT GP5,2015,1500.0,AUTOMATIC,PETROL,110000.0,USED,87.32142857142857,2025-02-01
HONDA,FIT GP5,2015,1500.0,AUTOMATIC,HYBRID,110000.0,USED,87.5,2025-01-31
HONDA,FIT GP5,2015,1450.0,AUTOMATIC,HYBRID,110000.0,USED,80.0,2025-01-17
HONDA,FIT GP5,2015,1500.0,AUTOMATIC,HYBRID,110000.0,USED,80.9,2025-01-11
HONDA,FIT GP5,2015,1500.0,AUTOMATIC,HYBRID,110000.0,USED,91.0,2025-01-07
HONDA,FIT GP5,2015,1500.0,AUTOMATIC,HYBRID,110000.0,USED,94.4375,2025-01-06
HONDA,FIT GP5,2015,1500.0,AUTOMATIC,PETROL,110000.0,USED,83.0,2025-01-26
HONDA,FIT GP5,2015,1500.0,AUTOMATIC,HYBRID,110000.0,USED,85.75,2025-01-24
HONDA,FIT GP5,2015,1500.0,AUTOMATIC,HYBRID,110000.0,USED,94.4375,2025-01-20
HONDA,FIT GP5,2015,1490.0,AUTOMATIC,PETROL,110000.0,USED,82.0,2025-01-03
HONDA,FIT GP5,2015,1500.0,AUTOMATIC,HYBRID,110000.0,USED,94.4375,2025-01-02
HONDA,FIT GP5,2015,1495.0,AUTOMATIC,HYBRID,110000.0,USED,87.0,2024-12-28
HONDA,FIT GP5,2016,1500.0,AUTOMATIC,HYBRID,99000.0,USED,92.0,2025-02-05
HONDA,FIT GP5,2016,1500.0,AUTOMATIC,HYBRID,99000.0,USED,92.0,2024-12-26
HONDA,FIT GP5,2016,1500.0,AUTOMATIC,PETROL,99000.0,USED,92.0,2024-12-24
HONDA,FIT GP5,2017,1500.0,AUTOMATIC,HYBRID,88000.0,USED,92.0,2025-02-01
HONDA,FIT GP5,2017,1500.0,AUTOMATIC,HYBRID,88000.0,USED,92.0,2025-01-27
HONDA,FIT GP5,2018,1490.0,AUTOMATIC,PETROL,77000.0,USED,68.9375,2025-01-25
HONDA,FIT GP5,2020,1500.0,AUTOMATIC,HYBRID,55000.0,USED,80.0,2025-01-16
HONDA,FIT GP5,2020,1300.0,AUTOMATIC,PETROL,55000.0,USED,94.4375,2024-12-23
HONDA,FIT GP5,2024,1490.0,AUTOMATIC,HYBRID,11000.0,USED,81.0,2024-12-17
HONDA,FIT GP5 F GRADE,2015,1500.0,AUTOMATIC,HYBRID,110000.0,USED,87.0,2025-01-30
HONDA,FIT GP5 G GRADE,2015,1500.0,AUTOMATIC,HYBRID,110000.0,USED,89.75,2024-12-28
HONDA,FIT GP5 L,2013,1300.0,AUTOMATIC,HYBRID,132000.0,USED,77.9,2025-01-30
HONDA,FIT GP5 L GRADE,2013,1500.0,AUTOMATIC,HYBRID,132000.0,USED,78.34,2025-02-03
HONDA,FIT GP5 L GRADE,2013,1500.0,AUTOMATIC,HYBRID,132000.0,USED,76.5,2025-02-02
HONDA,FIT GP5 L GRADE,2013,1500.0,AUTOMATIC,HYBRID,132000.0,USED,74.9,2025-01-31
HONDA,FIT GP5 L GRADE,2013,1500.0,AUTOMATIC,PETROL,132000.0,USED,80.5,2025-01-14
HONDA,FIT GP5 L GRADE,2013,1490.0,AUTOMATIC,HYBRID,132000.0,USED,78.34,2025-01-09
HONDA,FIT GP5 L GRADE,2013,1490.0,AUTOMATIC,PETROL,132000.0,USED,78.34,2024-12-15
HONDA,FIT GP5 L GRADE,2013,1499.0,AUTOMATIC,HYBRID,132000.0,USED,79.8,2024-12-07
HONDA,FIT GP5 L GRADE,2013,1500.0,AUTOMATIC,HYBRID,132000.0,USED,80.0,2024-12-07
HONDA,FIT GP5 L GRADE,2013,1500.0,AUTOMATIC,HYBRID,132000.0,USED,78.34,2024-12-06
HONDA,FIT GP5 L GRADE,2014,1500.0,AUTOMATIC,HYBRID,121000.0,USED,82.0,2025-02-05
HONDA,FIT GP5 L GRADE,2014,1500.0,AUTOMATIC,HYBRID,121000.0,USED,76.5,2025-02-04
HONDA,FIT GP5 L GRADE,2014,1500.0,AUTOMATIC,PETROL,121000.0,USED,82.5,2025-02-01
HONDA,FIT GP5 L GRADE,2014,1490.0,AUTOMATIC,HYBRID,121000.0,USED,83.0,2025-01-30
HONDA,FIT GP5 L GRADE,2014,1500.0,AUTOMATIC,PETROL,121000.0,USED,80.95833333333333,2025-01-28
HONDA,FIT GP5 L GRADE,2014,1490.0,AUTOMATIC,HYBRID,121000.0,USED,80.95833333333333,2025-01-13
HONDA,FIT GP5 L GRADE,2014,1490.0,AUTOMATIC,PETROL,121000.0,USED,80.95833333333333,2025-01-05
HONDA,FIT GP5 L GRADE,2014,1500.0,AUTOMATIC,HYBRID,121000.0,USED,83.5,2025-01-20
HONDA,FIT GP5 L GRADE,2014,1490.0,AUTOMATIC,HYBRID,121000.0,USED,78.25,2025-01-19
HONDA,FIT GP5 L GRADE,2015,1500.0,AUTOMATIC,PETROL,110000.0,USED,79.5,2025-02-05
HONDA,FIT GP5 L GRADE,2015,1500.0,AUTOMATIC,HYBRID,110000.0,USED,80.71666666666667,2025-02-04
HONDA,FIT GP5 L GRADE,2015,1500.0,AUTOMATIC,HYBRID,110000.0,USED,77.9,2025-02-02
HONDA,FIT GP5 L GRADE,2015,1500.0,AUTOMATIC,HYBRID,110000.0,USED,80.71666666666667,2025-02-01
HONDA,FIT GP5 L GRADE,2015,1500.0,AUTOMATIC,HYBRID,110000.0,USED,84.75,2024-12-31
HONDA,FIT GP5 L GRADE SAFETY EDITION,2014,1500.0,AUTOMATIC,HYBRID,121000.0,USED,78.5,2025-01-31
HONDA,FIT GP5 L SENSING,2017,1500.0,AUTOMATIC,HYBRID,88000.0,USED,108.0,2025-01-30
HONDA,FIT GP5 S GRADE,2013,1500.0,AUTOMATIC,HYBRID,132000.0,USED,84.1875,2025-02-03
HONDA,FIT GP5 S GRADE,2013,1500.0,AUTOMATIC,HYBRID,132000.0,USED,84.75,2025-02-01
HONDA,FIT GP5 S GRADE,2013,1500.0,AUTOMATIC,HYBRID,132000.0,USED,83.0,2025-01-14
HONDA,FIT GP5 S GRADE,2013,1500.0,AUTOMATIC,HYBRID,132000.0,USED,87.0,2025-01-03
HONDA,FIT GP5 S GRADE,2013,1490.0,AUTOMATIC,PETROL,132000.0,USED,82.0,2024-12-19
HONDA,FIT GP5 S GRADE,2014,1500.0,AUTOMATIC,PETROL,121000.0,USED,80.46,2025-02-03
HONDA,FIT GP5 S GRADE,2014,1500.0,AUTOMATIC,HYBRID,121000.0,USED,83.39333333333333,2025-02-03
HONDA,FIT GP5 S GRADE,2014,1490.0,AUTOMATIC,HYBRID,121000.0,USED,86.5,2025-02-02
HONDA,FIT GP5 S GRADE,2014,1500.0,AUTOMATIC,HYBRID,121000.0,USED,79.75,2025-01-31
HONDA,FIT GP5 S GRADE,2014,1490.0,AUTOMATIC,PETROL,121000.0,USED,80.25,2025-01-30
HONDA,FIT GP5 S GRADE,2014,1500.0,AUTOMATIC,HYBRID,121000.0,USED,85.5,2025-01-28
HONDA,FIT GP5 S GRADE,2014,1500.0,AUTOMATIC,HYBRID,121000.0,USED,83.39333333333333,2024-12-19
HONDA,FIT GP5 S GRADE,2015,1500.0,AUTOMATIC,HYBRID,110000.0,USED,95.25,2025-02-03
HONDA,FIT GP5 S GRADE,2015,1500.0,AUTOMATIC,HYBRID,110000.0,USED,89.0,2025-02-03
HONDA,FIT GP5 S GRADE,2015,1500.0,AUTOMATIC,HYBRID,110000.0,USED,89.5,2025-01-28
HONDA,FIT GP5 S GRADE,2015,1500.0,AUTOMATIC,HYBRID,110000.0,USED,89.9,2025-01-26
HONDA,FIT GP5 S GRADE MUGEN,2013,1500.0,AUTOMATIC,HYBRID,132000.0,USED,86.0,2025-02-01
HONDA,FIT GP5 S GRADE MUGEN,2013,1500.0,AUTOMATIC,PETROL,132000.0,USED,86.5,2025-01-29
HONDA,FIT GP5 S GRADE SAFETY,2015,1500.0,AUTOMATIC,HYBRID,110000.0,USED,93.5,2025-02-05
HONDA,FIT GP5 S GRADE SAFETY,2015,1500.0,AUTOMATIC,HYBRID,110000.0,USED,93.5,2025-02-02
HONDA,FIT GP5 S GRADE SAFETY,2015,1500.0,AUTOMATIC,HYBRID,110000.0,USED,93.5,2025-01-22
HONDA,FIT GP5 S GRADE SAFETYPACK,2015,1500.0,AUTOMATIC,HYBRID,110000.0,USED,93.5,2025-02-03
HONDA,FIT GP5 S GREAT SAFETY,2015,1500.0,AUTOMATIC,HYBRID,110000.0,USED,92.5,2025-02-03
HONDA,FIT GP5 S SAFETY,2013,1500.0,AUTOMATIC,HYBRID,132000.0,USED,84.5,2025-01-26
HONDA,FIT GP5 S SAFETY,2015,1500.0,AUTOMATIC,HYBRID,110000.0,USED,90.9,2025-02-03
HONDA,FIT GP5 SAFETY,2014,1000.0,AUTOMATIC,PETROL,121000.0,USED,80.9,2025-02-01
HONDA,FIT GP5 SAFETY,2014,1500.0,AUTOMATIC,HYBRID,121000.0,USED,81.0,2025-01-27
HONDA,FIT GP5 SAFETY,2014,1500.0,AUTOMATIC,PETROL,121000.0,USED,83.9,2025-01-02
HONDA,FIT GP5 SAFETY,2015,1500.0,AUTOMATIC,HYBRID,110000.0,USED,87.5,2025-02-03
HONDA,FIT GP5 SENSING,2018,1500.0,AUTOMATIC,HYBRID,77000.0,USED,120.0,2025-02-05
HONDA,FIT GP5S GRADE,2014,1500.0,AUTOMATIC,PETROL,121000.0,USED,80.39,2025-01-24
HONDA,FIT GPS,2013,1500.0,AUTOMATIC,HYBRID,132000.0,USED,77.75,2025-01-21
HONDA,FIT S GRADE,2016,1500.0,AUTOMATIC,PETROL,99000.0,USED,104.99,2024-12-20
HONDA,FIT SHUTTLE,2011,1330.0,AUTOMATIC,PETROL,154000.0,USED,77.95922619047619,2025-01-29
HONDA,FIT SHUTTLE,2011,1300.0,AUTOMATIC,HYBRID,154000.0,USED,77.95922619047619,2024-12-28
HONDA,FIT SHUTTLE,2012,1399.0,AUTOMATIC,HYBRID,143000.0,USED,84.98333333333333,2025-01-30
HONDA,FIT SHUTTLE,2012,1350.0,AUTOMATIC,HYBRID,143000.0,USED,84.98333333333333,2025-01-24
HONDA,FIT SHUTTLE,2012,1330.0,AUTOMATIC,HYBRID,143000.0,USED,85.0,2024-12-19
HONDA,FIT SHUTTLE,2012,1300.0,AUTOMATIC,HYBRID,143000.0,USED,84.95,2024-12-19
HONDA,FIT SHUTTLE,2012,1300.0,AUTOMATIC,HYBRID,143000.0,USED,85.0,2024-12-14
HONDA,FIT SHUTTLE,2012,1330.0,AUTOMATIC,HYBRID,143000.0,USED,84.98333333333333,2024-12-07
HONDA,FIT SHUTTLE,2012,1300.0,AUTOMATIC,HYBRID,180000.0,USED,81.5,2026-09-25
HONDA,FIT SHUTTLE,2013,1330.0,AUTOMATIC,HYBRID,132000.0,USED,89.41428571428571,2025-02-05
HONDA,FIT SHUTTLE,2013,1330.0,AUTOMATIC,HYBRID,132000.0,USED,86.5,2025-02-05
HONDA,FIT SHUTTLE,2013,1500.0,AUTOMATIC,PETROL,132000.0,USED,89.41428571428571,2025-02-02
HONDA,FIT SHUTTLE,2013,1330.0,AUTOMATIC,HYBRID,132000.0,USED,92.9,2025-02-01
HONDA,FIT SHUTTLE,2013,1300.0,AUTOMATIC,PETROL,132000.0,USED,82.5,2025-02-01
HONDA,FIT SHUTTLE,2013,1330.0,AUTOMATIC,HYBRID,132000.0,USED,96.69017857142856,2025-01-16
HONDA,FIT SHUTTLE,2013,1300.0,AUTOMATIC,HYBRID,132000.0,USED,87.0,2025-01-16
HONDA,FIT SHUTTLE,2013,1300.0,AUTOMATIC,PETROL,132000.0,USED,89.41428571428571,2024-12-24
HONDA,FIT SHUTTLE,2013,1300.0,AUTOMATIC,HYBRID,132000.0,USED,88.5,2024-12-12
HONDA,FIT SHUTTLE,2013,1500.0,AUTOMATIC,HYBRID,132000.0,USED,89.41428571428571,2024-12-08
HONDA,FIT SHUTTLE,2013,1300.0,AUTOMATIC,HYBRID,132000.0,USED,89.75,2024-12-06
HONDA,FIT SHUTTLE,2014,1300.0,AUTOMATIC,PETROL,121000.0,USED,96.25,2025-02-05
HONDA,FIT SHUTTLE,2014,1300.0,AUTOMATIC,HYBRID,121000.0,USED,96.0,2025-01-26
HONDA,FIT SHUTTLE,2014,1500.0,AUTOMATIC,PETROL,121000.0,USED,96.69017857142856,2025-01-24
HONDA,FIT SHUTTLE,2014,1330.0,AUTOMATIC,PETROL,225000.0,USED,92.0,2026-09-24
HONDA,FIT SHUTTLE,2016,1330.0,AUTOMATIC,HYBRID,135000.0,USED,81.75,2026-09-27
HONDA,FIT SHUTTLE GP2,2012,1366.0,AUTOMATIC,HYBRID,143000.0,USED,85.0,2025-02-04
HONDA,FIT SHUTTLE GP2,2013,1500.0,AUTOMATIC,HYBRID,132000.0,USED,89.5,2025-02-01
HONDA,FIT SHUTTLE GP2,2013,1366.0,AUTOMATIC,PETROL,132000.0,USED,91.0,2025-01-30
HONDA,FIT SHUTTLE GP7,2015,1490.0,AUTOMATIC,HYBRID,110000.0,USED,120.0,2025-01-17
HONDA,FIT SHUTTLE GP7,2016,1500.0,AUTOMATIC,PETROL,99000.0,USED,130.0,2025-01-25
HONDA,FIT SHUTTLE GP7,2016,1500.0,AUTOMATIC,HYBRID,99000.0,USED,122.0,2025-01-25
HONDA,FIT SHUTTLE GP7,2016,1500.0,AUTOMATIC,HYBRID,99000.0,USED,114.0,2024-12-17
HONDA,FIT SHUTTLE GP7,2017,1550.0,AUTOMATIC,HYBRID,88000.0,USED,137.25,2025-02-05
HONDA,FREED,2012,1490.0,AUTOMATIC,PETROL,143000.0,USED,82.5,2025-01-14
HONDA,FREED,2012,1500.0,AUTOMATIC,PETROL,143000.0,USED,86.83333333333334,2025-01-09
HONDA,FREED,2012,1500.0,AUTOMATIC,HYBRID,143000.0,USED,93.0,2025-01-05
HONDA,FREED,2012,1500.0,AUTOMATIC,HYBRID,143000.0,USED,85.0,2025-01-02
HONDA,FREED,2013,1500.0,AUTOMATIC,PETROL,132000.0,USED,92.0,2025-01-29
HONDA,FREED,2013,1500.0,AUTOMATIC,HYBRID,132000.0,USED,92.75,2025-01-02
HONDA,FREED,2013,1500.0,AUTOMATIC,HYBRID,380000.0,USED,89.0,2026-09-24
HONDA,FREED,2025,1500.0,AUTOMATIC,HYBRID,0.0,NEW,183.0,2026-09-25
HONDA,GRACE,2014,1496.0,AUTOMATIC,PETROL,121000.0,USED,99.0,2025-01-30
HONDA,GRACE,2014,1500.0,AUTOMATIC,PETROL,121000.0,USED,96.85,2025-01-28
HONDA,GRACE,2014,1500.0,AUTOMATIC,PETROL,121000.0,USED,103.75,2025-01-25
HONDA,GRACE,2014,1500.0,AUTOMATIC,HYBRID,121000.0,USED,105.0,2025-01-22
HONDA,GRACE,2014,1500.0,AUTOMATIC,HYBRID,121000.0,USED,102.0,2024-12-31
HONDA,GRACE,2014,1500.0,AUTOMATIC,PETROL,121000.0,USED,96.9,2024-12-24
HONDA,GRACE,2014,1500.0,AUTOMATIC,HYBRID,121000.0,USED,95.5,2024-12-23
HONDA,GRACE,2014,1500.0,AUTOMATIC,PETROL,121000.0,USED,98.5,2024-12-20
HONDA,GRACE,2014,1500.0,AUTOMATIC,HYBRID,113000.0,USED,92.5,2026-09-26
HONDA,GRACE,2015,1490.0,AUTOMATIC,PETROL,110000.0,USED,75.74999999999997,2025-02-05
HONDA,GRACE,2015,1500.0,AUTOMATIC,HYBRID,110000.0,USED,89.31818181818181,2025-02-04
HONDA,GRACE,2015,1500.0,AUTOMATIC,HYBRID,110000.0,USED,98.5,2025-02-04
HONDA,GRACE,2015,1493.0,AUTOMATIC,PETROL,110000.0,USED,107.0,2025-02-01
HONDA,GRACE,2015,1500.0,AUTOMATIC,HYBRID,110000.0,USED,114.0,2025-02-01
HONDA,GRACE,2015,1493.0,AUTOMATIC,HYBRID,110000.0,USED,75.74999999999997,2025-01-30
HONDA,GRACE,2015,1500.0,AUTOMATIC,PETROL,110000.0,USED,97.25,2025-01-12
HONDA,GRACE,2015,1490.0,AUTOMATIC,HYBRID,110000.0,USED,107.5,2025-01-12
HONDA,GRACE,2015,1500.0,AUTOMATIC,HYBRID,110000.0,USED,96.75,2025-01-07
HONDA,GRACE,2015,1500.0,AUTOMATIC,HYBRID,110000.0,USED,89.31818181818181,2025-01-23
HONDA,GRACE,2015,1500.0,AUTOMATIC,PETROL,110000.0,USED,95.5,2025-01-04
HONDA,GRACE,2015,1500.0,AUTOMATIC,PETROL,110000.0,USED,110.0,2024-12-29
HONDA,GRACE,2015,1500.0,AUTOMATIC,HYBRID,110000.0,USED,96.5,2024-12-18
HONDA,GRACE,2015,1500.0,AUTOMATIC,HYBRID,115000.0,USED,92.5,2026-09-25
HONDA,GRACE,2015,1500.0,AUTOMATIC,HYBRID,152000.0,USED,94.0,2026-09-23
HONDA,GRACE,2015,1500.0,AUTOMATIC,HYBRID,130000.0,USED,88.75,2026-09-26
HONDA,GRACE,2015,1500.0,AUTOMATIC,HYBRID,152700.0,USED,96.5,2026-09-25
HONDA,GRACE,2016,1500.0,AUTOMATIC,HYBRID,99000.0,USED,112.0,2025-01-17
HONDA,GRACE,2016,1500.0,AUTOMATIC,HYBRID,99000.0,USED,108.0,2025-01-16
HONDA,GRACE,2016,1500.0,AUTOMATIC,HYBRID,99000.0,USED,110.5,2025-01-12
HONDA,GRACE,2016,1500.0,AUTOMATIC,PETROL,99000.0,USED,105.5,2025-01-12
HONDA,GRACE,2016,1500.0,AUTOMATIC,PETROL,99000.0,USED,115.0,2025-01-07
HONDA,GRACE,2016,1500.0,AUTOMATIC,HYBRID,99000.0,USED,75.74999999999997,2025-01-06
HONDA,GRACE,2016,1500.0,AUTOMATIC,PETROL,99000.0,USED,108.0,2025-01-28
HONDA,GRACE,2016,1500.0,AUTOMATIC,HYBRID,99000.0,USED,114.5,2025-01-25
HONDA,GRACE,2016,1500.0,AUTOMATIC,PETROL,99000.0,USED,115.0,2025-01-23
HONDA,GRACE,2016,1300.0,AUTOMATIC,PETROL,99000.0,USED,102.14,2024-12-13
HONDA,GRACE,2016,1500.0,AUTOMATIC,HYBRID,99000.0,USED,110.0,2024-12-07
HONDA,GRACE,2017,1500.0,AUTOMATIC,PETROL,88000.0,USED,115.0,2025-01-27
HONDA,GRACE,2017,1500.0,AUTOMATIC,HYBRID,88000.0,USED,115.0,2025-01-22
HONDA,GRACE,2017,1500.0,AUTOMATIC,HYBRID,88000.0,USED,115.0,2025-01-04
HONDA,GRACE,2017,1500.0,AUTOMATIC,HYBRID,91200.0,USED,99.75,2026-09-26
HONDA,GRACE,2018,1500.0,AUTOMATIC,HYBRID,77000.0,USED,127.25,2025-01-31
HONDA,GRACE EX,2014,1500.0,AUTOMATIC,HYBRID,121000.0,USED,96.5,2025-02-05
HONDA,GRACE EX,2014,1500.0,AUTOMATIC,HYBRID,121000.0,USED,107.5,2025-02-03
HONDA,GRACE EX,2014,1500.0,AUTOMATIC,HYBRID,121000.0,USED,91.5,2025-01-16
HONDA,GRACE EX,2014,1500.0,AUTOMATIC,HYBRID,121000.0,USED,97.75,2025-01-27
HONDA,GRACE EX,2014,1490.0,AUTOMATIC,HYBRID,121000.0,USED,96.5,2025-01-25
HONDA,GRACE EX,2014,1893.0,AUTOMATIC,PETROL,121000.0,USED,98.5,2025-01-21
HONDA,GRACE EX,2014,1500.0,AUTOMATIC,HYBRID,121000.0,USED,96.75,2025-01-04
HONDA,GRACE EX,2014,1490.0,AUTOMATIC,PETROL,121000.0,USED,95.5,2024-12-11
HONDA,GRACE EX,2015,1500.0,AUTOMATIC,PETROL,110000.0,USED,104.29166666666666,2025-02-05
HONDA,GRACE EX,2015,1490.0,AUTOMATIC,HYBRID,110000.0,USED,104.29166666666666,2025-01-31
HONDA,GRACE EX,2015,1500.0,AUTOMATIC,HYBRID,110000.0,USED,102.5,2025-01-17
HONDA,GRACE EX,2015,1490.0,AUTOMATIC,HYBRID,110000.0,USED,95.75,2025-01-23
HONDA,GRACE EX,2015,1450.0,AUTOMATIC,HYBRID,110000.0,USED,108.0,2025-01-23
HONDA,GRACE EX,2015,1500.0,AUTOMATIC,HYBRID,110000.0,USED,114.0,2025-01-20
HONDA,GRACE EX,2015,1500.0,AUTOMATIC,HYBRID,110000.0,USED,103.0,2024-12-28
HONDA,GRACE EX,2015,1500.0,AUTOMATIC,HYBRID,110000.0,USED,102.5,2024-12-07
HONDA,GRACE EX,2015,1500.0,AUTOMATIC,HYBRID,110000.0,USED,104.29166666666666,2024-12-04
HONDA,GRACE EX,2016,1500.0,AUTOMATIC,HYBRID,99000.0,USED,106.5,2025-02-04
HONDA,GRACE EX,2016,1500.0,AUTOMATIC,HYBRID,99000.0,USED,105.0,2025-02-03
HONDA,GRACE EX,2016,1500.0,AUTOMATIC,HYBRID,99000.0,USED,115.0,2025-02-03
HONDA,GRACE EX,2016,1500.0,AUTOMATIC,PETROL,99000.0,USED,109.0,2025-02-03
HONDA,GRACE EX,2016,1500.0,AUTOMATIC,HYBRID,99000.0,USED,115.0,2025-02-02
HONDA,GRACE EX,2016,1490.0,AUTOMATIC,HYBRID,99000.0,USED,103.9,2025-01-31
HONDA,GRACE EX,2016,1500.0,AUTOMATIC,HYBRID,99000.0,USED,114.5,2025-01-29
HONDA,GRACE EX,2016,1500.0,AUTOMATIC,HYBRID,99000.0,USED,75.82500000000002,2025-01-28
HONDA,GRACE EX,2016,1500.0,AUTOMATIC,HYBRID,99000.0,USED,110.85,2025-01-25
HONDA,GRACE EX,2016,1500.0,AUTOMATIC,HYBRID,99000.0,USED,115.5,2025-01-24
HONDA,GRACE EX,2016,1490.0,AUTOMATIC,PETROL,99000.0,USED,101.9318181818182,2025-01-21
HONDA,GRACE EX,2016,1500.0,AUTOMATIC,HYBRID,99000.0,USED,94.0,2024-12-19
HONDA,GRACE EX,2017,1500.0,AUTOMATIC,HYBRID,88000.0,USED,115.5,2025-02-04
HONDA,GRACE EX,2017,1500.0,AUTOMATIC,HYBRID,88000.0,USED,75.82500000000002,2025-02-01
HONDA,GRACE EX,2017,1500.0,AUTOMATIC,PETROL,88000.0,USED,121.0,2025-01-12
HONDA,GRACE EX,2017,1500.0,AUTOMATIC,HYBRID,88000.0,USED,95.6875,2025-01-26
HONDA,GRACE EX,2017,1500.0,AUTOMATIC,HYBRID,88000.0,USED,117.5,2025-01-19
HONDA,GRACE EX GRADE,2014,1500.0,AUTOMATIC,HYBRID,121000.0,USED,110.45,2025-01-08
HONDA,GRACE EX GRADE,2015,1500.0,AUTOMATIC,HYBRID,110000.0,USED,111.25,2025-01-28
HONDA,GRACE EX GRADE,2015,1500.0,AUTOMATIC,HYBRID,110000.0,USED,110.95,2025-01-28
HONDA,GRACE EX GRADE,2015,1500.0,AUTOMATIC,HYBRID,110000.0,USED,110.75,2025-01-23
HONDA,GRACE EX LIMITED,2016,1500.0,AUTOMATIC,HYBRID,99000.0,USED,28.75,2025-02-04
HONDA,GRACE EX LIMITED,2016,1500.0,AUTOMATIC,HYBRID,99000.0,USED,98.95,2025-01-31
HONDA,GRACE EX SAFETY,2015,1490.0,AUTOMATIC,HYBRID,110000.0,USED,98.75,2024-12-31
HONDA,GRACE EX SENSING,2018,1500.0,AUTOMATIC,HYBRID,77000.0,USED,136.5,2025-02-04
HONDA,GRACE EX SENSING,2018,1500.0,AUTOMATIC,HYBRID,77000.0,USED,126.0,2025-02-03
HONDA,GRACE EX SENSING,2018,1500.0,AUTOMATIC,HYBRID,77000.0,USED,131.25,2025-01-19
HONDA,GRACE LX,2016,1500.0,AUTOMATIC,HYBRID,99000.0,USED,112.0,2025-02-02
HONDA,GRACE RS,2018,1500.0,AUTOMATIC,PETROL,77000.0,USED,138.0,2025-01-19
HONDA,GRAND CIVIC,1990,1500.0,AUTOMATIC,PETROL,385000.0,USED,16.5,2025-01-01
HONDA,GRAND CIVIC,1990,1500.0,MANUAL,PETROL,385000.0,USED,13.25,2024-12-09
HONDA,GRAND CIVIC EF2,1991,1500.0,MANUAL,PETROL,374000.0,USED,16.75,2025-01-31
HONDA,HONDA,1988,1488.0,MANUAL,PETROL,407000.0,USED,5.0,2025-02-02
HONDA,HONDA,2010,1500.0,AUTOMATIC,PETROL,165000.0,USED,69.0,2025-02-03
HONDA,INSIGHT,2009,1300.0,AUTOMATIC,HYBRID,176000.0,USED,69.5,2025-02-05
HONDA,INSIGHT,2009,1350.0,AUTOMATIC,HYBRID,176000.0,USED,81.0,2025-02-02
HONDA,INSIGHT,2009,1300.0,AUTOMATIC,HYBRID,176000.0,USED,76.0,2025-02-02
HONDA,INSIGHT,2009,2003.0,AUTOMATIC,HYBRID,176000.0,USED,69.9,2025-02-01
HONDA,INSIGHT,2009,1330.0,AUTOMATIC,HYBRID,176000.0,USED,70.03181818181818,2025-02-01
HONDA,INSIGHT,2009,2003.0,MANUAL,PETROL,176000.0,USED,64.0,2025-01-02
HONDA,INSIGHT,2009,1300.0,AUTOMATIC,PETROL,176000.0,USED,69.5,2025-01-02
HONDA,INSIGHT,2009,1300.0,AUTOMATIC,PETROL,176000.0,USED,66.5,2025-01-02
HONDA,INSIGHT,2009,1339.0,AUTOMATIC,HYBRID,176000.0,USED,70.03181818181818,2025-01-01
HONDA,INSIGHT,2009,1300.0,AUTOMATIC,HYBRID,176000.0,USED,69.5,2024-12-31
HONDA,INSIGHT,2009,1300.0,AUTOMATIC,HYBRID,176000.0,USED,69.95,2024-12-28
HONDA,INSIGHT,2009,1300.0,AUTOMATIC,HYBRID,176000.0,USED,65.0,2024-12-19
HONDA,INSIGHT,2009,1300.0,AUTOMATIC,HYBRID,176000.0,USED,69.5,2024-12-04
HONDA,INSIGHT,2010,1330.0,AUTOMATIC,PETROL,165000.0,USED,69.85,2025-02-05
HONDA,INSIGHT,2010,1330.0,AUTOMATIC,PETROL,165000.0,USED,68.925,2025-02-04
HONDA,INSIGHT,2010,1300.0,AUTOMATIC,PETROL,165000.0,USED,68.925,2025-02-02
HONDA,INSIGHT,2010,1300.0,AUTOMATIC,PETROL,165000.0,USED,68.0,2025-01-13
HONDA,INSIGHT,2011,1300.0,AUTOMATIC,PETROL,154000.0,USED,73.25,2025-02-05
HONDA,INSIGHT,2011,1330.0,AUTOMATIC,HYBRID,154000.0,USED,72.25,2025-02-04
HONDA,INSIGHT,2011,1300.0,AUTOMATIC,HYBRID,154000.0,USED,74.215,2025-02-03
HONDA,INSIGHT,2011,1300.0,AUTOMATIC,HYBRID,154000.0,USED,74.9,2025-02-02
HONDA,INSIGHT,2011,1300.0,AUTOMATIC,HYBRID,154000.0,USED,79.5,2025-02-02
HONDA,INSIGHT,2011,1300.0,AUTOMATIC,PETROL,154000.0,USED,74.215,2025-02-02
HONDA,INSIGHT,2011,1350.0,AUTOMATIC,HYBRID,154000.0,USED,72.5,2025-02-02
HONDA,INSIGHT,2011,1300.0,AUTOMATIC,PETROL,154000.0,USED,72.5,2025-01-31
HONDA,INSIGHT,2011,1300.0,AUTOMATIC,HYBRID,154000.0,USED,69.75,2025-01-30
HONDA,INSIGHT,2011,1300.0,AUTOMATIC,HYBRID,154000.0,USED,80.0,2025-01-13
HONDA,INSIGHT,2011,1300.0,AUTOMATIC,PETROL,154000.0,USED,74.0,2025-01-25
HONDA,INSIGHT,2011,1300.0,AUTOMATIC,HYBRID,154000.0,USED,73.5,2024-12-28
HONDA,INSIGHT,2012,1350.0,AUTOMATIC,HYBRID,143000.0,USED,79.75,2025-02-04
HONDA,INSIGHT,2012,1350.0,AUTOMATIC,HYBRID,143000.0,USED,79.75,2025-02-01
HONDA,INSIGHT,2012,1500.0,AUTOMATIC,HYBRID,143000.0,USED,89.31250000000003,2025-01-27
HONDA,INSIGHT,2012,1330.0,AUTOMATIC,HYBRID,143000.0,NEW,76.9,2024-12-12
HONDA,INSIGHT,2012,1300.0,AUTOMATIC,PETROL,143000.0,USED,81.5,2024-12-10
HONDA,INSIGHT,2013,1200.0,AUTOMATIC,HYBRID,132000.0,NEW,79.0,2025-02-05
HONDA,INSIGHT,2013,1330.0,AUTOMATIC,HYBRID,132000.0,USED,79.0,2025-01-01
HONDA,INSIGHT,2018,1500.0,AUTOMATIC,HYBRID,140000.0,USED,159.5,2026-09-23
HONDA,INSIGHT ZE 2,2011,1330.0,AUTOMATIC,HYBRID,154000.0,USED,69.9,2025-02-03
HONDA,INSIGHT ZE 3,2011,1500.0,AUTOMATIC,PETROL,154000.0,USED,8.75,2024-12-06
HONDA,INSIGHT ZE2,2009,1330.0,AUTOMATIC,PETROL,176000.0,USED,78.95,2025-02-05
HONDA,INSIGHT ZE2,2009,1300.0,AUTOMATIC,HYBRID,176000.0,USED,75.35,2025-02-03
HONDA,INSIGHT ZE2,2009,1333.0,AUTOMATIC,HYBRID,176000.0,USED,71.75,2024-12-09
HONDA,INSIGHT ZE2,2010,1330.0,AUTOMATIC,HYBRID,165000.0,USED,72.25,2025-01-29
HONDA,INSIGHT ZE2,2011,1300.0,AUTOMATIC,HYBRID,154000.0,USED,72.46666666666667,2025-02-03
HONDA,INSIGHT ZE2,2011,1300.0,AUTOMATIC,PETROL,154000.0,USED,73.9,2025-01-28
HONDA,INSIGHT ZE2,2011,1330.0,AUTOMATIC,PETROL,154000.0,USED,72.5,2025-01-28
HONDA,INSIGHT ZE2,2011,1300.0,AUTOMATIC,PETROL,154000.0,USED,71.0,2025-01-19
HONDA,INSIGHT ZE2,2012,1330.0,AUTOMATIC,PETROL,143000.0,USED,70.0,2025-01-18
HONDA,INSIGHT ZE3,2011,1500.0,AUTOMATIC,HYBRID,154000.0,USED,81.0,2025-01-05
HONDA,INSIGHT ZE3,2011,1500.0,AUTOMATIC,HYBRID,154000.0,USED,81.0,2024-12-21
HONDA,INSIGHT ZE3,2012,1500.0,AUTOMATIC,HYBRID,143000.0,USED,86.5,2024-12-19
HONDA,INSIGHT ZE3,2012,1500.0,AUTOMATIC,HYBRID,143000.0,USED,86.5,2024-12-12
HONDA,INTEGRA,1987,1500.0,MANUAL,PETROL,418000.0,USED,8.5,2025-01-05
HONDA,INTEGRA,1987,1500.0,MANUAL,PETROL,418000.0,USED,7.0,2024-12-23
HONDA,JADE,2015,1500.0,AUTOMATIC,HYBRID,110000.0,USED,125.0,2024-12-18
HONDA,JADE PREMIUM,2015,1500.0,AUTOMATIC,HYBRID,110000.0,USED,142.5,2025-01-30
HONDA,LOGO,1999,1300.0,AUTOMATIC,PETROL,286000.0,USED,26.5,2025-01-14
HONDA,N BOX,2015,650.0,AUTOMATIC,PETROL,110000.0,USED,59.9,2025-02-03
HONDA,N BOX,2015,660.0,AUTOMATIC,PETROL,110000.0,USED,65.0,2025-01-06
HONDA,N BOX,2015,650.0,AUTOMATIC,PETROL,110000.0,USED,58.0,2025-01-25
HONDA,N BOX,2015,650.0,AUTOMATIC,PETROL,110000.0,USED,60.96666666666667,2025-01-22
HONDA,N BOX,2016,660.0,AUTOMATIC,PETROL,99000.0,USED,62.5,2025-01-17
HONDA,N BOX,2017,650.0,AUTOMATIC,PETROL,88000.0,USED,76.0,2025-01-29
HONDA,N BOX,2017,650.0,AUTOMATIC,PETROL,88000.0,USED,72.75,2024-12-24
HONDA,N BOX,2017,650.0,AUTOMATIC,PETROL,88000.0,USED,69.5,2024-12-09
HONDA,N BOX,2018,650.0,AUTOMATIC,PETROL,77000.0,USED,75.0,2024-12-27
HONDA,N BOX,2018,650.0,AUTOMATIC,PETROL,77000.0,USED,42.51041666666666,2024-12-17
HONDA,N BOX CUSTOM,2016,660.0,AUTOMATIC,PETROL,99000.0,USED,60.0,2025-01-18
HONDA,N BOX CUSTOM,2016,650.0,AUTOMATIC,PETROL,99000.0,USED,64.5,2025-01-06
HONDA,N BOX CUSTOM,2016,660.0,AUTOMATIC,PETROL,99000.0,USED,64.5,2025-01-03
HONDA,N BOX CUSTOM,2016,650.0,AUTOMATIC,PETROL,99000.0,USED,64.5,2024-12-29
HONDA,N BOX CUSTOM,2016,660.0,AUTOMATIC,PETROL,99000.0,USED,64.5,2024-12-23
HONDA,N BOX CUSTOM,2016,660.0,AUTOMATIC,PETROL,99000.0,USED,69.0,2024-12-23
HONDA,N BOX CUSTOM,2017,660.0,AUTOMATIC,PETROL,88000.0,USED,75.0,2025-02-03
HONDA,N BOX CUSTOM,2017,660.0,AUTOMATIC,PETROL,88000.0,USED,73.0,2025-01-21
HONDA,N BOX CUSTOM TURBO,2016,660.0,AUTOMATIC,PETROL,99000.0,USED,69.5,2025-01-24
HONDA,N BOX CUSTOM TURBO,2018,660.0,AUTOMATIC,PETROL,77000.0,USED,72.5,2025-01-24
HONDA,N WGN,2015,660.0,AUTOMATIC,PETROL,108500.0,USED,60.75,2026-09-25
HONDA,N WGN,2016,660.0,AUTOMATIC,PETROL,99000.0,USED,66.5,2025-02-05
HONDA,N WGN,2016,660.0,AUTOMATIC,PETROL,99000.0,USED,65.13333333333333,2025-02-03
HONDA,N WGN,2016,660.0,AUTOMATIC,PETROL,99000.0,USED,66.0,2025-01-14
HONDA,N WGN,2016,690.0,AUTOMATIC,PETROL,99000.0,USED,62.9,2024-12-08
HONDA,N WGN,2017,660.0,AUTOMATIC,PETROL,88000.0,USED,68.95,2025-01-15
HONDA,N WGN,2017,650.0,AUTOMATIC,PETROL,88000.0,USED,73.02499999999999,2025-01-11
HONDA,N WGN,2017,650.0,AUTOMATIC,PETROL,88000.0,USED,64.8,2025-01-05
HONDA,N WGN,2017,650.0,AUTOMATIC,PETROL,88000.0,USED,68.0,2024-12-22
HONDA,N WGN,2017,650.0,AUTOMATIC,PETROL,88000.0,USED,68.0,2024-12-20
HONDA,N WGN,2018,650.0,AUTOMATIC,PETROL,77000.0,USED,64.5,2025-01-05
HONDA,N WGN,2018,650.0,AUTOMATIC,PETROL,77000.0,USED,64.5,2025-01-02
HONDA,N WGN,2022,650.0,AUTOMATIC,PETROL,46000.0,USED,71.5,2026-09-24
HONDA,N WGN,2023,650.0,AUTOMATIC,PETROL,50000.0,USED,72.9,2026-09-23
HONDA,N WGN,2024,650.0,AUTOMATIC,PETROL,50000.0,USED,68.5,2026-09-24
HONDA,N WGN,2024,660.0,AUTOMATIC,PETROL,50000.0,USED,69.5,2026-09-24
HONDA,N WGN,2024,660.0,AUTOMATIC,PETROL,61500.0,USED,73.0,2026-09-26
HONDA,N WGN CUSTOM,2018,660.0,AUTOMATIC,PETROL,77000.0,USED,66.75,2024-12-24
HONDA,N WGN CUSTOM,2018,650.0,AUTOMATIC,PETROL,77000.0,USED,65.0,2024-12-05
HONDA,N-BOX,2016,650.0,AUTOMATIC,PETROL,99000.0,USED,21.0,2025-02-01
HONDA,N-BOX,2024,650.0,AUTOMATIC,PETROL,6200.0,NEW,88.75,2026-09-26
HONDA,N-BOX,2024,650.0,AUTOMATIC,PETROL,60000.0,USED,76.5,2026-09-24
HONDA,N-BOX,2024,660.0,AUTOMATIC,PETROL,63900.0,USED,78.5,2026-09-24
HONDA,N-BOX,2024,650.0,AUTOMATIC,PETROL,59000.0,USED,76.5,2026-09-23
HONDA,N-VAN,2024,660.0,AUTOMATIC,PETROL,5700.0,USED,73.9,2026-09-26
HONDA,NBOX,2015,658.0,AUTOMATIC,PETROL,110000.0,USED,69.0,2025-02-01
HONDA,S660,2017,650.0,AUTOMATIC,PETROL,88000.0,USED,74.9,2025-01-31
HONDA,S660,2017,650.0,AUTOMATIC,PETROL,88000.0,USED,77.5,2025-01-03
HONDA,S660,2018,660.0,AUTOMATIC,PETROL,77000.0,USED,58.75,2025-02-04
HONDA,S660,2018,650.0,AUTOMATIC,PETROL,77000.0,USED,59.0,2025-02-01
HONDA,S660 ALPHA,2016,650.0,AUTOMATIC,PETROL,99000.0,USED,63.0,2025-01-29
HONDA,SHUTTLE GB7,2015,1500.0,AUTOMATIC,PETROL,110000.0,USED,124.0,2025-01-23
HONDA,SHUTTLE GP7,2015,1500.0,AUTOMATIC,HYBRID,110000.0,USED,112.0,2025-02-04
HONDA,SPIKE GP2,2012,1500.0,AUTOMATIC,HYBRID,143000.0,USED,82.5,2025-02-05
HONDA,STARLET 90 LIMITED,1996,1300.0,AUTOMATIC,DIESEL,319000.0,USED,30.25,2025-01-24
HONDA,VEZEL,2014,1500.0,AUTOMATIC,PETROL,156600.0,USED,96.0,2026-09-25
HONDA,VEZEL,2014,1500.0,AUTOMATIC,HYBRID,78000.0,USED,93.9,2026-09-25
HONDA,VEZEL,2014,1500.0,AUTOMATIC,HYBRID,149500.0,USED,91.0,2026-09-24
HONDA,VEZEL,2014,1490.0,AUTOMATIC,HYBRID,148000.0,USED,97.0,2026-09-24
HONDA,VEZEL,2014,1500.0,AUTOMATIC,HYBRID,151000.0,USED,89.0,2026-09-24
HONDA,VEZEL,2014,1500.0,AUTOMATIC,HYBRID,188000.0,USED,86.25,2026-09-23
HONDA,VEZEL,2014,1500.0,AUTOMATIC,HYBRID,180000.0,USED,90.75,2026-09-22
HONDA,VEZEL,2014,1500.0,AUTOMATIC,HYBRID,138000.0,USED,92.5,2026-09-26
HONDA,VEZEL,2014,1500.0,AUTOMATIC,HYBRID,126000.0,USED,90.0,2026-09-26
HONDA,VEZEL,2014,1500.0,AUTOMATIC,HYBRID,113000.0,USED,95.5,2026-09-25
HONDA,VEZEL,2015,1500.0,AUTOMATIC,HYBRID,185000.0,USED,94.9,2026-09-24
HONDA,VEZEL,2015,1500.0,AUTOMATIC,HYBRID,127500.0,USED,103.5,2026-09-26
HONDA,VEZEL,2016,1500.0,AUTOMATIC,HYBRID,33000.0,USED,115.0,2026-09-22
HONDA,VEZEL,2016,1500.0,AUTOMATIC,HYBRID,220000.0,USED,100.0,2026-09-26
HONDA,VEZEL,2016,1500.0,AUTOMATIC,HYBRID,106000.0,USED,117.0,2026-09-25
HONDA,VEZEL,2017,1500.0,AUTOMATIC,HYBRID,89000.0,USED,118.75,2026-09-26
HONDA,VEZEL,2017,1500.0,AUTOMATIC,HYBRID,89000.0,USED,116.75,2026-09-26
HONDA,VEZEL,2018,1500.0,AUTOMATIC,HYBRID,110000.0,USED,121.5,2026-09-25
HONDA,VEZEL,2020,1500.0,AUTOMATIC,HYBRID,48000.0,USED,127.75,2026-09-26
HONDA,VEZEL,2023,1500.0,AUTOMATIC,HYBRID,30500.0,USED,165.75,2026-09-26
HONDA,VEZEL,2023,1490.0,AUTOMATIC,HYBRID,30000.0,USED,169.0,2026-09-26
HONDA,VEZEL,2023,1490.0,AUTOMATIC,HYBRID,10000.0,USED,172.0,2026-09-26
HONDA,VEZEL,2023,1490.0,AUTOMATIC,HYBRID,11000.0,USED,172.5,2026-09-26
HONDA,VEZEL,2023,1500.0,AUTOMATIC,HYBRID,8200.0,USED,174.8,2026-09-27
HONDA,VEZEL,2023,1500.0,AUTOMATIC,HYBRID,26000.0,USED,179.5,2026-09-24
HONDA,VEZEL,2023,1490.0,AUTOMATIC,HYBRID,14250.0,USED,199.5,2026-09-24
HONDA,VEZEL,2023,1500.0,AUTOMATIC,HYBRID,5200.0,USED,188.5,2026-09-26
HONDA,VEZEL,2024,1490.0,AUTOMATIC,HYBRID,16000.0,USED,174.0,2026-09-26
HONDA,VEZEL,2024,1490.0,AUTOMATIC,HYBRID,13000.0,USED,183.0,2026-09-26
HONDA,VEZEL,2024,1490.0,AUTOMATIC,HYBRID,20000.0,USED,189.0,2026-09-26
HONDA,VEZEL,2024,1490.0,AUTOMATIC,HYBRID,35000.0,USED,182.0,2026-09-26
HONDA,VEZEL,2024,1490.0,AUTOMATIC,HYBRID,21000.0,USED,172.0,2026-09-26
HONDA,VEZEL,2024,1490.0,AUTOMATIC,HYBRID,16000.0,USED,189.0,2026-09-26
HONDA,VEZEL,2024,1490.0,AUTOMATIC,HYBRID,35000.0,USED,167.9,2026-09-26
HONDA,VEZEL,2024,1500.0,AUTOMATIC,HYBRID,10000.0,USED,181.5,2026-09-25
HONDA,VEZEL,2024,1490.0,AUTOMATIC,HYBRID,42130.0,USED,169.5,2026-09-24
HONDA,VEZEL,2024,1490.0,AUTOMATIC,HYBRID,35000.0,USED,179.5,2026-09-23
HONDA,VEZEL,2024,650.0,AUTOMATIC,HYBRID,15000.0,USED,193.5,2026-09-23
HONDA,VEZEL,2024,1490.0,AUTOMATIC,HYBRID,21000.0,USED,184.5,2026-09-23
HONDA,VEZEL,2024,1490.0,AUTOMATIC,HYBRID,16000.0,USED,184.5,2026-09-23
HONDA,VEZEL,2024,1500.0,AUTOMATIC,HYBRID,30000.0,USED,182.0,2026-09-23
HONDA,VEZEL,2024,1500.0,AUTOMATIC,PETROL,43000.0,USED,158.95,2026-09-23
HONDA,VEZEL,2024,1500.0,AUTOMATIC,HYBRID,32000.0,USED,168.75,2026-09-23
HONDA,VEZEL,2024,1500.0,AUTOMATIC,HYBRID,25000.0,USED,179.5,2026-09-26
HONDA,VEZEL,2024,1500.0,AUTOMATIC,HYBRID,3370.0,USED,187.5,2026-09-26
HONDA,VEZEL,2024,1490.0,AUTOMATIC,HYBRID,10000.0,NEW,177.5,2026-09-26
HONDA,VEZEL,2025,1500.0,AUTOMATIC,HYBRID,20.0,NEW,190.0,2026-09-26
HONDA,VEZEL,2025,1490.0,AUTOMATIC,HYBRID,0.0,NEW,200.0,2026-09-26
HONDA,VEZEL,2025,1500.0,AUTOMATIC,HYBRID,1.0,NEW,206.75,2026-09-26
HONDA,VEZEL,2025,1500.0,AUTOMATIC,HYBRID,50.0,NEW,175.5,2026-09-26
HONDA,VEZEL,2025,1500.0,AUTOMATIC,HYBRID,8000.0,USED,191.5,2026-09-26
HONDA,VEZEL,2025,1500.0,AUTOMATIC,HYBRID,10.0,NEW,201.9,2026-09-25
HONDA,VEZEL,2025,1500.0,AUTOMATIC,PETROL,2000.0,USED,188.0,2026-09-24
HONDA,VEZEL,2025,1500.0,AUTOMATIC,HYBRID,0.0,NEW,185.0,2026-09-24
HONDA,VEZEL,2025,1490.0,AUTOMATIC,HYBRID,0.0,NEW,199.5,2026-09-23
HONDA,VEZEL,2025,1496.0,AUTOMATIC,PETROL,3697.0,USED,181.4,2026-09-23
HONDA,VEZEL,2025,1500.0,AUTOMATIC,PETROL,0.0,NEW,203.0,2026-09-26
HONDA,VEZEL,2025,1500.0,AUTOMATIC,PETROL,0.0,NEW,182.0,2026-09-26
HONDA,VEZEL,2025,1490.0,AUTOMATIC,HYBRID,25000.0,USED,169.75,2026-09-26
HONDA,VEZEL,2025,1500.0,AUTOMATIC,HYBRID,0.0,NEW,199.9,2026-09-26
HONDA,VEZEL,2025,1500.0,AUTOMATIC,HYBRID,0.0,NEW,203.9,2026-09-26
HONDA,VEZEL,2025,1500.0,AUTOMATIC,HYBRID,23000.0,USED,181.0,2026-09-11
HONDA,VEZEL,2026,1500.0,AUTOMATIC,HYBRID,200.0,NEW,203.5,2026-09-27
HONDA,VEZEL,2026,1490.0,AUTOMATIC,HYBRID,5.0,NEW,204.75,2026-09-26
HONDA,VEZEL,2026,1490.0,AUTOMATIC,HYBRID,0.0,NEW,204.5,2026-09-26
HONDA,VEZEL,2026,1490.0,AUTOMATIC,HYBRID,0.0,NEW,180.0,2026-09-26
HONDA,VEZEL,2026,1490.0,AUTOMATIC,HYBRID,0.0,NEW,195.0,2026-09-26
HONDA,VEZEL,2026,1490.0,AUTOMATIC,HYBRID,0.0,NEW,187.5,2026-09-26
HONDA,VEZEL,2026,1500.0,AUTOMATIC,HYBRID,0.0,NEW,203.6,2026-09-26
HONDA,VEZEL,2026,1500.0,AUTOMATIC,HYBRID,0.0,NEW,191.75,2026-09-26
HONDA,VEZEL,2026,1500.0,AUTOMATIC,HYBRID,0.0,NEW,203.55,2026-09-26
HONDA,VEZEL,2026,1500.0,AUTOMATIC,HYBRID,0.0,NEW,203.5,2026-09-26
HONDA,VEZEL,2026,1500.0,AUTOMATIC,HYBRID,0.0,NEW,194.75,2026-09-26
HONDA,VEZEL,2026,1500.0,AUTOMATIC,HYBRID,0.0,NEW,192.0,2026-09-26
HONDA,VEZEL,2026,1500.0,AUTOMATIC,HYBRID,22.0,NEW,209.5,2026-09-25
HONDA,VEZEL,2026,1500.0,AUTOMATIC,HYBRID,20.0,NEW,193.75,2026-09-26
HONDA,VEZEL,2026,1500.0,AUTOMATIC,PETROL,0.0,NEW,185.0,2026-09-25
HONDA,VEZEL,2026,1500.0,AUTOMATIC,HYBRID,0.0,NEW,191.0,2026-09-25
HONDA,VEZEL,2026,1500.0,AUTOMATIC,HYBRID,10.0,NEW,208.0,2026-09-25
HONDA,VEZEL,2026,1500.0,AUTOMATIC,HYBRID,3.0,NEW,189.9,2026-09-25
HONDA,VEZEL,2026,1500.0,AUTOMATIC,HYBRID,10.0,NEW,189.9,2026-09-25
HONDA,VEZEL,2026,1500.0,AUTOMATIC,HYBRID,0.0,NEW,203.0,2026-09-25
HONDA,VEZEL,2026,1490.0,AUTOMATIC,HYBRID,0.0,NEW,190.0,2026-09-25
HONDA,VEZEL,2026,1500.0,AUTOMATIC,HYBRID,0.0,NEW,194.0,2026-09-25
HONDA,VEZEL,2026,1500.0,AUTOMATIC,HYBRID,200.0,NEW,189.0,2026-09-25
HONDA,VEZEL,2026,1496.0,AUTOMATIC,HYBRID,0.0,NEW,190.0,2026-09-25
HONDA,VEZEL,2026,1500.0,AUTOMATIC,HYBRID,0.0,NEW,197.9,2026-09-25
HONDA,VEZEL,2026,1500.0,AUTOMATIC,HYBRID,0.0,NEW,207.5,2026-09-08
HONDA,VEZEL,2026,1500.0,AUTOMATIC,HYBRID,0.0,NEW,189.45,2026-09-25
HONDA,VEZEL,2026,1500.0,AUTOMATIC,HYBRID,50.0,NEW,185.0,2026-09-19
HONDA,VEZEL,2026,1500.0,AUTOMATIC,HYBRID,0.0,NEW,182.5,2026-09-25
HONDA,VEZEL,2026,1500.0,AUTOMATIC,HYBRID,3.0,USED,193.5,2026-09-26
HONDA,VEZEL,2026,1500.0,AUTOMATIC,HYBRID,0.0,NEW,195.5,2026-09-25
HONDA,VEZEL,2026,1500.0,AUTOMATIC,HYBRID,0.0,NEW,206.5,2026-09-25
HONDA,VEZEL,2026,1500.0,AUTOMATIC,HYBRID,0.0,NEW,206.0,2026-09-25
HONDA,VEZEL,2026,1500.0,AUTOMATIC,HYBRID,25.0,NEW,189.5,2026-09-25
HONDA,VEZEL,2026,1490.0,AUTOMATIC,HYBRID,0.0,NEW,187.75,2026-09-24
HONDA,VEZEL,2026,1500.0,AUTOMATIC,PETROL,0.0,NEW,195.5,2026-09-24
HONDA,VEZEL,2026,1500.0,AUTOMATIC,HYBRID,20.0,NEW,196.5,2026-09-26
HONDA,VEZEL,2026,1500.0,AUTOMATIC,HYBRID,300.0,NEW,193.0,2026-09-24
HONDA,VEZEL,2026,1500.0,AUTOMATIC,HYBRID,250.0,NEW,193.0,2026-09-24
HONDA,VEZEL,2026,1500.0,AUTOMATIC,HYBRID,30.0,NEW,206.95,2026-09-24
HONDA,VEZEL,2026,1500.0,AUTOMATIC,HYBRID,30.0,NEW,189.95,2026-09-24
HONDA,VEZEL,2026,1500.0,AUTOMATIC,HYBRID,0.0,NEW,185.0,2026-09-24
HONDA,VEZEL,2026,1490.0,AUTOMATIC,HYBRID,12.0,NEW,202.9,2026-09-24
HONDA,VEZEL,2026,1490.0,AUTOMATIC,HYBRID,0.0,NEW,187.95,2026-09-24
HONDA,VEZEL,2026,1500.0,AUTOMATIC,HYBRID,0.0,NEW,196.0,2026-09-24
HONDA,VEZEL,2026,1500.0,AUTOMATIC,HYBRID,0.0,NEW,198.9,2026-09-24
HONDA,VEZEL,2026,1500.0,AUTOMATIC,HYBRID,0.0,NEW,204.5,2026-09-24
HONDA,VEZEL,2026,1500.0,AUTOMATIC,HYBRID,0.0,NEW,189.9,2026-09-20
HONDA,VEZEL,2026,1500.0,AUTOMATIC,HYBRID,0.0,NEW,196.25,2026-09-24
HONDA,VEZEL,2026,1500.0,AUTOMATIC,HYBRID,0.0,NEW,197.5,2026-09-24
HONDA,VEZEL,2026,1500.0,AUTOMATIC,HYBRID,0.0,NEW,183.75,2026-09-25
HONDA,VEZEL,2026,1500.0,AUTOMATIC,HYBRID,0.0,NEW,187.75,2026-09-23
HONDA,VEZEL,2026,1500.0,AUTOMATIC,HYBRID,0.0,NEW,184.9,2026-09-23
HONDA,VEZEL,2026,1490.0,AUTOMATIC,HYBRID,0.0,NEW,187.95,2026-09-23
HONDA,VEZEL,2026,1500.0,AUTOMATIC,HYBRID,5000.0,USED,182.75,2026-09-23
HONDA,VEZEL,2026,1500.0,AUTOMATIC,HYBRID,0.0,NEW,187.35,2026-09-23
HONDA,VEZEL,2026,1490.0,AUTOMATIC,HYBRID,0.0,NEW,194.5,2026-09-23
HONDA,VEZEL,2026,1490.0,AUTOMATIC,HYBRID,0.0,NEW,204.5,2026-09-23
HONDA,VEZEL,2026,1500.0,AUTOMATIC,HYBRID,0.0,NEW,193.0,2026-09-23
HONDA,VEZEL,2026,1500.0,AUTOMATIC,HYBRID,0.0,NEW,202.0,2026-09-23
HONDA,VEZEL,2026,1500.0,AUTOMATIC,HYBRID,0.0,NEW,200.0,2026-09-23
HONDA,VEZEL,2026,1500.0,AUTOMATIC,HYBRID,0.0,NEW,186.0,2026-09-23
HONDA,VEZEL,2026,1500.0,AUTOMATIC,HYBRID,0.0,NEW,178.0,2026-09-23
HONDA,VEZEL,2026,1500.0,AUTOMATIC,PETROL,0.0,NEW,207.9,2026-09-23
HONDA,VEZEL,2026,1500.0,AUTOMATIC,HYBRID,6.0,NEW,206.5,2026-09-23
HONDA,VEZEL,2026,1500.0,AUTOMATIC,HYBRID,0.0,NEW,188.0,2026-09-26
HONDA,VEZEL,2026,1500.0,AUTOMATIC,HYBRID,0.0,NEW,204.0,2026-09-26
HONDA,VEZEL,2026,1500.0,AUTOMATIC,HYBRID,0.0,NEW,189.9,2026-09-26
HONDA,VEZEL,2026,1500.0,AUTOMATIC,HYBRID,0.0,NEW,189.75,2026-09-26
HONDA,VEZEL,2026,1500.0,AUTOMATIC,HYBRID,0.0,NEW,189.5,2026-09-26
HONDA,VEZEL,2026,1500.0,AUTOMATIC,HYBRID,0.0,NEW,182.5,2026-09-26
HONDA,VEZEL,2026,1500.0,AUTOMATIC,HYBRID,0.0,NEW,193.5,2026-09-26
HONDA,VEZEL,2026,1490.0,AUTOMATIC,HYBRID,50.0,USED,174.9,2026-09-26
HONDA,VEZEL,2026,1500.0,AUTOMATIC,HYBRID,0.0,NEW,205.75,2026-09-26
HONDA,VEZEL,2026,1490.0,AUTOMATIC,HYBRID,50.0,USED,193.9,2026-09-26
HONDA,VEZEL,2026,1500.0,AUTOMATIC,HYBRID,0.0,NEW,210.0,2026-09-26
HONDA,VEZEL,2026,1490.0,AUTOMATIC,HYBRID,50.0,USED,183.9,2026-09-26
HONDA,VEZEL,2026,1500.0,AUTOMATIC,HYBRID,0.0,NEW,205.0,2026-09-26
HONDA,VEZEL,2026,1500.0,AUTOMATIC,HYBRID,0.0,NEW,202.0,2026-09-26
HONDA,VEZEL,2026,1500.0,AUTOMATIC,HYBRID,0.0,NEW,191.5,2026-09-26
HONDA,VEZEL,2026,1500.0,AUTOMATIC,HYBRID,0.0,NEW,179.75,2026-09-26
HONDA,VEZEL,2026,1500.0,AUTOMATIC,HYBRID,250.0,NEW,183.0,2026-09-26
HONDA,VEZEL,2026,1500.0,AUTOMATIC,HYBRID,0.0,NEW,188.9,2026-09-26
HONDA,VEZEL,2026,1500.0,AUTOMATIC,HYBRID,800.0,USED,172.5,2026-09-26
HONDA,VEZEL,2026,1500.0,AUTOMATIC,HYBRID,0.0,NEW,193.0,2026-09-26
HONDA,VEZEL,2026,1500.0,AUTOMATIC,HYBRID,0.0,NEW,201.75,2026-09-26
HONDA,VEZEL,2026,1500.0,AUTOMATIC,HYBRID,0.0,NEW,192.5,2026-09-26
HONDA,VEZEL,2026,1500.0,AUTOMATIC,HYBRID,100.0,NEW,203.0,2026-09-26
HONDA,VEZEL,2026,1490.0,AUTOMATIC,HYBRID,0.0,NEW,204.75,2026-09-26
HONDA,VEZEL,2026,1500.0,AUTOMATIC,HYBRID,0.0,NEW,185.9,2026-09-26
HONDA,VEZEL,2026,1500.0,AUTOMATIC,HYBRID,0.0,NEW,203.9,2026-09-26
HONDA,VEZEL,2026,1500.0,AUTOMATIC,HYBRID,0.0,NEW,189.0,2026-09-26
HONDA,VEZEL,2026,1500.0,AUTOMATIC,HYBRID,0.0,NEW,183.0,2026-09-26
HONDA,VEZEL,2026,1500.0,AUTOMATIC,HYBRID,0.0,NEW,187.9,2026-09-26
HONDA,VEZEL,2026,1500.0,AUTOMATIC,HYBRID,0.0,NEW,182.9,2026-09-26
HONDA,VEZEL,2026,1500.0,AUTOMATIC,HYBRID,0.0,NEW,195.0,2026-09-25
HONDA,VEZEL,2026,1500.0,AUTOMATIC,HYBRID,30.0,NEW,189.95,2026-09-25
HONDA,VEZEL,2026,1500.0,AUTOMATIC,HYBRID,30.0,NEW,207.75,2026-09-25
HONDA,VEZEL,2026,1500.0,AUTOMATIC,HYBRID,1.0,USED,210.0,2026-09-25
HONDA,VTEC 4A,2001,1493.0,AUTOMATIC,PETROL,264000.0,USED,35.0,2025-02-03
HONDA,WR-V,2024,1500.0,AUTOMATIC,PETROL,208.0,NEW,169.9,2026-09-25
HONDA,WR-V,2024,1500.0,AUTOMATIC,PETROL,150.0,NEW,169.5,2026-09-25
HYUNDAI,ACCENT,1998,1300.0,MANUAL,PETROL,297000.0,USED,17.549999999999997,2025-01-25
HYUNDAI,ACCENT,1998,1300.0,MANUAL,PETROL,297000.0,USED,17.549999999999997,2024-12-18
HYUNDAI,ACCENT,1999,1500.0,AUTOMATIC,PETROL,286000.0,USED,23.0,2025-01-31
HYUNDAI,ACCENT,1999,1500.0,MANUAL,PETROL,286000.0,USED,21.75,2025-01-16
HYUNDAI,ACCENT,2000,1500.0,MANUAL,PETROL,275000.0,USED,23.25,2025-02-05
HYUNDAI,ACCENT,2000,1495.0,MANUAL,PETROL,275000.0,USED,18.5,2025-02-05
HYUNDAI,ACCENT,2000,1500.0,AUTOMATIC,PETROL,275000.0,USED,23.0,2025-02-04
HYUNDAI,ACCENT,2000,1495.0,MANUAL,PETROL,275000.0,USED,20.9,2025-02-04
HYUNDAI,ACCENT,2000,1500.0,AUTOMATIC,PETROL,275000.0,USED,23.25,2025-02-04
HYUNDAI,ACCENT,2000,1499.0,MANUAL,PETROL,275000.0,USED,23.95,2025-02-03
HYUNDAI,ACCENT,2000,1714.0,AUTOMATIC,PETROL,275000.0,USED,23.0,2025-01-31
HYUNDAI,ACCENT,2000,1495.0,AUTOMATIC,PETROL,275000.0,USED,27.75,2025-01-31
HYUNDAI,ACCENT,2000,1490.0,MANUAL,PETROL,275000.0,USED,17.549999999999997,2025-01-18
HYUNDAI,ACCENT,2000,1500.0,MANUAL,PETROL,275000.0,USED,24.7,2025-01-15
HYUNDAI,ACCENT,2000,1500.0,AUTOMATIC,PETROL,275000.0,USED,25.5,2025-01-14
HYUNDAI,ACCENT,2000,1714.0,MANUAL,PETROL,275000.0,USED,22.141666666666666,2024-12-11
HYUNDAI,ACCENT,2000,1395.0,MANUAL,PETROL,275000.0,USED,21.9,2024-12-06
HYUNDAI,ACCENT,2000,1500.0,MANUAL,PETROL,270000.0,USED,24.9,2026-09-26
HYUNDAI,ACCENT,2000,1500.0,MANUAL,PETROL,50000.0,USED,23.0,2026-09-23
HYUNDAI,ACCENT,2000,1300.0,MANUAL,PETROL,272000.0,USED,25.8,2026-09-23
HYUNDAI,ACCENT,2001,1500.0,AUTOMATIC,PETROL,264000.0,USED,26.9,2025-02-05
HYUNDAI,ACCENT,2001,1500.0,AUTOMATIC,PETROL,264000.0,USED,23.65,2025-02-05
HYUNDAI,ACCENT,2001,1500.0,AUTOMATIC,PETROL,264000.0,USED,21.9,2025-01-31
HYUNDAI,ACCENT,2001,1500.0,AUTOMATIC,PETROL,264000.0,USED,23.5,2025-01-17
HYUNDAI,ACCENT,2001,1714.0,AUTOMATIC,PETROL,264000.0,USED,22.15357142857143,2025-01-08
HYUNDAI,ACCENT,2001,1500.0,MANUAL,PETROL,264000.0,USED,26.5,2025-01-05
HYUNDAI,ACCENT,2001,1341.0,MANUAL,PETROL,264000.0,USED,21.85,2025-01-28
HYUNDAI,ACCENT,2001,1300.0,MANUAL,PETROL,264000.0,USED,19.5,2025-01-25
HYUNDAI,ACCENT,2001,1400.0,MANUAL,PETROL,264000.0,USED,21.5,2025-01-25
HYUNDAI,ACCENT,2001,1495.0,MANUAL,PETROL,264000.0,USED,20.5,2025-01-23
HYUNDAI,ACCENT,2001,1500.0,MANUAL,PETROL,264000.0,USED,24.25,2025-01-05
HYUNDAI,ACCENT,2001,1341.0,MANUAL,PETROL,264000.0,USED,21.85,2025-01-03
HYUNDAI,ACCENT,2001,1495.0,MANUAL,PETROL,264000.0,USED,18.0,2025-01-03
HYUNDAI,ACCENT,2001,1300.0,MANUAL,PETROL,264000.0,USED,17.549999999999997,2024-12-22
HYUNDAI,ACCENT,2001,1300.0,MANUAL,PETROL,264000.0,USED,23.0,2024-12-20
HYUNDAI,ACCENT,2001,1500.0,AUTOMATIC,PETROL,150000.0,USED,26.5,2026-09-16
HYUNDAI,ACCENT,2001,1500.0,MANUAL,PETROL,200000.0,USED,27.9,2026-09-26
HYUNDAI,ACCENT,2002,1714.0,MANUAL,PETROL,253000.0,USED,24.75,2025-02-02
HYUNDAI,ACCENT,2002,1500.0,MANUAL,PETROL,253000.0,USED,21.95,2025-02-01
HYUNDAI,ACCENT,2002,1300.0,MANUAL,PETROL,253000.0,USED,23.004545454545458,2025-01-30
HYUNDAI,ACCENT,2002,1500.0,MANUAL,PETROL,253000.0,USED,22.75,2025-01-29
HYUNDAI,ACCENT,2002,1500.0,AUTOMATIC,PETROL,253000.0,USED,20.0,2025-01-29
HYUNDAI,ACCENT,2002,1495.0,MANUAL,PETROL,253000.0,USED,20.0,2025-01-27
HYUNDAI,ACCENT,2002,1714.0,MANUAL,PETROL,253000.0,USED,24.0,2025-01-25
HYUNDAI,ACCENT,2002,1500.0,MANUAL,PETROL,253000.0,NEW,26.5,2025-01-22
HYUNDAI,ACCENT,2002,1500.0,MANUAL,PETROL,253000.0,USED,25.9,2025-01-19
HYUNDAI,ACCENT,2002,1495.0,AUTOMATIC,PETROL,253000.0,USED,23.5,2024-12-29
HYUNDAI,ACCENT,2002,1490.0,MANUAL,PETROL,253000.0,USED,21.7,2024-12-24
HYUNDAI,ACCENT,2002,1500.0,MANUAL,PETROL,253000.0,USED,22.0,2024-12-16
HYUNDAI,ACCENT,2002,1495.0,AUTOMATIC,PETROL,253000.0,USED,23.004545454545458,2024-12-14
HYUNDAI,ACCENT,2002,1300.0,MANUAL,PETROL,265000.0,USED,28.5,2026-09-26
HYUNDAI,ACCENT,2003,1500.0,AUTOMATIC,PETROL,242000.0,USED,22.75,2025-01-22
HYUNDAI,ACCENT,2003,1500.0,MANUAL,PETROL,242000.0,USED,22.0,2025-01-02
HYUNDAI,ACCENT,2003,1500.0,AUTOMATIC,PETROL,242000.0,USED,27.9,2024-12-30
HYUNDAI,ACCENT,2003,1500.0,MANUAL,PETROL,242000.0,USED,23.0,2024-12-14
HYUNDAI,ACCENT,2004,1500.0,MANUAL,PETROL,231000.0,USED,28.75,2025-02-01
HYUNDAI,ACCENT,2004,1495.0,AUTOMATIC,PETROL,231000.0,USED,19.95,2025-01-21
HYUNDAI,ACCENT,2004,1500.0,MANUAL,PETROL,231000.0,USED,24.5,2024-12-31
HYUNDAI,ACCENT,2004,1500.0,MANUAL,PETROL,231000.0,USED,24.175,2024-12-30
HYUNDAI,ACCENT,2004,1500.0,MANUAL,PETROL,231000.0,USED,21.75,2024-12-20
HYUNDAI,ACCENT,2005,1500.0,MANUAL,PETROL,220000.0,USED,27.5,2025-01-31
HYUNDAI,ACCENT,2006,1300.0,MANUAL,PETROL,209000.0,USED,23.95,2025-02-04
HYUNDAI,ACCENT,2006,1500.0,MANUAL,PETROL,209000.0,USED,25.875,2025-01-30
HYUNDAI,ACCENT,2011,1562.0,AUTOMATIC,DIESEL,154000.0,USED,28.75,2024-12-24
HYUNDAI,ACCENT,2012,1600.0,AUTOMATIC,PETROL,143000.0,USED,28.75,2024-12-19
HYUNDAI,ACCENT,2012,1591.0,AUTOMATIC,PETROL,185000.0,USED,52.0,2026-09-26
HYUNDAI,ACCENT,2015,1600.0,AUTOMATIC,PETROL,110000.0,USED,28.75,2025-01-27
HYUNDAI,ACCENT CRDI,2011,1600.0,AUTOMATIC,DIESEL,154000.0,USED,72.5,2025-02-02
HYUNDAI,ACCENT CRDI,2011,1600.0,AUTOMATIC,DIESEL,154000.0,USED,72.5,2025-01-30
HYUNDAI,ACCENT CRDI,2011,1600.0,AUTOMATIC,DIESEL,154000.0,USED,72.5,2025-01-18
HYUNDAI,ACCENT GEAR,2000,1300.0,AUTOMATIC,PETROL,275000.0,USED,23.0,2025-01-20
HYUNDAI,ACCENT GLM,2000,1300.0,MANUAL,PETROL,275000.0,USED,22.0,2025-01-04
HYUNDAI,ACCENT GLS,2001,1500.0,MANUAL,PETROL,264000.0,USED,24.0,2025-01-25
HYUNDAI,ACCENT GLS,2007,1500.0,AUTOMATIC,PETROL,198000.0,USED,30.95,2025-02-01
HYUNDAI,ACCENT JAPAN,2007,1300.0,MANUAL,PETROL,198000.0,USED,28.75,2025-02-04
HYUNDAI,ATOS,2001,1000.0,MANUAL,PETROL,264000.0,USED,20.95,2025-02-05
HYUNDAI,ATOS,2001,1000.0,MANUAL,PETROL,264000.0,USED,17.0,2025-01-23
HYUNDAI,ATOS,2001,1000.0,MANUAL,PETROL,143000.0,USED,28.5,2026-09-27
HYUNDAI,ATOS,2002,1000.0,MANUAL,PETROL,253000.0,USED,19.75,2025-01-23
HYUNDAI,COUPE,2000,1600.0,MANUAL,PETROL,275000.0,USED,35.5,2025-01-14
HYUNDAI,ELANTRA,2000,1600.0,AUTOMATIC,PETROL,275000.0,USED,23.25,2025-02-03
HYUNDAI,ELANTRA,2000,1599.0,MANUAL,PETROL,275000.0,USED,22.5,2025-01-30
HYUNDAI,ELANTRA,2000,1490.0,AUTOMATIC,PETROL,275000.0,USED,22.5,2025-01-05
HYUNDAI,ELANTRA,2000,1600.0,AUTOMATIC,PETROL,275000.0,USED,23.5,2025-01-26
HYUNDAI,ELANTRA,2000,1600.0,AUTOMATIC,PETROL,275000.0,USED,22.0,2025-01-24
HYUNDAI,ELANTRA,2000,1500.0,AUTOMATIC,PETROL,275000.0,USED,25.0,2025-01-05
HYUNDAI,ELANTRA,2000,1599.0,AUTOMATIC,PETROL,275000.0,USED,23.5,2025-01-04
HYUNDAI,ELANTRA,2000,1590.0,AUTOMATIC,PETROL,275000.0,USED,22.0,2024-12-04
HYUNDAI,ELANTRA,2001,1599.0,MANUAL,PETROL,264000.0,USED,14.75,2025-01-17
HYUNDAI,ELANTRA,2001,1790.0,AUTOMATIC,PETROL,264000.0,USED,25.0,2025-01-04
HYUNDAI,ELANTRA,2001,1590.0,AUTOMATIC,PETROL,264000.0,USED,28.25,2025-01-03
HYUNDAI,ELANTRA,2002,1234.0,MANUAL,PETROL,253000.0,USED,22.5,2024-12-24
HYUNDAI,ELANTRA,2009,1600.0,AUTOMATIC,PETROL,176000.0,USED,47.0,2025-01-29
HYUNDAI,ELANTRA,2010,1590.0,AUTOMATIC,PETROL,165000.0,USED,47.9,2025-02-05
HYUNDAI,ELANTRA,2011,1500.0,AUTOMATIC,PETROL,154000.0,USED,58.5,2025-01-11
HYUNDAI,ELANTRA,2011,1600.0,AUTOMATIC,DIESEL,154000.0,USED,72.5,2024-12-23
HYUNDAI,ELANTRA,2011,1490.0,AUTOMATIC,PETROL,135000.0,USED,63.9,2026-09-25
HYUNDAI,ELANTRA,2013,1500.0,AUTOMATIC,PETROL,132000.0,USED,59.0,2025-01-20
HYUNDAI,ELANTRA,2014,1500.0,AUTOMATIC,PETROL,121000.0,USED,62.5,2025-01-31
HYUNDAI,ELANTRA GLS,2001,1500.0,MANUAL,PETROL,264000.0,USED,18.0,2025-01-04
HYUNDAI,ELANTRA XD,2004,1500.0,MANUAL,PETROL,231000.0,USED,19.5,2024-12-25
HYUNDAI,EON,2014,814.0,MANUAL,PETROL,121000.0,USED,35.9,2025-02-05
HYUNDAI,EON,2015,800.0,MANUAL,PETROL,110000.0,USED,35.75,2025-02-01
HYUNDAI,EON,2015,1500.0,MANUAL,PETROL,110000.0,USED,33.5,2025-01-29
HYUNDAI,EON,2015,814.0,MANUAL,PETROL,110000.0,USED,37.5,2025-01-11
HYUNDAI,EON,2015,800.0,MANUAL,PETROL,110000.0,USED,37.5,2025-01-20
HYUNDAI,EON,2015,800.0,MANUAL,PETROL,110000.0,USED,37.0,2024-12-25
HYUNDAI,EON,2015,814.0,MANUAL,PETROL,85000.0,USED,43.5,2026-09-23
HYUNDAI,EON,2016,800.0,MANUAL,PETROL,99000.0,USED,32.9,2025-02-03
HYUNDAI,EON,2016,814.0,MANUAL,PETROL,99000.0,USED,34.95,2025-02-01
HYUNDAI,EON,2016,800.0,MANUAL,PETROL,99000.0,USED,33.121428571428574,2025-02-01
HYUNDAI,EON,2016,800.0,MANUAL,PETROL,99000.0,USED,27.30357142857143,2025-01-28
HYUNDAI,EON,2016,800.0,MANUAL,PETROL,99000.0,USED,33.121428571428574,2025-01-25
HYUNDAI,EON,2016,800.0,MANUAL,PETROL,99000.0,USED,37.0,2025-01-22
HYUNDAI,EON,2016,890.0,MANUAL,PETROL,99000.0,USED,33.121428571428574,2024-12-28
HYUNDAI,EON,2016,660.0,MANUAL,PETROL,99000.0,USED,36.0,2024-12-23
HYUNDAI,EON,2016,800.0,MANUAL,PETROL,99000.0,USED,36.5,2024-12-16
HYUNDAI,EON,2016,800.0,MANUAL,PETROL,99000.0,USED,36.0,2024-12-04
HYUNDAI,EON,2016,814.0,MANUAL,PETROL,76148.0,USED,40.0,2026-09-26
HYUNDAI,EON,2017,800.0,MANUAL,PETROL,88000.0,USED,37.7,2025-01-16
HYUNDAI,EON,2017,1500.0,MANUAL,PETROL,88000.0,USED,37.5,2025-01-09
HYUNDAI,EON,2017,800.0,MANUAL,PETROL,88000.0,USED,31.5,2025-01-21
HYUNDAI,EON,2017,815.0,MANUAL,PETROL,88000.0,USED,32.0,2025-01-02
HYUNDAI,EON,2017,800.0,MANUAL,PETROL,88000.0,USED,36.5,2024-12-20
HYUNDAI,EON,2017,800.0,MANUAL,PETROL,87000.0,USED,41.75,2026-09-27
HYUNDAI,EON,2018,800.0,MANUAL,PETROL,77000.0,USED,42.817857142857136,2025-01-18
HYUNDAI,EON MAGNA,2014,800.0,MANUAL,PETROL,121000.0,USED,34.5,2025-02-05
HYUNDAI,EON MAGNA,2014,800.0,MANUAL,PETROL,121000.0,USED,34.9,2025-02-03
HYUNDAI,EON MAGNA,2015,814.0,MANUAL,PETROL,110000.0,USED,36.0,2025-01-17
HYUNDAI,EON MAGNA PLUS,2014,800.0,MANUAL,PETROL,121000.0,USED,35.5,2025-01-23
HYUNDAI,EON MAGNA PLUS,2015,812.0,MANUAL,PETROL,110000.0,USED,35.10000000000001,2025-02-05
HYUNDAI,EON MAGNA PLUS,2015,814.0,MANUAL,PETROL,110000.0,USED,36.7,2025-01-14
HYUNDAI,EON MAGNA PLUS,2015,814.0,MANUAL,PETROL,110000.0,USED,36.1,2025-01-11
HYUNDAI,EON MAGNA PLUS,2015,800.0,MANUAL,PETROL,110000.0,USED,36.0,2025-01-06
HYUNDAI,EON MAGNA PLUS,2015,800.0,MANUAL,PETROL,110000.0,USED,35.9,2025-01-28
HYUNDAI,EXCEL,1993,1400.0,MANUAL,PETROL,352000.0,USED,7.7,2025-01-13
HYUNDAI,EXCEL,1999,1500.0,MANUAL,PETROL,286000.0,USED,8.8,2024-12-27
HYUNDAI,GETZ,2002,1300.0,AUTOMATIC,PETROL,253000.0,USED,30.95,2025-02-05
HYUNDAI,GETZ,2002,1300.0,AUTOMATIC,PETROL,253000.0,USED,28.75,2025-02-05
HYUNDAI,GETZ,2003,1300.0,AUTOMATIC,PETROL,242000.0,USED,28.5,2025-01-19
HYUNDAI,GETZ,2006,1300.0,AUTOMATIC,PETROL,209000.0,USED,29.9,2025-02-04
HYUNDAI,GETZ,2007,1500.0,AUTOMATIC,PETROL,169000.0,USED,35.0,2026-09-26
HYUNDAI,GRAND I10,2015,1000.0,AUTOMATIC,PETROL,100630.0,USED,52.0,2026-09-20
HYUNDAI,GRAND I10,2016,1000.0,AUTOMATIC,PETROL,99000.0,USED,52.9,2025-01-07
HYUNDAI,GRAND I10,2016,1000.0,AUTOMATIC,PETROL,99000.0,USED,58.0,2024-12-03
HYUNDAI,GRAND I10,2017,1000.0,AUTOMATIC,PETROL,88000.0,USED,60.0,2025-01-29
HYUNDAI,GRAND I10,2018,1000.0,AUTOMATIC,PETROL,77000.0,USED,59.75,2025-02-05
HYUNDAI,GRAND I10,2024,1197.0,AUTOMATIC,PETROL,11000.0,NEW,94.4,2025-02-03
HYUNDAI,GRAND I10,2024,1200.0,AUTOMATIC,PETROL,11000.0,NEW,94.4,2025-01-02
HYUNDAI,HMATIC,2002,2180.0,AUTOMATIC,DIESEL,253000.0,USED,26.0,2025-01-20
HYUNDAI,HYUNDAI,1992,1300.0,MANUAL,PETROL,363000.0,USED,7.75,2025-02-04
HYUNDAI,HYUNDAI,1993,1400.0,MANUAL,PETROL,352000.0,USED,11.9,2025-02-03
HYUNDAI,MATRIX,2001,1500.0,AUTOMATIC,PETROL,264000.0,USED,24.75,2025-02-05
HYUNDAI,MATRIX,2001,1500.0,AUTOMATIC,PETROL,264000.0,USED,24.5,2025-02-01
HYUNDAI,MATRIX,2001,1599.0,MANUAL,PETROL,264000.0,USED,24.5,2025-01-29
HYUNDAI,MATRIX,2001,1599.0,AUTOMATIC,PETROL,264000.0,USED,25.0,2025-01-02
HYUNDAI,MATRIX,2001,1599.0,AUTOMATIC,PETROL,264000.0,USED,26.375,2024-12-19
HYUNDAI,MATRIX,2001,1599.0,MANUAL,PETROL,264000.0,USED,25.5,2024-12-04
HYUNDAI,MATRIX,2002,1590.0,AUTOMATIC,PETROL,185000.0,USED,27.0,2026-09-24
HYUNDAI,MATRIX,2003,1566.0,AUTOMATIC,PETROL,242000.0,USED,23.375,2025-01-16
HYUNDAI,MATRIX GL,2001,1599.0,MANUAL,PETROL,264000.0,USED,21.0,2024-12-13
HYUNDAI,MATRIX GLS,2001,1590.0,AUTOMATIC,PETROL,264000.0,USED,23.5,2025-01-18
HYUNDAI,SANTA FE,2006,2200.0,AUTOMATIC,DIESEL,207000.0,USED,57.0,2026-09-26
HYUNDAI,SANTA FE,2007,2200.0,AUTOMATIC,DIESEL,113000.0,USED,59.5,2026-09-25
HYUNDAI,SANTA FE,2008,2000.0,AUTOMATIC,DIESEL,147000.0,USED,59.65,2026-09-25
HYUNDAI,SANTA FE,2008,2200.0,AUTOMATIC,DIESEL,188000.0,USED,69.9,2026-09-25
HYUNDAI,SANTA FE,2015,2200.0,AUTOMATIC,DIESEL,93000.0,USED,130.0,2026-09-24
HYUNDAI,SANTRO,2004,1100.0,MANUAL,PETROL,231000.0,USED,21.0,2025-02-03
HYUNDAI,SANTRO,2005,1000.0,MANUAL,PETROL,220000.0,USED,23.9,2025-02-04
HYUNDAI,SANTRO XING,2004,1100.0,MANUAL,PETROL,231000.0,USED,20.0,2025-01-30
HYUNDAI,SANTRO XING,2004,1086.0,MANUAL,PETROL,231000.0,USED,22.75,2025-01-19
HYUNDAI,SANTRO XP,2005,1086.0,MANUAL,PETROL,220000.0,USED,23.5,2025-01-29
HYUNDAI,SONATA,1999,1997.0,AUTOMATIC,PETROL,286000.0,USED,18.9,2025-02-01
HYUNDAI,SONATA,2000,1990.0,AUTOMATIC,PETROL,275000.0,USED,23.75,2025-02-05
HYUNDAI,SONATA,2000,2000.0,AUTOMATIC,PETROL,275000.0,USED,18.025,2025-02-04
HYUNDAI,SONATA,2000,2000.0,AUTOMATIC,PETROL,275000.0,USED,22.95,2025-01-31
HYUNDAI,SONATA,2000,1997.0,AUTOMATIC,PETROL,275000.0,USED,18.025,2025-01-01
HYUNDAI,SONATA,2000,2000.0,AUTOMATIC,PETROL,275000.0,USED,6.5,2024-12-26
HYUNDAI,SONATA,2000,1900.0,AUTOMATIC,PETROL,275000.0,USED,18.9,2024-12-06
HYUNDAI,SONATA,2001,2000.0,AUTOMATIC,PETROL,264000.0,USED,22.95,2025-02-02
HYUNDAI,SONATA,2001,1997.0,AUTOMATIC,PETROL,264000.0,USED,21.0,2024-12-21
HYUNDAI,SONATA,2001,2000.0,AUTOMATIC,PETROL,264000.0,USED,19.7,2024-12-09
HYUNDAI,SONATA,2001,2000.0,AUTOMATIC,PETROL,153000.0,USED,23.5,2026-09-26
HYUNDAI,SONATA,2004,2000.0,AUTOMATIC,PETROL,231000.0,USED,29.5,2025-02-04
HYUNDAI,SONATA,2004,2000.0,AUTOMATIC,PETROL,231000.0,USED,35.75,2025-01-15
HYUNDAI,SONATA,2004,1990.0,AUTOMATIC,PETROL,231000.0,USED,18.25,2025-01-10
HYUNDAI,SONATA,2004,2000.0,AUTOMATIC,PETROL,231000.0,USED,18.0,2025-01-08
HYUNDAI,SONATA,2011,2000.0,AUTOMATIC,PETROL,154000.0,USED,57.849999999999994,2025-01-05
HYUNDAI,SONATA,2011,1990.0,AUTOMATIC,PETROL,154000.0,USED,57.849999999999994,2024-12-25
HYUNDAI,SONATA,2012,2000.0,AUTOMATIC,PETROL,143000.0,USED,57.849999999999994,2025-01-31
HYUNDAI,SONATA,2013,2000.0,AUTOMATIC,PETROL,132000.0,USED,57.849999999999994,2025-01-10
HYUNDAI,SONATA GL5,1990,1970.0,MANUAL,DIESEL,385000.0,USED,10.5,2025-01-18
HYUNDAI,SONATA GLS,2000,1999.0,AUTOMATIC,PETROL,275000.0,USED,19.5,2025-01-31
HYUNDAI,SONATA H MATIC,2002,1997.0,AUTOMATIC,PETROL,253000.0,USED,20.5,2025-01-27
HYUNDAI,SONATA H MATIC,2005,2000.0,AUTOMATIC,PETROL,220000.0,USED,26.5,2025-02-01
HYUNDAI,SONATA H-MATIC,2001,2200.0,AUTOMATIC,DIESEL,264000.0,USED,28.25,2024-12-18
HYUNDAI,SONATA XG30 SPECIAL LIMITED,2004,2000.0,AUTOMATIC,DIESEL,231000.0,USED,28.95,2025-02-05
HYUNDAI,STELLAR,1984,1300.0,MANUAL,PETROL,451000.0,USED,8.75,2025-01-12
HYUNDAI,STELLAR,1986,1500.0,MANUAL,PETROL,429000.0,USED,6.25,2024-12-08
HYUNDAI,STELLAR,1986,1300.0,MANUAL,DIESEL,429000.0,USED,7.25,2024-12-07
HYUNDAI,STELLAR,1987,2200.0,MANUAL,DIESEL,418000.0,USED,6.75,2025-02-03
HYUNDAI,TRAJET,2000,2180.0,AUTOMATIC,DIESEL,275000.0,USED,28.5,2025-02-03
HYUNDAI,TRAJET,2000,2100.0,AUTOMATIC,DIESEL,275000.0,USED,30.0,2025-02-03
HYUNDAI,TRAJET,2000,2000.0,AUTOMATIC,PETROL,275000.0,USED,36.0,2025-02-01
HYUNDAI,TRAJET,2000,2180.0,AUTOMATIC,DIESEL,275000.0,USED,35.0,2025-01-30
HYUNDAI,TRAJET,2000,2000.0,AUTOMATIC,DIESEL,275000.0,USED,35.5,2024-12-26
HYUNDAI,TRAJET,2000,1500.0,AUTOMATIC,DIESEL,275000.0,USED,32.0,2024-12-04
HYUNDAI,TRAJET,2021,1794.0,AUTOMATIC,DIESEL,44000.0,USED,36.95,2025-01-16
HYUNDAI,TUCSON,2005,1975.0,MANUAL,PETROL,163337.0,USED,41.5,2026-09-25
HYUNDAI,TUCSON,2011,2000.0,AUTOMATIC,DIESEL,218000.0,USED,73.9,2026-09-26
HYUNDAI,TUCSON,2011,2000.0,AUTOMATIC,PETROL,210650.0,USED,72.75,2026-09-25
HYUNDAI,TUCSON,2013,2000.0,AUTOMATIC,DIESEL,100000.0,USED,84.5,2026-09-24
HYUNDAI,TUCSON,2014,1995.0,AUTOMATIC,DIESEL,132000.0,USED,89.85,2026-09-26
HYUNDAI,VENUE,2026,1000.0,AUTOMATIC,PETROL,0.0,NEW,125.9,2026-09-26
HYUNDAI,VENUE,2026,1000.0,AUTOMATIC,PETROL,0.0,NEW,119.9,2026-09-26
HYUNDAI,VENUE,2026,1000.0,AUTOMATIC,PETROL,0.0,NEW,125.75,2026-09-26
HYUNDAI,VENUE,2026,1000.0,AUTOMATIC,PETROL,88.0,NEW,126.0,2026-09-25
HYUNDAI,VENUE,2026,1000.0,AUTOMATIC,PETROL,78.0,NEW,126.0,2026-09-25
HYUNDAI,VENUE,2026,1000.0,AUTOMATIC,PETROL,85.0,NEW,105.0,2026-09-25
HYUNDAI,VENUE,2026,1000.0,AUTOMATIC,PETROL,0.0,NEW,123.9,2026-09-25
HYUNDAI,VENUE,2026,1000.0,AUTOMATIC,PETROL,0.0,NEW,125.95,2026-09-24
HYUNDAI,VENUE,2026,1000.0,AUTOMATIC,PETROL,0.0,NEW,126.9,2026-09-24
HYUNDAI,VENUE,2026,1000.0,AUTOMATIC,PETROL,0.0,NEW,125.9,2026-09-24
HYUNDAI,VENUE,2026,1000.0,AUTOMATIC,PETROL,0.0,NEW,119.9,2026-09-24
HYUNDAI,VENUE,2026,1000.0,AUTOMATIC,PETROL,59.0,NEW,123.0,2026-09-24
HYUNDAI,VENUE,2026,1000.0,AUTOMATIC,PETROL,56.0,NEW,122.0,2026-09-24
HYUNDAI,VENUE,2026,1000.0,AUTOMATIC,PETROL,3000.0,USED,119.75,2026-09-24
HYUNDAI,VENUE,2026,1000.0,AUTOMATIC,PETROL,0.0,NEW,124.5,2026-09-24
HYUNDAI,VENUE,2026,1000.0,AUTOMATIC,PETROL,0.0,NEW,129.5,2026-09-26
HYUNDAI,VENUE,2026,1000.0,AUTOMATIC,PETROL,0.0,NEW,129.0,2026-09-26
HYUNDAI,VENUE,2026,1000.0,AUTOMATIC,PETROL,0.0,NEW,124.5,2026-09-26
HYUNDAI,VENUE,2026,1000.0,AUTOMATIC,PETROL,0.0,NEW,128.9,2026-09-26
HYUNDAI,VENUE,2026,1000.0,AUTOMATIC,PETROL,0.0,NEW,124.9,2026-09-26
HYUNDAI,VENUE,2026,1000.0,AUTOMATIC,PETROL,0.0,NEW,124.5,2026-09-25
ISUZU,ASKA,1984,2000.0,MANUAL,DIESEL,451000.0,USED,10.5,2024-12-19
ISUZU,GEMINI,1986,1800.0,MANUAL,DIESEL,429000.0,USED,9.9,2025-01-30
ISUZU,GEMINI,1987,1500.0,MANUAL,DIESEL,418000.0,USED,4.8,2025-02-02
ISUZU,GEMINI,1987,1500.0,MANUAL,DIESEL,418000.0,USED,5.2,2025-01-19
ISUZU,GEMINI,1987,1500.0,MANUAL,DIESEL,418000.0,USED,10.5,2025-01-19
ISUZU,GEMINI,1988,1500.0,AUTOMATIC,PETROL,407000.0,USED,7.3375,2025-02-05
ISUZU,GEMINI,1988,1500.0,MANUAL,DIESEL,407000.0,USED,3.9,2025-02-03
ISUZU,GEMINI,1988,1500.0,MANUAL,DIESEL,407000.0,USED,8.7,2025-02-01
ISUZU,GEMINI,1988,1500.0,MANUAL,DIESEL,407000.0,USED,7.3375,2025-01-30
ISUZU,GEMINI,1988,1500.0,MANUAL,DIESEL,407000.0,USED,8.75,2025-01-24
ISUZU,GEMINI,1988,1000.0,MANUAL,DIESEL,407000.0,USED,8.0,2024-12-06
ISUZU,GEMINI,1988,1200.0,MANUAL,DIESEL,100000.0,USED,11.75,2026-09-26
ISUZU,GEMINI,1989,1533.0,MANUAL,DIESEL,396000.0,USED,11.0,2025-01-30
ISUZU,GEMINI,1989,1990.0,AUTOMATIC,DIESEL,396000.0,USED,11.0,2025-01-29
ISUZU,GEMINI,1989,1533.0,MANUAL,DIESEL,396000.0,USED,9.75,2024-12-20
ISUZU,GEMINI,1989,1800.0,MANUAL,DIESEL,396000.0,USED,7.2,2024-12-17
ISUZU,GEMINI,1991,1500.0,MANUAL,DIESEL,374000.0,USED,10.5,2025-02-03
ISUZU,GEMINI,1991,1500.0,MANUAL,DIESEL,374000.0,USED,12.25,2025-01-28
ISUZU,GEMINI,1991,1500.0,MANUAL,DIESEL,374000.0,USED,14.75,2025-01-26
ISUZU,GEMINI,1992,1500.0,MANUAL,DIESEL,363000.0,USED,10.75,2025-02-02
ISUZU,GEMINI,1992,1533.0,MANUAL,DIESEL,363000.0,NEW,11.5,2025-01-25
ISUZU,GEMINI,1992,1480.0,MANUAL,DIESEL,363000.0,USED,8.25,2025-01-21
ISUZU,GEMINI,1992,1533.0,MANUAL,DIESEL,363000.0,NEW,12.5,2025-01-20
ISUZU,GEMINI JT600,1987,1500.0,MANUAL,DIESEL,418000.0,USED,8.25,2024-12-08
ISUZU,GEMINI JT600,1988,1480.0,MANUAL,DIESEL,407000.0,USED,12.75,2025-02-04
ISUZU,GEMINI JT600,1988,1500.0,MANUAL,DIESEL,407000.0,USED,9.875,2025-02-03
ISUZU,GEMINI JT600,1988,1500.0,MANUAL,DIESEL,407000.0,USED,7.0,2025-01-28
ISUZU,JT 641,1992,1500.0,MANUAL,DIESEL,363000.0,USED,14.0,2025-01-13
ISUZU,JT600 GEMINI,1989,1500.0,MANUAL,DIESEL,396000.0,USED,10.5,2025-01-15
ISUZU,TROOPER,1991,3000.0,AUTOMATIC,DIESEL,293697.0,USED,72.95,2026-09-25
JAC,T9 4X4,2024,2000.0,AUTOMATIC,DIESEL,11000.0,NEW,169.92,2025-01-15
JAGUAR,S TYPE,2004,2500.0,AUTOMATIC,PETROL,231000.0,USED,78.0,2025-01-22
JAGUAR,X TYPE,2000,2500.0,AUTOMATIC,PETROL,115000.0,USED,54.0,2026-09-24
JAGUAR,X TYPE,2003,2100.0,AUTOMATIC,PETROL,242000.0,USED,48.0,2025-01-28
JAGUAR,X TYPE,2008,2190.0,AUTOMATIC,PETROL,187000.0,USED,73.0,2025-01-31
JAGUAR,XF,2013,2000.0,AUTOMATIC,DIESEL,121000.0,USED,132.0,2026-09-26
JAGUAR,XF,2014,2000.0,AUTOMATIC,PETROL,121000.0,USED,215.0,2025-01-31
JAGUAR,XF,2014,2000.0,AUTOMATIC,PETROL,121000.0,USED,240.0,2025-01-24
JAGUAR,XF,2014,2000.0,AUTOMATIC,PETROL,121000.0,USED,230.0,2025-01-22
JEEP,AMERICAN WILLYS,1962,2800.0,MANUAL,DIESEL,693000.0,USED,39.5,2025-01-23
JEEP,COMPASS,2019,1400.0,AUTOMATIC,PETROL,92000.0,USED,135.0,2026-09-25
JEEP,GRAND CHEROKEE,2005,4700.0,AUTOMATIC,PETROL,187000.0,USED,85.0,2026-09-24
JEEP,WRANGLER,2016,2800.0,AUTOMATIC,DIESEL,85000.0,USED,317.9,2026-09-25
JETOUR,DASHING,2025,1500.0,AUTOMATIC,PETROL,11200.0,USED,178.0,2026-09-25
JETOUR,T2,2026,1998.0,AUTOMATIC,HYBRID,0.0,NEW,314.0,2026-09-26
JETOUR,T2,2026,1500.0,AUTOMATIC,PETROL,0.0,NEW,245.0,2026-09-26
JETOUR,T2,2026,1500.0,AUTOMATIC,HYBRID,0.0,NEW,290.0,2026-09-26
JETOUR,T2,2026,1500.0,AUTOMATIC,HYBRID,1000.0,USED,305.0,2026-09-25
JETOUR,T2,2026,1500.0,AUTOMATIC,HYBRID,0.0,NEW,297.0,2026-09-26
JONWAY,A380,2012,1600.0,MANUAL,PETROL,143000.0,USED,46.0,2024-12-22
KIA,CARENS,2000,1800.0,AUTOMATIC,PETROL,275000.0,USED,23.9,2025-02-01
KIA,CARENS,2001,1800.0,AUTOMATIC,PETROL,264000.0,USED,19.7,2024-12-19
KIA,CERATO,2005,1950.0,AUTOMATIC,PETROL,220000.0,USED,39.45,2024-12-14
KIA,CERATO,2011,1600.0,AUTOMATIC,PETROL,154000.0,USED,67.0,2024-12-05
KIA,CERATO,2011,1600.0,AUTOMATIC,PETROL,154000.0,USED,64.0,2024-12-05
KIA,KIA,2005,1234.0,MANUAL,PETROL,220000.0,USED,19.5,2025-01-08
KIA,MENTOR,2000,1500.0,MANUAL,PETROL,275000.0,USED,21.0,2024-12-20
KIA,MENTOR,2000,1500.0,AUTOMATIC,PETROL,275000.0,USED,18.75,2024-12-20
KIA,MENTOR,2000,1500.0,AUTOMATIC,PETROL,275000.0,USED,18.75,2024-12-13
KIA,MENTOR,2000,1500.0,MANUAL,PETROL,275000.0,USED,15.312499999999996,2024-12-07
KIA,MENTOR JAPAN,2000,1300.0,MANUAL,PETROL,275000.0,USED,8.75,2025-01-28
KIA,MENTOR JAPAN,2001,1300.0,MANUAL,PETROL,264000.0,USED,8.75008,2025-01-25
KIA,MENTOR SPECTRA,2001,1500.0,AUTOMATIC,PETROL,264000.0,USED,18.75,2025-01-04
KIA,OPTIMA,2011,2000.0,AUTOMATIC,PETROL,154000.0,USED,145.0,2024-12-25
KIA,OPTIMA,2012,2000.0,AUTOMATIC,PETROL,143000.0,USED,108.75,2025-02-05
KIA,OPTIMA,2012,1998.0,AUTOMATIC,PETROL,143000.0,USED,130.0,2024-12-19
KIA,PICANTO,2004,1000.0,AUTOMATIC,PETROL,231000.0,USED,33.931250000000006,2024-12-20
KIA,PICANTO,2005,1500.0,AUTOMATIC,PETROL,220000.0,USED,33.931250000000006,2025-01-18
KIA,PICANTO,2005,1000.0,MANUAL,PETROL,220000.0,USED,33.931250000000006,2025-01-09
KIA,PICANTO,2005,1100.0,AUTOMATIC,PETROL,220000.0,USED,34.5,2025-01-08
KIA,PICANTO,2005,1000.0,MANUAL,PETROL,220000.0,USED,33.931250000000006,2024-12-16
KIA,PICANTO,2006,1000.0,MANUAL,PETROL,209000.0,USED,33.931250000000006,2025-01-14
KIA,PICANTO,2011,1000.0,AUTOMATIC,PETROL,154000.0,USED,47.75,2024-12-18
KIA,PICANTO,2012,1000.0,MANUAL,PETROL,143000.0,USED,45.75,2025-01-06
KIA,PICANTO,2016,1000.0,AUTOMATIC,PETROL,99000.0,USED,54.5,2025-02-05
KIA,PICANTO,2016,998.0,AUTOMATIC,PETROL,99000.0,USED,58.9,2025-02-05
KIA,PICANTO,2016,998.0,AUTOMATIC,PETROL,99000.0,USED,57.9,2025-02-05
KIA,PICANTO,2016,1000.0,AUTOMATIC,PETROL,99000.0,USED,55.932352941176475,2025-02-03
KIA,PICANTO,2016,990.0,AUTOMATIC,PETROL,99000.0,USED,53.25,2025-02-02
KIA,PICANTO,2016,1000.0,AUTOMATIC,PETROL,99000.0,USED,59.5,2025-02-01
KIA,PICANTO,2016,1000.0,AUTOMATIC,PETROL,99000.0,USED,54.0,2025-01-31
KIA,PICANTO,2016,1000.0,AUTOMATIC,PETROL,99000.0,USED,55.932352941176475,2025-01-11
KIA,PICANTO,2016,1000.0,MANUAL,PETROL,99000.0,USED,49.75,2025-01-10
KIA,PICANTO,2016,1000.0,MANUAL,PETROL,99000.0,USED,49.95,2025-01-06
KIA,PICANTO,2016,990.0,AUTOMATIC,PETROL,99000.0,USED,57.5,2025-01-05
KIA,PICANTO,2016,998.0,AUTOMATIC,PETROL,99000.0,USED,57.75,2025-01-28
KIA,PICANTO,2016,946.0,AUTOMATIC,PETROL,99000.0,USED,56.7,2025-01-22
KIA,PICANTO,2016,1000.0,AUTOMATIC,PETROL,99000.0,USED,56.5,2025-01-02
KIA,PICANTO,2016,1000.0,AUTOMATIC,PETROL,99000.0,USED,59.0,2024-12-20
KIA,PICANTO,2016,1000.0,AUTOMATIC,PETROL,99000.0,USED,57.25,2024-12-17
KIA,PICANTO,2016,1000.0,MANUAL,PETROL,99000.0,USED,48.5,2024-12-17
KIA,PICANTO,2016,998.0,AUTOMATIC,PETROL,99000.0,USED,62.0,2024-12-14
KIA,PICANTO,2016,1000.0,AUTOMATIC,PETROL,99000.0,NEW,57.9,2024-12-07
KIA,PICANTO,2016,1000.0,AUTOMATIC,PETROL,115000.0,USED,54.75,2026-09-26
KIA,PICANTO,2016,1000.0,AUTOMATIC,PETROL,128330.0,USED,58.95,2026-09-25
KIA,PICANTO,2016,1000.0,AUTOMATIC,PETROL,103000.0,USED,55.75,2026-09-24
KIA,PICANTO,2016,998.0,AUTOMATIC,PETROL,92590.0,USED,54.9,2026-09-23
KIA,PICANTO,2017,1000.0,AUTOMATIC,PETROL,88000.0,USED,68.75,2025-02-02
KIA,PICANTO,2017,1000.0,AUTOMATIC,PETROL,88000.0,USED,61.5,2025-02-02
KIA,PICANTO,2017,1000.0,AUTOMATIC,PETROL,88000.0,USED,63.5,2025-01-31
KIA,PICANTO,2017,1000.0,MANUAL,PETROL,88000.0,USED,50.0,2024-12-27
KIA,PICANTO,2017,1000.0,AUTOMATIC,PETROL,127892.0,USED,59.0,2026-09-26
KIA,PICANTO,2017,1000.0,AUTOMATIC,PETROL,57000.0,USED,63.0,2026-09-26
KIA,PICANTO,2017,1000.0,AUTOMATIC,PETROL,130000.0,USED,62.5,2026-09-26
KIA,PICANTO SPORT,2016,1000.0,AUTOMATIC,PETROL,99000.0,USED,59.0,2024-12-06
KIA,PRIDE,1999,1300.0,MANUAL,PETROL,286000.0,USED,10.75,2025-01-10
KIA,PRIDE,2000,1300.0,MANUAL,PETROL,275000.0,USED,10.0,2025-02-04
KIA,PRIDE,2000,1000.0,AUTOMATIC,PETROL,275000.0,USED,18.9,2025-01-09
KIA,RIO,2000,1490.0,AUTOMATIC,PETROL,275000.0,USED,22.75,2025-02-04
KIA,RIO,2000,1500.0,MANUAL,PETROL,275000.0,USED,20.68,2025-02-02
KIA,RIO,2000,1500.0,AUTOMATIC,PETROL,275000.0,USED,16.5,2025-02-02
KIA,RIO,2000,1500.0,AUTOMATIC,PETROL,275000.0,USED,22.75,2025-01-31
KIA,RIO,2000,1490.0,AUTOMATIC,PETROL,275000.0,USED,23.9,2025-01-31
KIA,RIO,2000,1500.0,MANUAL,PETROL,275000.0,USED,17.5,2025-01-07
KIA,RIO,2000,1493.0,AUTOMATIC,PETROL,275000.0,USED,20.68,2024-12-31
KIA,RIO,2000,1500.0,AUTOMATIC,PETROL,165000.0,USED,24.5,2026-09-26
KIA,RIO,2001,1320.0,MANUAL,PETROL,264000.0,USED,16.9,2025-02-03
KIA,RIO,2001,1500.0,AUTOMATIC,PETROL,264000.0,USED,18.75,2025-02-02
KIA,RIO,2001,1341.0,MANUAL,PETROL,264000.0,USED,21.25,2025-01-29
KIA,RIO,2001,1500.0,AUTOMATIC,PETROL,264000.0,USED,22.65,2025-01-13
KIA,RIO,2001,1500.0,MANUAL,PETROL,264000.0,USED,20.377777777777776,2025-01-06
KIA,RIO,2001,1500.0,MANUAL,PETROL,264000.0,USED,20.75,2025-01-27
KIA,RIO,2001,1350.0,AUTOMATIC,PETROL,264000.0,USED,19.95,2024-12-18
KIA,RIO,2001,1343.0,MANUAL,PETROL,264000.0,USED,11.706250000000004,2024-12-11
KIA,RIO,2001,1500.0,MANUAL,PETROL,264000.0,USED,19.5,2024-12-06
KIA,RIO,2001,1500.0,AUTOMATIC,PETROL,264000.0,USED,32.0,2024-12-05
KIA,RIO,2002,1500.0,AUTOMATIC,PETROL,253000.0,USED,11.706250000000004,2025-02-05
KIA,RIO,2002,1500.0,AUTOMATIC,PETROL,253000.0,USED,22.0,2025-01-16
KIA,RIO,2002,1500.0,MANUAL,PETROL,253000.0,USED,19.75,2024-12-16
KIA,RIO,2003,1500.0,MANUAL,PETROL,242000.0,USED,24.5,2025-02-05
KIA,RIO,2003,1500.0,AUTOMATIC,PETROL,242000.0,USED,22.0,2025-01-16
KIA,RIO,2003,1300.0,MANUAL,PETROL,242000.0,USED,21.0,2025-01-14
KIA,RIO,2003,1500.0,AUTOMATIC,PETROL,242000.0,USED,25.75,2025-01-26
KIA,RIO,2003,1500.0,MANUAL,PETROL,242000.0,USED,24.9,2024-12-31
KIA,RIO,2003,1500.0,MANUAL,PETROL,242000.0,USED,25.0,2024-12-25
KIA,RIO,2003,1300.0,MANUAL,PETROL,242000.0,USED,22.0,2024-12-23
KIA,RIO,2003,1500.0,AUTOMATIC,PETROL,242000.0,USED,27.5,2024-12-12
KIA,RIO,2004,1500.0,AUTOMATIC,PETROL,231000.0,USED,11.706250000000004,2025-02-01
KIA,RIO,2004,1500.0,MANUAL,PETROL,231000.0,USED,27.5,2024-12-25
KIA,RIO,2004,1490.0,MANUAL,PETROL,231000.0,USED,18.6,2024-12-22
KIA,RIO,2004,1300.0,MANUAL,PETROL,231000.0,USED,22.0,2024-12-22
KIA,RIO,2005,1343.0,MANUAL,PETROL,220000.0,USED,18.0,2025-01-17
KIA,RIO,2006,1500.0,MANUAL,PETROL,190575.0,USED,29.8,2026-09-26
KIA,RIO,2007,1400.0,AUTOMATIC,PETROL,198000.0,USED,32.65624999999999,2025-01-19
KIA,RIO,2009,1300.0,MANUAL,PETROL,176000.0,USED,30.0,2024-12-12
KIA,RIO,2015,1400.0,AUTOMATIC,PETROL,110000.0,USED,32.65624999999999,2025-02-01
KIA,RIO,2015,1400.0,AUTOMATIC,PETROL,110000.0,USED,32.65624999999999,2025-01-26
KIA,RIO,2015,1400.0,AUTOMATIC,PETROL,90000.0,USED,67.25,2026-09-18
KIA,RIO,2021,1500.0,MANUAL,PETROL,44000.0,USED,20.5,2024-12-17
KIA,RIO LS,2001,1500.0,MANUAL,PETROL,264000.0,USED,21.75,2025-01-13
KIA,RIO LX,2004,1300.0,AUTOMATIC,PETROL,231000.0,USED,8.75,2025-02-02
KIA,RIO RS,2003,1300.0,MANUAL,PETROL,242000.0,USED,24.25,2025-02-05
KIA,RIO RS,2003,1500.0,MANUAL,PETROL,242000.0,USED,22.5,2025-02-01
KIA,RIO RS,2007,1500.0,MANUAL,PETROL,198000.0,USED,30.0,2025-02-01
KIA,SELTOS,2026,1500.0,AUTOMATIC,PETROL,0.0,NEW,212.0,2026-09-26
KIA,SELTOS,2026,1500.0,AUTOMATIC,PETROL,0.0,NEW,197.9,2026-09-26
KIA,SEPHIA,1999,1500.0,MANUAL,PETROL,286000.0,USED,11.0,2024-12-08
KIA,SEPHIA,2000,1500.0,MANUAL,PETROL,275000.0,USED,15.75,2025-01-31
KIA,SEPHIA,2000,1500.0,MANUAL,PETROL,275000.0,USED,17.8,2025-01-06
KIA,SEPHIA,2000,1400.0,AUTOMATIC,PETROL,275000.0,USED,18.3,2024-12-16
KIA,SEPHIA,2000,1500.0,AUTOMATIC,PETROL,123456.0,USED,23.95,2026-09-23
KIA,SEPHIA,2002,1500.0,AUTOMATIC,PETROL,253000.0,USED,25.0,2025-02-05
KIA,SEPHIA,2002,1500.0,MANUAL,PETROL,253000.0,USED,8.5,2025-02-04
KIA,SEPHIA,2002,1399.0,MANUAL,PETROL,253000.0,USED,20.1,2024-12-08
KIA,SHEPHIA,2002,1500.0,MANUAL,PETROL,253000.0,USED,23.0,2024-12-29
KIA,SONET,2023,1000.0,AUTOMATIC,PETROL,55.0,NEW,118.5,2026-09-26
KIA,SONET,2025,1000.0,AUTOMATIC,PETROL,15000.0,USED,110.5,2026-09-23
KIA,SONET,2025,1000.0,AUTOMATIC,PETROL,11500.0,USED,115.0,2026-09-26
KIA,SONET,2026,1000.0,AUTOMATIC,PETROL,46.0,NEW,118.5,2026-09-26
KIA,SONET,2026,1000.0,AUTOMATIC,PETROL,0.0,NEW,119.5,2026-09-26
KIA,SONET,2026,1000.0,AUTOMATIC,PETROL,50.0,NEW,108.0,2026-09-26
KIA,SONET,2026,1000.0,AUTOMATIC,PETROL,0.0,NEW,109.9,2026-09-25
KIA,SONET,2026,1000.0,AUTOMATIC,PETROL,0.0,NEW,119.9,2026-09-25
KIA,SONET,2026,1000.0,AUTOMATIC,PETROL,0.0,NEW,122.5,2026-09-25
KIA,SONET,2026,1000.0,AUTOMATIC,PETROL,0.0,NEW,117.75,2026-09-25
KIA,SONET,2026,1000.0,AUTOMATIC,PETROL,0.0,NEW,121.0,2026-09-25
KIA,SONET,2026,1000.0,AUTOMATIC,PETROL,0.0,NEW,112.5,2026-09-24
KIA,SONET,2026,1000.0,AUTOMATIC,PETROL,0.0,NEW,119.9,2026-09-24
KIA,SONET,2026,1000.0,AUTOMATIC,PETROL,0.0,NEW,118.5,2026-09-24
KIA,SONET,2026,1000.0,AUTOMATIC,PETROL,0.0,NEW,118.0,2026-09-24
KIA,SONET,2026,998.0,AUTOMATIC,PETROL,0.0,NEW,118.99,2026-09-24
KIA,SONET,2026,1000.0,AUTOMATIC,PETROL,0.0,NEW,114.9,2026-09-24
KIA,SONET,2026,1000.0,AUTOMATIC,PETROL,0.0,NEW,119.5,2026-09-24
KIA,SONET,2026,1000.0,AUTOMATIC,PETROL,0.0,NEW,110.0,2026-09-24
KIA,SONET,2026,1000.0,AUTOMATIC,PETROL,0.0,NEW,119.0,2026-09-23
KIA,SONET,2026,1000.0,AUTOMATIC,PETROL,0.0,NEW,118.0,2026-09-23
KIA,SONET,2026,990.0,AUTOMATIC,PETROL,35.0,NEW,117.5,2026-09-26
KIA,SONET,2026,990.0,AUTOMATIC,PETROL,25.0,NEW,117.5,2026-09-26
KIA,SONET,2026,1000.0,AUTOMATIC,PETROL,3150.0,USED,109.0,2026-09-26
KIA,SONET,2026,998.0,AUTOMATIC,PETROL,0.0,NEW,118.5,2026-09-26
KIA,SONET,2026,998.0,AUTOMATIC,PETROL,0.0,NEW,110.5,2026-09-26
KIA,SONET,2026,1000.0,AUTOMATIC,PETROL,0.0,NEW,110.9,2026-09-26
KIA,SONET,2026,1000.0,AUTOMATIC,PETROL,0.0,NEW,120.0,2026-09-26
KIA,SONET,2026,1200.0,AUTOMATIC,PETROL,0.0,NEW,123.0,2026-09-26
KIA,SONET,2026,1000.0,AUTOMATIC,PETROL,0.0,NEW,118.75,2026-09-26
KIA,SONET,2026,990.0,AUTOMATIC,HYBRID,50.0,USED,114.9,2026-09-26
KIA,SORENTO,2011,2200.0,AUTOMATIC,DIESEL,162500.0,USED,95.0,2026-09-26
KIA,SORENTO,2011,1500.0,AUTOMATIC,PETROL,147000.0,USED,98.5,2026-09-26
KIA,SORENTO,2012,2200.0,AUTOMATIC,DIESEL,98000.0,USED,105.0,2026-09-24
KIA,SORENTO,2012,2200.0,AUTOMATIC,DIESEL,180000.0,USED,98.0,2026-09-24
KIA,SORENTO,2012,2200.0,AUTOMATIC,DIESEL,121000.0,USED,102.0,2026-09-24
KIA,SORENTO,2012,2200.0,AUTOMATIC,DIESEL,175000.0,USED,104.5,2026-09-23
KIA,SORENTO,2012,2200.0,AUTOMATIC,DIESEL,160000.0,USED,97.5,2026-09-26
KIA,SORENTO,2012,2200.0,AUTOMATIC,DIESEL,94000.0,USED,109.5,2026-09-25
KIA,SORENTO,2013,2200.0,AUTOMATIC,DIESEL,153000.0,USED,89.5,2026-09-25
KIA,SPARTA,2004,1600.0,AUTOMATIC,PETROL,231000.0,USED,22.0,2025-01-26
KIA,SPECTRA,2001,1600.0,AUTOMATIC,PETROL,264000.0,USED,17.325,2025-02-04
KIA,SPECTRA,2001,1500.0,AUTOMATIC,PETROL,264000.0,USED,17.9,2025-02-02
KIA,SPECTRA,2001,1600.0,AUTOMATIC,PETROL,264000.0,USED,16.75,2025-01-20
KIA,SPECTRA,2001,1600.0,AUTOMATIC,PETROL,264000.0,USED,17.325,2024-12-05
KIA,SPECTRA,2002,1500.0,AUTOMATIC,PETROL,253000.0,USED,130.7625,2025-02-05
KIA,SPECTRA,2002,1600.0,AUTOMATIC,PETROL,253000.0,USED,21.1,2025-01-07
KIA,SPECTRA,2002,1500.0,AUTOMATIC,PETROL,253000.0,USED,104.3,2024-12-11
KIA,SPECTRA 16M,2002,1600.0,MANUAL,PETROL,253000.0,USED,23.25,2025-01-03
KIA,SPECTRA GLS,2001,1600.0,MANUAL,PETROL,264000.0,USED,13.5,2025-01-08
KIA,SPORTAGE,2011,2000.0,AUTOMATIC,PETROL,207360.0,USED,71.65,2026-09-25
KIA,SPORTAGE,2011,2000.0,AUTOMATIC,PETROL,115000.0,USED,85.5,2026-09-25
KIA,SPORTAGE,2013,2000.0,AUTOMATIC,DIESEL,165000.0,USED,87.5,2026-09-24
KIA,SPORTAGE,2013,2000.0,AUTOMATIC,DIESEL,215000.0,USED,99.8,2026-09-23
KIA,SPORTAGE,2013,2000.0,AUTOMATIC,DIESEL,135000.0,USED,95.5,2026-09-26
KIA,SPORTAGE,2015,1000.0,AUTOMATIC,DIESEL,29000.0,USED,118.0,2026-09-24
KIA,STONIC,2025,998.0,AUTOMATIC,PETROL,0.0,NEW,155.0,2026-09-25
KIA,SYROS,2026,1000.0,AUTOMATIC,PETROL,0.0,NEW,115.9,2026-09-25
KIA,SYROS,2026,1000.0,AUTOMATIC,PETROL,0.0,NEW,123.9,2026-09-25
KIA,SYROS,2026,1000.0,AUTOMATIC,PETROL,0.0,NEW,134.75,2026-09-25
KIA,SYROS,2026,1000.0,AUTOMATIC,PETROL,0.0,NEW,126.0,2026-09-17
KIA,SYROS,2026,1000.0,AUTOMATIC,PETROL,0.0,NEW,125.0,2026-09-23
KIA,SYROS,2026,1000.0,AUTOMATIC,PETROL,0.0,NEW,129.5,2026-09-26
KIA,SYROS,2026,1000.0,AUTOMATIC,PETROL,0.0,NEW,134.5,2026-09-26
LAND-ROVER,DEFENDER,1978,2495.0,MANUAL,DIESEL,112000.0,USED,135.0,2026-09-02
LAND-ROVER,DEFENDER,2008,2400.0,MANUAL,DIESEL,2012.0,USED,265.0,2026-09-26
LAND-ROVER,DEFENDER,2015,2200.0,MANUAL,DIESEL,103000.0,USED,225.0,2026-09-24
LAND-ROVER,DEFENDER,2023,2000.0,AUTOMATIC,PETROL,17000.0,USED,685.0,2026-09-26
LAND-ROVER,DEFENDER,2023,2000.0,AUTOMATIC,PETROL,10000.0,USED,695.0,2026-09-24
LAND-ROVER,DEFENDER,2023,2000.0,AUTOMATIC,PETROL,28000.0,USED,598.0,2026-09-26
LAND-ROVER,DEFENDER,2024,2000.0,AUTOMATIC,HYBRID,0.0,NEW,764.9,2026-09-26
LAND-ROVER,DEFENDER,2024,2000.0,AUTOMATIC,PETROL,5000.0,USED,685.0,2026-09-25
LAND-ROVER,DEFENDER,2024,2000.0,AUTOMATIC,PETROL,10000.0,USED,675.0,2026-09-25
LAND-ROVER,DEFENDER,2025,2000.0,AUTOMATIC,HYBRID,8000.0,USED,889.0,2026-09-26
LAND-ROVER,DEFENDER,2026,2000.0,AUTOMATIC,PETROL,65.0,NEW,765.0,2026-09-26
LAND-ROVER,DEFENDER,2026,2000.0,AUTOMATIC,PETROL,10.0,NEW,795.0,2026-09-25
LAND-ROVER,DEFENDER,2026,2000.0,AUTOMATIC,PETROL,0.0,NEW,815.0,2026-09-25
LAND-ROVER,DEFENDER,2026,2000.0,AUTOMATIC,PETROL,0.0,NEW,780.0,2026-09-25
LAND-ROVER,DEFENDER,2026,1997.0,AUTOMATIC,PETROL,0.0,NEW,770.0,2026-09-25
LAND-ROVER,DEFENDER,2026,2000.0,AUTOMATIC,HYBRID,100.0,USED,765.0,2026-09-24
LAND-ROVER,DEFENDER,2026,2000.0,AUTOMATIC,PETROL,0.0,NEW,770.0,2026-09-24
LAND-ROVER,DEFENDER,2026,2000.0,AUTOMATIC,PETROL,0.0,NEW,680.0,2026-09-24
LAND-ROVER,DEFENDER,2026,2000.0,AUTOMATIC,PETROL,0.0,NEW,779.0,2026-09-26
LAND-ROVER,DEFENDER,2026,2000.0,AUTOMATIC,PETROL,0.0,NEW,769.5,2026-09-26
LAND-ROVER,DEFENDER,2026,2000.0,AUTOMATIC,HYBRID,0.0,NEW,769.5,2026-09-26
LAND-ROVER,DEFENDER,2026,2000.0,AUTOMATIC,HYBRID,0.0,NEW,885.0,2026-09-26
LAND-ROVER,DEFENDER,2026,2000.0,AUTOMATIC,PETROL,37.0,NEW,765.0,2026-09-26
LAND-ROVER,DEFENDER,2026,2000.0,AUTOMATIC,PETROL,10.0,NEW,732.5,2026-09-26
LAND-ROVER,DEFENDER 110,2006,2500.0,MANUAL,DIESEL,209000.0,USED,210.0,2024-12-19
LAND-ROVER,DISCOVERY,2014,3000.0,AUTOMATIC,DIESEL,160000.0,USED,298.9,2026-09-25
LAND-ROVER,DISCOVERY,2014,3000.0,AUTOMATIC,DIESEL,185000.0,USED,270.0,2026-09-26
LAND-ROVER,DISCOVERY,2014,3000.0,AUTOMATIC,DIESEL,143000.0,USED,215.0,2026-09-26
LAND-ROVER,DISCOVERY,2015,3000.0,AUTOMATIC,DIESEL,140000.0,USED,285.0,2026-09-24
LAND-ROVER,DISCOVERY,2016,3000.0,AUTOMATIC,DIESEL,226000.0,USED,290.0,2026-09-25
LAND-ROVER,DISCOVERY,2019,2000.0,AUTOMATIC,DIESEL,50000.0,USED,375.0,2026-09-24
LAND-ROVER,DISCOVERY,2019,2000.0,AUTOMATIC,DIESEL,37000.0,USED,325.0,2026-09-26
LAND-ROVER,DISCOVERY SPORT,2017,2000.0,AUTOMATIC,DIESEL,139000.0,USED,179.0,2026-09-26
LAND-ROVER,DISCOVERY SPORT,2025,1500.0,AUTOMATIC,HYBRID,5200.0,USED,519.0,2026-09-24
LAND-ROVER,FREELANDER,2014,2200.0,AUTOMATIC,DIESEL,115000.0,USED,95.5,2026-09-24
LAND-ROVER,RANGE ROVER,2013,2000.0,AUTOMATIC,DIESEL,160000.0,USED,132.0,2026-09-24
LAND-ROVER,RANGE ROVER,2018,2000.0,AUTOMATIC,PETROL,50000.0,USED,495.0,2026-09-24
LAND-ROVER,RANGE ROVER,2018,3000.0,AUTOMATIC,PETROL,70000.0,USED,495.0,2026-09-25
LAND-ROVER,RANGE ROVER,2018,1997.0,AUTOMATIC,HYBRID,47575.0,USED,620.0,2026-09-25
LAND-ROVER,RANGE ROVER,2019,2000.0,AUTOMATIC,PETROL,82000.0,USED,675.0,2026-09-25
LAND-ROVER,RANGE ROVER,2019,2000.0,AUTOMATIC,PETROL,58000.0,USED,795.0,2026-09-25
LAND-ROVER,RANGE ROVER,2019,2000.0,AUTOMATIC,PETROL,70000.0,USED,635.0,2026-09-25
LAND-ROVER,RANGE ROVER,2024,3000.0,AUTOMATIC,PETROL,786.0,NEW,1480.0,2026-09-25
LAND-ROVER,RANGE ROVER,2025,4400.0,AUTOMATIC,PETROL,0.0,NEW,2550.0,2026-09-25
LAND-ROVER,RANGE ROVER,2025,3000.0,AUTOMATIC,PETROL,0.0,NEW,1595.0,2026-09-25
LAND-ROVER,RANGE ROVER,2025,3000.0,AUTOMATIC,PETROL,0.0,NEW,1675.0,2026-09-25
LAND-ROVER,RANGE ROVER,2025,3000.0,AUTOMATIC,PETROL,0.0,NEW,1580.0,2026-09-25
LAND-ROVER,RANGE ROVER,2026,3000.0,AUTOMATIC,HYBRID,0.0,NEW,1725.0,2026-09-24
LAND-ROVER,RANGE ROVER EVOQUE,2013,2179.0,AUTOMATIC,DIESEL,105792.0,USED,165.0,2026-09-26
LAND-ROVER,RANGE ROVER EVOQUE,2025,1500.0,AUTOMATIC,PETROL,0.0,NEW,475.0,2026-09-25
LAND-ROVER,RANGE ROVER EVOQUE,2025,2000.0,AUTOMATIC,PETROL,3000.0,USED,460.0,2026-09-26
LAND-ROVER,RANGE ROVER EVOQUE,2026,1500.0,AUTOMATIC,HYBRID,0.0,NEW,580.0,2026-09-26
LAND-ROVER,RANGE ROVER SPORT,2013,3000.0,AUTOMATIC,DIESEL,112000.0,USED,275.0,2026-09-26
LAND-ROVER,RANGE ROVER SPORT,2017,3000.0,AUTOMATIC,PETROL,90000.0,USED,375.0,2026-09-26
LAND-ROVER,RANGE ROVER SPORT,2018,2000.0,AUTOMATIC,PETROL,50000.0,USED,399.0,2026-09-25
LAND-ROVER,RANGE ROVER SPORT,2018,2000.0,AUTOMATIC,DIESEL,135000.0,USED,360.0,2026-09-24
LAND-ROVER,RANGE ROVER SPORT,2018,2000.0,AUTOMATIC,HYBRID,70000.0,USED,385.0,2026-09-26
LAND-ROVER,RANGE ROVER SPORT,2018,2000.0,AUTOMATIC,DIESEL,31000.0,USED,535.0,2026-09-26
LAND-ROVER,RANGE ROVER SPORT,2019,2000.0,AUTOMATIC,DIESEL,60000.0,USED,355.0,2026-09-24
LAND-ROVER,RANGE ROVER VELAR,2018,2000.0,AUTOMATIC,PETROL,45000.0,USED,434.9,2026-09-24
LAND-ROVER,RANGE ROVER VELAR,2024,2000.0,AUTOMATIC,HYBRID,2400.0,USED,765.55,2026-09-23
LEXUS,CT200H,2012,1800.0,AUTOMATIC,PETROL,143000.0,USED,98.0,2025-01-24
LEXUS,HS250,2013,2400.0,AUTOMATIC,PETROL,132000.0,USED,127.9,2025-02-05
LEXUS,LBX,2024,1500.0,AUTOMATIC,HYBRID,3500.0,USED,253.5,2026-09-24
LEXUS,LBX,2025,1500.0,AUTOMATIC,PETROL,6300.0,USED,225.0,2026-09-24
LEXUS,LX570,2017,5700.0,AUTOMATIC,PETROL,70000.0,USED,675.0,2026-09-25
LEXUS,LX570,2017,5663.0,AUTOMATIC,PETROL,68410.0,USED,645.0,2026-09-25
LEXUS,NX 300H,2015,2468.0,AUTOMATIC,PETROL,110000.0,USED,340.0,2024-12-30
LEXUS,NX 300H,2015,2500.0,AUTOMATIC,PETROL,118000.0,USED,172.0,2026-09-24
LEXUS,RX500H,2025,2400.0,AUTOMATIC,HYBRID,5000.0,USED,600.0,2026-09-24
MAHINDRA,KUV 100,2021,1200.0,AUTOMATIC,DIESEL,191000.0,USED,54.0,2026-09-23
MAHINDRA,KUV 100,2023,1200.0,AUTOMATIC,DIESEL,65000.0,USED,63.9,2026-09-26
MAHINDRA,KV100,2022,1080.0,MANUAL,PETROL,33000.0,USED,58.95,2024-12-11
MAHINDRA,MAHINDRA,2022,1080.0,MANUAL,PETROL,33000.0,USED,58.95,2024-12-10
MAHINDRA,SCORPIO,2026,2179.0,MANUAL,DIESEL,0.0,NEW,76.22881,2026-09-25
MAHINDRA,SCORPIO PIKUP,2026,2179.0,MANUAL,DIESEL,0.0,NEW,76.22881,2026-09-25
MARUTI SUZUKI,800,2000,800.0,MANUAL,PETROL,130000.0,USED,17.5,2026-09-26
MARUTI SUZUKI,800,2002,796.0,MANUAL,PETROL,99000.0,USED,18.75,2026-09-23
MARUTI SUZUKI,800,2003,800.0,MANUAL,PETROL,200000.0,USED,18.0,2026-09-26
MARUTI SUZUKI,800,2011,800.0,MANUAL,PETROL,63000.0,USED,22.9,2026-09-25
MARUTI SUZUKI,800,2012,800.0,MANUAL,PETROL,60000.0,USED,25.4,2026-09-26
MARUTI SUZUKI,ALTO,2007,800.0,MANUAL,PETROL,210000.0,USED,27.5,2026-09-25
MARUTI SUZUKI,ALTO,2014,796.0,MANUAL,PETROL,90648.0,USED,41.9,2026-09-23
MAXUS,T90,2025,2000.0,AUTOMATIC,DIESEL,0.0,NEW,182.0,2026-09-24
MAZDA,2 SKYACTIVE,2016,1500.0,AUTOMATIC,PETROL,99000.0,USED,88.75,2024-12-20
MAZDA,3,1989,1300.0,MANUAL,PETROL,31917.0,USED,15.5,2026-09-26
MAZDA,3,2004,1600.0,AUTOMATIC,PETROL,231000.0,USED,57.5,2024-12-24
MAZDA,3,2006,1600.0,AUTOMATIC,PETROL,209000.0,USED,54.9,2024-12-04
MAZDA,3,2007,1500.0,AUTOMATIC,PETROL,198000.0,USED,58.0,2024-12-18
MAZDA,3,2007,1542.0,MANUAL,PETROL,198000.0,USED,58.0,2024-12-18
MAZDA,3,2008,1600.0,AUTOMATIC,PETROL,187000.0,USED,58.5,2024-12-09
MAZDA,3,2012,1500.0,AUTOMATIC,PETROL,143000.0,USED,75.0,2025-01-18
MAZDA,3,2015,1500.0,AUTOMATIC,PETROL,110000.0,USED,80.25,2025-01-29
MAZDA,323,1985,1500.0,MANUAL,PETROL,440000.0,USED,12.0,2025-01-30
MAZDA,323,1985,1100.0,MANUAL,PETROL,440000.0,USED,8.0,2024-12-14
MAZDA,323,1987,1300.0,MANUAL,PETROL,418000.0,USED,9.8,2025-01-26
MAZDA,323,1988,1300.0,MANUAL,PETROL,407000.0,USED,5.9,2025-02-05
MAZDA,323,1994,1324.0,MANUAL,PETROL,341000.0,USED,21.75,2025-02-03
MAZDA,323,1994,1300.0,MANUAL,PETROL,341000.0,USED,16.5,2025-01-15
MAZDA,323,1998,1500.0,MANUAL,PETROL,297000.0,USED,28.25,2025-02-02
MAZDA,323,2000,1500.0,AUTOMATIC,PETROL,275000.0,USED,33.0,2024-12-28
MAZDA,323,2001,1300.0,AUTOMATIC,PETROL,264000.0,USED,30.95,2025-01-16
MAZDA,6,2013,2000.0,AUTOMATIC,PETROL,132000.0,USED,12.6,2025-01-23
MAZDA,6,2014,2500.0,AUTOMATIC,PETROL,130000.0,USED,106.5,2026-09-24
MAZDA,6,2015,2000.0,AUTOMATIC,PETROL,110000.0,USED,155.0,2025-02-02
MAZDA,6,2015,2500.0,AUTOMATIC,PETROL,94000.0,USED,138.0,2026-09-25
MAZDA,ASTINA,1989,1500.0,MANUAL,PETROL,396000.0,USED,15.5,2025-02-05
MAZDA,ASTINA,1989,1500.0,MANUAL,PETROL,396000.0,USED,15.5,2025-02-04
MAZDA,AXELA,2002,1490.0,AUTOMATIC,PETROL,253000.0,USED,55.0,2024-12-31
MAZDA,AXELA,2007,1500.0,AUTOMATIC,PETROL,198000.0,USED,55.0,2025-02-03
MAZDA,AXELA,2007,1500.0,AUTOMATIC,PETROL,198000.0,USED,53.75,2025-01-26
MAZDA,AXELA,2007,1500.0,AUTOMATIC,PETROL,198000.0,USED,57.0,2024-12-17
MAZDA,AXELA,2007,1500.0,AUTOMATIC,PETROL,198000.0,USED,52.5,2024-12-05
MAZDA,AXELA,2010,1500.0,AUTOMATIC,PETROL,165000.0,USED,50.25,2025-02-05
MAZDA,AXELA,2010,1490.0,AUTOMATIC,PETROL,165000.0,USED,76.5,2025-01-19
MAZDA,AXELA,2013,1500.0,AUTOMATIC,HYBRID,132000.0,USED,128.0,2025-01-24
MAZDA,AXELA,2013,2000.0,AUTOMATIC,HYBRID,132000.0,USED,135.0,2025-01-23
MAZDA,AXELA,2013,2000.0,AUTOMATIC,HYBRID,132000.0,USED,122.0,2024-12-25
MAZDA,AXELA,2014,2000.0,AUTOMATIC,HYBRID,121000.0,USED,122.0,2025-02-04
MAZDA,BF,1988,1300.0,MANUAL,PETROL,407000.0,USED,11.45,2025-01-21
MAZDA,BF3 FAMILIA HATCHBACK,1987,1300.0,MANUAL,PETROL,418000.0,USED,9.85,2025-02-02
MAZDA,BF3P,1991,1300.0,MANUAL,PETROL,374000.0,USED,11.0,2025-02-03
MAZDA,BH3,1990,1320.0,MANUAL,PETROL,385000.0,USED,18.75,2024-12-08
MAZDA,BJ3P JAPAN,2000,1320.0,AUTOMATIC,PETROL,275000.0,USED,29.95,2025-02-05
MAZDA,BJ5P,2001,1500.0,AUTOMATIC,PETROL,264000.0,USED,33.3,2024-12-25
MAZDA,BJ5P,2003,1500.0,AUTOMATIC,PETROL,242000.0,USED,32.5,2025-01-31
MAZDA,BUTTERFLY,1997,1500.0,AUTOMATIC,PETROL,308000.0,USED,24.45,2025-01-06
MAZDA,CAROL,2015,650.0,AUTOMATIC,PETROL,110000.0,USED,53.75,2025-02-05
MAZDA,CAROL,2015,660.0,AUTOMATIC,PETROL,110000.0,USED,53.75,2025-02-02
MAZDA,CAROL,2023,660.0,AUTOMATIC,PETROL,16000.0,USED,65.9,2026-09-25
MAZDA,CAROL,2023,658.0,AUTOMATIC,PETROL,12886.0,USED,64.9,2026-09-25
MAZDA,CAROL,2023,660.0,AUTOMATIC,PETROL,16400.0,USED,65.0,2026-09-25
MAZDA,CAROL,2023,660.0,AUTOMATIC,PETROL,18850.0,USED,65.5,2026-09-26
MAZDA,CIVIC TECH PACK ESEAT,2018,1000.0,AUTOMATIC,PETROL,77000.0,USED,138.0,2025-02-04
MAZDA,CX-5,2013,2000.0,AUTOMATIC,PETROL,174000.0,USED,101.5,2026-09-25
MAZDA,DEMIO,1997,1400.0,MANUAL,PETROL,308000.0,USED,26.0,2025-01-31
MAZDA,DEMIO,1998,1300.0,MANUAL,PETROL,297000.0,USED,23.75,2024-12-30
MAZDA,DEMIO,1998,1340.0,MANUAL,PETROL,297000.0,USED,26.75,2024-12-15
MAZDA,DEMIO,1999,1300.0,MANUAL,PETROL,286000.0,USED,10.3,2025-02-02
MAZDA,DEMIO,1999,1320.0,AUTOMATIC,PETROL,286000.0,USED,10.3,2024-12-19
MAZDA,DEMIO,2000,1300.0,AUTOMATIC,PETROL,275000.0,USED,26.75,2025-01-08
MAZDA,DEMIO,2000,1300.0,AUTOMATIC,PETROL,275000.0,USED,32.0,2025-01-24
MAZDA,DEMIO,2000,1300.0,AUTOMATIC,PETROL,275000.0,USED,25.9,2024-12-20
MAZDA,DEMIO,2000,1300.0,AUTOMATIC,PETROL,275000.0,USED,25.9,2024-12-12
MAZDA,DEMIO,2001,1000.0,AUTOMATIC,PETROL,264000.0,USED,9.75,2025-01-31
MAZDA,DEMIO,2001,1274.0,AUTOMATIC,PETROL,264000.0,USED,9.75,2025-01-30
MAZDA,DEMIO,2001,1300.0,AUTOMATIC,PETROL,264000.0,USED,27.5,2025-01-18
MAZDA,DEMIO,2001,1000.0,AUTOMATIC,PETROL,264000.0,USED,9.75,2025-01-28
MAZDA,DEMIO,2001,1000.0,AUTOMATIC,PETROL,264000.0,USED,9.75,2025-01-25
MAZDA,DEMIO,2001,1000.0,AUTOMATIC,PETROL,264000.0,USED,9.75,2025-01-24
MAZDA,DEMIO,2002,1330.0,AUTOMATIC,PETROL,253000.0,USED,33.75,2025-01-13
MAZDA,DEMIO,2002,1330.0,AUTOMATIC,PETROL,253000.0,USED,33.75,2024-12-06
MAZDA,DEMIO,2003,1300.0,AUTOMATIC,PETROL,242000.0,USED,31.75,2025-01-22
MAZDA,DEMIO,2003,1500.0,MANUAL,PETROL,242000.0,USED,26.5,2024-12-16
MAZDA,DEMIO,2004,1300.0,AUTOMATIC,PETROL,231000.0,USED,8.75,2025-01-08
MAZDA,DEMIO,2005,1400.0,AUTOMATIC,PETROL,220000.0,USED,8.75,2024-12-28
MAZDA,DEMIO,2007,1300.0,AUTOMATIC,PETROL,198000.0,USED,47.9,2025-02-05
MAZDA,DEMIO,2007,1300.0,AUTOMATIC,PETROL,198000.0,USED,52.5,2025-02-05
MAZDA,DEMIO,2007,1000.0,AUTOMATIC,PETROL,198000.0,USED,9.95,2025-02-03
MAZDA,DEMIO,2007,1300.0,AUTOMATIC,PETROL,198000.0,USED,52.75,2025-02-02
MAZDA,DEMIO,2007,1300.0,AUTOMATIC,PETROL,198000.0,USED,52.9,2025-01-22
MAZDA,DEMIO,2007,1340.0,AUTOMATIC,PETROL,198000.0,USED,49.75,2024-12-31
MAZDA,DEMIO,2007,1300.0,AUTOMATIC,PETROL,198000.0,USED,48.25,2024-12-18
MAZDA,DEMIO,2007,1300.0,AUTOMATIC,PETROL,198000.0,USED,47.65,2024-12-09
MAZDA,DEMIO,2008,1000.0,AUTOMATIC,PETROL,187000.0,USED,9.75,2025-02-05
MAZDA,DEMIO,2008,1300.0,AUTOMATIC,PETROL,187000.0,USED,48.5,2025-01-13
MAZDA,DEMIO,2008,1340.0,AUTOMATIC,PETROL,187000.0,USED,48.5,2025-01-20
MAZDA,DEMIO,2008,1300.0,MANUAL,PETROL,187000.0,USED,45.0,2024-12-17
MAZDA,DEMIO,2009,1300.0,AUTOMATIC,PETROL,176000.0,USED,50.25,2025-02-05
MAZDA,DEMIO,2009,1300.0,AUTOMATIC,PETROL,176000.0,USED,49.5,2025-02-01
MAZDA,DEMIO,2009,1340.0,AUTOMATIC,PETROL,176000.0,USED,47.5,2025-01-22
MAZDA,DEMIO,2009,1300.0,AUTOMATIC,PETROL,176000.0,USED,48.5,2024-12-23
MAZDA,DEMIO,2009,1340.0,AUTOMATIC,PETROL,176000.0,USED,58.75,2024-12-07
MAZDA,DEMIO,2010,1340.0,AUTOMATIC,PETROL,165000.0,USED,53.9,2025-01-25
MAZDA,DEMIO,2010,1300.0,AUTOMATIC,PETROL,165000.0,USED,55.45,2024-12-15
MAZDA,DEMIO,2010,1340.0,AUTOMATIC,PETROL,165000.0,USED,57.0,2024-12-10
MAZDA,DEMIO DW5W GE-,1997,1400.0,AUTOMATIC,PETROL,308000.0,USED,25.75,2024-12-27
MAZDA,DEMIO JAPAN,2009,1300.0,AUTOMATIC,PETROL,176000.0,USED,49.5,2025-02-05
MAZDA,EUNOS 100 ASTINA,1992,1490.0,MANUAL,PETROL,363000.0,USED,24.8,2025-01-28
MAZDA,FAMILIA,1985,1200.0,MANUAL,PETROL,440000.0,USED,47.0,2024-12-13
MAZDA,FAMILIA,1987,1330.0,MANUAL,PETROL,418000.0,USED,51.75,2025-02-03
MAZDA,FAMILIA,1987,1500.0,MANUAL,PETROL,418000.0,USED,51.75,2025-02-03
MAZDA,FAMILIA,1987,1300.0,MANUAL,PETROL,418000.0,USED,51.75,2025-02-02
MAZDA,FAMILIA,1987,1320.0,MANUAL,PETROL,418000.0,USED,12.5,2025-01-15
MAZDA,FAMILIA,1989,1320.0,MANUAL,PETROL,396000.0,USED,15.75,2025-02-03
MAZDA,FAMILIA,1989,1320.0,MANUAL,PETROL,396000.0,USED,16.25,2025-01-10
MAZDA,FAMILIA,1989,1320.0,MANUAL,PETROL,396000.0,USED,13.75,2025-01-23
MAZDA,FAMILIA,1989,1800.0,MANUAL,PETROL,396000.0,USED,12.75,2024-12-30
MAZDA,FAMILIA,1989,1290.0,MANUAL,PETROL,396000.0,USED,8.95,2024-12-08
MAZDA,FAMILIA,1990,1200.0,MANUAL,PETROL,385000.0,USED,51.75,2025-02-01
MAZDA,FAMILIA,1990,1200.0,MANUAL,PETROL,385000.0,USED,10.6,2024-12-11
MAZDA,FAMILIA,1993,1300.0,MANUAL,PETROL,352000.0,USED,16.0,2025-02-02
MAZDA,FAMILIA,1993,1320.0,MANUAL,PETROL,352000.0,USED,23.0,2025-01-04
MAZDA,FAMILIA,1993,1480.0,AUTOMATIC,PETROL,352000.0,USED,22.25,2024-12-28
MAZDA,FAMILIA,1995,1400.0,MANUAL,PETROL,330000.0,USED,12.95,2025-01-17
MAZDA,FAMILIA,1995,1500.0,MANUAL,PETROL,330000.0,USED,19.5,2024-12-08
MAZDA,FAMILIA,1996,1480.0,AUTOMATIC,PETROL,319000.0,USED,22.5,2025-02-04
MAZDA,FAMILIA,1996,1480.0,MANUAL,PETROL,319000.0,USED,23.95,2025-01-17
MAZDA,FAMILIA,1996,1499.0,AUTOMATIC,PETROL,319000.0,USED,25.0,2025-01-22
MAZDA,FAMILIA,1997,1320.0,AUTOMATIC,PETROL,308000.0,USED,25.65,2025-01-31
MAZDA,FAMILIA,1997,1680.0,MANUAL,DIESEL,308000.0,USED,5.0,2024-12-20
MAZDA,FAMILIA,1997,1500.0,AUTOMATIC,PETROL,308000.0,USED,24.0,2024-12-19
MAZDA,FAMILIA,1998,1300.0,MANUAL,PETROL,297000.0,USED,16.5,2024-12-06
MAZDA,FAMILIA,1999,1300.0,AUTOMATIC,PETROL,286000.0,USED,31.0,2024-12-29
MAZDA,FAMILIA,2000,1300.0,MANUAL,PETROL,275000.0,USED,31.0,2025-02-04
MAZDA,FAMILIA,2000,1500.0,AUTOMATIC,PETROL,275000.0,USED,19.75,2025-01-23
MAZDA,FAMILIA,2000,1490.0,AUTOMATIC,PETROL,275000.0,USED,19.75,2025-01-21
MAZDA,FAMILIA,2000,1350.0,MANUAL,PETROL,275000.0,USED,28.5,2024-12-08
MAZDA,FAMILIA,2000,1500.0,MANUAL,PETROL,275000.0,USED,28.5,2024-12-07
MAZDA,FAMILIA,2001,1500.0,AUTOMATIC,PETROL,264000.0,USED,30.45,2025-02-03
MAZDA,FAMILIA,2001,1350.0,AUTOMATIC,PETROL,264000.0,USED,30.45,2025-02-03
MAZDA,FAMILIA,2001,1400.0,AUTOMATIC,PETROL,264000.0,USED,30.0,2025-02-01
MAZDA,FAMILIA,2001,1500.0,AUTOMATIC,PETROL,264000.0,USED,30.9,2025-01-31
MAZDA,FAMILIA,2001,1300.0,AUTOMATIC,PETROL,264000.0,USED,30.45,2025-01-31
MAZDA,FAMILIA,2001,1320.0,AUTOMATIC,PETROL,264000.0,USED,30.45,2024-12-26
MAZDA,FAMILIA,2002,1490.0,AUTOMATIC,PETROL,253000.0,USED,19.75,2025-01-25
MAZDA,FAMILIA,2002,1600.0,MANUAL,PETROL,253000.0,USED,15.0,2025-01-23
MAZDA,FAMILIA,2002,1490.0,AUTOMATIC,PETROL,253000.0,USED,33.0,2024-12-19
MAZDA,FAMILIA,2003,1300.0,AUTOMATIC,PETROL,242000.0,USED,35.9,2024-12-11
MAZDA,FAMILIA,2004,1490.0,AUTOMATIC,PETROL,231000.0,USED,19.75,2025-01-14
MAZDA,FAMILIA,2008,1500.0,MANUAL,PETROL,160000.0,USED,39.9,2026-09-24
MAZDA,FAMILIA 323,1988,1500.0,MANUAL,PETROL,407000.0,USED,10.5,2024-12-18
MAZDA,FAMILIA 323,1992,1300.0,MANUAL,PETROL,363000.0,USED,18.0,2024-12-08
MAZDA,FAMILIA 323,1996,1320.0,MANUAL,PETROL,319000.0,USED,14.95,2025-01-31
MAZDA,FAMILIA 323,2000,1373.0,AUTOMATIC,PETROL,275000.0,USED,32.5,2025-01-13
MAZDA,FAMILIA 323 BF,1988,1300.0,MANUAL,PETROL,407000.0,USED,14.5,2025-02-04
MAZDA,FAMILIA 323 BJ5W,2002,1500.0,AUTOMATIC,PETROL,253000.0,USED,34.5,2024-12-30
MAZDA,FAMILIA BF,1986,1500.0,MANUAL,PETROL,429000.0,USED,7.5,2025-02-01
MAZDA,FAMILIA BG3P,1991,1320.0,MANUAL,PETROL,374000.0,USED,13.5,2025-01-05
MAZDA,FAMILIA BG5P,1990,1490.0,MANUAL,PETROL,385000.0,USED,15.9,2025-01-11
MAZDA,FAMILIA BJ5,2001,1490.0,AUTOMATIC,PETROL,264000.0,USED,32.9,2025-01-27
MAZDA,FAMILIA BJ5,2003,1500.0,AUTOMATIC,PETROL,242000.0,USED,27.25,2025-02-04
MAZDA,FAMILIA BJ5,2003,1490.0,MANUAL,PETROL,242000.0,USED,27.25,2025-02-02
MAZDA,FAMILIA BJ5P,1998,1490.0,AUTOMATIC,PETROL,297000.0,USED,31.35,2025-01-31
MAZDA,FAMILIA BJ5P,2000,1500.0,AUTOMATIC,PETROL,275000.0,USED,30.5,2025-01-31
MAZDA,FAMILIA BJ5P,2000,1500.0,AUTOMATIC,PETROL,275000.0,USED,30.9,2025-01-24
MAZDA,FAMILIA BJ5P,2001,1500.0,AUTOMATIC,PETROL,264000.0,USED,32.95,2025-02-05
MAZDA,FAMILIA BJ5P,2001,1500.0,AUTOMATIC,PETROL,264000.0,USED,34.9,2025-01-07
MAZDA,FAMILIA BJ5P,2003,1500.0,AUTOMATIC,PETROL,242000.0,USED,35.9,2025-02-05
MAZDA,FAMILIA BJ5P,2003,1500.0,AUTOMATIC,PETROL,242000.0,USED,38.0,2025-01-06
MAZDA,FAMILIA DX,1992,1500.0,MANUAL,PETROL,363000.0,USED,13.75,2024-12-21
MAZDA,FAMILIA SEDAN,1993,1500.0,MANUAL,PETROL,352000.0,USED,16.0,2025-01-17
MAZDA,FAMILLA BF3,1989,1300.0,MANUAL,PETROL,396000.0,USED,13.0,2025-02-04
MAZDA,FLAIR,2014,650.0,AUTOMATIC,PETROL,121000.0,USED,57.9,2025-02-03
MAZDA,FLAIR,2014,800.0,AUTOMATIC,PETROL,121000.0,USED,57.5,2024-12-09
MAZDA,FLAIR,2015,660.0,AUTOMATIC,PETROL,110000.0,USED,55.5,2024-12-23
MAZDA,FLAIR,2016,660.0,AUTOMATIC,PETROL,99000.0,USED,62.12499999999999,2024-12-11
MAZDA,FLAIR,2023,650.0,AUTOMATIC,HYBRID,14505.0,USED,76.5,2026-09-26
MAZDA,FLAIR,2024,660.0,AUTOMATIC,HYBRID,6000.0,USED,85.75,2026-09-26
MAZDA,MAZDA,1993,1320.0,MANUAL,PETROL,352000.0,USED,4.0,2024-12-19
MAZDA,MAZDA,1993,1320.0,MANUAL,PETROL,352000.0,USED,18.0,2024-12-08
MAZDA,MAZDA,1994,1390.0,MANUAL,PETROL,341000.0,USED,13.6,2025-02-04
MAZDA,MAZDA,2000,1490.0,AUTOMATIC,PETROL,275000.0,USED,19.75,2025-01-20
MAZDA,MAZDA,2002,1490.0,AUTOMATIC,PETROL,253000.0,USED,19.75,2025-01-09
MAZDA,MAZDA,2008,1300.0,AUTOMATIC,PETROL,187000.0,USED,59.5,2025-01-22
MAZDA,MAZDA,2008,1340.0,AUTOMATIC,PETROL,187000.0,USED,49.0,2024-12-12
MAZDA,MR 90,1992,1400.0,MANUAL,PETROL,363000.0,USED,8.35,2025-02-04
MAZDA,MR 90,1992,1300.0,MANUAL,PETROL,363000.0,USED,7.5,2024-12-22
MAZDA,MR 90,1993,1400.0,MANUAL,PETROL,352000.0,USED,10.95,2025-02-04
MAZDA,MR 90,1993,1400.0,MANUAL,PETROL,352000.0,NEW,11.95,2025-01-31
MAZDA,MR 90,1994,1300.0,MANUAL,PETROL,341000.0,USED,11.75,2025-01-09
MAZDA,MR 90,1995,1400.0,MANUAL,PETROL,330000.0,USED,12.0,2025-01-30
MAZDA,MR 90 JAPAN,1994,1400.0,MANUAL,PETROL,341000.0,USED,11.75,2024-12-23
MAZDA,RX,2004,2000.0,MANUAL,PETROL,82826.0,USED,52.0,2026-09-23
MAZDA,RX-8,2004,1300.0,AUTOMATIC,PETROL,231000.0,USED,64.5,2025-01-25
MAZDA,RX-8,2005,1300.0,AUTOMATIC,PETROL,220000.0,USED,78.0,2025-01-11
MAZDA,RX-8,2008,1300.0,AUTOMATIC,PETROL,187000.0,USED,60.9,2025-01-13
MAZDA,RX-8,2008,1300.0,MANUAL,PETROL,187000.0,USED,60.9,2025-01-08
MAZDA,RX-8,2009,1300.0,MANUAL,PETROL,176000.0,USED,68.5,2024-12-31
MAZDA,RX-8,2018,1300.0,AUTOMATIC,PETROL,77000.0,USED,70.95,2025-01-28
MAZDA,RX-8 SERIES 2,2008,1300.0,AUTOMATIC,PETROL,187000.0,USED,70.0,2024-12-29
MAZDA,TRIBUTE,2001,1980.0,AUTOMATIC,PETROL,264000.0,USED,36.0,2025-01-22
MAZDA,WAGON,1985,1500.0,MANUAL,PETROL,440000.0,USED,5.25,2025-01-28
MAZDA,WAGON,1989,1200.0,MANUAL,PETROL,396000.0,USED,4.25,2025-01-09
MAZDA,WAGON,1990,1600.0,MANUAL,DIESEL,385000.0,USED,8.5,2025-02-04
MAZDA,WAGON R,2015,650.0,AUTOMATIC,HYBRID,110000.0,USED,57.0,2024-12-12
MAZDA,WAGON R FLAIR,2018,850.0,AUTOMATIC,PETROL,77000.0,USED,57.5,2025-01-17
MERCEDES-BENZ,- KOMPESSOR C180,2003,1800.0,AUTOMATIC,PETROL,242000.0,USED,78.9,2025-02-03
MERCEDES-BENZ,-123,1987,2000.0,MANUAL,DIESEL,418000.0,USED,14.5,2025-01-09
MERCEDES-BENZ,-CLA 180 AMG,2017,1600.0,AUTOMATIC,PETROL,88000.0,USED,220.5,2025-01-29
MERCEDES-BENZ,123,1984,1500.0,MANUAL,DIESEL,451000.0,USED,40.0,2025-01-19
MERCEDES-BENZ,190 D,1985,1900.0,MANUAL,DIESEL,440000.0,USED,27.0,2025-02-03
MERCEDES-BENZ,200D,1978,2000.0,MANUAL,DIESEL,517000.0,USED,19.5,2025-02-05
MERCEDES-BENZ,250,1988,2500.0,MANUAL,DIESEL,407000.0,USED,37.95,2025-02-05
MERCEDES-BENZ,280S,1984,3000.0,AUTOMATIC,DIESEL,451000.0,USED,45.0,2024-12-19
MERCEDES-BENZ,A180,2019,1500.0,AUTOMATIC,PETROL,11657.0,USED,200.0,2026-09-26
MERCEDES-BENZ,A180,2025,1300.0,AUTOMATIC,HYBRID,2000.0,USED,355.0,2026-09-24
MERCEDES-BENZ,C CLASS C180 PREMIUM,2016,1600.0,AUTOMATIC,PETROL,99000.0,USED,239.0,2025-01-28
MERCEDES-BENZ,C180,2002,2000.0,AUTOMATIC,PETROL,253000.0,USED,61.84374999999999,2025-02-04
MERCEDES-BENZ,C180,2002,1990.0,AUTOMATIC,PETROL,253000.0,USED,61.84374999999999,2025-01-25
MERCEDES-BENZ,C180,2003,1800.0,AUTOMATIC,PETROL,242000.0,USED,98.95,2025-01-11
MERCEDES-BENZ,C180,2008,1800.0,AUTOMATIC,PETROL,187000.0,USED,132.0,2025-01-20
MERCEDES-BENZ,C180,2009,1800.0,AUTOMATIC,PETROL,176000.0,USED,108.0,2025-01-18
MERCEDES-BENZ,C180,2010,1597.0,AUTOMATIC,PETROL,165000.0,USED,107.0,2025-02-02
MERCEDES-BENZ,C180,2010,1600.0,AUTOMATIC,PETROL,165000.0,USED,119.5,2024-12-27
MERCEDES-BENZ,C180,2010,1600.0,AUTOMATIC,PETROL,165000.0,USED,139.0,2024-12-19
MERCEDES-BENZ,C180,2010,1600.0,AUTOMATIC,PETROL,97000.0,USED,118.0,2026-09-24
MERCEDES-BENZ,C180,2010,1800.0,AUTOMATIC,PETROL,130000.0,USED,75.0,2026-09-26
MERCEDES-BENZ,C180,2011,1600.0,AUTOMATIC,PETROL,154000.0,USED,109.9,2025-01-27
MERCEDES-BENZ,C180,2011,1800.0,AUTOMATIC,PETROL,154000.0,USED,119.5,2025-01-26
MERCEDES-BENZ,C180,2011,1800.0,AUTOMATIC,PETROL,154000.0,USED,176.89375,2025-01-22
MERCEDES-BENZ,C180,2016,1600.0,AUTOMATIC,PETROL,99000.0,USED,176.89375,2025-01-24
MERCEDES-BENZ,C180,2016,1600.0,AUTOMATIC,PETROL,89176.0,USED,175.0,2026-09-25
MERCEDES-BENZ,C180,2017,1600.0,AUTOMATIC,PETROL,50000.0,USED,175.0,2026-09-21
MERCEDES-BENZ,C180,2024,1500.0,AUTOMATIC,PETROL,3000.0,USED,335.0,2026-09-25
MERCEDES-BENZ,C180 AMG LINE,2017,1600.0,AUTOMATIC,PETROL,88000.0,USED,249.9,2025-02-01
MERCEDES-BENZ,C180 BLUEEFFICIENCY,2011,1600.0,AUTOMATIC,PETROL,154000.0,USED,138.0,2024-12-12
MERCEDES-BENZ,C180 COMPASSURE,2011,1800.0,AUTOMATIC,PETROL,154000.0,USED,118.0,2024-12-27
MERCEDES-BENZ,C180 KOMPRESSOR,2010,1600.0,AUTOMATIC,PETROL,165000.0,USED,109.75,2025-02-01
MERCEDES-BENZ,C180 KOMPRESSOR,2010,1600.0,AUTOMATIC,PETROL,165000.0,USED,107.0,2025-01-25
MERCEDES-BENZ,C180 LIMOUSINE,2016,1608.0,AUTOMATIC,PETROL,99000.0,USED,255.0,2025-01-20
MERCEDES-BENZ,C180 M271 REG,2009,1800.0,AUTOMATIC,PETROL,176000.0,USED,98.5,2025-01-29
MERCEDES-BENZ,C180 W203,2002,1998.0,AUTOMATIC,PETROL,253000.0,USED,74.6,2025-02-02
MERCEDES-BENZ,C180AMG,2010,1800.0,AUTOMATIC,PETROL,165000.0,USED,132.5,2025-01-07
MERCEDES-BENZ,C200,2001,1800.0,AUTOMATIC,PETROL,264000.0,USED,69.5,2025-02-04
MERCEDES-BENZ,C200,2006,1800.0,AUTOMATIC,PETROL,209000.0,USED,69.5,2025-01-30
MERCEDES-BENZ,C200,2007,1650.0,AUTOMATIC,PETROL,198000.0,USED,25.75,2025-02-03
MERCEDES-BENZ,C200,2007,1587.0,AUTOMATIC,PETROL,198000.0,USED,25.75,2025-01-30
MERCEDES-BENZ,C200,2008,1800.0,AUTOMATIC,PETROL,187000.0,USED,108.5,2025-01-12
MERCEDES-BENZ,C200,2015,1600.0,AUTOMATIC,DIESEL,54604.0,USED,232.0,2026-09-25
MERCEDES-BENZ,C200,2016,1500.0,AUTOMATIC,PETROL,99000.0,USED,243.0,2025-02-04
MERCEDES-BENZ,C200,2016,1500.0,AUTOMATIC,PETROL,99000.0,USED,243.0,2025-01-30
MERCEDES-BENZ,C200,2018,1500.0,AUTOMATIC,PETROL,77000.0,USED,298.0,2025-02-05
MERCEDES-BENZ,C200,2018,1500.0,AUTOMATIC,PETROL,77000.0,USED,320.0,2025-01-21
MERCEDES-BENZ,C200,2018,1497.0,AUTOMATIC,HYBRID,77000.0,USED,350.0,2025-01-02
MERCEDES-BENZ,C200,2018,1500.0,AUTOMATIC,PETROL,80000.0,USED,220.0,2026-08-31
MERCEDES-BENZ,C200,2018,1500.0,AUTOMATIC,PETROL,71000.0,USED,250.0,2026-09-26
MERCEDES-BENZ,C200,2018,1500.0,AUTOMATIC,PETROL,65000.0,USED,240.0,2026-09-25
MERCEDES-BENZ,C200,2019,1500.0,AUTOMATIC,PETROL,66000.0,USED,325.0,2025-02-03
MERCEDES-BENZ,C200,2019,1500.0,AUTOMATIC,PETROL,66000.0,USED,310.0,2025-01-24
MERCEDES-BENZ,C200,2019,1500.0,AUTOMATIC,PETROL,77998.0,USED,265.0,2026-09-25
MERCEDES-BENZ,C200,2019,1500.0,AUTOMATIC,PETROL,74000.0,USED,235.0,2026-09-25
MERCEDES-BENZ,C200,2019,1500.0,AUTOMATIC,PETROL,25000.0,USED,257.5,2026-09-24
MERCEDES-BENZ,C200,2019,1500.0,AUTOMATIC,PETROL,85000.0,USED,227.5,2026-09-23
MERCEDES-BENZ,C200,2019,1500.0,AUTOMATIC,PETROL,62000.0,USED,247.5,2026-09-26
MERCEDES-BENZ,C200,2019,1500.0,AUTOMATIC,PETROL,70000.0,USED,222.7,2026-09-26
MERCEDES-BENZ,C200,2019,1497.0,AUTOMATIC,PETROL,89000.0,USED,220.0,2026-09-26
MERCEDES-BENZ,C200,2020,1500.0,AUTOMATIC,PETROL,55000.0,USED,348.0,2025-01-31
MERCEDES-BENZ,C200,2022,1500.0,AUTOMATIC,PETROL,8000.0,USED,365.0,2026-09-24
MERCEDES-BENZ,C200,2023,1500.0,AUTOMATIC,PETROL,17000.0,USED,385.0,2026-09-26
MERCEDES-BENZ,C200,2024,1500.0,AUTOMATIC,PETROL,15000.0,USED,396.5,2026-09-24
MERCEDES-BENZ,C200,2025,1500.0,AUTOMATIC,PETROL,1000.0,USED,385.0,2026-09-25
MERCEDES-BENZ,C200,2026,1500.0,AUTOMATIC,PETROL,9000.0,NEW,355.0,2026-09-26
MERCEDES-BENZ,C200 AMG,2015,1800.0,AUTOMATIC,PETROL,110000.0,USED,240.0,2025-01-28
MERCEDES-BENZ,C200 AMG,2018,1500.0,AUTOMATIC,PETROL,77000.0,USED,285.0,2025-02-01
MERCEDES-BENZ,C200 AMG CABRIOLET,2016,2000.0,AUTOMATIC,PETROL,99000.0,USED,335.0,2025-02-01
MERCEDES-BENZ,C200 AMG PREMIUM,2018,1500.0,AUTOMATIC,PETROL,77000.0,USED,298.0,2024-12-21
MERCEDES-BENZ,C200 AMG PREMIUM PLUS,2018,1500.0,AUTOMATIC,PETROL,77000.0,USED,325.0,2025-01-22
MERCEDES-BENZ,C200 AMG PREMIUM PLUS,2019,1500.0,AUTOMATIC,PETROL,66000.0,USED,325.0,2025-01-15
MERCEDES-BENZ,C200 AMG PREMIUM PLUS,2020,1500.0,AUTOMATIC,PETROL,55000.0,USED,365.0,2025-01-15
MERCEDES-BENZ,C200 AVANTGARDE,2007,1800.0,AUTOMATIC,PETROL,198000.0,USED,98.0,2025-02-05
MERCEDES-BENZ,C200 COUPE SPORT,2001,2000.0,AUTOMATIC,PETROL,264000.0,USED,87.5,2024-12-21
MERCEDES-BENZ,C200 PREMIUM PLUS,2018,1500.0,AUTOMATIC,PETROL,77000.0,USED,325.9,2025-01-06
MERCEDES-BENZ,C200 PREMIUM PLUS,2019,1500.0,AUTOMATIC,PETROL,66000.0,USED,315.0,2025-01-25
MERCEDES-BENZ,C200 PREMIUM PLUS,2020,1500.0,AUTOMATIC,PETROL,55000.0,USED,315.0,2025-01-31
MERCEDES-BENZ,C200 W 203,2002,1998.0,AUTOMATIC,PETROL,253000.0,USED,68.0,2025-01-04
MERCEDES-BENZ,C220,2012,2200.0,AUTOMATIC,DIESEL,143000.0,USED,145.0,2025-01-04
MERCEDES-BENZ,C220,2013,2100.0,AUTOMATIC,DIESEL,132000.0,USED,130.0,2025-02-05
MERCEDES-BENZ,C220 CDI,2013,2144.0,AUTOMATIC,DIESEL,132000.0,USED,153.75,2025-02-02
MERCEDES-BENZ,C220 CDI,2013,2144.0,AUTOMATIC,DIESEL,132000.0,USED,153.75,2024-12-12
MERCEDES-BENZ,C220 CDI W204,2013,2200.0,AUTOMATIC,DIESEL,132000.0,USED,138.0,2025-02-04
MERCEDES-BENZ,C220 ELEGANCE,1994,2200.0,MANUAL,DIESEL,341000.0,USED,43.0,2025-01-20
MERCEDES-BENZ,C220D,2012,1500.0,AUTOMATIC,DIESEL,143000.0,USED,149.0,2024-12-29
MERCEDES-BENZ,C300,2014,2200.0,AUTOMATIC,DIESEL,121000.0,USED,225.0,2024-12-16
MERCEDES-BENZ,C350,2016,2000.0,AUTOMATIC,HYBRID,99000.0,USED,230.0,2024-12-26
MERCEDES-BENZ,C350,2016,2000.0,AUTOMATIC,HYBRID,97000.0,USED,165.0,2026-09-25
MERCEDES-BENZ,C350,2016,2000.0,AUTOMATIC,PETROL,58000.0,USED,210.0,2026-09-24
MERCEDES-BENZ,C350,2017,2000.0,AUTOMATIC,PETROL,84637.0,USED,175.0,2026-09-25
MERCEDES-BENZ,C350,2017,2000.0,AUTOMATIC,HYBRID,68000.0,USED,195.0,2026-09-25
MERCEDES-BENZ,C350E,2016,2000.0,AUTOMATIC,HYBRID,99000.0,USED,250.0,2025-02-03
MERCEDES-BENZ,C350E PREMIUM SPORT PLUS,2016,2000.0,AUTOMATIC,PETROL,99000.0,USED,225.0,2024-12-29
MERCEDES-BENZ,CLA 180,2013,2200.0,AUTOMATIC,DIESEL,106800.0,USED,159.0,2026-09-24
MERCEDES-BENZ,CLA 180,2017,1600.0,AUTOMATIC,PETROL,88000.0,USED,216.66666666666669,2025-02-04
MERCEDES-BENZ,CLA 180,2017,1590.0,AUTOMATIC,PETROL,88000.0,USED,222.0,2025-01-31
MERCEDES-BENZ,CLA 180,2017,1800.0,AUTOMATIC,PETROL,88000.0,USED,230.0,2025-01-06
MERCEDES-BENZ,CLA 180,2017,1600.0,AUTOMATIC,PETROL,88000.0,USED,198.0,2025-01-24
MERCEDES-BENZ,CLA 180,2017,1660.0,AUTOMATIC,PETROL,117000.0,USED,175.0,2026-09-25
MERCEDES-BENZ,CLA 180,2017,1600.0,AUTOMATIC,PETROL,94500.0,USED,189.5,2026-09-26
MERCEDES-BENZ,CLA 180,2019,1300.0,AUTOMATIC,PETROL,66000.0,USED,290.0,2025-01-22
MERCEDES-BENZ,CLA 180,2019,1350.0,AUTOMATIC,PETROL,66000.0,USED,290.0,2025-01-19
MERCEDES-BENZ,CLA 180,2020,1400.0,AUTOMATIC,HYBRID,33600.0,USED,224.5,2026-09-26
MERCEDES-BENZ,CLA 180,2024,1300.0,AUTOMATIC,PETROL,13000.0,USED,370.0,2026-09-24
MERCEDES-BENZ,CLA 180,2024,1330.0,AUTOMATIC,PETROL,9400.0,USED,335.0,2026-09-26
MERCEDES-BENZ,CLA 180,2026,1500.0,AUTOMATIC,HYBRID,3000.0,USED,460.0,2026-09-25
MERCEDES-BENZ,CLA 180 AMG,2017,1600.0,AUTOMATIC,PETROL,88000.0,USED,220.0,2025-02-01
MERCEDES-BENZ,CLA 180 AMG PREMIUM,2019,1300.0,AUTOMATIC,PETROL,66000.0,USED,269.0,2025-01-23
MERCEDES-BENZ,CLA 200,2019,1332.0,AUTOMATIC,PETROL,66000.0,USED,315.0,2025-01-09
MERCEDES-BENZ,CLA 200,2019,1332.0,AUTOMATIC,PETROL,59341.0,USED,225.0,2026-09-25
MERCEDES-BENZ,CLA 200,2019,1332.0,AUTOMATIC,PETROL,69000.0,USED,190.0,2026-09-25
MERCEDES-BENZ,CLA 200 AMG,2015,1500.0,AUTOMATIC,PETROL,110000.0,USED,189.5,2025-02-03
MERCEDES-BENZ,CLA 200 AMG EDITION,2014,1600.0,AUTOMATIC,PETROL,121000.0,USED,189.5,2025-01-10
MERCEDES-BENZ,CLA 200 AMG PREMIUM,2014,1600.0,AUTOMATIC,PETROL,121000.0,USED,179.0,2025-01-30
MERCEDES-BENZ,E180,2019,1600.0,AUTOMATIC,PETROL,34900.0,USED,370.0,2026-09-25
MERCEDES-BENZ,E200,1988,2000.0,MANUAL,DIESEL,407000.0,USED,39.5,2024-12-14
MERCEDES-BENZ,E200,1997,1998.0,MANUAL,PETROL,308000.0,USED,44.95,2025-01-08
MERCEDES-BENZ,E200,1997,1998.0,AUTOMATIC,PETROL,308000.0,USED,44.95,2024-12-20
MERCEDES-BENZ,E200,1997,1998.0,MANUAL,PETROL,308000.0,USED,49.95,2024-12-05
MERCEDES-BENZ,E200,1998,1998.0,MANUAL,PETROL,297000.0,USED,44.95,2025-02-05
MERCEDES-BENZ,E200,2003,1800.0,AUTOMATIC,PETROL,242000.0,USED,91.0,2025-01-22
MERCEDES-BENZ,E200,2004,1795.0,AUTOMATIC,PETROL,170000.0,USED,76.0,2026-09-26
MERCEDES-BENZ,E200,2010,1800.0,AUTOMATIC,PETROL,165000.0,USED,152.5,2025-01-15
MERCEDES-BENZ,E200,2010,1800.0,AUTOMATIC,PETROL,165000.0,USED,152.5,2025-01-24
MERCEDES-BENZ,E200,2011,1800.0,AUTOMATIC,PETROL,135000.0,USED,128.5,2026-09-26
MERCEDES-BENZ,E200,2011,1800.0,AUTOMATIC,PETROL,100000.0,USED,125.0,2026-09-26
MERCEDES-BENZ,E200,2013,1990.0,AUTOMATIC,PETROL,132000.0,USED,235.0,2025-01-31
MERCEDES-BENZ,E200,2016,2000.0,AUTOMATIC,PETROL,99000.0,USED,405.0,2024-12-05
MERCEDES-BENZ,E200,2017,2000.0,AUTOMATIC,PETROL,88000.0,NEW,305.0,2025-01-29
MERCEDES-BENZ,E200,2025,2000.0,AUTOMATIC,PETROL,5000.0,USED,625.0,2026-09-26
MERCEDES-BENZ,E200 AVANTGARDE,2010,1800.0,AUTOMATIC,PETROL,165000.0,USED,151.0,2025-02-05
MERCEDES-BENZ,E200 KOMPRESSOR,2002,1796.0,MANUAL,PETROL,253000.0,USED,72.0,2025-01-31
MERCEDES-BENZ,E200 PREMIUM,2015,2000.0,AUTOMATIC,PETROL,110000.0,USED,255.0,2025-01-26
MERCEDES-BENZ,E200 W 212,2010,1800.0,AUTOMATIC,PETROL,165000.0,USED,160.0,2025-02-02
MERCEDES-BENZ,E200 W210,1997,2000.0,MANUAL,PETROL,308000.0,USED,42.0,2025-01-20
MERCEDES-BENZ,E200 W212,2010,1800.0,AUTOMATIC,PETROL,165000.0,USED,160.0,2025-01-02
MERCEDES-BENZ,E220,2013,2144.0,AUTOMATIC,DIESEL,132000.0,USED,204.5,2024-12-18
MERCEDES-BENZ,E220,2015,1500.0,AUTOMATIC,DIESEL,110000.0,USED,250.0,2025-01-30
MERCEDES-BENZ,E220 CDI,2006,2150.0,AUTOMATIC,DIESEL,209000.0,USED,116.5,2025-02-04
MERCEDES-BENZ,E220 CDI,2017,2200.0,AUTOMATIC,DIESEL,88000.0,USED,375.0,2024-12-17
MERCEDES-BENZ,E230,2008,2500.0,AUTOMATIC,PETROL,187000.0,USED,125.0,2025-01-18
MERCEDES-BENZ,E240,2002,2600.0,AUTOMATIC,PETROL,148000.0,USED,69.5,2026-09-26
MERCEDES-BENZ,E240,2003,2500.0,AUTOMATIC,PETROL,242000.0,USED,86.5,2025-01-11
MERCEDES-BENZ,E240 AMG,2004,2596.0,AUTOMATIC,PETROL,231000.0,USED,120.0,2024-12-20
MERCEDES-BENZ,E240 ELEGANCE,2003,2500.0,AUTOMATIC,PETROL,242000.0,USED,98.5,2025-01-19
MERCEDES-BENZ,E250,1998,2500.0,AUTOMATIC,DIESEL,297000.0,USED,67.0,2025-02-01
MERCEDES-BENZ,E300,2014,2200.0,AUTOMATIC,DIESEL,121000.0,USED,204.25,2025-01-23
MERCEDES-BENZ,E300,2014,2000.0,AUTOMATIC,DIESEL,121000.0,USED,223.0,2025-01-23
MERCEDES-BENZ,E300,2014,1979.0,AUTOMATIC,HYBRID,121000.0,USED,223.0,2024-12-29
MERCEDES-BENZ,E300,2015,2200.0,AUTOMATIC,HYBRID,110000.0,USED,224.5,2025-02-02
MERCEDES-BENZ,E300,2015,2200.0,AUTOMATIC,DIESEL,110000.0,USED,215.0,2025-01-19
MERCEDES-BENZ,E300,2015,1980.0,AUTOMATIC,HYBRID,110000.0,USED,233.16666666666669,2025-01-05
MERCEDES-BENZ,E300,2015,2200.0,AUTOMATIC,DIESEL,110000.0,USED,243.58333333333337,2024-12-20
MERCEDES-BENZ,E300,2015,2200.0,AUTOMATIC,HYBRID,56000.0,USED,165.0,2026-09-25
MERCEDES-BENZ,E300,2015,2150.0,AUTOMATIC,DIESEL,70000.0,USED,167.5,2026-09-25
MERCEDES-BENZ,E300,2017,2000.0,AUTOMATIC,PETROL,33000.0,USED,275.0,2026-09-24
MERCEDES-BENZ,E300,2018,2000.0,AUTOMATIC,PETROL,18000.0,USED,325.0,2026-09-25
MERCEDES-BENZ,E300,2018,2000.0,AUTOMATIC,PETROL,33000.0,USED,350.0,2026-09-26
MERCEDES-BENZ,E300 AMG,2014,2200.0,AUTOMATIC,HYBRID,121000.0,USED,207.5,2025-02-05
MERCEDES-BENZ,E300 BLUETEC,2014,2200.0,AUTOMATIC,DIESEL,121000.0,USED,59.75,2025-02-05
MERCEDES-BENZ,E300 BLUETEC,2014,2000.0,AUTOMATIC,DIESEL,121000.0,USED,199.5,2024-12-28
MERCEDES-BENZ,E300 BLUETEC,2015,2190.0,AUTOMATIC,DIESEL,110000.0,USED,219.5,2025-01-22
MERCEDES-BENZ,E300 BLUETEC AMG,2013,2500.0,AUTOMATIC,HYBRID,132000.0,USED,219.5,2024-12-23
MERCEDES-BENZ,E300 BLUETECH-HYBRID,2015,2200.0,AUTOMATIC,DIESEL,110000.0,USED,215.0,2025-01-10
MERCEDES-BENZ,E300 BLUTEC,2015,2000.0,AUTOMATIC,DIESEL,110000.0,USED,209.5,2025-01-17
MERCEDES-BENZ,E350,2013,3500.0,AUTOMATIC,DIESEL,111688.0,USED,215.0,2026-09-25
MERCEDES-BENZ,E350,2017,2000.0,AUTOMATIC,HYBRID,70000.0,USED,249.9,2026-09-26
MERCEDES-BENZ,E350,2024,2000.0,AUTOMATIC,PETROL,9800.0,USED,690.0,2026-09-24
MERCEDES-BENZ,E350 AMG PREMIUM PLUS,2017,2000.0,AUTOMATIC,PETROL,88000.0,USED,360.0,2025-02-01
MERCEDES-BENZ,E350E,2017,2000.0,AUTOMATIC,HYBRID,88000.0,USED,339.75,2025-01-23
MERCEDES-BENZ,E350E,2018,2000.0,AUTOMATIC,HYBRID,77000.0,USED,375.0,2025-02-02
MERCEDES-BENZ,E350E AMG PREMIUM,2017,2000.0,AUTOMATIC,HYBRID,88000.0,USED,322.0,2024-12-21
MERCEDES-BENZ,E350E AMG PREMIUM,2017,2000.0,AUTOMATIC,HYBRID,88000.0,USED,315.0,2025-01-08
MERCEDES-BENZ,ELEGANCE,2010,1600.0,AUTOMATIC,PETROL,165000.0,USED,118.0,2025-02-05
MERCEDES-BENZ,EQS 450,2024,4000.0,AUTOMATIC,PETROL,0.0,NEW,850.0,2026-09-25
MERCEDES-BENZ,G WAGON,2025,4000.0,AUTOMATIC,PETROL,0.0,NEW,2350.0,2026-09-25
MERCEDES-BENZ,G450D,2025,3000.0,AUTOMATIC,DIESEL,0.0,NEW,1650.0,2026-09-25
MERCEDES-BENZ,GLA 180,2017,1690.0,AUTOMATIC,PETROL,37893.0,USED,171.95,2026-09-24
MERCEDES-BENZ,GLA 180,2018,1600.0,AUTOMATIC,PETROL,77000.0,USED,190.0,2026-09-25
MERCEDES-BENZ,GLA 200,2015,1600.0,AUTOMATIC,PETROL,94360.0,USED,125.0,2026-09-26
MERCEDES-BENZ,GLB,2020,1332.0,AUTOMATIC,PETROL,50000.0,USED,220.0,2026-09-25
MERCEDES-BENZ,GLB,2020,1332.0,AUTOMATIC,PETROL,90000.0,USED,239.75,2026-09-25
MERCEDES-BENZ,GLB,2024,1300.0,AUTOMATIC,PETROL,11000.0,USED,372.0,2026-09-23
MERCEDES-BENZ,GLB,2024,1350.0,AUTOMATIC,PETROL,5000.0,USED,345.0,2026-09-26
MERCEDES-BENZ,GLB,2025,1300.0,AUTOMATIC,PETROL,0.0,NEW,395.0,2026-09-26
MERCEDES-BENZ,GLB,2025,1300.0,AUTOMATIC,PETROL,10000.0,USED,385.0,2026-09-25
MERCEDES-BENZ,GLB,2025,1330.0,AUTOMATIC,PETROL,5000.0,USED,375.0,2026-09-24
MERCEDES-BENZ,GLB,2025,1300.0,AUTOMATIC,PETROL,0.0,NEW,435.5,2026-09-27
MERCEDES-BENZ,GLB,2025,1400.0,AUTOMATIC,PETROL,0.0,NEW,382.0,2026-09-24
MERCEDES-BENZ,GLB,2025,1400.0,AUTOMATIC,PETROL,1800.0,USED,395.0,2026-09-26
MERCEDES-BENZ,GLE 300D,2019,2000.0,AUTOMATIC,DIESEL,58000.0,USED,399.0,2026-09-25
MERCEDES-BENZ,GLE 300D,2020,2000.0,AUTOMATIC,DIESEL,30000.0,USED,440.0,2026-09-26
MERCEDES-BENZ,GLE 300D,2020,2000.0,AUTOMATIC,DIESEL,75000.0,USED,399.0,2026-09-25
MERCEDES-BENZ,S300,2015,2200.0,AUTOMATIC,DIESEL,51000.0,USED,375.0,2026-09-26
MERCEDES-BENZ,S320,2001,3200.0,AUTOMATIC,DIESEL,264000.0,USED,14.0,2025-01-29
MERCEDES-BENZ,S320 LWB,2004,1500.0,AUTOMATIC,PETROL,231000.0,USED,125.0,2024-12-23
MERCEDES-BENZ,S350,2004,3000.0,AUTOMATIC,PETROL,231000.0,USED,95.0,2025-01-17
MERCEDES-BENZ,S350,2005,3000.0,AUTOMATIC,PETROL,220000.0,USED,180.0,2024-12-17
MERCEDES-BENZ,S350,2011,3000.0,AUTOMATIC,PETROL,154000.0,USED,260.0,2025-02-03
MERCEDES-BENZ,S350 W220,2004,3750.0,AUTOMATIC,PETROL,231000.0,USED,84.5,2025-01-21
MERCEDES-BENZ,S400,2013,3500.0,AUTOMATIC,PETROL,71745.0,USED,375.0,2026-09-25
MERCEDES-BENZ,S400,2017,2140.0,AUTOMATIC,HYBRID,49800.0,USED,650.0,2026-09-26
MERCEDES-BENZ,S400 LONG WHEEL BASE,2015,3500.0,AUTOMATIC,PETROL,110000.0,USED,550.0,2025-02-05
MERCEDES-BENZ,S500,2015,4700.0,AUTOMATIC,PETROL,31000.0,USED,525.0,2026-09-25
MERCEDES-BENZ,SEL300,1988,3000.0,AUTOMATIC,DIESEL,407000.0,USED,37.0,2025-01-25
MERCEDES-BENZ,SLK 200,2007,1800.0,AUTOMATIC,PETROL,44000.0,USED,158.0,2026-09-25
MERCEDES-BENZ,SLK 200,2015,2000.0,AUTOMATIC,PETROL,110000.0,USED,199.0,2025-01-22
MERCEDES-BENZ,SLK200,2013,1990.0,AUTOMATIC,PETROL,132000.0,USED,230.0,2025-01-26
MERCEDES-BENZ,VITO,2017,2200.0,AUTOMATIC,DIESEL,80000.0,USED,195.75,2026-09-25
MERCEDES-BENZ,W 123,1980,3000.0,AUTOMATIC,DIESEL,495000.0,USED,25.0,2025-02-03
MERCEDES-BENZ,W 123,1980,1987.0,MANUAL,DIESEL,495000.0,NEW,25.0,2025-01-29
MERCEDES-BENZ,W 124 AMG,1989,2500.0,AUTOMATIC,DIESEL,396000.0,USED,37.6,2025-01-29
MERCEDES-BENZ,W 126,1989,3000.0,MANUAL,DIESEL,396000.0,USED,43.0,2025-01-12
MERCEDES-BENZ,W 126 S CLASS 280 S,1989,3000.0,MANUAL,DIESEL,396000.0,USED,35.0,2025-01-16
MERCEDES-BENZ,W115,1975,2400.0,MANUAL,DIESEL,550000.0,USED,16.5,2025-02-04
MERCEDES-BENZ,W115,1979,2400.0,MANUAL,DIESEL,506000.0,USED,11.5,2024-12-24
MERCEDES-BENZ,W123,1977,1900.0,MANUAL,DIESEL,104092.0,USED,18.5,2026-09-09
MERCEDES-BENZ,W123,1978,2000.0,MANUAL,DIESEL,517000.0,USED,20.0,2025-01-20
MERCEDES-BENZ,W123,1979,1500.0,MANUAL,DIESEL,506000.0,USED,31.0,2025-01-21
MERCEDES-BENZ,W123,1982,1998.0,MANUAL,DIESEL,473000.0,USED,35.0,2025-02-03
MERCEDES-BENZ,W124,1986,2200.0,MANUAL,DIESEL,429000.0,USED,45.0,2025-02-03
MERCEDES-BENZ,W124,1986,2000.0,MANUAL,PETROL,429000.0,USED,34.5,2025-01-12
MERCEDES-BENZ,W202,1997,1800.0,AUTOMATIC,PETROL,308000.0,USED,54.5,2025-02-03
MERCEDES-BENZ,W202 C180 ELEGANCE,1996,1800.0,MANUAL,PETROL,319000.0,USED,58.5,2025-02-02
MERCEDES-BENZ,W202 C200 AMG SPORT,1994,2000.0,AUTOMATIC,DIESEL,341000.0,USED,52.0,2025-01-13
MERCEDES-BENZ,W202 C220,1995,2200.0,MANUAL,DIESEL,330000.0,USED,47.5,2024-12-13
MERCEDES-BENZ,W203,2001,1998.0,AUTOMATIC,PETROL,264000.0,USED,77.0,2025-01-12
MERCEDES-BENZ,W203 C180 ELEGANCE,2002,1998.0,AUTOMATIC,PETROL,253000.0,USED,55.0,2025-01-29
MERCEDES-BENZ,W203 C220 CDI,2001,2400.0,MANUAL,DIESEL,264000.0,USED,28.0,2024-12-13
MERCEDES-BENZ,W205,2015,2200.0,AUTOMATIC,DIESEL,110000.0,USED,235.0,2024-12-10
MERCEDES-BENZ,W210 E 320,1998,3200.0,AUTOMATIC,PETROL,297000.0,USED,26.0,2025-01-26
MERCEDES-BENZ,W210 E200,1996,1600.0,AUTOMATIC,PETROL,319000.0,USED,31.5,2025-02-02
MERCEDES-BENZ,W210 E200,1996,2000.0,MANUAL,PETROL,319000.0,USED,48.5,2025-01-05
MERCEDES-BENZ,W210 E200,1998,1998.0,AUTOMATIC,PETROL,297000.0,USED,49.9,2025-02-02
MERCEDES-BENZ,W210 E200,1998,1988.0,MANUAL,PETROL,297000.0,USED,45.0,2025-01-01
MERCEDES-BENZ,W210 E240,1999,2400.0,AUTOMATIC,PETROL,286000.0,USED,59.75,2025-01-22
MERCEDES-BENZ,W211,2004,1800.0,AUTOMATIC,PETROL,231000.0,USED,87.5,2025-02-03
MERCEDES-BENZ,W211 E240,2002,1500.0,AUTOMATIC,PETROL,253000.0,USED,78.0,2025-01-09
MERCEDES-BENZ,W211 E240,2003,2596.0,AUTOMATIC,PETROL,242000.0,USED,83.0,2025-02-03
MERCEDES-BENZ,W211 E240,2003,2596.0,AUTOMATIC,PETROL,242000.0,USED,83.0,2025-01-16
MERCEDES-BENZ,W211 E240,2003,2600.0,MANUAL,PETROL,242000.0,USED,90.1875,2025-01-15
MERCEDES-BENZ,WDB201,1985,2000.0,MANUAL,DIESEL,440000.0,USED,28.5,2025-01-22
MG,6,2014,1800.0,AUTOMATIC,PETROL,121000.0,USED,78.0,2025-01-30
MG,HECTOR PLUS,2026,1500.0,AUTOMATIC,PETROL,0.0,NEW,198.9,2026-09-25
MG,HS HYBRID+,2026,1500.0,AUTOMATIC,HYBRID,0.0,NEW,197.65,2026-09-26
MG,HS HYBRID+,2026,1500.0,AUTOMATIC,HYBRID,0.0,NEW,214.5,2026-09-26
MG,MG6,2014,1799.0,MANUAL,PETROL,121000.0,USED,63.5,2025-01-20
MG,ZS,2018,1000.0,AUTOMATIC,PETROL,112000.0,USED,83.0,2026-09-25
MG,ZS,2018,999.0,AUTOMATIC,PETROL,79284.0,USED,86.5,2026-09-26
MG,ZS,2019,999.0,AUTOMATIC,PETROL,82000.0,USED,90.0,2026-09-26
MG,ZS,2019,990.0,AUTOMATIC,PETROL,47420.0,USED,93.0,2026-09-23
MG,ZS,2019,1200.0,AUTOMATIC,PETROL,83500.0,USED,88.75,2026-09-24
MG,ZS,2019,1000.0,AUTOMATIC,PETROL,52000.0,USED,85.95,2026-09-24
MG,ZS,2021,1000.0,AUTOMATIC,PETROL,11000.0,USED,101.0,2026-09-23
MG,ZS,2021,1000.0,AUTOMATIC,PETROL,50000.0,USED,102.5,2026-09-26
MG,ZS,2025,999.0,AUTOMATIC,PETROL,15800.0,USED,112.8,2026-09-26
MG,ZS,2025,1000.0,AUTOMATIC,PETROL,14000.0,USED,111.9,2026-09-25
MG,ZS,2026,1000.0,AUTOMATIC,PETROL,0.0,NEW,129.89,2026-09-26
MG,ZS,2026,1500.0,AUTOMATIC,HYBRID,0.0,NEW,184.0,2026-09-26
MICRO,AMBASSADOR,2003,1990.0,MANUAL,DIESEL,242000.0,USED,15.5,2025-01-03
MICRO,BAIC,2018,1500.0,AUTOMATIC,PETROL,77000.0,USED,53.5,2025-02-04
MICRO,BAIC,2018,1500.0,AUTOMATIC,PETROL,77000.0,USED,55.0,2025-01-31
MICRO,BAIC D20 SEDAN,2018,1500.0,AUTOMATIC,PETROL,77000.0,USED,54.5,2025-01-23
MICRO,BAIC X25,2017,1500.0,AUTOMATIC,PETROL,88000.0,USED,55.5,2025-02-01
MICRO,BAIC X25,2017,1500.0,AUTOMATIC,PETROL,88000.0,USED,54.95,2025-01-19
MICRO,BAIC X25,2017,1500.0,AUTOMATIC,PETROL,88000.0,USED,56.5,2024-12-28
MICRO,BAIC X25,2017,1500.0,AUTOMATIC,PETROL,88000.0,USED,62.5,2024-12-27
MICRO,BAIC X25,2018,1500.0,AUTOMATIC,PETROL,77000.0,USED,58.5,2024-12-29
MICRO,BAIC X25,2019,1500.0,AUTOMATIC,PETROL,66000.0,USED,69.0,2025-01-22
MICRO,BAIC X25,2019,1500.0,AUTOMATIC,PETROL,66000.0,USED,74.5,2025-01-22
MICRO,EMGRAND,2014,1800.0,AUTOMATIC,PETROL,121000.0,USED,49.9,2025-02-05
MICRO,EMGRAND,2014,1500.0,MANUAL,PETROL,121000.0,USED,39.65,2025-01-31
MICRO,EMGRAND,2014,1800.0,MANUAL,PETROL,121000.0,USED,39.95,2025-01-28
MICRO,EMGRAND EC7,2015,1800.0,AUTOMATIC,PETROL,110000.0,USED,52.0,2024-12-11
MICRO,GEELY,2009,1500.0,MANUAL,PETROL,176000.0,USED,24.4,2025-01-25
MICRO,KORONDO,2015,2000.0,AUTOMATIC,DIESEL,132618.0,USED,66.95,2026-09-24
MICRO,KYRON,2008,1998.0,AUTOMATIC,DIESEL,237000.0,USED,54.75,2026-09-26
MICRO,MARK 2,2014,1500.0,MANUAL,PETROL,121000.0,USED,32.8,2024-12-19
MICRO,MICRO,2012,1500.0,MANUAL,PETROL,143000.0,USED,25.75,2024-12-16
MICRO,MX7,2007,1500.0,MANUAL,PETROL,198000.0,USED,22.95,2025-02-05
MICRO,MX7,2008,1584.0,MANUAL,PETROL,187000.0,USED,23.5,2025-02-04
MICRO,MX7,2008,1580.0,MANUAL,PETROL,187000.0,USED,19.8,2025-01-31
MICRO,MX7,2008,1800.0,MANUAL,PETROL,187000.0,USED,10.0,2024-12-22
MICRO,MX7,2010,1300.0,MANUAL,PETROL,165000.0,USED,10.75,2025-01-23
MICRO,MX7,2010,1490.0,MANUAL,PETROL,165000.0,USED,10.75,2025-01-20
MICRO,MX7,2010,1500.0,MANUAL,PETROL,165000.0,USED,28.5,2024-12-07
MICRO,MX7,2011,1500.0,MANUAL,PETROL,154000.0,USED,14.0,2025-02-05
MICRO,MX7,2011,1490.0,MANUAL,PETROL,154000.0,USED,10.75,2025-01-25
MICRO,MX7,2012,1500.0,MANUAL,PETROL,143000.0,USED,27.95,2025-02-05
MICRO,MX7,2012,1500.0,MANUAL,PETROL,143000.0,USED,25.8,2024-12-21
MICRO,MX7,2012,1500.0,MANUAL,PETROL,143000.0,USED,26.875,2024-12-18
MICRO,MX7,2012,1500.0,MANUAL,PETROL,144000.0,USED,30.95,2026-09-25
MICRO,MX7,2013,1500.0,MANUAL,PETROL,132000.0,USED,33.0,2025-01-26
MICRO,MX7,2013,1500.0,MANUAL,PETROL,132000.0,USED,35.0,2024-12-07
MICRO,MX7,2014,1500.0,MANUAL,PETROL,121000.0,USED,31.0,2025-02-01
MICRO,MX7,2014,1498.0,MANUAL,PETROL,121000.0,USED,33.75,2025-01-31
MICRO,MX7,2014,1500.0,MANUAL,PETROL,121000.0,USED,29.9,2025-01-16
MICRO,MX7,2014,1500.0,MANUAL,PETROL,121000.0,USED,34.0,2024-12-20
MICRO,MX7 MARK 2,2013,1500.0,MANUAL,PETROL,132000.0,USED,30.5,2025-02-05
MICRO,MX7 MARK 2,2013,1500.0,MANUAL,PETROL,132000.0,USED,30.5,2024-12-22
MICRO,MX7 MARK 2,2015,1500.0,MANUAL,PETROL,110000.0,USED,29.9,2025-01-04
MICRO,PANDA,2000,1000.0,MANUAL,PETROL,275000.0,USED,16.46040209790209,2025-02-05
MICRO,PANDA,2011,1300.0,MANUAL,PETROL,154000.0,USED,22.5,2025-02-01
MICRO,PANDA,2011,1300.0,MANUAL,PETROL,154000.0,USED,21.7,2025-01-13
MICRO,PANDA,2011,1300.0,MANUAL,PETROL,154000.0,USED,20.95,2025-01-08
MICRO,PANDA,2011,1500.0,MANUAL,PETROL,154000.0,USED,21.25,2025-01-25
MICRO,PANDA,2011,1300.0,MANUAL,PETROL,154000.0,USED,21.8,2025-01-22
MICRO,PANDA,2011,1300.0,MANUAL,PETROL,154000.0,USED,20.25,2024-12-26
MICRO,PANDA,2011,1300.0,MANUAL,PETROL,154000.0,USED,23.5,2024-12-20
MICRO,PANDA,2011,1300.0,MANUAL,PETROL,154000.0,USED,20.95,2024-12-15
MICRO,PANDA,2011,1300.0,MANUAL,PETROL,154000.0,USED,21.45,2024-12-11
MICRO,PANDA,2011,1300.0,MANUAL,PETROL,154000.0,USED,21.45,2024-12-10
MICRO,PANDA,2011,1360.0,MANUAL,PETROL,154000.0,USED,18.5,2024-12-07
MICRO,PANDA,2011,1342.0,MANUAL,PETROL,175635.0,USED,26.75,2026-09-26
MICRO,PANDA,2012,1300.0,MANUAL,PETROL,143000.0,USED,22.95,2025-02-03
MICRO,PANDA,2012,1000.0,MANUAL,PETROL,143000.0,USED,23.5,2025-02-02
MICRO,PANDA,2012,1300.0,MANUAL,PETROL,143000.0,USED,22.95,2025-01-31
MICRO,PANDA,2012,1300.0,MANUAL,PETROL,143000.0,USED,22.24285714285714,2025-01-11
MICRO,PANDA,2012,1000.0,MANUAL,PETROL,143000.0,USED,19.2,2025-01-09
MICRO,PANDA,2012,1300.0,MANUAL,PETROL,143000.0,USED,22.7,2025-01-08
MICRO,PANDA,2012,1300.0,MANUAL,PETROL,143000.0,USED,19.9,2025-01-25
MICRO,PANDA,2012,1000.0,MANUAL,PETROL,143000.0,USED,22.24285714285714,2025-01-24
MICRO,PANDA,2012,1300.0,MANUAL,PETROL,143000.0,USED,24.5,2024-12-04
MICRO,PANDA,2013,1000.0,MANUAL,PETROL,132000.0,USED,22.95,2025-02-05
MICRO,PANDA,2013,1000.0,MANUAL,PETROL,132000.0,USED,22.75,2025-02-04
MICRO,PANDA,2013,1000.0,MANUAL,PETROL,132000.0,USED,24.25,2025-02-01
MICRO,PANDA,2013,1000.0,MANUAL,PETROL,132000.0,USED,23.134615384615383,2025-01-31
MICRO,PANDA,2013,1000.0,MANUAL,PETROL,132000.0,USED,22.25,2025-01-17
MICRO,PANDA,2013,1300.0,MANUAL,PETROL,132000.0,USED,23.134615384615383,2025-01-13
MICRO,PANDA,2013,990.0,MANUAL,PETROL,132000.0,USED,25.5,2025-01-25
MICRO,PANDA,2013,1300.0,MANUAL,PETROL,132000.0,USED,21.9,2025-01-04
MICRO,PANDA,2013,1300.0,MANUAL,PETROL,132000.0,USED,23.75,2024-12-31
MICRO,PANDA,2013,1000.0,MANUAL,PETROL,132000.0,USED,23.0,2024-12-28
MICRO,PANDA,2013,1000.0,MANUAL,PETROL,132000.0,USED,20.25,2024-12-28
MICRO,PANDA,2013,1000.0,MANUAL,PETROL,132000.0,USED,23.0,2024-12-26
MICRO,PANDA,2013,1000.0,MANUAL,PETROL,132000.0,USED,23.0,2024-12-17
MICRO,PANDA,2013,1000.0,MANUAL,PETROL,132000.0,USED,23.25,2024-12-12
MICRO,PANDA,2013,1000.0,MANUAL,PETROL,132000.0,USED,24.9,2024-12-09
MICRO,PANDA,2014,1000.0,MANUAL,PETROL,121000.0,USED,24.8,2025-02-05
MICRO,PANDA,2014,1000.0,MANUAL,PETROL,121000.0,USED,24.5,2025-01-15
MICRO,PANDA,2014,1000.0,MANUAL,PETROL,121000.0,USED,24.75,2025-01-23
MICRO,PANDA,2014,1143.0,MANUAL,PETROL,121000.0,USED,28.5,2024-12-20
MICRO,PANDA,2014,1000.0,MANUAL,PETROL,108000.0,USED,31.0,2026-09-24
MICRO,PANDA,2015,997.0,MANUAL,PETROL,110000.0,USED,26.056,2025-02-05
MICRO,PANDA,2015,997.0,MANUAL,PETROL,110000.0,USED,27.75,2025-02-05
MICRO,PANDA,2015,1000.0,MANUAL,PETROL,110000.0,USED,26.65,2025-02-05
MICRO,PANDA,2015,1000.0,MANUAL,PETROL,110000.0,USED,26.056,2025-02-05
MICRO,PANDA,2015,1300.0,MANUAL,PETROL,110000.0,USED,26.056,2025-02-05
MICRO,PANDA,2015,1000.0,MANUAL,PETROL,110000.0,USED,26.5,2025-02-03
MICRO,PANDA,2015,1000.0,MANUAL,PETROL,110000.0,USED,26.65,2025-02-03
MICRO,PANDA,2015,1500.0,MANUAL,PETROL,110000.0,USED,27.5,2025-02-03
MICRO,PANDA,2015,1000.0,MANUAL,PETROL,110000.0,USED,26.95,2025-02-02
MICRO,PANDA,2015,1000.0,MANUAL,PETROL,110000.0,USED,24.45,2025-02-02
MICRO,PANDA,2015,1000.0,MANUAL,PETROL,110000.0,USED,25.9,2025-02-01
MICRO,PANDA,2015,1000.0,MANUAL,PETROL,110000.0,USED,26.65,2025-02-01
MICRO,PANDA,2015,1000.0,MANUAL,PETROL,110000.0,USED,26.056,2025-01-31
MICRO,PANDA,2015,1000.0,MANUAL,PETROL,110000.0,USED,26.75,2025-01-17
MICRO,PANDA,2015,1000.0,MANUAL,PETROL,110000.0,USED,25.0,2025-01-17
MICRO,PANDA,2015,1000.0,MANUAL,PETROL,110000.0,USED,26.056,2025-01-14
MICRO,PANDA,2015,1000.0,MANUAL,PETROL,110000.0,USED,22.75,2025-01-09
MICRO,PANDA,2015,1000.0,MANUAL,PETROL,110000.0,USED,26.056,2025-01-07
MICRO,PANDA,2015,1000.0,MANUAL,PETROL,110000.0,USED,24.9,2025-01-05
MICRO,PANDA,2015,1000.0,MANUAL,PETROL,110000.0,USED,24.8,2025-01-24
MICRO,PANDA,2015,1000.0,MANUAL,PETROL,110000.0,USED,25.5,2025-01-23
MICRO,PANDA,2015,1000.0,MANUAL,PETROL,110000.0,USED,26.25,2025-01-21
MICRO,PANDA,2015,1000.0,MANUAL,PETROL,110000.0,USED,25.9,2025-01-04
MICRO,PANDA,2015,1000.0,MANUAL,PETROL,110000.0,USED,26.0,2025-01-02
MICRO,PANDA,2015,1000.0,MANUAL,PETROL,110000.0,USED,27.0,2024-12-28
MICRO,PANDA,2015,997.0,MANUAL,PETROL,110000.0,USED,26.056,2024-12-27
MICRO,PANDA,2015,1000.0,MANUAL,PETROL,110000.0,USED,25.5,2024-12-25
MICRO,PANDA,2015,1000.0,MANUAL,PETROL,110000.0,USED,23.75,2024-12-13
MICRO,PANDA,2015,1000.0,MANUAL,PETROL,110000.0,USED,26.3,2024-12-12
MICRO,PANDA,2015,997.0,MANUAL,PETROL,110000.0,USED,26.056,2024-12-09
MICRO,PANDA,2015,1000.0,MANUAL,PETROL,110000.0,USED,26.5,2024-12-08
MICRO,PANDA,2015,1000.0,MANUAL,PETROL,110000.0,USED,26.5,2024-12-05
MICRO,PANDA,2015,1000.0,MANUAL,PETROL,110000.0,USED,29.0,2024-12-04
MICRO,PANDA,2015,1000.0,MANUAL,PETROL,88700.0,USED,31.5,2026-09-26
MICRO,PANDA,2015,1000.0,MANUAL,PETROL,46200.0,USED,32.75,2026-09-25
MICRO,PANDA,2015,1000.0,MANUAL,PETROL,87000.0,USED,32.0,2026-09-24
MICRO,PANDA,2015,1000.0,MANUAL,PETROL,89000.0,USED,34.25,2026-09-24
MICRO,PANDA,2015,1000.0,MANUAL,PETROL,103000.0,USED,29.75,2026-09-26
MICRO,PANDA,2015,1000.0,MANUAL,PETROL,114000.0,USED,29.8,2026-09-26
MICRO,PANDA,2015,1000.0,MANUAL,PETROL,14200.0,USED,35.0,2026-09-26
MICRO,PANDA,2015,997.0,MANUAL,PETROL,36627.0,USED,36.9,2026-09-26
MICRO,PANDA,2016,1300.0,MANUAL,PETROL,99000.0,USED,27.5,2025-02-05
MICRO,PANDA,2016,1000.0,MANUAL,PETROL,99000.0,USED,28.95,2025-02-05
MICRO,PANDA,2016,1000.0,MANUAL,PETROL,99000.0,USED,27.0,2025-02-04
MICRO,PANDA,2016,1000.0,MANUAL,PETROL,99000.0,USED,27.53636363636364,2025-02-02
MICRO,PANDA,2016,1300.0,MANUAL,PETROL,99000.0,USED,27.6,2025-02-01
MICRO,PANDA,2016,1300.0,MANUAL,PETROL,99000.0,USED,27.5,2025-01-30
MICRO,PANDA,2016,1000.0,MANUAL,PETROL,99000.0,USED,27.2,2025-01-29
MICRO,PANDA,2016,1000.0,MANUAL,PETROL,99000.0,USED,27.8,2025-01-06
MICRO,PANDA,2016,1000.0,MANUAL,PETROL,99000.0,USED,26.25,2025-01-26
MICRO,PANDA,2016,1300.0,MANUAL,PETROL,99000.0,USED,27.1,2025-01-23
MICRO,PANDA,2016,1000.0,MANUAL,PETROL,99000.0,USED,27.5,2025-01-22
MICRO,PANDA,2016,1000.0,MANUAL,PETROL,99000.0,USED,27.53636363636364,2025-01-19
MICRO,PANDA,2016,1500.0,MANUAL,PETROL,99000.0,USED,28.5,2025-01-05
MICRO,PANDA,2016,1000.0,MANUAL,PETROL,99000.0,USED,27.53636363636364,2024-12-30
MICRO,PANDA,2016,1300.0,MANUAL,PETROL,99000.0,USED,27.53636363636364,2024-12-28
MICRO,PANDA,2016,1000.0,MANUAL,PETROL,160000.0,USED,32.95,2026-09-25
MICRO,PANDA,2017,1000.0,AUTOMATIC,PETROL,88000.0,USED,34.2583041958042,2025-02-05
MICRO,PANDA,2017,1000.0,MANUAL,PETROL,88000.0,USED,28.5,2025-02-05
MICRO,PANDA,2017,1000.0,MANUAL,PETROL,88000.0,USED,30.75,2025-02-04
MICRO,PANDA,2017,1000.0,MANUAL,PETROL,88000.0,USED,31.521875,2025-02-03
MICRO,PANDA,2017,1000.0,MANUAL,PETROL,88000.0,USED,26.5,2025-02-02
MICRO,PANDA,2017,1000.0,MANUAL,PETROL,88000.0,USED,28.5,2025-02-02
MICRO,PANDA,2017,1000.0,MANUAL,PETROL,88000.0,USED,29.0,2025-02-01
MICRO,PANDA,2017,1000.0,AUTOMATIC,PETROL,88000.0,USED,31.0,2025-01-18
MICRO,PANDA,2017,998.0,AUTOMATIC,PETROL,88000.0,USED,34.2583041958042,2025-01-13
MICRO,PANDA,2017,1000.0,MANUAL,PETROL,88000.0,USED,29.9,2025-01-06
MICRO,PANDA,2017,1000.0,AUTOMATIC,PETROL,88000.0,USED,32.75,2025-01-28
MICRO,PANDA,2017,1300.0,MANUAL,PETROL,88000.0,USED,33.9,2025-01-26
MICRO,PANDA,2017,1000.0,MANUAL,PETROL,88000.0,USED,29.9,2025-01-20
MICRO,PANDA,2017,1000.0,AUTOMATIC,PETROL,88000.0,USED,33.7,2025-01-19
MICRO,PANDA,2017,1000.0,AUTOMATIC,PETROL,88000.0,USED,31.521875,2024-12-31
MICRO,PANDA,2017,1000.0,MANUAL,PETROL,88000.0,USED,31.5,2024-12-26
MICRO,PANDA,2017,1300.0,MANUAL,PETROL,88000.0,USED,31.521875,2024-12-19
MICRO,PANDA,2017,1000.0,MANUAL,PETROL,88000.0,USED,31.5,2024-12-09
MICRO,PANDA,2018,1000.0,MANUAL,PETROL,77000.0,USED,33.7,2025-02-05
MICRO,PANDA,2018,1000.0,MANUAL,PETROL,77000.0,USED,34.2583041958042,2025-01-15
MICRO,PANDA,2018,998.0,MANUAL,PETROL,77000.0,USED,32.5,2024-12-28
MICRO,PANDA 1.0,2013,1000.0,MANUAL,PETROL,132000.0,USED,24.324999999999996,2025-01-29
MICRO,PANDA 1.0,2015,1000.0,MANUAL,PETROL,110000.0,USED,26.95,2025-02-04
MICRO,PANDA 1.0,2015,1000.0,MANUAL,PETROL,110000.0,USED,25.9,2025-01-31
MICRO,PANDA 1.0,2015,1000.0,MANUAL,PETROL,110000.0,USED,26.425,2025-01-05
MICRO,PANDA 1.0,2017,998.0,MANUAL,PETROL,88000.0,USED,28.525,2024-12-26
MICRO,PANDA CROSS,2012,1300.0,MANUAL,PETROL,143000.0,USED,25.6,2025-02-04
MICRO,PANDA CROSS,2012,1342.0,MANUAL,PETROL,143000.0,USED,26.95,2025-01-14
MICRO,PANDA CROSS,2012,1300.0,MANUAL,PETROL,143000.0,USED,27.25,2025-01-09
MICRO,PANDA CROSS,2012,1278.0,MANUAL,PETROL,143000.0,USED,26.6,2025-01-26
MICRO,PANDA CROSS,2012,1300.0,MANUAL,PETROL,143000.0,USED,26.6,2024-12-31
MICRO,PANDA CROSS,2013,1300.0,MANUAL,PETROL,132000.0,USED,27.75,2025-02-05
MICRO,PANDA CROSS,2013,1300.0,MANUAL,PETROL,132000.0,USED,28.25,2025-02-04
MICRO,PANDA CROSS,2013,1300.0,MANUAL,PETROL,132000.0,USED,26.7,2025-01-29
MICRO,PANDA CROSS,2013,1300.0,MANUAL,PETROL,132000.0,USED,27.5,2025-01-12
MICRO,PANDA CROSS,2013,1300.0,MANUAL,PETROL,132000.0,USED,27.5,2025-01-11
MICRO,PANDA CROSS,2013,1342.0,MANUAL,PETROL,132000.0,USED,29.5,2025-01-07
MICRO,PANDA CROSS,2013,1300.0,MANUAL,PETROL,132000.0,USED,26.85,2025-01-02
MICRO,PANDA CROSS,2013,1300.0,MANUAL,PETROL,132000.0,USED,28.35,2024-12-19
MICRO,PANDA CROSS,2013,1300.0,MANUAL,PETROL,47000.0,USED,29.5,2026-09-26
MICRO,PANDA CROSS,2014,1342.0,MANUAL,PETROL,121000.0,USED,28.95,2025-02-03
MICRO,PANDA CROSS,2014,1300.0,MANUAL,PETROL,121000.0,USED,28.25,2025-02-02
MICRO,PANDA CROSS,2014,1300.0,MANUAL,PETROL,121000.0,USED,28.814285714285717,2025-02-01
MICRO,PANDA CROSS,2014,1300.0,MANUAL,PETROL,121000.0,USED,27.5,2025-01-09
MICRO,PANDA CROSS,2014,1300.0,MANUAL,PETROL,121000.0,USED,29.5,2025-01-09
MICRO,PANDA CROSS,2014,1278.0,MANUAL,PETROL,121000.0,USED,28.5,2025-01-07
MICRO,PANDA CROSS,2014,1300.0,MANUAL,PETROL,121000.0,USED,28.814285714285717,2025-01-22
MICRO,PANDA CROSS,2014,1300.0,MANUAL,PETROL,121000.0,USED,28.0,2024-12-23
MICRO,PANDA CROSS,2014,1300.0,MANUAL,PETROL,121000.0,USED,31.0,2024-12-09
MICRO,PANDA CROSS,2015,1300.0,MANUAL,PETROL,110000.0,USED,34.85,2025-02-05
MICRO,PANDA CROSS,2015,1342.0,MANUAL,PETROL,110000.0,USED,34.85,2025-02-03
MICRO,PANDA CROSS,2015,1300.0,MANUAL,PETROL,110000.0,USED,35.0,2025-01-11
MICRO,PANDA CROSS,2015,1342.0,MANUAL,PETROL,110000.0,USED,34.75,2025-01-08
MICRO,PANDA CROSS,2015,1300.0,MANUAL,PETROL,110000.0,USED,34.75,2025-01-04
MICRO,PANDA CROSS,2015,1300.0,MANUAL,PETROL,110000.0,USED,34.9,2024-12-05
MICRO,PANDA CROSS,2016,1342.0,MANUAL,PETROL,99000.0,USED,32.76428571428572,2025-02-05
MICRO,PANDA CROSS,2016,1300.0,MANUAL,PETROL,99000.0,USED,29.9,2025-02-05
MICRO,PANDA CROSS,2016,1300.0,MANUAL,PETROL,99000.0,USED,32.76428571428572,2025-01-15
MICRO,PANDA CROSS,2016,1300.0,MANUAL,PETROL,99000.0,USED,32.6,2025-01-23
MICRO,PANDA CROSS,2016,1342.0,MANUAL,PETROL,99000.0,USED,32.85,2025-01-23
MICRO,PANDA CROSS,2016,1300.0,MANUAL,PETROL,99000.0,USED,31.0,2025-01-21
MICRO,PANDA CROSS,2016,1300.0,MANUAL,PETROL,99000.0,USED,34.0,2025-01-03
MICRO,PANDA CROSS,2016,1300.0,MANUAL,PETROL,99000.0,USED,33.5,2024-12-25
MICRO,PANDA CROSS,2016,1300.0,MANUAL,PETROL,99000.0,USED,35.5,2024-12-23
MICRO,PANDA CROSS,2017,1000.0,MANUAL,PETROL,88000.0,USED,34.5,2025-02-02
MICRO,PANDA CROSS,2017,1000.0,MANUAL,PETROL,88000.0,USED,36.75,2025-01-01
MICRO,PANDA CROSS,2017,1300.0,MANUAL,PETROL,88000.0,USED,33.0,2024-12-25
MICRO,PANDA CROSS,2017,1300.0,MANUAL,PETROL,88000.0,USED,35.75,2024-12-22
MICRO,PANDA CROSS,2017,1000.0,MANUAL,PETROL,88000.0,USED,34.5,2024-12-16
MICRO,PANDA CROSS,2018,1000.0,MANUAL,PETROL,77000.0,USED,38.25,2025-01-10
MICRO,PANDA CROSS KT,2012,1300.0,MANUAL,PETROL,143000.0,USED,25.5,2025-01-29
MICRO,PANDA L,2016,1300.0,MANUAL,PETROL,99000.0,USED,27.7,2025-01-23
MICRO,PANDA L C1.0,2014,1000.0,MANUAL,PETROL,121000.0,USED,25.75,2025-01-21
MICRO,PANDA LC,2012,1300.0,MANUAL,PETROL,143000.0,USED,20.9,2025-02-05
MICRO,PANDA LC,2016,1300.0,MANUAL,PETROL,99000.0,USED,26.75,2025-02-03
MICRO,PANDA LC,2016,1300.0,MANUAL,PETROL,99000.0,USED,26.75,2025-01-10
MICRO,PANDA LC 1.0,2012,998.0,MANUAL,PETROL,143000.0,USED,21.75,2025-01-31
MICRO,PANDA LC 1.0,2013,1000.0,MANUAL,PETROL,132000.0,USED,23.5,2025-01-20
MICRO,PANDA LC 1.0,2013,1000.0,MANUAL,PETROL,132000.0,USED,22.65,2024-12-29
MICRO,PANDA LC 1.0,2015,1000.0,MANUAL,PETROL,110000.0,USED,25.5,2025-01-06
MICRO,PANDA LC 1.0,2015,1500.0,MANUAL,PETROL,110000.0,USED,25.8,2024-12-24
MICRO,PANDA LC 1.0,2017,1000.0,MANUAL,PETROL,88000.0,USED,30.9,2025-02-03
MICRO,PANDA LC 1.0,2018,1000.0,MANUAL,PETROL,77000.0,USED,32.9,2025-02-03
MICRO,PANDA LC 1.0,2018,1000.0,MANUAL,PETROL,77000.0,USED,33.9,2025-02-03
MICRO,PANDA LC 1.0,2018,1000.0,MANUAL,PETROL,77000.0,USED,34.95,2024-12-13
MICRO,PANDA LG,2016,1300.0,MANUAL,PETROL,99000.0,USED,26.0,2024-12-05
MICRO,PANDA SPORTS,2018,1000.0,AUTOMATIC,PETROL,77000.0,USED,33.75,2025-02-05
MICRO,PRIVILEGE,2004,800.0,MANUAL,PETROL,231000.0,USED,10.25,2025-01-10
MICRO,REXTON,2016,2000.0,AUTOMATIC,DIESEL,160000.0,USED,98.75,2026-09-24
MICRO,TREND,2006,970.0,MANUAL,PETROL,209000.0,USED,14.85,2025-01-31
MICRO,TREND,2008,1000.0,MANUAL,PETROL,187000.0,USED,15.95,2025-02-05
MICRO,TREND,2009,1000.0,AUTOMATIC,PETROL,176000.0,USED,18.0,2025-01-26
MICRO,TREND,2009,1000.0,MANUAL,PETROL,176000.0,NEW,16.741666666666667,2025-01-04
MICRO,TREND,2009,1000.0,AUTOMATIC,PETROL,176000.0,USED,20.0,2025-01-03
MICRO,TREND,2009,1075.0,MANUAL,PETROL,176000.0,USED,14.75,2024-12-30
MICRO,TREND,2009,1100.0,MANUAL,PETROL,176000.0,USED,15.5,2024-12-27
MICRO,TREND,2009,1075.0,MANUAL,PETROL,176000.0,USED,15.25,2024-12-06
MICRO,TREND,2009,1075.0,MANUAL,PETROL,176000.0,USED,16.95,2024-12-04
MICRO,TREND,2010,1000.0,MANUAL,PETROL,165000.0,USED,15.75,2025-02-03
MICRO,TREND,2010,1075.0,MANUAL,PETROL,165000.0,USED,19.0,2025-02-01
MICRO,TREND,2010,1075.0,AUTOMATIC,PETROL,165000.0,USED,15.6,2025-02-01
MICRO,TREND,2010,1075.0,AUTOMATIC,PETROL,165000.0,USED,15.6,2025-01-18
MICRO,TREND,2010,1000.0,MANUAL,PETROL,165000.0,USED,15.0,2025-01-24
MICRO,TREND,2010,1000.0,AUTOMATIC,PETROL,165000.0,USED,10.650000000000002,2024-12-29
MICRO,TREND,2010,1000.0,MANUAL,PETROL,165000.0,USED,19.25,2024-12-20
MICRO,TREND,2011,1000.0,MANUAL,PETROL,154000.0,USED,17.825,2025-02-05
MICRO,TREND,2011,1100.0,MANUAL,PETROL,154000.0,USED,18.9,2025-01-25
MICRO,TREND,2011,1075.0,MANUAL,PETROL,154000.0,USED,16.75,2024-12-18
MICRO,TREND,2012,1000.0,MANUAL,PETROL,143000.0,USED,22.85,2025-02-04
MICRO,TREND,2012,1000.0,AUTOMATIC,PETROL,143000.0,USED,20.0,2025-02-03
MICRO,TREND,2012,1000.0,MANUAL,PETROL,143000.0,USED,16.95,2025-02-01
MICRO,TREND,2012,1000.0,MANUAL,PETROL,143000.0,USED,15.8,2025-01-19
MICRO,TREND,2012,1075.0,MANUAL,PETROL,143000.0,USED,17.5,2024-12-11
MICRO,TREND,2013,1075.0,MANUAL,PETROL,132000.0,USED,19.95,2025-02-05
MICRO,VOLEEX C10,2013,1500.0,AUTOMATIC,PETROL,132000.0,USED,49.75,2025-01-24
MICRO,X25,2017,1500.0,AUTOMATIC,PETROL,88000.0,USED,54.5,2025-01-29
MICRO,X25,2017,1500.0,AUTOMATIC,PETROL,88000.0,USED,54.5,2024-12-24
MICRO,X25,2018,1500.0,AUTOMATIC,PETROL,77000.0,USED,59.5,2025-01-17
MINI,COOPER,1960,1300.0,MANUAL,PETROL,715000.0,USED,15.5,2025-01-29
MINI,COOPER,1960,1300.0,MANUAL,PETROL,715000.0,USED,26.0,2025-01-26
MINI,COOPER,1960,1300.0,AUTOMATIC,PETROL,715000.0,USED,19.25,2025-01-26
MINI,COOPER,1960,1275.0,MANUAL,PETROL,715000.0,USED,45.7625,2025-01-05
MINI,COOPER,1961,1300.0,MANUAL,PETROL,704000.0,USED,18.75,2025-01-10
MINI,COOPER,1961,1300.0,MANUAL,PETROL,704000.0,USED,18.75,2024-12-24
MINI,COOPER,1965,1300.0,AUTOMATIC,PETROL,660000.0,USED,21.75,2025-02-03
MINI,COOPER,1967,1000.0,MANUAL,PETROL,638000.0,USED,16.9,2025-02-03
MINI,COOPER,1969,1300.0,AUTOMATIC,PETROL,616000.0,USED,25.75,2024-12-20
MINI,COOPER,1970,1300.0,MANUAL,PETROL,605000.0,USED,19.5,2025-01-26
MINI,COOPER,1970,1000.0,MANUAL,PETROL,605000.0,USED,18.9,2024-12-08
MINI,COOPER,1978,1300.0,MANUAL,PETROL,75000.0,USED,25.0,2026-09-26
MINI,COOPER,1988,1300.0,AUTOMATIC,PETROL,407000.0,USED,31.5,2025-02-05
MINI,COOPER,1990,1300.0,AUTOMATIC,PETROL,385000.0,USED,35.0,2025-02-03
MINI,COOPER,1994,1300.0,AUTOMATIC,PETROL,341000.0,USED,29.75,2025-02-05
MINI,COOPER,1994,1300.0,AUTOMATIC,PETROL,341000.0,USED,29.75,2025-02-03
MINI,COOPER,1994,1300.0,AUTOMATIC,PETROL,341000.0,USED,29.75,2024-12-24
MINI,COOPER,1997,1300.0,AUTOMATIC,PETROL,308000.0,USED,31.5,2024-12-15
MINI,COOPER,1998,1275.0,MANUAL,PETROL,297000.0,USED,26.5,2025-01-19
MINI,COOPER,1999,1300.0,MANUAL,PETROL,286000.0,USED,28.5,2025-01-06
MINI,COOPER,2015,1500.0,AUTOMATIC,PETROL,67500.0,USED,109.0,2026-09-26
MINI,COOPER S TURBO,2007,1600.0,MANUAL,PETROL,198000.0,USED,98.0,2025-02-05
MINI,COOPER SPORT TWIN TURBO,2019,1200.0,AUTOMATIC,PETROL,66000.0,USED,159.0,2025-01-24
MINI,COUNTRYMAN,2024,1500.0,AUTOMATIC,PETROL,9000.0,USED,332.5,2026-09-26
MINI,MINER,1968,1300.0,AUTOMATIC,PETROL,627000.0,USED,20.5,2025-01-23
MINI,MORISS,1965,990.0,AUTOMATIC,PETROL,660000.0,USED,18.75,2025-02-05
MINI,MORRIS COOPER,1969,1275.0,MANUAL,PETROL,616000.0,USED,40.0,2025-01-31
MITSUBISHI,4DR5 J24,1980,2680.0,MANUAL,DIESEL,495000.0,USED,38.5,2025-01-18
MITSUBISHI,ATTRAGE,2016,1290.0,AUTOMATIC,PETROL,99000.0,USED,75.9,2025-02-05
MITSUBISHI,C12,1984,1500.0,MANUAL,PETROL,451000.0,USED,13.0,2025-01-12
MITSUBISHI,C12,1985,1500.0,MANUAL,PETROL,440000.0,USED,7.4,2025-02-04
MITSUBISHI,C12,1985,1500.0,MANUAL,PETROL,440000.0,NEW,7.5,2025-02-02
MITSUBISHI,C12,1985,1500.0,MANUAL,PETROL,440000.0,USED,7.45,2025-01-25
MITSUBISHI,C12,1985,1500.0,MANUAL,PETROL,440000.0,USED,7.45,2024-12-10
MITSUBISHI,C12,1986,1500.0,MANUAL,PETROL,429000.0,USED,9.5,2024-12-05
MITSUBISHI,C12,1987,1500.0,MANUAL,PETROL,418000.0,USED,8.5,2024-12-30
MITSUBISHI,C12,1990,1500.0,MANUAL,PETROL,385000.0,USED,11.35,2025-01-21
MITSUBISHI,C12 HATCHBACK,1985,1500.0,MANUAL,PETROL,440000.0,USED,8.7,2025-01-19
MITSUBISHI,C12V,1985,1500.0,MANUAL,PETROL,440000.0,USED,6.0,2025-01-11
MITSUBISHI,CB2,1994,1500.0,MANUAL,PETROL,341000.0,USED,27.0,2025-01-24
MITSUBISHI,CB8,1992,2000.0,MANUAL,DIESEL,363000.0,USED,25.85,2025-01-06
MITSUBISHI,CK2,1996,1500.0,MANUAL,PETROL,319000.0,USED,29.9,2024-12-10
MITSUBISHI,CK2A,1999,1500.0,AUTOMATIC,PETROL,286000.0,USED,38.0,2025-01-24
MITSUBISHI,COLT,1969,1100.0,MANUAL,PETROL,616000.0,USED,10.0,2025-01-01
MITSUBISHI,COLT,1979,1400.0,MANUAL,PETROL,506000.0,USED,3.25,2024-12-22
MITSUBISHI,COLT,1980,1400.0,MANUAL,PETROL,495000.0,USED,5.8,2025-02-02
MITSUBISHI,COLT,2004,1300.0,AUTOMATIC,PETROL,231000.0,USED,36.15,2025-01-09
MITSUBISHI,COLT,2007,1400.0,AUTOMATIC,PETROL,198000.0,USED,38.0,2024-12-11
MITSUBISHI,COLT,2008,1330.0,AUTOMATIC,PETROL,187000.0,USED,34.0,2025-01-06
MITSUBISHI,CS3,2004,1500.0,AUTOMATIC,PETROL,231000.0,USED,48.0,2024-12-30
MITSUBISHI,CS3,2011,1584.0,AUTOMATIC,PETROL,154000.0,USED,71.5,2025-01-26
MITSUBISHI,DELICA,2024,660.0,AUTOMATIC,HYBRID,18.0,NEW,81.9,2026-09-25
MITSUBISHI,DELICA,2025,1200.0,AUTOMATIC,HYBRID,14000.0,USED,127.0,2026-09-23
MITSUBISHI,ECLIPSE CROSS,2025,1500.0,AUTOMATIC,PETROL,2800.0,USED,182.0,2026-09-26
MITSUBISHI,ECLIPSE CROSS,2026,1490.0,AUTOMATIC,PETROL,6000.0,USED,198.5,2026-09-26
MITSUBISHI,EK WAGON,2016,660.0,AUTOMATIC,PETROL,99000.0,USED,56.75,2025-02-02
MITSUBISHI,EK WAGON,2016,650.0,AUTOMATIC,PETROL,110000.0,USED,58.0,2026-09-26
MITSUBISHI,EK WAGON,2017,650.0,AUTOMATIC,PETROL,88000.0,USED,57.0,2025-02-02
MITSUBISHI,EK WAGON,2017,660.0,AUTOMATIC,PETROL,88000.0,USED,57.0,2025-01-15
MITSUBISHI,EK WAGON,2018,650.0,AUTOMATIC,PETROL,77000.0,USED,61.15625,2025-01-20
MITSUBISHI,EK WAGON,2018,650.0,AUTOMATIC,PETROL,26693.0,USED,64.75,2026-09-23
MITSUBISHI,EK WAGON,2023,660.0,AUTOMATIC,PETROL,17200.0,USED,74.5,2026-09-25
MITSUBISHI,EK WAGON,2023,660.0,AUTOMATIC,PETROL,10100.0,USED,71.5,2026-09-26
MITSUBISHI,EK WAGON,2024,650.0,AUTOMATIC,PETROL,17000.0,USED,73.5,2026-09-24
MITSUBISHI,EK WAGON,2024,650.0,AUTOMATIC,PETROL,1334.0,USED,74.5,2026-09-24
MITSUBISHI,EK WAGON,2024,660.0,AUTOMATIC,PETROL,6500.0,USED,72.5,2026-09-26
MITSUBISHI,EK WAGON,2025,660.0,AUTOMATIC,PETROL,17500.0,USED,74.5,2026-09-25
MITSUBISHI,EK WAGON,2025,660.0,AUTOMATIC,PETROL,3500.0,USED,75.9,2026-09-25
MITSUBISHI,EK WAGON,2025,660.0,AUTOMATIC,PETROL,1100.0,USED,75.0,2026-09-25
MITSUBISHI,EK WAGON,2025,650.0,AUTOMATIC,PETROL,800.0,NEW,74.5,2026-09-24
MITSUBISHI,EK WAGON,2025,650.0,AUTOMATIC,PETROL,2500.0,USED,79.75,2026-09-24
MITSUBISHI,EK WAGON,2025,650.0,AUTOMATIC,PETROL,1200.0,USED,74.75,2026-09-23
MITSUBISHI,EK WAGON B11W,2018,650.0,AUTOMATIC,PETROL,77000.0,USED,62.0,2025-01-22
MITSUBISHI,EK WAGON CUSTOM,2016,650.0,AUTOMATIC,PETROL,99000.0,USED,62.0,2025-02-04
MITSUBISHI,EK WAGON CUSTOM,2016,650.0,AUTOMATIC,PETROL,99000.0,USED,62.0,2025-01-31
MITSUBISHI,EK WAGON CUSTOM,2016,650.0,AUTOMATIC,PETROL,99000.0,USED,62.0,2025-01-22
MITSUBISHI,EK WAGON CUSTOM DAYZ,2015,660.0,AUTOMATIC,PETROL,110000.0,USED,61.5,2025-02-05
MITSUBISHI,EVOLUTION 4,2000,2000.0,MANUAL,PETROL,275000.0,USED,59.5,2025-01-13
MITSUBISHI,GALANT,1971,1400.0,MANUAL,PETROL,121221.0,USED,4.35,2026-09-24
MITSUBISHI,GALANT,1975,1500.0,MANUAL,PETROL,550000.0,USED,3.4,2024-12-24
MITSUBISHI,GALANT,1983,1400.0,MANUAL,PETROL,462000.0,USED,6.5,2025-01-09
MITSUBISHI,GALANT,1983,1590.0,MANUAL,DIESEL,462000.0,USED,10.75,2024-12-24
MITSUBISHI,GALANT,1985,1500.0,MANUAL,PETROL,440000.0,USED,4.75,2025-01-30
MITSUBISHI,GALANT,1985,1500.0,MANUAL,PETROL,440000.0,USED,4.75,2025-01-03
MITSUBISHI,GALANT,1985,1600.0,MANUAL,PETROL,440000.0,USED,5.75,2024-12-27
MITSUBISHI,GALANT,1985,1500.0,MANUAL,PETROL,440000.0,USED,8.0,2024-12-21
MITSUBISHI,GALANT,1987,1500.0,MANUAL,PETROL,418000.0,USED,4.5,2025-01-11
MITSUBISHI,GALANT,1990,1500.0,MANUAL,DIESEL,385000.0,USED,14.0,2025-01-01
MITSUBISHI,GALANT,2000,2000.0,MANUAL,DIESEL,275000.0,USED,33.5,2025-01-31
MITSUBISHI,GALANT,2000,2000.0,MANUAL,DIESEL,275000.0,USED,45.0,2025-01-13
MITSUBISHI,GALANT,2000,2000.0,MANUAL,DIESEL,275000.0,USED,35.5,2025-01-25
MITSUBISHI,GALANT,2003,2000.0,AUTOMATIC,PETROL,242000.0,USED,34.0,2025-01-10
MITSUBISHI,GALANT,2003,2000.0,AUTOMATIC,PETROL,242000.0,USED,9.5,2024-12-28
MITSUBISHI,GALANT,2006,2000.0,AUTOMATIC,PETROL,209000.0,USED,40.0,2025-02-01
MITSUBISHI,GALANT,2006,2000.0,AUTOMATIC,PETROL,209000.0,USED,40.0,2025-01-18
MITSUBISHI,GALANT E32,1988,1800.0,MANUAL,PETROL,407000.0,USED,16.8,2025-01-01
MITSUBISHI,GALANT SIGMA 2C,1984,2000.0,MANUAL,PETROL,451000.0,USED,6.2,2025-01-18
MITSUBISHI,GALANT V6,1994,2000.0,MANUAL,PETROL,341000.0,USED,22.75,2024-12-15
MITSUBISHI,GALANT VRG ASPIRE,2003,1800.0,AUTOMATIC,PETROL,242000.0,NEW,36.75,2025-02-03
MITSUBISHI,GF-H42A,2001,650.0,AUTOMATIC,PETROL,264000.0,USED,35.0,2025-01-13
MITSUBISHI,GLX,2007,1299.0,MANUAL,PETROL,198000.0,USED,47.0,2024-12-24
MITSUBISHI,KH4WGRPZR,2011,2476.0,AUTOMATIC,DIESEL,154000.0,USED,150.0,2025-01-02
MITSUBISHI,L200,1990,2500.0,MANUAL,DIESEL,122000.0,USED,29.5,2026-09-25
MITSUBISHI,L200,2007,2450.0,AUTOMATIC,DIESEL,110000.0,USED,90.0,2026-09-26
MITSUBISHI,L200,2007,2477.0,AUTOMATIC,DIESEL,238800.0,USED,89.0,2026-09-25
MITSUBISHI,L200,2007,2477.0,AUTOMATIC,DIESEL,194075.0,USED,91.0,2026-09-26
MITSUBISHI,L200,2016,2500.0,AUTOMATIC,DIESEL,155000.0,USED,165.0,2026-09-26
MITSUBISHI,LANCER,1977,1400.0,MANUAL,PETROL,528000.0,USED,23.5,2024-12-27
MITSUBISHI,LANCER,1978,1400.0,MANUAL,PETROL,517000.0,USED,5.75,2025-01-13
MITSUBISHI,LANCER,1978,1400.0,MANUAL,PETROL,517000.0,USED,4.3,2025-01-21
MITSUBISHI,LANCER,1978,1400.0,MANUAL,PETROL,517000.0,USED,5.025,2024-12-06
MITSUBISHI,LANCER,1980,1300.0,MANUAL,PETROL,495000.0,USED,9.75,2025-01-30
MITSUBISHI,LANCER,1981,1400.0,MANUAL,PETROL,484000.0,USED,8.9,2025-01-05
MITSUBISHI,LANCER,1983,1400.0,MANUAL,PETROL,462000.0,USED,5.5,2025-02-02
MITSUBISHI,LANCER,1983,1390.0,MANUAL,PETROL,462000.0,USED,8.25,2025-01-12
MITSUBISHI,LANCER,1983,1400.0,MANUAL,PETROL,462000.0,USED,6.6,2025-01-09
MITSUBISHI,LANCER,1983,1400.0,MANUAL,PETROL,462000.0,USED,3.75,2024-12-19
MITSUBISHI,LANCER,1983,1500.0,MANUAL,PETROL,462000.0,USED,8.9,2024-12-12
MITSUBISHI,LANCER,1984,1400.0,MANUAL,PETROL,95000.0,USED,8.25,2026-09-25
MITSUBISHI,LANCER,1985,1400.0,MANUAL,PETROL,440000.0,USED,13.0,2025-02-04
MITSUBISHI,LANCER,1985,1400.0,MANUAL,PETROL,440000.0,USED,9.666666666666666,2024-12-16
MITSUBISHI,LANCER,1985,2470.0,MANUAL,DIESEL,440000.0,USED,6.5,2024-12-11
MITSUBISHI,LANCER,1985,1500.0,MANUAL,PETROL,440000.0,USED,9.5,2024-12-05
MITSUBISHI,LANCER,1985,1500.0,MANUAL,PETROL,203444.0,USED,15.0,2026-09-24
MITSUBISHI,LANCER,1985,1400.0,MANUAL,PETROL,150000.0,USED,10.0,2026-09-23
MITSUBISHI,LANCER,1986,1390.0,MANUAL,PETROL,429000.0,USED,9.9,2024-12-17
MITSUBISHI,LANCER,1987,1500.0,MANUAL,PETROL,418000.0,USED,5.75,2025-02-01
MITSUBISHI,LANCER,1988,1450.0,MANUAL,PETROL,407000.0,USED,8.5,2025-01-29
MITSUBISHI,LANCER,1989,1300.0,MANUAL,PETROL,396000.0,USED,10.9,2025-02-03
MITSUBISHI,LANCER,1989,1500.0,MANUAL,PETROL,327000.0,USED,18.5,2026-09-24
MITSUBISHI,LANCER,1990,1500.0,MANUAL,PETROL,385000.0,USED,13.25,2024-12-25
MITSUBISHI,LANCER,1990,1500.0,MANUAL,PETROL,471034.0,USED,18.5,2026-09-24
MITSUBISHI,LANCER,1991,1300.0,MANUAL,PETROL,374000.0,USED,13.0,2025-01-16
MITSUBISHI,LANCER,1991,1800.0,MANUAL,DIESEL,374000.0,USED,13.0,2024-12-20
MITSUBISHI,LANCER,1992,1950.0,MANUAL,DIESEL,363000.0,USED,14.5,2025-02-04
MITSUBISHI,LANCER,1992,1500.0,MANUAL,DIESEL,363000.0,USED,17.0,2025-01-05
MITSUBISHI,LANCER,1992,1879.0,MANUAL,PETROL,363000.0,USED,23.875,2025-01-22
MITSUBISHI,LANCER,1992,1800.0,MANUAL,DIESEL,363000.0,USED,21.0,2024-12-31
MITSUBISHI,LANCER,1993,1300.0,MANUAL,PETROL,352000.0,USED,11.5,2025-02-04
MITSUBISHI,LANCER,1995,1300.0,MANUAL,PETROL,330000.0,USED,11.6,2025-01-28
MITSUBISHI,LANCER,1995,1300.0,MANUAL,PETROL,330000.0,NEW,11.6,2024-12-04
MITSUBISHI,LANCER,1998,1500.0,MANUAL,PETROL,297000.0,USED,23.875,2024-12-27
MITSUBISHI,LANCER,2000,1300.0,MANUAL,PETROL,220000.0,USED,43.5,2026-09-16
MITSUBISHI,LANCER,2002,1460.0,AUTOMATIC,PETROL,253000.0,USED,23.875,2025-02-01
MITSUBISHI,LANCER,2003,1300.0,MANUAL,PETROL,242000.0,USED,23.875,2025-02-04
MITSUBISHI,LANCER,2011,1600.0,AUTOMATIC,PETROL,182000.0,USED,66.5,2026-09-26
MITSUBISHI,LANCER,2012,1299.0,AUTOMATIC,PETROL,143000.0,USED,23.875,2024-12-22
MITSUBISHI,LANCER,2013,1600.0,AUTOMATIC,PETROL,65000.0,USED,87.5,2026-09-24
MITSUBISHI,LANCER ASP,1991,1500.0,MANUAL,PETROL,374000.0,USED,10.0,2025-01-03
MITSUBISHI,LANCER ASP,1996,1500.0,MANUAL,PETROL,319000.0,USED,7.8,2025-01-24
MITSUBISHI,LANCER ASP MODEL,1991,1500.0,MANUAL,PETROL,374000.0,USED,17.75,2025-01-17
MITSUBISHI,LANCER BOX,1978,1200.0,MANUAL,PETROL,517000.0,USED,11.5,2025-01-05
MITSUBISHI,LANCER BOX,1979,1822.0,MANUAL,PETROL,506000.0,USED,11.85,2025-01-21
MITSUBISHI,LANCER BOX,1980,1400.0,AUTOMATIC,PETROL,495000.0,USED,6.6,2025-02-05
MITSUBISHI,LANCER BOX,1980,1300.0,MANUAL,PETROL,495000.0,USED,9.75,2025-02-03
MITSUBISHI,LANCER BOX,1980,1400.0,MANUAL,PETROL,495000.0,USED,9.5,2025-01-30
MITSUBISHI,LANCER BOX,1980,1400.0,MANUAL,PETROL,495000.0,USED,7.9,2025-01-30
MITSUBISHI,LANCER BOX,1980,1400.0,MANUAL,PETROL,495000.0,USED,15.0,2025-01-11
MITSUBISHI,LANCER BOX,1980,1400.0,MANUAL,PETROL,495000.0,USED,4.4,2025-01-22
MITSUBISHI,LANCER BOX,1980,1400.0,MANUAL,PETROL,495000.0,USED,9.5,2025-01-04
MITSUBISHI,LANCER BOX,1980,1400.0,MANUAL,PETROL,495000.0,USED,8.7,2025-01-04
MITSUBISHI,LANCER BOX,1980,1410.0,MANUAL,PETROL,495000.0,USED,10.75,2024-12-29
MITSUBISHI,LANCER BOX,1980,1400.0,MANUAL,PETROL,495000.0,USED,8.5,2024-12-15
MITSUBISHI,LANCER BOX,1980,1400.0,MANUAL,PETROL,495000.0,USED,17.14910714285714,2024-12-13
MITSUBISHI,LANCER BOX,1980,1400.0,MANUAL,PETROL,495000.0,USED,7.25,2024-12-12
MITSUBISHI,LANCER BOX,1981,1400.0,MANUAL,PETROL,484000.0,USED,9.95,2025-01-31
MITSUBISHI,LANCER BOX,1981,1400.0,MANUAL,PETROL,484000.0,USED,11.95,2025-01-13
MITSUBISHI,LANCER BOX,1981,1400.0,MANUAL,PETROL,484000.0,USED,10.5,2025-01-08
MITSUBISHI,LANCER BOX,1981,1400.0,MANUAL,PETROL,484000.0,USED,9.5,2025-01-07
MITSUBISHI,LANCER BOX,1981,1400.0,MANUAL,PETROL,484000.0,USED,12.5,2025-01-28
MITSUBISHI,LANCER BOX,1981,1400.0,MANUAL,PETROL,484000.0,USED,11.6,2025-01-22
MITSUBISHI,LANCER BOX,1981,1400.0,MANUAL,PETROL,484000.0,USED,6.6,2025-01-02
MITSUBISHI,LANCER BOX,1981,1400.0,MANUAL,PETROL,484000.0,USED,10.9,2025-01-02
MITSUBISHI,LANCER BOX,1981,1400.0,MANUAL,PETROL,484000.0,USED,12.75,2024-12-28
MITSUBISHI,LANCER BOX,1981,1400.0,MANUAL,PETROL,484000.0,USED,11.75,2024-12-26
MITSUBISHI,LANCER BOX,1981,1400.0,MANUAL,PETROL,484000.0,USED,13.0,2024-12-21
MITSUBISHI,LANCER BOX,1981,1400.0,MANUAL,PETROL,484000.0,USED,6.0,2024-12-15
MITSUBISHI,LANCER BOX,1981,1400.0,MANUAL,PETROL,484000.0,USED,10.75,2024-12-12
MITSUBISHI,LANCER BOX,1982,1400.0,MANUAL,PETROL,473000.0,USED,17.14910714285714,2025-02-03
MITSUBISHI,LANCER BOX,1982,1200.0,MANUAL,PETROL,473000.0,USED,9.75,2025-01-31
MITSUBISHI,LANCER BOX,1982,1410.0,MANUAL,PETROL,473000.0,USED,11.542857142857144,2025-01-31
MITSUBISHI,LANCER BOX,1982,800.0,MANUAL,PETROL,473000.0,USED,10.3,2025-01-18
MITSUBISHI,LANCER BOX,1982,1400.0,MANUAL,PETROL,473000.0,USED,9.95,2025-01-17
MITSUBISHI,LANCER BOX,1982,1410.0,MANUAL,PETROL,473000.0,USED,7.5,2025-01-17
MITSUBISHI,LANCER BOX,1982,1400.0,MANUAL,PETROL,473000.0,USED,8.4,2025-01-15
MITSUBISHI,LANCER BOX,1982,1200.0,MANUAL,PETROL,473000.0,USED,9.9,2024-12-30
MITSUBISHI,LANCER BOX,1983,1400.0,MANUAL,PETROL,462000.0,USED,7.45,2025-02-05
MITSUBISHI,LANCER BOX,1983,1400.0,MANUAL,PETROL,462000.0,USED,7.45,2025-02-04
MITSUBISHI,LANCER BOX,1983,1400.0,MANUAL,PETROL,462000.0,USED,17.14910714285714,2025-02-04
MITSUBISHI,LANCER BOX,1983,1400.0,MANUAL,PETROL,462000.0,USED,11.5,2025-01-31
MITSUBISHI,LANCER BOX,1983,1400.0,MANUAL,PETROL,462000.0,USED,6.2,2025-01-31
MITSUBISHI,LANCER BOX,1983,1500.0,MANUAL,PETROL,462000.0,USED,9.8,2025-01-30
MITSUBISHI,LANCER BOX,1983,1400.0,MANUAL,PETROL,462000.0,USED,17.14910714285714,2025-01-15
MITSUBISHI,LANCER BOX,1983,1400.0,MANUAL,PETROL,462000.0,USED,4.9,2025-01-09
MITSUBISHI,LANCER BOX,1983,1200.0,MANUAL,PETROL,462000.0,USED,7.1,2025-01-28
MITSUBISHI,LANCER BOX,1983,1500.0,MANUAL,PETROL,462000.0,USED,10.25,2025-01-27
MITSUBISHI,LANCER BOX,1983,1400.0,MANUAL,PETROL,462000.0,USED,6.95,2024-12-27
MITSUBISHI,LANCER BOX,1983,1400.0,MANUAL,PETROL,462000.0,USED,10.168181818181818,2024-12-18
MITSUBISHI,LANCER BOX,1984,1410.0,MANUAL,PETROL,451000.0,USED,8.75,2025-02-03
MITSUBISHI,LANCER BOX,1984,1400.0,MANUAL,PETROL,451000.0,USED,8.85,2025-01-25
MITSUBISHI,LANCER BOX,1984,1822.0,MANUAL,PETROL,451000.0,USED,6.1,2024-12-30
MITSUBISHI,LANCER BOX,1985,1400.0,MANUAL,PETROL,440000.0,USED,13.75,2025-01-20
MITSUBISHI,LANCER BOX,1986,1400.0,MANUAL,PETROL,429000.0,USED,7.75,2025-01-28
MITSUBISHI,LANCER BOX,1987,1400.0,MANUAL,PETROL,418000.0,USED,11.5,2025-01-19
MITSUBISHI,LANCER BOX,1987,1300.0,MANUAL,PETROL,418000.0,USED,11.5,2024-12-07
MITSUBISHI,LANCER BOX,1988,1400.0,MANUAL,PETROL,407000.0,USED,12.5,2025-02-05
MITSUBISHI,LANCER BOX,1988,1400.0,MANUAL,PETROL,407000.0,USED,9.8,2025-02-04
MITSUBISHI,LANCER BOX,1988,1200.0,MANUAL,PETROL,407000.0,USED,11.0,2025-01-21
MITSUBISHI,LANCER BOX,1990,1400.0,MANUAL,PETROL,385000.0,USED,5.5,2024-12-04
MITSUBISHI,LANCER BOX 1.6,1982,1600.0,MANUAL,PETROL,473000.0,USED,8.5,2025-02-04
MITSUBISHI,LANCER BOX 5FWD,1982,1400.0,MANUAL,PETROL,473000.0,USED,8.9,2024-12-06
MITSUBISHI,LANCER BOX SL,1984,1400.0,MANUAL,PETROL,451000.0,USED,9.9,2025-02-05
MITSUBISHI,LANCER C12,1985,1500.0,MANUAL,PETROL,440000.0,USED,6.9,2025-02-02
MITSUBISHI,LANCER C12,1985,1300.0,MANUAL,PETROL,440000.0,USED,5.4,2024-12-07
MITSUBISHI,LANCER C12,1985,1500.0,MANUAL,PETROL,440000.0,USED,5.2,2024-12-04
MITSUBISHI,LANCER C12,1985,1400.0,MANUAL,PETROL,440000.0,USED,7.5,2024-12-04
MITSUBISHI,LANCER C12,1990,1500.0,MANUAL,PETROL,385000.0,USED,10.65,2025-01-26
MITSUBISHI,LANCER C12 CLX,1987,1500.0,MANUAL,PETROL,418000.0,USED,10.75,2024-12-23
MITSUBISHI,LANCER C12A,1986,1500.0,MANUAL,PETROL,429000.0,USED,6.9,2025-02-05
MITSUBISHI,LANCER CB1,1994,1300.0,MANUAL,PETROL,341000.0,USED,22.5,2024-12-24
MITSUBISHI,LANCER CB1,1995,1298.0,MANUAL,PETROL,330000.0,USED,27.0,2025-01-23
MITSUBISHI,LANCER CB2,1992,1500.0,MANUAL,PETROL,363000.0,USED,26.75,2025-01-30
MITSUBISHI,LANCER CB3,1995,1500.0,MANUAL,PETROL,330000.0,USED,26.5,2025-01-30
MITSUBISHI,LANCER CB8,1992,2000.0,MANUAL,DIESEL,363000.0,USED,21.5,2025-01-01
MITSUBISHI,LANCER CB8,1992,2000.0,MANUAL,DIESEL,363000.0,USED,14.5,2024-12-29
MITSUBISHI,LANCER CK1,1997,1300.0,MANUAL,PETROL,308000.0,USED,32.5,2025-01-18
MITSUBISHI,LANCER CK1,1997,1300.0,MANUAL,PETROL,308000.0,USED,25.949999999999996,2025-01-08
MITSUBISHI,LANCER CK1,1998,1300.0,MANUAL,PETROL,297000.0,USED,34.0,2025-01-21
MITSUBISHI,LANCER CK1,1999,1300.0,MANUAL,PETROL,286000.0,USED,31.0,2025-02-05
MITSUBISHI,LANCER CK1,1999,1300.0,MANUAL,PETROL,286000.0,USED,31.75,2025-01-31
MITSUBISHI,LANCER CK1,1999,1300.0,MANUAL,PETROL,286000.0,USED,34.5,2025-01-07
MITSUBISHI,LANCER CK1,1999,1300.0,AUTOMATIC,PETROL,286000.0,USED,35.95,2025-01-05
MITSUBISHI,LANCER CK1,2000,1300.0,MANUAL,PETROL,275000.0,USED,38.5,2025-02-01
MITSUBISHI,LANCER CK1,2000,1300.0,MANUAL,PETROL,275000.0,USED,35.7,2025-01-16
MITSUBISHI,LANCER CK1,2000,1300.0,MANUAL,PETROL,275000.0,USED,32.0,2025-01-12
MITSUBISHI,LANCER CK1,2002,1300.0,AUTOMATIC,PETROL,253000.0,USED,37.0,2024-12-17
MITSUBISHI,LANCER CK2,1997,1500.0,MANUAL,PETROL,308000.0,USED,33.9,2025-01-17
MITSUBISHI,LANCER CK2,1997,1300.0,AUTOMATIC,PETROL,308000.0,USED,34.35,2025-01-03
MITSUBISHI,LANCER CK2,1998,1500.0,AUTOMATIC,PETROL,297000.0,USED,34.75,2025-01-06
MITSUBISHI,LANCER CK2,2000,1500.0,MANUAL,PETROL,275000.0,USED,38.0,2025-02-01
MITSUBISHI,LANCER CK2,2000,1500.0,AUTOMATIC,PETROL,275000.0,USED,38.0,2025-01-04
MITSUBISHI,LANCER CK2,2001,1500.0,MANUAL,PETROL,264000.0,USED,37.5,2025-01-28
MITSUBISHI,LANCER CK2,2001,1500.0,MANUAL,PETROL,264000.0,USED,37.5,2025-01-27
MITSUBISHI,LANCER CK2,2002,1500.0,MANUAL,PETROL,253000.0,USED,43.025000000000006,2025-01-09
MITSUBISHI,LANCER CK2 MX,2001,1500.0,AUTOMATIC,PETROL,264000.0,USED,39.75,2025-01-31
MITSUBISHI,LANCER CK2 MX EFI,1998,1500.0,MANUAL,PETROL,297000.0,USED,40.0,2025-02-05
MITSUBISHI,LANCER CS1,2001,1300.0,MANUAL,PETROL,264000.0,USED,39.0,2025-01-13
MITSUBISHI,LANCER CS1,2001,1300.0,MANUAL,PETROL,264000.0,USED,42.5,2024-12-19
MITSUBISHI,LANCER CS1,2003,1300.0,AUTOMATIC,PETROL,242000.0,USED,49.6,2025-01-11
MITSUBISHI,LANCER CS1,2003,1300.0,MANUAL,PETROL,242000.0,USED,45.0,2025-01-09
MITSUBISHI,LANCER CS1,2003,1300.0,MANUAL,PETROL,242000.0,USED,37.5625,2025-01-02
MITSUBISHI,LANCER CS1,2004,1300.0,MANUAL,PETROL,231000.0,USED,50.5,2025-01-17
MITSUBISHI,LANCER CS1,2004,1300.0,MANUAL,PETROL,231000.0,USED,50.5,2025-01-12
MITSUBISHI,LANCER CS1,2004,1300.0,MANUAL,PETROL,231000.0,USED,51.5,2025-01-11
MITSUBISHI,LANCER CS1,2004,1300.0,MANUAL,PETROL,231000.0,USED,53.5,2025-01-02
MITSUBISHI,LANCER CS1,2005,1299.0,MANUAL,PETROL,220000.0,USED,55.75,2025-02-05
MITSUBISHI,LANCER CS1,2005,1300.0,MANUAL,PETROL,220000.0,USED,54.0,2025-01-10
MITSUBISHI,LANCER CS1,2007,1300.0,MANUAL,PETROL,198000.0,USED,57.75,2025-01-12
MITSUBISHI,LANCER CS1,2007,1300.0,AUTOMATIC,PETROL,198000.0,USED,58.5,2025-01-06
MITSUBISHI,LANCER CS1,2007,1350.0,MANUAL,PETROL,198000.0,USED,58.125,2025-01-22
MITSUBISHI,LANCER CS1,2008,1300.0,MANUAL,PETROL,187000.0,USED,61.0,2025-02-04
MITSUBISHI,LANCER CS1,2008,1300.0,MANUAL,PETROL,187000.0,USED,64.9,2025-02-03
MITSUBISHI,LANCER CS1,2008,1300.0,MANUAL,PETROL,187000.0,USED,58.75,2025-02-01
MITSUBISHI,LANCER CS1,2008,1300.0,MANUAL,PETROL,187000.0,USED,58.75,2025-01-29
MITSUBISHI,LANCER CS1,2008,1300.0,MANUAL,PETROL,187000.0,USED,59.75,2025-01-25
MITSUBISHI,LANCER CS1,2011,1300.0,MANUAL,PETROL,154000.0,USED,61.5,2025-01-28
MITSUBISHI,LANCER CS1 GLX,2003,1500.0,AUTOMATIC,PETROL,242000.0,USED,54.95,2025-02-01
MITSUBISHI,LANCER CS1 GLX,2008,1300.0,AUTOMATIC,PETROL,187000.0,USED,54.33333333333333,2025-02-02
MITSUBISHI,LANCER CS1 GLX,2008,1366.0,MANUAL,PETROL,187000.0,USED,57.0,2025-02-01
MITSUBISHI,LANCER CS1 GLX,2008,1300.0,MANUAL,PETROL,187000.0,USED,51.46874999999999,2025-02-01
MITSUBISHI,LANCER CS1 GLX,2008,1300.0,MANUAL,PETROL,187000.0,USED,55.0,2024-12-30
MITSUBISHI,LANCER CS1 GLX,2010,1500.0,AUTOMATIC,PETROL,165000.0,USED,59.51875,2025-01-16
MITSUBISHI,LANCER CS2,2002,1500.0,AUTOMATIC,PETROL,253000.0,USED,53.75,2025-02-03
MITSUBISHI,LANCER CS2,2002,1500.0,AUTOMATIC,PETROL,253000.0,USED,53.75,2025-01-22
MITSUBISHI,LANCER CS2,2022,1500.0,AUTOMATIC,PETROL,33000.0,USED,49.5,2024-12-25
MITSUBISHI,LANCER CS2 JDM,2008,1500.0,AUTOMATIC,PETROL,187000.0,USED,62.9,2025-02-02
MITSUBISHI,LANCER CS3,2001,1600.0,MANUAL,PETROL,264000.0,USED,40.0,2025-01-06
MITSUBISHI,LANCER CS3,2004,1600.0,MANUAL,PETROL,231000.0,USED,53.75,2025-02-01
MITSUBISHI,LANCER CS3 GLX,2001,1590.0,MANUAL,PETROL,264000.0,USED,46.95,2025-01-31
MITSUBISHI,LANCER CS3 GLX,2001,1600.0,MANUAL,PETROL,264000.0,USED,48.9,2024-12-15
MITSUBISHI,LANCER CS3 GLX,2011,1600.0,AUTOMATIC,PETROL,154000.0,USED,61.5,2024-12-14
MITSUBISHI,LANCER EVOLUTION,2001,1997.0,MANUAL,PETROL,264000.0,USED,89.95,2025-02-05
MITSUBISHI,LANCER EVOLUTION 6,2000,2000.0,MANUAL,PETROL,275000.0,USED,85.0,2025-01-14
MITSUBISHI,LANCER EX,2008,1500.0,AUTOMATIC,PETROL,187000.0,USED,85.0,2025-01-30
MITSUBISHI,LANCER EX,2008,1500.0,AUTOMATIC,PETROL,187000.0,USED,85.0,2025-01-22
MITSUBISHI,LANCER EX,2015,1600.0,MANUAL,PETROL,110000.0,USED,109.5,2025-01-30
MITSUBISHI,LANCER EX EVO X,2008,1500.0,AUTOMATIC,PETROL,187000.0,USED,86.75,2025-01-23
MITSUBISHI,LANCER EX GLS,2007,1500.0,AUTOMATIC,PETROL,198000.0,USED,86.75,2025-02-05
MITSUBISHI,LANCER EX GLS EVO X BODYKIT,2007,1500.0,AUTOMATIC,PETROL,198000.0,USED,88.5,2025-01-26
MITSUBISHI,LANCER FIORE,1986,1500.0,MANUAL,PETROL,429000.0,USED,7.75,2025-02-02
MITSUBISHI,LANCER FLAT,1978,1300.0,MANUAL,PETROL,517000.0,USED,8.5,2025-01-29
MITSUBISHI,LANCER FLAT LIGHT,1977,1400.0,MANUAL,PETROL,528000.0,USED,6.2,2025-02-05
MITSUBISHI,LANCER FLAT LIGHT,1977,1450.0,MANUAL,PETROL,528000.0,USED,7.8,2025-01-27
MITSUBISHI,LANCER FLAT LIGHT WAGON EL,1982,1400.0,MANUAL,PETROL,473000.0,USED,5.1,2025-01-21
MITSUBISHI,LANCER FURY,1986,1500.0,MANUAL,PETROL,429000.0,USED,5.85,2024-12-15
MITSUBISHI,LANCER GLX,1985,1500.0,MANUAL,PETROL,440000.0,USED,11.11111,2024-12-23
MITSUBISHI,LANCER GLX,1988,1400.0,MANUAL,PETROL,407000.0,USED,10.9,2025-01-31
MITSUBISHI,LANCER GLX,1989,1500.0,MANUAL,PETROL,396000.0,USED,6.75,2025-01-18
MITSUBISHI,LANCER GLX ASP,1989,1500.0,MANUAL,PETROL,396000.0,USED,14.75,2024-12-29
MITSUBISHI,LANCER GLX ASP,1990,1500.0,MANUAL,PETROL,385000.0,USED,11.5,2024-12-29
MITSUBISHI,LANCER STATION WAGON,1985,1240.0,MANUAL,PETROL,440000.0,USED,7.9,2025-01-28
MITSUBISHI,LANCER WAGON,1977,1400.0,MANUAL,PETROL,528000.0,USED,5.5,2025-01-19
MITSUBISHI,LANCER WAGON,1978,1200.0,MANUAL,PETROL,517000.0,USED,7.75,2025-01-30
MITSUBISHI,LANCER WAGON,1978,1400.0,MANUAL,PETROL,517000.0,USED,3.88,2024-12-07
MITSUBISHI,LANCER WAGON,1980,1400.0,MANUAL,PETROL,495000.0,USED,5.95,2025-02-05
MITSUBISHI,LANCER WAGON,1980,1400.0,MANUAL,PETROL,495000.0,USED,9.9,2025-01-31
MITSUBISHI,LANCER WAGON,1980,1400.0,MANUAL,PETROL,495000.0,USED,4.6,2025-01-30
MITSUBISHI,LANCER WAGON,1980,1200.0,MANUAL,PETROL,495000.0,USED,6.8,2024-12-13
MITSUBISHI,LANCER WAGON,1983,1400.0,MANUAL,PETROL,462000.0,USED,6.9,2025-02-01
MITSUBISHI,LANCER WAGON,1983,1400.0,MANUAL,PETROL,462000.0,USED,8.0,2025-01-15
MITSUBISHI,LANCER WAGON,1983,1400.0,MANUAL,PETROL,462000.0,USED,4.75,2025-01-11
MITSUBISHI,LANCER WAGON,1984,1400.0,MANUAL,PETROL,451000.0,USED,7.6,2025-02-05
MITSUBISHI,LANCER WAGON,1984,1400.0,MANUAL,PETROL,451000.0,USED,9.75,2025-01-31
MITSUBISHI,LANCER WAGON,1985,1500.0,MANUAL,PETROL,440000.0,USED,6.25,2024-12-04
MITSUBISHI,LANCER WAGON,1990,1300.0,MANUAL,PETROL,385000.0,USED,9.25,2024-12-19
MITSUBISHI,LANCER WAGON C11V,1986,1400.0,MANUAL,PETROL,429000.0,USED,8.0,2025-02-01
MITSUBISHI,LANCER WAGON C12,1985,1400.0,MANUAL,PETROL,440000.0,USED,7.8,2024-12-26
MITSUBISHI,LAUNCHER CK1,1999,1250.0,MANUAL,PETROL,286000.0,USED,32.5,2025-01-29
MITSUBISHI,LIBERO,1996,2000.0,AUTOMATIC,DIESEL,319000.0,USED,23.9,2025-01-30
MITSUBISHI,MINICA,2000,650.0,AUTOMATIC,PETROL,275000.0,USED,23.9,2025-02-05
MITSUBISHI,MINICA,2000,650.0,AUTOMATIC,PETROL,275000.0,USED,28.624999999999996,2025-01-28
MITSUBISHI,MINICA,2000,650.0,AUTOMATIC,PETROL,275000.0,USED,23.75,2024-12-19
MITSUBISHI,MINICA,2004,660.0,MANUAL,PETROL,231000.0,USED,20.75,2025-01-28
MITSUBISHI,MINICA,2004,650.0,MANUAL,PETROL,231000.0,USED,18.5,2025-01-21
MITSUBISHI,MIRAGE,1992,1490.0,MANUAL,PETROL,363000.0,USED,23.75,2025-01-31
MITSUBISHI,MIRAGE,1997,1300.0,AUTOMATIC,PETROL,308000.0,USED,30.5,2024-12-25
MITSUBISHI,MIRAGE,2002,1500.0,AUTOMATIC,PETROL,253000.0,USED,43.0,2025-01-25
MITSUBISHI,MIRAGE,2002,1500.0,AUTOMATIC,PETROL,253000.0,USED,43.0,2024-12-06
MITSUBISHI,MIRAGE,2012,1200.0,AUTOMATIC,PETROL,143000.0,USED,48.9,2025-02-03
MITSUBISHI,MIRAGE,2012,1200.0,AUTOMATIC,PETROL,143000.0,USED,49.9,2024-12-28
MITSUBISHI,MIRAGE,2013,1200.0,AUTOMATIC,PETROL,132000.0,USED,53.75,2024-12-30
MITSUBISHI,MITSUBISHI,1984,1800.0,MANUAL,DIESEL,451000.0,USED,86.0,2025-02-05
MITSUBISHI,MITSUBISHI,1987,1300.0,MANUAL,PETROL,418000.0,USED,11.75,2025-01-25
MITSUBISHI,MITSUBISHI,1996,1450.0,MANUAL,PETROL,319000.0,USED,12.5,2024-12-09
MITSUBISHI,MITSUBISHI,2005,1500.0,MANUAL,PETROL,220000.0,NEW,6.95,2025-01-15
MITSUBISHI,MONTERO,2000,3500.0,AUTOMATIC,PETROL,166000.0,USED,107.0,2026-09-26
MITSUBISHI,MONTERO,2001,3200.0,AUTOMATIC,DIESEL,285000.0,USED,139.5,2026-09-26
MITSUBISHI,MONTERO,2011,2500.0,AUTOMATIC,DIESEL,230000.0,USED,122.5,2026-09-24
MITSUBISHI,MONTERO,2012,2400.0,AUTOMATIC,DIESEL,140000.0,USED,125.0,2026-09-24
MITSUBISHI,MONTERO,2012,2500.0,AUTOMATIC,DIESEL,149000.0,USED,138.5,2026-09-24
MITSUBISHI,MONTERO,2012,2400.0,AUTOMATIC,DIESEL,181000.0,USED,127.0,2026-09-26
MITSUBISHI,MONTERO,2012,2500.0,AUTOMATIC,DIESEL,173000.0,USED,118.0,2026-09-26
MITSUBISHI,MONTERO,2012,2500.0,AUTOMATIC,DIESEL,110000.0,USED,144.75,2026-09-26
MITSUBISHI,MONTERO,2014,2500.0,AUTOMATIC,DIESEL,175000.0,USED,151.5,2026-09-26
MITSUBISHI,MONTERO,2015,3200.0,AUTOMATIC,DIESEL,148000.0,USED,252.5,2026-09-25
MITSUBISHI,MONTERO,2016,3200.0,AUTOMATIC,DIESEL,118000.0,USED,279.0,2026-09-26
MITSUBISHI,MONTERO,2018,3200.0,AUTOMATIC,DIESEL,110000.0,USED,299.9,2026-09-25
MITSUBISHI,OUTLANDER,2013,2000.0,AUTOMATIC,HYBRID,150000.0,USED,109.0,2026-09-26
MITSUBISHI,OUTLANDER,2014,1990.0,AUTOMATIC,HYBRID,268874.0,USED,104.65,2026-09-26
MITSUBISHI,OUTLANDER,2014,2400.0,AUTOMATIC,PETROL,91939.0,USED,117.95,2026-09-24
MITSUBISHI,OUTLANDER,2015,1999.0,AUTOMATIC,HYBRID,205000.0,USED,112.0,2026-09-25
MITSUBISHI,OUTLANDER,2026,1500.0,AUTOMATIC,PETROL,14000.0,USED,198.5,2026-09-24
MITSUBISHI,PAJERO,2000,2000.0,AUTOMATIC,PETROL,199000.0,USED,62.5,2026-09-26
MITSUBISHI,PAJERO,2007,3800.0,AUTOMATIC,PETROL,207872.0,USED,130.0,2026-09-25
MITSUBISHI,PAJERO,2012,3200.0,AUTOMATIC,DIESEL,144000.0,USED,220.0,2026-09-27
MITSUBISHI,PAJERO,2015,3200.0,AUTOMATIC,DIESEL,169000.0,USED,284.0,2026-09-25
MITSUBISHI,RVR,1998,1900.0,AUTOMATIC,DIESEL,297000.0,USED,29.75,2025-02-04
MITSUBISHI,RVR,1998,2000.0,AUTOMATIC,DIESEL,297000.0,USED,39.5,2025-02-02
MITSUBISHI,RVR,1998,1800.0,AUTOMATIC,DIESEL,297000.0,USED,29.75,2025-01-31
MITSUBISHI,RVR SUPER WAGON,1999,1800.0,AUTOMATIC,PETROL,286000.0,USED,41.5,2025-01-24
MITSUBISHI,STRADA K74,1997,2500.0,AUTOMATIC,DIESEL,308000.0,USED,67.5,2025-02-05
MITSUBISHI,WAGON,1998,1456.0,MANUAL,PETROL,297000.0,USED,31.75,2025-02-01
MITSUBISHI,XPANDER,2025,1500.0,AUTOMATIC,PETROL,24000.0,USED,183.0,2026-09-26
MORRIS,MINI,1969,1300.0,MANUAL,PETROL,616000.0,USED,26.0,2025-01-09
MORRIS,MINI COOPER,1960,1000.0,MANUAL,PETROL,715000.0,USED,18.0,2025-01-31
MORRIS,MINI COOPER,1972,1275.0,MANUAL,PETROL,583000.0,USED,26.75,2024-12-25
MORRIS,MINI COOPER,1998,1300.0,MANUAL,PETROL,297000.0,USED,38.5,2025-01-27
MORRIS,MINOR,1959,1275.0,AUTOMATIC,PETROL,726000.0,USED,24.0,2024-12-05
NISSAN,A33 CEFIRO EXCIMO JAPAN,2004,1990.0,AUTOMATIC,PETROL,231000.0,USED,33.75,2025-02-05
NISSAN,AD,1984,1300.8,MANUAL,PETROL,451000.0,USED,4.45,2025-02-02
NISSAN,AD WAGON,1983,1500.0,MANUAL,PETROL,462000.0,USED,7.5,2025-01-20
NISSAN,AD WAGON,1984,1500.0,MANUAL,PETROL,451000.0,USED,7.5,2024-12-24
NISSAN,AD WAGON,1984,1300.0,MANUAL,PETROL,451000.0,USED,7.5,2024-12-06
NISSAN,AD WAGON,1985,1500.0,MANUAL,PETROL,440000.0,USED,9.75,2025-02-02
NISSAN,AD WAGON,1988,1300.0,MANUAL,PETROL,407000.0,USED,6.5,2025-01-30
NISSAN,AD WAGON,1989,1300.0,MANUAL,PETROL,396000.0,USED,11.0,2025-02-01
NISSAN,AD WAGON,1991,1500.0,MANUAL,PETROL,374000.0,USED,17.75,2025-02-05
NISSAN,AD WAGON,1991,1500.0,MANUAL,PETROL,374000.0,USED,18.5,2025-01-29
NISSAN,AD WAGON,1996,1300.0,MANUAL,PETROL,319000.0,USED,15.9,2025-02-05
NISSAN,AD WAGON,1996,1500.0,AUTOMATIC,PETROL,319000.0,USED,20.133333333333333,2025-02-05
NISSAN,AD WAGON,1996,1500.0,MANUAL,PETROL,319000.0,USED,22.5,2025-02-02
NISSAN,AD WAGON,1996,1300.0,MANUAL,PETROL,319000.0,USED,22.0,2025-01-27
NISSAN,AD WAGON,1997,1500.0,AUTOMATIC,PETROL,308000.0,USED,26.5,2025-02-01
NISSAN,AD WAGON,1999,1500.0,MANUAL,PETROL,286000.0,USED,22.5,2025-01-31
NISSAN,AD WAGON,1999,1300.0,AUTOMATIC,PETROL,286000.0,USED,20.75,2024-12-18
NISSAN,AD WAGON,2000,1400.0,AUTOMATIC,PETROL,275000.0,USED,27.9,2025-01-10
NISSAN,AD WAGON,2000,1490.0,AUTOMATIC,PETROL,275000.0,USED,27.5,2025-01-22
NISSAN,AD WAGON,2001,1299.0,AUTOMATIC,PETROL,264000.0,USED,28.75,2025-02-04
NISSAN,AD WAGON,2001,1300.0,AUTOMATIC,PETROL,264000.0,NEW,30.0,2024-12-30
NISSAN,AD WAGON,2001,1250.0,MANUAL,PETROL,264000.0,USED,26.0,2024-12-22
NISSAN,AD WAGON,2001,1300.0,MANUAL,PETROL,264000.0,USED,25.75,2024-12-11
NISSAN,AD WAGON,2003,1290.0,AUTOMATIC,PETROL,242000.0,USED,28.5,2025-02-02
NISSAN,AD WAGON,2003,1290.0,AUTOMATIC,PETROL,242000.0,USED,28.5,2025-01-30
NISSAN,AD WAGON,2003,1290.0,AUTOMATIC,PETROL,242000.0,USED,28.5,2025-01-24
NISSAN,AD WAGON,2003,1290.0,AUTOMATIC,PETROL,242000.0,USED,28.5,2025-01-21
NISSAN,AD WAGON,2003,1290.0,AUTOMATIC,PETROL,242000.0,USED,28.5,2024-12-12
NISSAN,AD WAGON VFY11,2000,1500.0,AUTOMATIC,PETROL,275000.0,USED,30.0,2025-01-01
NISSAN,AD WAGON VY10,1994,1300.0,MANUAL,PETROL,341000.0,USED,17.5,2025-01-15
NISSAN,AD WAGON VY11,2003,1300.0,AUTOMATIC,PETROL,242000.0,USED,35.0,2025-02-05
NISSAN,AD WAGON Y10,1992,1300.0,MANUAL,PETROL,363000.0,USED,16.5,2024-12-21
NISSAN,AD WAGON Y10,1997,1300.0,AUTOMATIC,PETROL,308000.0,USED,22.9,2025-01-27
NISSAN,AD WAGON Y10,1997,1970.0,AUTOMATIC,DIESEL,308000.0,USED,19.6,2024-12-20
NISSAN,AD WAGON Y10,1997,1300.0,MANUAL,PETROL,308000.0,USED,23.5,2024-12-11
NISSAN,AD WAGON Y10,1998,1300.0,AUTOMATIC,PETROL,297000.0,USED,22.5,2025-02-04
NISSAN,AD WAGON Y10,1998,1300.0,AUTOMATIC,PETROL,297000.0,USED,20.5,2025-01-11
NISSAN,AD WAGON Y11,2000,1500.0,AUTOMATIC,PETROL,275000.0,USED,27.2,2025-02-04
NISSAN,AD WAGON Y11,2000,1300.0,AUTOMATIC,PETROL,275000.0,USED,27.5,2025-02-01
NISSAN,AD WAGON Y11,2000,1300.0,AUTOMATIC,PETROL,275000.0,USED,26.9,2025-01-31
NISSAN,AD WAGON Y11,2001,1300.0,MANUAL,PETROL,264000.0,USED,28.75,2025-01-28
NISSAN,AD WAGON Y11,2003,1300.0,AUTOMATIC,PETROL,242000.0,USED,31.075000000000003,2025-01-16
NISSAN,AK11 SPECIAL EDITION,2000,1330.0,AUTOMATIC,PETROL,275000.0,USED,30.9,2025-01-27
NISSAN,AK12,2002,1300.0,AUTOMATIC,PETROL,253000.0,USED,36.0,2024-12-29
NISSAN,AK12,2006,1300.0,AUTOMATIC,PETROL,209000.0,USED,33.9,2025-02-02
NISSAN,AK12,2007,1300.0,AUTOMATIC,PETROL,198000.0,USED,40.9,2025-01-23
NISSAN,AK12,2007,1300.0,AUTOMATIC,PETROL,198000.0,USED,40.0,2024-12-27
NISSAN,AK12,2007,1300.0,AUTOMATIC,PETROL,198000.0,USED,40.0,2024-12-20
NISSAN,ALMERA,2025,1000.0,AUTOMATIC,PETROL,0.0,NEW,144.5,2026-09-23
NISSAN,ALMERA,2025,1000.0,AUTOMATIC,PETROL,13000.0,USED,117.75,2026-09-26
NISSAN,ALMERA,2025,1000.0,AUTOMATIC,PETROL,8500.0,USED,122.5,2026-09-26
NISSAN,ALMERA,2025,1000.0,AUTOMATIC,PETROL,900.0,NEW,119.5,2026-09-26
NISSAN,AVENIER,1997,2400.0,AUTOMATIC,DIESEL,308000.0,USED,17.5,2025-01-16
NISSAN,AVENIR,1996,1500.0,AUTOMATIC,PETROL,319000.0,USED,19.5,2024-12-31
NISSAN,AVENIR,1997,2400.0,AUTOMATIC,DIESEL,308000.0,USED,17.53125,2025-02-05
NISSAN,AVENIR,1997,2000.0,AUTOMATIC,DIESEL,308000.0,USED,19.75,2025-02-04
NISSAN,AVENIR,1998,2000.0,AUTOMATIC,DIESEL,297000.0,USED,19.5,2024-12-13
NISSAN,B 14,1998,1300.0,AUTOMATIC,PETROL,297000.0,USED,28.0,2024-12-05
NISSAN,B-13 DOCTOR SUNNY,1993,1780.0,MANUAL,DIESEL,352000.0,USED,27.0,2024-12-28
NISSAN,B11,1983,1500.0,MANUAL,PETROL,462000.0,USED,9.95,2025-02-05
NISSAN,B11,1983,1300.0,MANUAL,PETROL,462000.0,USED,7.25,2025-01-31
NISSAN,B11,1983,1300.0,MANUAL,PETROL,462000.0,USED,5.5,2025-01-15
NISSAN,B11,1983,1300.0,MANUAL,PETROL,462000.0,USED,7.0,2025-01-05
NISSAN,B11,1983,1300.0,MANUAL,PETROL,462000.0,USED,8.0,2025-01-05
NISSAN,B11,1983,1300.0,MANUAL,PETROL,462000.0,USED,7.21,2025-01-26
NISSAN,B11,1983,1500.0,MANUAL,PETROL,462000.0,USED,6.75,2025-01-25
NISSAN,B11,1983,1790.0,MANUAL,PETROL,462000.0,USED,7.21,2025-01-24
NISSAN,B11,1983,1500.0,MANUAL,PETROL,462000.0,USED,5.75,2024-12-21
NISSAN,B11,1983,1500.0,MANUAL,PETROL,462000.0,USED,7.48,2024-12-17
NISSAN,B11,1984,1500.0,MANUAL,PETROL,451000.0,USED,5.75,2025-02-01
NISSAN,B11,1984,1300.0,MANUAL,PETROL,451000.0,USED,7.5,2025-01-18
NISSAN,B11,1984,1300.0,MANUAL,PETROL,451000.0,USED,6.625,2025-01-24
NISSAN,B11,1985,1500.0,MANUAL,PETROL,440000.0,USED,10.5,2025-02-04
NISSAN,B11,1985,1500.0,MANUAL,PETROL,440000.0,USED,14.625,2025-01-17
NISSAN,B11,1985,1500.0,MANUAL,PETROL,440000.0,USED,9.75,2025-01-03
NISSAN,B11,1985,1300.0,MANUAL,PETROL,440000.0,NEW,14.625,2024-12-31
NISSAN,B11,1985,1500.0,MANUAL,PETROL,440000.0,USED,7.8,2024-12-25
NISSAN,B11,1985,1300.0,MANUAL,PETROL,440000.0,USED,8.1,2024-12-08
NISSAN,B11,1985,1500.0,MANUAL,PETROL,440000.0,NEW,7.95,2024-12-07
NISSAN,B11,1985,1500.0,MANUAL,PETROL,440000.0,USED,14.625,2024-12-06
NISSAN,B11,1986,1500.0,MANUAL,PETROL,429000.0,USED,6.0,2025-01-18
NISSAN,B11,1986,1300.0,MANUAL,PETROL,429000.0,USED,10.75,2025-01-22
NISSAN,B11,1986,1500.0,MANUAL,PETROL,429000.0,USED,9.0,2024-12-27
NISSAN,B11,1987,1500.0,MANUAL,PETROL,418000.0,USED,10.0,2025-01-12
NISSAN,B11,1989,1234.0,MANUAL,PETROL,396000.0,USED,5.9,2025-02-04
NISSAN,B11,1989,1300.0,MANUAL,PETROL,396000.0,USED,12.15,2025-01-23
NISSAN,B11,1994,1489.0,AUTOMATIC,PETROL,53210.0,USED,6.85,2026-09-26
NISSAN,B11 CALIFORNIA,1986,1300.0,MANUAL,PETROL,429000.0,USED,4.0,2025-02-02
NISSAN,B11 LONGOING BUFFER,1980,1500.0,MANUAL,PETROL,495000.0,USED,8.85,2025-02-02
NISSAN,B12,1987,1300.0,MANUAL,PETROL,418000.0,USED,12.25,2025-02-03
NISSAN,B12,1987,1300.0,MANUAL,PETROL,418000.0,USED,10.25,2025-02-02
NISSAN,B12,1987,1300.0,MANUAL,PETROL,418000.0,USED,14.7,2024-12-19
NISSAN,B12,1988,1500.0,MANUAL,PETROL,407000.0,USED,18.5,2025-01-21
NISSAN,B12,1989,1300.0,MANUAL,PETROL,396000.0,USED,11.5,2024-12-20
NISSAN,B12,1990,1300.0,MANUAL,PETROL,385000.0,NEW,6.0,2025-01-27
NISSAN,B12 SUNNY,1987,1270.0,MANUAL,PETROL,418000.0,USED,10.65,2025-01-24
NISSAN,B12 SUPER SALOON TRAD SUNNY,1989,1300.0,MANUAL,PETROL,396000.0,USED,14.25,2025-01-23
NISSAN,B13,1983,1300.0,AUTOMATIC,PETROL,462000.0,USED,24.5,2025-01-20
NISSAN,B13,1991,1300.0,MANUAL,PETROL,374000.0,USED,14.5,2024-12-31
NISSAN,B13,1992,1300.0,MANUAL,PETROL,363000.0,USED,17.5,2024-12-10
NISSAN,B13 DOCTOR SUNNY,1990,1680.0,MANUAL,DIESEL,385000.0,USED,16.25,2025-01-26
NISSAN,B13 SUNNY,1990,1290.0,MANUAL,PETROL,385000.0,USED,18.75,2024-12-20
NISSAN,B14,1994,1300.0,AUTOMATIC,PETROL,341000.0,USED,27.0,2025-01-25
NISSAN,B14,1994,1500.0,AUTOMATIC,PETROL,341000.0,USED,18.5,2024-12-10
NISSAN,B14,1995,1300.0,AUTOMATIC,PETROL,330000.0,USED,24.75,2025-02-01
NISSAN,B14,1995,1300.0,MANUAL,PETROL,330000.0,USED,20.65,2025-01-19
NISSAN,B14,1996,1300.0,MANUAL,PETROL,319000.0,USED,23.45,2025-02-04
NISSAN,B14,1997,1300.0,MANUAL,PETROL,308000.0,USED,10.956250000000002,2025-01-29
NISSAN,B14 EX SALOON,1996,1290.0,MANUAL,PETROL,319000.0,USED,23.5,2025-01-06
NISSAN,B14 LUCINO,1994,1500.0,MANUAL,PETROL,341000.0,USED,23.5,2025-01-26
NISSAN,B14 SUNNY,1998,1400.0,MANUAL,PETROL,297000.0,USED,24.5,2025-01-30
NISSAN,B15,1998,1300.0,AUTOMATIC,PETROL,297000.0,USED,33.0,2024-12-04
NISSAN,B15,2000,1300.0,AUTOMATIC,PETROL,275000.0,NEW,32.5,2025-02-01
NISSAN,B15,2001,1290.0,AUTOMATIC,PETROL,264000.0,USED,37.9,2025-01-26
NISSAN,B15,2002,1300.0,AUTOMATIC,PETROL,253000.0,USED,37.5,2025-01-03
NISSAN,B15,2004,1300.0,AUTOMATIC,PETROL,231000.0,USED,33.5,2025-02-04
NISSAN,B211,1977,1200.0,MANUAL,PETROL,528000.0,USED,6.95,2025-01-25
NISSAN,B211,1979,1200.0,MANUAL,PETROL,506000.0,USED,6.5,2025-01-16
NISSAN,B211,1981,1200.0,MANUAL,PETROL,484000.0,USED,4.25,2025-01-18
NISSAN,B31,1984,1190.0,MANUAL,PETROL,451000.0,USED,4.0,2024-12-30
NISSAN,B310,1978,1200.0,MANUAL,PETROL,517000.0,USED,6.5,2025-01-28
NISSAN,B310,1979,1400.0,MANUAL,PETROL,506000.0,USED,3.65,2025-01-31
NISSAN,B310,1980,1200.0,MANUAL,PETROL,495000.0,USED,4.65,2025-02-05
NISSAN,B310,1980,1200.0,MANUAL,PETROL,495000.0,USED,4.25,2025-01-19
NISSAN,B310,1981,1450.0,MANUAL,PETROL,484000.0,USED,4.75,2024-12-21
NISSAN,B310,1985,1400.0,MANUAL,PETROL,440000.0,USED,5.9,2025-01-24
NISSAN,B311,1982,1400.0,MANUAL,PETROL,473000.0,USED,5.5,2025-01-26
NISSAN,BEATLE AK12,2003,1300.0,AUTOMATIC,PETROL,242000.0,USED,4.5,2024-12-05
NISSAN,BLUEBIRD,1982,2000.0,MANUAL,DIESEL,473000.0,USED,7.0,2025-01-23
NISSAN,BLUEBIRD,1984,1800.0,MANUAL,DIESEL,451000.0,USED,13.0,2025-01-09
NISSAN,BLUEBIRD,1986,1600.0,MANUAL,DIESEL,429000.0,USED,8.4,2025-01-15
NISSAN,BLUEBIRD,1986,1843.0,MANUAL,PETROL,429000.0,USED,8.4,2024-12-30
NISSAN,BLUEBIRD,1987,1800.0,MANUAL,DIESEL,418000.0,USED,8.9,2024-12-21
NISSAN,BLUEBIRD,1989,1890.0,MANUAL,DIESEL,396000.0,USED,40.5,2025-01-21
NISSAN,BLUEBIRD,1989,1950.0,MANUAL,DIESEL,396000.0,USED,18.9,2024-12-31
NISSAN,BLUEBIRD,1993,1700.0,MANUAL,DIESEL,352000.0,NEW,17.5,2025-02-03
NISSAN,BLUEBIRD,1993,1800.0,MANUAL,PETROL,352000.0,USED,15.5,2025-01-23
NISSAN,BLUEBIRD,1994,1830.0,MANUAL,PETROL,341000.0,USED,22.75,2025-01-31
NISSAN,BLUEBIRD,1995,2000.0,MANUAL,DIESEL,330000.0,USED,18.5,2024-12-25
NISSAN,BLUEBIRD,1996,1700.0,AUTOMATIC,PETROL,319000.0,USED,25.5,2025-01-24
NISSAN,BLUEBIRD,1996,1970.0,AUTOMATIC,DIESEL,319000.0,USED,22.25,2025-01-22
NISSAN,BLUEBIRD,1996,1970.0,AUTOMATIC,DIESEL,319000.0,USED,23.0,2025-01-19
NISSAN,BLUEBIRD,1996,1843.0,AUTOMATIC,DIESEL,319000.0,USED,27.5,2024-12-15
NISSAN,BLUEBIRD,1997,2000.0,AUTOMATIC,DIESEL,308000.0,USED,26.0,2024-12-20
NISSAN,BLUEBIRD,1997,2000.0,MANUAL,PETROL,300000.0,USED,27.5,2026-09-26
NISSAN,BLUEBIRD,1998,2000.0,MANUAL,DIESEL,297000.0,USED,24.0,2025-01-30
NISSAN,BLUEBIRD,1998,1970.0,AUTOMATIC,DIESEL,297000.0,USED,28.5,2025-01-22
NISSAN,BLUEBIRD,1999,1760.0,AUTOMATIC,PETROL,286000.0,USED,24.95,2025-01-10
NISSAN,BLUEBIRD,1999,1790.0,AUTOMATIC,PETROL,286000.0,USED,10.0,2025-01-20
NISSAN,BLUEBIRD,1999,1760.0,MANUAL,PETROL,286000.0,USED,23.95,2024-12-27
NISSAN,BLUEBIRD,1999,1760.0,MANUAL,PETROL,286000.0,USED,23.95,2024-12-26
NISSAN,BLUEBIRD,1999,1760.0,MANUAL,PETROL,286000.0,USED,23.95,2024-12-25
NISSAN,BLUEBIRD,1999,2000.0,MANUAL,DIESEL,286000.0,USED,21.36,2024-12-10
NISSAN,BLUEBIRD,1999,1973.0,MANUAL,DIESEL,150000.0,USED,28.5,2026-09-26
NISSAN,BLUEBIRD,2000,2000.0,MANUAL,DIESEL,275000.0,USED,25.5,2025-02-04
NISSAN,BLUEBIRD,2000,1800.0,AUTOMATIC,PETROL,275000.0,USED,32.0,2025-01-15
NISSAN,BLUEBIRD,2000,2000.0,AUTOMATIC,PETROL,275000.0,USED,25.0,2024-12-18
NISSAN,BLUEBIRD,2000,1800.0,MANUAL,DIESEL,243800.0,USED,29.5,2026-09-26
NISSAN,BLUEBIRD,2004,1500.0,AUTOMATIC,PETROL,231000.0,USED,40.5,2025-02-05
NISSAN,BLUEBIRD E,2000,2000.0,MANUAL,DIESEL,275000.0,USED,24.75,2025-02-05
NISSAN,BLUEBIRD EU11,1988,1950.0,MANUAL,DIESEL,407000.0,USED,15.0,2025-01-30
NISSAN,BLUEBIRD EU12,1991,1989.0,MANUAL,DIESEL,374000.0,USED,15.0,2025-02-03
NISSAN,BLUEBIRD EU13,1995,1790.0,AUTOMATIC,DIESEL,330000.0,USED,22.0,2024-12-08
NISSAN,BLUEBIRD G11,2007,1500.0,AUTOMATIC,PETROL,198000.0,USED,62.0,2025-01-24
NISSAN,BLUEBIRD QU14,2000,1800.0,MANUAL,PETROL,275000.0,USED,29.75,2025-02-05
NISSAN,BLUEBIRD RU11,1985,1600.0,MANUAL,PETROL,440000.0,USED,5.8,2025-01-05
NISSAN,BLUEBIRD SSS,1996,1800.0,AUTOMATIC,PETROL,319000.0,USED,26.9,2025-01-26
NISSAN,BLUEBIRD SSS FB14,1999,1800.0,AUTOMATIC,PETROL,286000.0,USED,26.9,2025-02-05
NISSAN,BLUEBIRD SU13,1992,2000.0,MANUAL,DIESEL,363000.0,USED,16.5,2025-02-01
NISSAN,BLUEBIRD SU14,1996,1950.0,MANUAL,DIESEL,319000.0,USED,29.0,2025-01-14
NISSAN,BLUEBIRD SU14,1998,2000.0,MANUAL,DIESEL,297000.0,USED,22.75,2025-01-26
NISSAN,BLUEBIRD SU14,1999,2000.0,MANUAL,DIESEL,286000.0,USED,23.25,2025-01-31
NISSAN,BLUEBIRD SU14,1999,2000.0,MANUAL,DIESEL,286000.0,USED,29.75,2024-12-15
NISSAN,BLUEBIRD SU14,2001,1973.0,MANUAL,DIESEL,264000.0,USED,27.0,2025-01-10
NISSAN,BLUEBIRD SYLPHY,2002,1500.0,AUTOMATIC,PETROL,253000.0,USED,43.75,2025-01-26
NISSAN,BLUEBIRD SYLPHY,2002,1500.0,AUTOMATIC,PETROL,253000.0,USED,42.75,2024-12-14
NISSAN,BLUEBIRD SYLPHY,2004,1500.0,MANUAL,PETROL,231000.0,USED,43.95,2025-02-01
NISSAN,BLUEBIRD SYLPHY,2005,1500.0,AUTOMATIC,PETROL,220000.0,USED,58.0,2025-02-04
NISSAN,BLUEBIRD SYLPHY,2008,1500.0,AUTOMATIC,PETROL,187000.0,USED,63.0,2025-01-24
NISSAN,BLUEBIRD SYLPHY,2009,1500.0,AUTOMATIC,PETROL,176000.0,USED,75.0,2025-01-24
NISSAN,BLUEBIRD SYLPHY,2009,1500.0,AUTOMATIC,PETROL,176000.0,USED,75.0,2025-01-23
NISSAN,BLUEBIRD SYLPHY,2010,1500.0,AUTOMATIC,PETROL,165000.0,USED,64.75,2025-02-03
NISSAN,BLUEBIRD SYLPHY,2010,1500.0,AUTOMATIC,PETROL,165000.0,USED,65.5,2024-12-07
NISSAN,BLUEBIRD SYLPHY,2011,1500.0,AUTOMATIC,PETROL,154000.0,USED,72.5,2025-01-21
NISSAN,BLUEBIRD SYLPHY,2011,1500.0,AUTOMATIC,PETROL,154000.0,USED,66.0,2024-12-19
NISSAN,BLUEBIRD SYLPHY FG10,2004,1500.0,AUTOMATIC,PETROL,231000.0,USED,53.0,2025-02-02
NISSAN,BLUEBIRD SYLPHY G11,2010,1500.0,AUTOMATIC,PETROL,165000.0,USED,80.0,2025-01-29
NISSAN,BLUEBIRD SYLPHY G11,2010,1500.0,AUTOMATIC,PETROL,165000.0,USED,67.5,2025-01-23
NISSAN,BLUEBIRD SYLPHY IMPORT,2010,1500.0,AUTOMATIC,PETROL,165000.0,USED,64.5,2025-02-03
NISSAN,BLUEBIRD SYLPHY N17,2004,1500.0,AUTOMATIC,PETROL,231000.0,USED,58.0,2024-12-17
NISSAN,BLUEBIRD U12,1990,1500.0,MANUAL,PETROL,385000.0,USED,10.25,2025-01-09
NISSAN,BLUEBIRD YU120,1992,1800.0,MANUAL,PETROL,363000.0,USED,12.5,2024-12-19
NISSAN,C24,2000,2000.0,AUTOMATIC,DIESEL,275000.0,USED,15.75,2025-01-25
NISSAN,C24,2001,2000.0,AUTOMATIC,DIESEL,264000.0,USED,15.75,2025-01-31
NISSAN,CARAVAN,1993,2150.0,MANUAL,DIESEL,352000.0,USED,14.75,2025-01-09
NISSAN,CEDRIC,1993,2350.0,AUTOMATIC,DIESEL,352000.0,USED,25.0,2025-01-29
NISSAN,CEDRIC,1993,2350.0,MANUAL,DIESEL,352000.0,USED,25.0,2024-12-06
NISSAN,CEDRIC GLORIA Y 34,1999,2500.0,AUTOMATIC,PETROL,286000.0,USED,54.0,2024-12-29
NISSAN,CEDRIC GLORIA Y34,1999,3200.0,AUTOMATIC,DIESEL,286000.0,USED,50.5,2025-01-21
NISSAN,CEDRIC Y33,1996,2800.0,AUTOMATIC,DIESEL,319000.0,USED,48.0,2025-02-02
NISSAN,CEFIRO,1999,2000.0,AUTOMATIC,PETROL,286000.0,USED,33.75,2025-01-19
NISSAN,CEFIRO,2000,1800.0,AUTOMATIC,PETROL,275000.0,USED,31.0,2025-01-11
NISSAN,CEFIRO,2000,1995.0,AUTOMATIC,PETROL,275000.0,USED,30.95,2025-01-08
NISSAN,CEFIRO,2000,1995.0,AUTOMATIC,PETROL,275000.0,USED,30.975,2025-01-26
NISSAN,CEFIRO,2001,2000.0,AUTOMATIC,PETROL,264000.0,USED,32.5,2025-01-11
NISSAN,CEFIRO,2001,2000.0,AUTOMATIC,PETROL,136091.0,USED,41.5,2026-09-24
NISSAN,CEFIRO,2003,2000.0,AUTOMATIC,PETROL,242000.0,USED,34.75,2025-02-02
NISSAN,CEFIRO,2003,1990.0,AUTOMATIC,PETROL,242000.0,USED,44.0,2024-12-21
NISSAN,CEFIRO,2004,2300.0,AUTOMATIC,PETROL,231000.0,USED,56.0,2025-02-03
NISSAN,CEFIRO,2004,2340.0,AUTOMATIC,PETROL,231000.0,USED,52.0,2025-01-02
NISSAN,CEFIRO,2007,2340.0,AUTOMATIC,PETROL,198000.0,USED,56.75,2025-02-05
NISSAN,CEFIRO 230JM,2005,2300.0,AUTOMATIC,PETROL,220000.0,USED,63.0,2025-01-14
NISSAN,CEFIRO 230JM J31,2004,2300.0,AUTOMATIC,PETROL,231000.0,USED,49.85,2025-01-10
NISSAN,CEFIRO A32,1996,2000.0,AUTOMATIC,PETROL,319000.0,USED,21.8,2025-02-04
NISSAN,CEFIRO A33,2000,2000.0,AUTOMATIC,PETROL,275000.0,USED,33.0,2025-01-07
NISSAN,CEFIRO A33 2 0G,2000,2000.0,AUTOMATIC,PETROL,275000.0,USED,37.5,2024-12-22
NISSAN,CEFIRO A33 MAXIMA,2000,2000.0,AUTOMATIC,PETROL,275000.0,USED,37.4,2025-01-23
NISSAN,CEFIRO C33,2000,2000.0,AUTOMATIC,PETROL,275000.0,USED,34.0,2025-01-30
NISSAN,CEFIRO EXCIMO,2000,2000.0,AUTOMATIC,PETROL,275000.0,USED,39.0,2025-01-23
NISSAN,CEFIRO J31,2003,2500.0,AUTOMATIC,PETROL,242000.0,USED,67.5,2024-12-19
NISSAN,CEFIRO J31,2007,2300.0,AUTOMATIC,PETROL,198000.0,USED,75.0,2025-01-17
NISSAN,CEFIRO J31,2007,2350.0,AUTOMATIC,PETROL,198000.0,USED,71.5,2025-01-13
NISSAN,CEFIRO J31,2007,2300.0,AUTOMATIC,PETROL,198000.0,USED,78.0,2025-01-10
NISSAN,CEFIRO J31 230JM,2004,2300.0,AUTOMATIC,PETROL,231000.0,USED,49.85,2025-02-03
NISSAN,CUBE BZ11,2002,1300.0,AUTOMATIC,PETROL,253000.0,USED,40.0,2025-01-27
NISSAN,DAYZ,2015,650.0,AUTOMATIC,PETROL,110000.0,USED,51.5,2025-02-02
NISSAN,DAYZ,2015,650.0,AUTOMATIC,PETROL,110000.0,USED,59.95,2025-01-10
NISSAN,DAYZ,2015,650.0,AUTOMATIC,PETROL,110000.0,USED,62.75,2025-01-20
NISSAN,DAYZ,2015,650.0,AUTOMATIC,PETROL,110000.0,USED,71.95833333333334,2024-12-29
NISSAN,DAYZ,2015,660.0,AUTOMATIC,HYBRID,110000.0,USED,58.75,2024-12-29
NISSAN,DAYZ,2015,650.0,AUTOMATIC,PETROL,110000.0,USED,58.0,2024-12-25
NISSAN,DAYZ,2016,650.0,AUTOMATIC,PETROL,99000.0,USED,56.13333333333333,2025-02-04
NISSAN,DAYZ,2016,650.0,AUTOMATIC,PETROL,99000.0,USED,55.0,2025-01-28
NISSAN,DAYZ,2016,650.0,AUTOMATIC,PETROL,99000.0,USED,57.5,2024-12-26
NISSAN,DAYZ,2016,650.0,AUTOMATIC,PETROL,99000.0,USED,55.9,2024-12-13
NISSAN,DAYZ,2017,650.0,AUTOMATIC,PETROL,88000.0,USED,62.95,2025-01-09
NISSAN,DAYZ,2017,660.0,AUTOMATIC,PETROL,88000.0,USED,61.75,2025-01-25
NISSAN,DAYZ,2017,660.0,AUTOMATIC,PETROL,83000.0,USED,60.5,2026-09-24
NISSAN,DAYZ,2018,660.0,AUTOMATIC,PETROL,77000.0,USED,62.75,2025-01-15
NISSAN,DAYZ,2018,650.0,AUTOMATIC,PETROL,77000.0,USED,61.5,2025-01-10
NISSAN,DAYZ,2018,650.0,AUTOMATIC,PETROL,77000.0,NEW,63.91666666666667,2025-01-06
NISSAN,DAYZ,2018,650.0,AUTOMATIC,PETROL,77000.0,NEW,63.91666666666667,2024-12-27
NISSAN,DAYZ,2018,650.0,AUTOMATIC,PETROL,77000.0,USED,67.5,2024-12-12
NISSAN,DAYZ,2019,660.0,AUTOMATIC,PETROL,68750.0,USED,66.85,2026-09-24
NISSAN,DAYZ,2020,650.0,AUTOMATIC,PETROL,55000.0,USED,58.9,2025-02-02
NISSAN,DAYZ,2020,650.0,AUTOMATIC,PETROL,55000.0,USED,65.0,2024-12-05
NISSAN,DAYZ,2020,660.0,AUTOMATIC,PETROL,1305.0,USED,84.75,2026-09-24
NISSAN,DAYZ,2023,660.0,AUTOMATIC,PETROL,20000.0,NEW,76.5,2026-09-24
NISSAN,DAYZ,2023,660.0,AUTOMATIC,PETROL,32000.0,USED,78.5,2026-09-25
NISSAN,DAYZ,2023,650.0,AUTOMATIC,PETROL,8000.0,USED,74.5,2026-09-26
NISSAN,DAYZ,2023,660.0,AUTOMATIC,PETROL,20000.0,USED,74.75,2026-09-27
NISSAN,DAYZ,2023,660.0,AUTOMATIC,PETROL,22000.0,USED,74.25,2026-09-24
NISSAN,DAYZ,2023,650.0,AUTOMATIC,PETROL,15570.0,USED,71.75,2026-09-25
NISSAN,DAYZ,2023,660.0,AUTOMATIC,HYBRID,12000.0,USED,795.0,2026-09-25
NISSAN,DAYZ,2024,650.0,AUTOMATIC,PETROL,7000.0,USED,71.5,2026-09-26
NISSAN,DAYZ,2024,660.0,AUTOMATIC,PETROL,20000.0,USED,85.0,2026-09-26
NISSAN,DAYZ,2024,650.0,AUTOMATIC,PETROL,3500.0,USED,92.9,2026-09-26
NISSAN,DAYZ,2024,650.0,AUTOMATIC,HYBRID,39500.0,USED,83.9,2026-09-25
NISSAN,DAYZ,2024,660.0,AUTOMATIC,PETROL,41800.0,USED,75.0,2026-09-25
NISSAN,DAYZ,2024,660.0,AUTOMATIC,PETROL,11920.0,USED,87.5,2026-09-25
NISSAN,DAYZ,2024,660.0,AUTOMATIC,PETROL,12000.0,USED,74.5,2026-09-26
NISSAN,DAYZ,2024,650.0,AUTOMATIC,PETROL,42000.0,USED,74.5,2026-09-24
NISSAN,DAYZ,2024,660.0,AUTOMATIC,PETROL,6800.0,USED,85.0,2026-09-24
NISSAN,DAYZ,2024,650.0,AUTOMATIC,PETROL,1500.0,USED,75.0,2026-09-24
NISSAN,DAYZ,2024,660.0,AUTOMATIC,PETROL,4500.0,USED,72.25,2026-09-24
NISSAN,DAYZ,2024,660.0,AUTOMATIC,HYBRID,12000.0,USED,84.75,2026-09-23
NISSAN,DAYZ,2024,650.0,AUTOMATIC,PETROL,2574.0,USED,74.75,2026-09-23
NISSAN,DAYZ,2024,660.0,AUTOMATIC,PETROL,13000.0,USED,79.5,2026-09-23
NISSAN,DAYZ,2024,660.0,AUTOMATIC,PETROL,18000.0,USED,86.9,2026-09-23
NISSAN,DAYZ,2024,660.0,AUTOMATIC,PETROL,0.0,NEW,77.5,2026-09-26
NISSAN,DAYZ,2024,660.0,AUTOMATIC,PETROL,19000.0,USED,75.0,2026-09-26
NISSAN,DAYZ,2024,660.0,AUTOMATIC,PETROL,19000.0,USED,75.25,2026-09-26
NISSAN,DAYZ,2024,660.0,AUTOMATIC,PETROL,5600.0,USED,69.9,2026-09-26
NISSAN,DAYZ,2024,660.0,AUTOMATIC,PETROL,21200.0,USED,70.5,2026-09-26
NISSAN,DAYZ,2024,660.0,AUTOMATIC,PETROL,7600.0,USED,82.5,2026-09-26
NISSAN,DAYZ,2024,660.0,AUTOMATIC,PETROL,13000.0,USED,77.0,2026-09-25
NISSAN,DAYZ,2024,660.0,AUTOMATIC,PETROL,3250.0,USED,74.9,2026-09-25
NISSAN,DAYZ,2024,650.0,AUTOMATIC,PETROL,19500.0,USED,79.9,2026-09-25
NISSAN,DAYZ,2025,660.0,AUTOMATIC,HYBRID,3000.0,USED,86.0,2026-09-26
NISSAN,DAYZ,2025,660.0,AUTOMATIC,HYBRID,1500.0,USED,88.9,2026-09-25
NISSAN,DAYZ,2025,660.0,AUTOMATIC,HYBRID,1500.0,USED,85.5,2026-09-25
NISSAN,DAYZ,2025,660.0,AUTOMATIC,PETROL,2738.0,USED,88.5,2026-09-25
NISSAN,DAYZ,2025,660.0,AUTOMATIC,HYBRID,0.0,NEW,85.9,2026-09-24
NISSAN,DAYZ,2025,660.0,AUTOMATIC,PETROL,600.0,NEW,89.5,2026-09-24
NISSAN,DAYZ,2025,650.0,AUTOMATIC,PETROL,4211.0,USED,82.75,2026-09-23
NISSAN,DAYZ,2025,660.0,AUTOMATIC,HYBRID,1800.0,NEW,85.5,2026-09-26
NISSAN,DAYZ,2025,660.0,AUTOMATIC,HYBRID,7000.0,USED,86.75,2026-09-26
NISSAN,DAYZ,2025,660.0,AUTOMATIC,HYBRID,0.0,NEW,85.9,2026-09-25
NISSAN,DAYZ,2026,650.0,AUTOMATIC,PETROL,0.0,NEW,81.5,2026-09-25
NISSAN,DAYZ,2026,660.0,AUTOMATIC,PETROL,0.0,NEW,81.9,2026-09-25
NISSAN,DAYZ,2026,650.0,AUTOMATIC,HYBRID,0.0,NEW,89.75,2026-09-26
NISSAN,DAYZ HIGHWAY STAR,2015,650.0,AUTOMATIC,PETROL,110000.0,USED,58.0,2025-02-05
NISSAN,DAYZ HIGHWAY STAR,2015,650.0,AUTOMATIC,PETROL,110000.0,USED,62.0,2025-02-03
NISSAN,DAYZ HIGHWAY STAR,2015,650.0,AUTOMATIC,PETROL,110000.0,USED,62.9,2025-02-03
NISSAN,DAYZ HIGHWAY STAR,2015,650.0,AUTOMATIC,PETROL,110000.0,USED,60.96666666666667,2025-01-13
NISSAN,DAYZ HIGHWAY STAR,2016,650.0,AUTOMATIC,PETROL,99000.0,USED,62.5,2024-12-10
NISSAN,DAYZ HIGHWAY STAR,2017,650.0,AUTOMATIC,PETROL,88000.0,USED,65.0,2025-01-13
NISSAN,DAYZ HIGHWAY STAR,2017,660.0,AUTOMATIC,PETROL,88000.0,USED,60.5,2025-01-22
NISSAN,DAYZ HIGHWAY STAR,2018,650.0,AUTOMATIC,PETROL,77000.0,USED,65.0,2024-12-07
NISSAN,DAYZ ROOX,2015,650.0,AUTOMATIC,PETROL,110000.0,USED,63.95,2025-02-05
NISSAN,DAYZ ROOX,2015,650.0,AUTOMATIC,PETROL,110000.0,USED,63.0,2024-12-25
NISSAN,DAYZ ROOX,2017,650.0,AUTOMATIC,PETROL,88000.0,USED,64.9,2025-01-29
NISSAN,DAYZ SAFETY LIMITED EDITION,2017,650.0,AUTOMATIC,PETROL,88000.0,USED,60.9,2025-02-02
NISSAN,DOCTOR SUNNY,1990,1300.0,MANUAL,PETROL,385000.0,USED,16.0,2025-02-04
NISSAN,DOCTOR SUNNY,1990,1300.0,MANUAL,PETROL,385000.0,USED,16.75,2025-01-28
NISSAN,DOCTOR SUNNY,1990,1500.0,MANUAL,PETROL,385000.0,USED,16.75,2025-01-19
NISSAN,DOCTOR SUNNY,1991,1700.0,MANUAL,DIESEL,374000.0,NEW,14.8125,2025-02-03
NISSAN,DOCTOR SUNNY,1991,1700.0,MANUAL,DIESEL,374000.0,USED,17.0,2025-01-29
NISSAN,DOCTOR SUNNY,1991,1300.0,MANUAL,PETROL,374000.0,USED,15.9,2025-01-04
NISSAN,DOCTOR SUNNY,1992,1534.0,AUTOMATIC,DIESEL,363000.0,USED,16.75,2025-01-31
NISSAN,DOCTOR SUNNY,1992,1700.0,MANUAL,DIESEL,363000.0,USED,16.75,2025-01-15
NISSAN,DOCTOR SUNNY,1992,1680.0,MANUAL,DIESEL,363000.0,NEW,16.5,2025-01-14
NISSAN,DOCTOR SUNNY,1992,1700.0,MANUAL,DIESEL,363000.0,USED,16.5,2024-12-21
NISSAN,DOCTOR SUNNY,1993,1500.0,MANUAL,PETROL,352000.0,USED,15.25,2025-01-24
NISSAN,DOCTOR SUNNY,1995,1500.0,MANUAL,PETROL,330000.0,USED,17.9125,2024-12-17
NISSAN,DOCTOR SUNNY B13,1991,1400.0,MANUAL,PETROL,374000.0,USED,17.75,2025-02-05
NISSAN,DOCTOR SUNNY B13,1992,1700.0,MANUAL,DIESEL,363000.0,USED,14.35,2025-02-02
NISSAN,DOCTOR SUNNY FB13,1992,1790.0,MANUAL,DIESEL,363000.0,USED,15.75,2024-12-11
NISSAN,DUTSUN,1986,2500.0,MANUAL,DIESEL,228686.0,USED,15.0,2026-09-24
NISSAN,E B12 SUNNY,1986,1300.0,MANUAL,PETROL,429000.0,USED,18.0,2025-02-01
NISSAN,EB 12 SUNNY,1987,1270.0,MANUAL,PETROL,418000.0,USED,13.0,2025-01-09
NISSAN,EF12 SUNNY,1989,1490.0,MANUAL,PETROL,396000.0,USED,15.75,2024-12-15
NISSAN,EX SALOON,2001,1500.0,AUTOMATIC,PETROL,264000.0,USED,37.9,2024-12-12
NISSAN,EX SALOON,2004,1500.0,AUTOMATIC,PETROL,231000.0,USED,45.0,2025-01-19
NISSAN,FB 31,1991,1500.0,MANUAL,PETROL,374000.0,USED,17.9,2025-01-16
NISSAN,FB12,1987,1490.0,MANUAL,PETROL,418000.0,USED,18.05,2025-02-01
NISSAN,FB12,1987,1490.0,MANUAL,PETROL,418000.0,USED,15.9,2025-01-24
NISSAN,FB12,1987,1500.0,MANUAL,PETROL,418000.0,USED,15.7,2024-12-25
NISSAN,FB12,1987,1500.0,MANUAL,PETROL,418000.0,USED,14.25,2024-12-04
NISSAN,FB12,1988,1490.0,MANUAL,PETROL,407000.0,USED,15.5,2025-02-05
NISSAN,FB12,1988,1490.0,MANUAL,PETROL,407000.0,USED,15.5,2025-02-04
NISSAN,FB12,1988,1490.0,MANUAL,PETROL,407000.0,USED,15.5,2025-01-25
NISSAN,FB12,1989,1500.0,MANUAL,PETROL,396000.0,USED,14.35,2025-01-31
NISSAN,FB12,1989,1490.0,MANUAL,PETROL,396000.0,USED,12.05,2025-01-06
NISSAN,FB12,1989,1500.0,MANUAL,PETROL,396000.0,USED,12.05,2024-12-09
NISSAN,FB12,1989,1500.0,MANUAL,PETROL,396000.0,USED,16.25,2024-12-07
NISSAN,FB12 SUNNY,1987,1490.0,MANUAL,PETROL,418000.0,USED,13.5,2025-01-05
NISSAN,FB12 TRAD SUNNY,1987,1500.0,MANUAL,PETROL,418000.0,USED,15.49375,2025-01-06
NISSAN,FB12 TRAD SUNNY,1987,1500.0,MANUAL,PETROL,418000.0,USED,13.25,2025-01-19
NISSAN,FB12 TRAD SUNNY,1987,1500.0,MANUAL,PETROL,418000.0,USED,14.75,2024-12-30
NISSAN,FB12 TRAD SUNNY,1988,1500.0,MANUAL,PETROL,407000.0,USED,13.9,2025-02-02
NISSAN,FB12 TRAD SUNNY,1988,1500.0,MANUAL,PETROL,407000.0,USED,13.9,2025-01-16
NISSAN,FB12 TRAD SUNNY,1988,1500.0,MANUAL,PETROL,407000.0,USED,13.9,2024-12-07
NISSAN,FB13,1990,1500.0,MANUAL,PETROL,385000.0,USED,11.4375,2025-01-14
NISSAN,FB13,1990,1500.0,MANUAL,PETROL,385000.0,USED,18.5,2025-01-21
NISSAN,FB13,1990,1500.0,MANUAL,PETROL,385000.0,USED,18.35,2024-12-13
NISSAN,FB13,1991,1400.0,MANUAL,PETROL,374000.0,USED,17.4,2025-02-03
NISSAN,FB13,1991,1700.0,MANUAL,DIESEL,374000.0,USED,14.75,2025-01-14
NISSAN,FB13,1991,1300.0,MANUAL,PETROL,374000.0,USED,16.75,2025-01-11
NISSAN,FB13,1991,1500.0,MANUAL,PETROL,374000.0,USED,17.5,2025-01-06
NISSAN,FB13,1991,1500.0,MANUAL,PETROL,374000.0,USED,18.5,2025-01-19
NISSAN,FB13,1991,1500.0,MANUAL,PETROL,374000.0,USED,16.6875,2024-12-31
NISSAN,FB13,1991,1300.0,MANUAL,PETROL,374000.0,USED,18.8,2024-12-20
NISSAN,FB13,1991,1300.0,MANUAL,PETROL,374000.0,USED,18.8,2024-12-18
NISSAN,FB13,1991,1500.0,MANUAL,PETROL,374000.0,USED,11.4375,2024-12-12
NISSAN,FB13,1992,1800.0,MANUAL,DIESEL,363000.0,USED,15.5,2025-01-14
NISSAN,FB13,1992,1400.0,MANUAL,DIESEL,363000.0,USED,19.5,2025-01-26
NISSAN,FB13,1992,1500.0,MANUAL,PETROL,363000.0,USED,17.9,2025-01-01
NISSAN,FB13,1992,1500.0,MANUAL,PETROL,363000.0,USED,17.9,2024-12-27
NISSAN,FB13,1992,1500.0,MANUAL,PETROL,363000.0,USED,18.5,2024-12-27
NISSAN,FB13,1992,1500.0,MANUAL,PETROL,363000.0,USED,18.45,2024-12-23
NISSAN,FB13,1992,1500.0,MANUAL,PETROL,363000.0,USED,18.75,2024-12-09
NISSAN,FB13,1992,1800.0,MANUAL,DIESEL,363000.0,USED,16.5,2024-12-08
NISSAN,FB13,1993,1500.0,MANUAL,DIESEL,352000.0,USED,18.2,2025-02-04
NISSAN,FB13,1993,1490.0,MANUAL,PETROL,352000.0,USED,17.8,2025-01-11
NISSAN,FB13,1993,1700.0,MANUAL,DIESEL,352000.0,USED,22.5,2025-01-11
NISSAN,FB13,1993,1300.0,MANUAL,PETROL,352000.0,USED,17.5,2025-01-28
NISSAN,FB13,1993,1500.0,MANUAL,PETROL,352000.0,USED,11.4375,2025-01-22
NISSAN,FB13,1993,1500.0,MANUAL,PETROL,352000.0,USED,11.4375,2025-01-21
NISSAN,FB13,1993,1300.0,MANUAL,PETROL,352000.0,USED,14.37857142857143,2025-01-05
NISSAN,FB13,1993,1700.0,MANUAL,DIESEL,352000.0,USED,14.75,2024-12-27
NISSAN,FB13,1994,1500.0,MANUAL,PETROL,341000.0,USED,16.0,2025-01-31
NISSAN,FB13,1994,1460.0,MANUAL,DIESEL,341000.0,NEW,14.25,2025-01-24
NISSAN,FB13,1994,1500.0,MANUAL,PETROL,341000.0,USED,16.0,2024-12-29
NISSAN,FB13,1995,1500.0,MANUAL,PETROL,330000.0,USED,21.65,2025-01-26
NISSAN,FB13,1996,1500.0,MANUAL,PETROL,319000.0,USED,21.0,2025-02-04
NISSAN,FB13,1997,1500.0,MANUAL,PETROL,308000.0,USED,19.0,2025-01-18
NISSAN,FB13,1998,1500.0,AUTOMATIC,PETROL,297000.0,USED,22.0,2025-01-10
NISSAN,FB13 DOCTOR SUNNY,1990,1300.0,AUTOMATIC,PETROL,385000.0,USED,17.0,2025-02-04
NISSAN,FB13 DOCTOR SUNNY,1991,1700.0,MANUAL,DIESEL,374000.0,USED,16.75,2025-01-15
NISSAN,FB13 DOCTOR SUNNY,1991,1300.0,MANUAL,PETROL,374000.0,USED,14.796875,2025-01-10
NISSAN,FB13 DOCTOR SUNNY,1991,1500.0,MANUAL,PETROL,374000.0,USED,16.75,2025-01-04
NISSAN,FB13 DOCTOR SUNNY,1992,1500.0,MANUAL,PETROL,363000.0,USED,18.8,2025-02-03
NISSAN,FB13 DOCTOR SUNNY,1992,1500.0,MANUAL,PETROL,363000.0,USED,17.525,2025-01-28
NISSAN,FB13 DOCTOR SUNNY,1992,1700.0,MANUAL,DIESEL,363000.0,USED,16.25,2025-01-15
NISSAN,FB13 DOCTOR SUNNY,1996,1500.0,MANUAL,DIESEL,319000.0,USED,19.671875,2025-02-04
NISSAN,FB13 DOCTOR SUNNY SUPER SALOON,1992,1500.0,MANUAL,PETROL,363000.0,USED,19.7,2025-02-04
NISSAN,FB13 DOCTOR SUNNY SUPER SALOON,1994,1500.0,MANUAL,PETROL,341000.0,USED,20.5,2024-12-09
NISSAN,FB13 SUNNY,1992,1600.0,MANUAL,PETROL,363000.0,USED,17.5,2024-12-29
NISSAN,FB14,1993,1490.0,AUTOMATIC,PETROL,352000.0,USED,25.5,2025-02-05
NISSAN,FB14,1993,1707.0,MANUAL,DIESEL,352000.0,USED,22.75,2025-01-30
NISSAN,FB14,1994,1500.0,MANUAL,PETROL,341000.0,USED,22.5,2025-02-02
NISSAN,FB14,1994,1300.0,MANUAL,PETROL,341000.0,USED,19.25,2025-01-14
NISSAN,FB14,1994,1200.0,MANUAL,DIESEL,341000.0,USED,23.5,2025-01-11
NISSAN,FB14,1994,1500.0,MANUAL,PETROL,341000.0,USED,22.15,2025-01-27
NISSAN,FB14,1994,1500.0,MANUAL,PETROL,341000.0,NEW,22.0,2024-12-31
NISSAN,FB14,1994,1500.0,AUTOMATIC,PETROL,341000.0,USED,23.5,2024-12-18
NISSAN,FB14,1994,1450.0,MANUAL,PETROL,341000.0,USED,22.15,2024-12-08
NISSAN,FB14,1995,1500.0,AUTOMATIC,PETROL,330000.0,USED,19.5,2025-02-03
NISSAN,FB14,1995,1400.0,MANUAL,PETROL,330000.0,USED,21.0,2025-01-29
NISSAN,FB14,1995,1500.0,MANUAL,PETROL,330000.0,USED,25.0,2025-01-28
NISSAN,FB14,1995,1500.0,MANUAL,PETROL,330000.0,USED,17.59375,2025-01-17
NISSAN,FB14,1995,1500.0,AUTOMATIC,PETROL,330000.0,USED,23.75,2025-01-05
NISSAN,FB14,1995,1300.0,MANUAL,PETROL,330000.0,USED,19.5,2024-12-26
NISSAN,FB14,1995,1500.0,AUTOMATIC,PETROL,330000.0,USED,19.5,2024-12-21
NISSAN,FB14,1995,1300.0,AUTOMATIC,PETROL,330000.0,USED,21.0,2024-12-20
NISSAN,FB14,1996,1500.0,AUTOMATIC,PETROL,319000.0,USED,33.84375,2025-02-05
NISSAN,FB14,1996,1500.0,MANUAL,PETROL,319000.0,USED,21.5,2025-02-04
NISSAN,FB14,1996,1295.0,MANUAL,PETROL,319000.0,USED,26.0,2025-02-03
NISSAN,FB14,1996,1500.0,MANUAL,PETROL,319000.0,USED,24.0,2025-02-02
NISSAN,FB14,1996,1500.0,MANUAL,PETROL,319000.0,USED,25.0,2025-02-01
NISSAN,FB14,1996,1970.0,AUTOMATIC,DIESEL,319000.0,USED,33.84375,2025-02-01
NISSAN,FB14,1996,1500.0,AUTOMATIC,PETROL,319000.0,USED,27.5,2025-01-31
NISSAN,FB14,1996,1300.0,AUTOMATIC,PETROL,319000.0,USED,27.95,2025-01-31
NISSAN,FB14,1996,1970.0,AUTOMATIC,DIESEL,319000.0,USED,23.9,2025-01-31
NISSAN,FB14,1996,1500.0,AUTOMATIC,PETROL,319000.0,USED,26.5,2025-01-31
NISSAN,FB14,1996,1500.0,MANUAL,PETROL,319000.0,USED,24.0,2025-01-13
NISSAN,FB14,1996,1500.0,MANUAL,PETROL,319000.0,USED,26.5,2025-01-25
NISSAN,FB14,1996,2000.0,AUTOMATIC,DIESEL,319000.0,NEW,24.0,2025-01-23
NISSAN,FB14,1996,1500.0,AUTOMATIC,PETROL,319000.0,USED,26.9,2025-01-21
NISSAN,FB14,1996,1300.0,AUTOMATIC,PETROL,319000.0,USED,26.5,2025-01-21
NISSAN,FB14,1996,1500.0,AUTOMATIC,PETROL,319000.0,USED,26.7,2025-01-04
NISSAN,FB14,1996,1500.0,AUTOMATIC,PETROL,319000.0,USED,26.75,2025-01-04
NISSAN,FB14,1996,1300.0,MANUAL,PETROL,319000.0,USED,22.5,2024-12-30
NISSAN,FB14,1996,1500.0,MANUAL,PETROL,319000.0,USED,23.75,2024-12-23
NISSAN,FB14,1996,1800.0,AUTOMATIC,DIESEL,319000.0,USED,21.45,2024-12-22
NISSAN,FB14,1996,1490.0,MANUAL,PETROL,319000.0,USED,25.0,2024-12-22
NISSAN,FB14,1997,1500.0,MANUAL,PETROL,308000.0,USED,28.75,2025-02-05
NISSAN,FB14,1997,1500.0,AUTOMATIC,PETROL,308000.0,USED,27.4,2025-02-05
NISSAN,FB14,1997,1500.0,AUTOMATIC,PETROL,308000.0,USED,27.155263157894737,2025-02-05
NISSAN,FB14,1997,1500.0,AUTOMATIC,PETROL,308000.0,USED,27.5,2025-02-04
NISSAN,FB14,1997,2000.0,AUTOMATIC,DIESEL,308000.0,USED,33.84375,2025-02-03
NISSAN,FB14,1997,1500.0,AUTOMATIC,PETROL,308000.0,USED,26.5,2025-02-03
NISSAN,FB14,1997,1500.0,MANUAL,PETROL,308000.0,USED,29.5,2025-02-02
NISSAN,FB14,1997,1500.0,MANUAL,PETROL,308000.0,USED,24.5,2025-02-01
NISSAN,FB14,1997,1500.0,MANUAL,DIESEL,308000.0,USED,23.75,2025-02-01
NISSAN,FB14,1997,1500.0,AUTOMATIC,PETROL,308000.0,USED,27.75,2025-02-01
NISSAN,FB14,1997,1300.0,AUTOMATIC,PETROL,308000.0,USED,28.75,2025-01-31
NISSAN,FB14,1997,1800.0,AUTOMATIC,DIESEL,308000.0,USED,24.0,2025-01-29
NISSAN,FB14,1997,1500.0,MANUAL,PETROL,308000.0,USED,25.2,2025-01-29
NISSAN,FB14,1997,1500.0,MANUAL,PETROL,308000.0,USED,26.5,2025-01-29
NISSAN,FB14,1997,1500.0,AUTOMATIC,PETROL,308000.0,USED,27.155263157894737,2025-01-18
NISSAN,FB14,1997,1500.0,AUTOMATIC,PETROL,308000.0,USED,28.25,2025-01-14
NISSAN,FB14,1997,1500.0,AUTOMATIC,PETROL,308000.0,USED,25.6,2025-01-10
NISSAN,FB14,1997,1500.0,MANUAL,PETROL,308000.0,USED,24.5,2024-12-21
NISSAN,FB14,1997,1500.0,AUTOMATIC,PETROL,308000.0,USED,27.75,2024-12-11
NISSAN,FB14,1997,1970.0,AUTOMATIC,DIESEL,308000.0,USED,26.5,2024-12-05
NISSAN,FB14,1997,1300.0,AUTOMATIC,PETROL,308000.0,USED,28.5,2024-12-04
NISSAN,FB14,1998,1400.0,MANUAL,PETROL,297000.0,USED,24.7,2025-02-04
NISSAN,FB14,1998,1300.0,MANUAL,PETROL,297000.0,USED,24.0,2025-02-03
NISSAN,FB14,1998,1500.0,AUTOMATIC,PETROL,297000.0,USED,29.85,2025-01-31
NISSAN,FB14,1998,1300.0,MANUAL,PETROL,297000.0,NEW,26.25,2025-01-31
NISSAN,FB14,1998,2000.0,MANUAL,DIESEL,297000.0,USED,28.04285714285714,2025-01-15
NISSAN,FB14,1998,1500.0,AUTOMATIC,PETROL,297000.0,USED,29.5,2025-01-10
NISSAN,FB14,1998,1490.0,AUTOMATIC,PETROL,297000.0,USED,28.5,2024-12-23
NISSAN,FB14,1998,1500.0,AUTOMATIC,PETROL,297000.0,USED,33.5,2024-12-05
NISSAN,FB14,1999,2000.0,AUTOMATIC,DIESEL,286000.0,USED,23.75,2025-02-04
NISSAN,FB14,1999,1500.0,MANUAL,PETROL,286000.0,USED,30.75,2025-01-25
NISSAN,FB14,2000,1707.0,MANUAL,PETROL,275000.0,USED,21.0,2024-12-25
NISSAN,FB14,2001,1500.0,MANUAL,DIESEL,264000.0,USED,29.0,2025-01-23
NISSAN,FB14,2003,1500.0,MANUAL,PETROL,242000.0,USED,29.0,2025-02-02
NISSAN,FB14 EX SALOON,1998,1500.0,AUTOMATIC,PETROL,297000.0,USED,29.9,2025-02-03
NISSAN,FB14 EX SALOON,1998,1500.0,AUTOMATIC,PETROL,297000.0,USED,33.4,2025-01-31
NISSAN,FB14 PRESEA,2000,1500.0,AUTOMATIC,PETROL,275000.0,USED,35.0,2024-12-11
NISSAN,FB14 PULSAR,2000,1970.0,AUTOMATIC,DIESEL,275000.0,USED,30.0,2025-01-03
NISSAN,FB14 SUPER SALOON,1996,1500.0,AUTOMATIC,PETROL,319000.0,USED,29.5,2025-02-04
NISSAN,FB14 SUPER SALOON,1996,1500.0,AUTOMATIC,PETROL,319000.0,USED,26.3,2025-01-30
NISSAN,FB14 SUPER SALOON,1996,2000.0,AUTOMATIC,DIESEL,319000.0,USED,26.0,2025-01-14
NISSAN,FB14 SUPER SALOON,1996,1500.0,MANUAL,PETROL,319000.0,USED,27.5,2025-01-22
NISSAN,FB14 SUPER SALOON,1996,1500.0,AUTOMATIC,PETROL,319000.0,USED,28.75,2024-12-06
NISSAN,FB14 SUPER SALOON,1997,1500.0,MANUAL,PETROL,308000.0,USED,28.75,2025-02-03
NISSAN,FB14 SUPER SALOON,1998,1500.0,MANUAL,PETROL,297000.0,USED,31.9,2025-01-14
NISSAN,FB14 SUPER SALOON,1999,1500.0,AUTOMATIC,PETROL,286000.0,USED,29.5,2025-02-02
NISSAN,FB14 SUPER SALOON,1999,1500.0,AUTOMATIC,PETROL,286000.0,USED,29.75,2025-01-29
NISSAN,FB14 SUPER SALOON,2006,1500.0,AUTOMATIC,PETROL,209000.0,USED,32.5,2025-01-01
NISSAN,FB15,1998,1500.0,AUTOMATIC,PETROL,297000.0,USED,35.0,2025-01-16
NISSAN,FB15,1999,1500.0,AUTOMATIC,PETROL,286000.0,USED,35.25,2025-02-02
NISSAN,FB15,1999,1500.0,AUTOMATIC,PETROL,286000.0,USED,38.75,2025-01-30
NISSAN,FB15,1999,1500.0,AUTOMATIC,PETROL,286000.0,USED,34.75,2025-01-28
NISSAN,FB15,1999,1500.0,MANUAL,PETROL,286000.0,USED,32.5,2025-01-12
NISSAN,FB15,1999,1500.0,MANUAL,PETROL,286000.0,USED,32.9,2025-01-12
NISSAN,FB15,1999,1500.0,AUTOMATIC,PETROL,286000.0,USED,34.8,2025-01-11
NISSAN,FB15,1999,1500.0,AUTOMATIC,PETROL,286000.0,USED,35.0,2025-01-08
NISSAN,FB15,1999,1500.0,AUTOMATIC,PETROL,286000.0,USED,34.95,2025-01-06
NISSAN,FB15,1999,1500.0,AUTOMATIC,PETROL,286000.0,USED,36.0,2025-01-24
NISSAN,FB15,1999,1500.0,AUTOMATIC,PETROL,286000.0,USED,35.497058823529414,2025-01-21
NISSAN,FB15,1999,1500.0,AUTOMATIC,PETROL,286000.0,USED,35.0,2024-12-29
NISSAN,FB15,1999,1500.0,AUTOMATIC,PETROL,286000.0,USED,34.9,2024-12-29
NISSAN,FB15,1999,1500.0,AUTOMATIC,PETROL,286000.0,USED,36.6,2024-12-29
NISSAN,FB15,1999,1500.0,AUTOMATIC,PETROL,286000.0,USED,36.5,2024-12-27
NISSAN,FB15,1999,1500.0,AUTOMATIC,PETROL,286000.0,USED,35.75,2024-12-15
NISSAN,FB15,1999,1500.0,AUTOMATIC,PETROL,286000.0,USED,37.5,2024-12-11
NISSAN,FB15,1999,1500.0,AUTOMATIC,PETROL,286000.0,USED,36.8,2024-12-07
NISSAN,FB15,1999,1500.0,AUTOMATIC,PETROL,286000.0,USED,35.5,2024-12-05
NISSAN,FB15,2000,1500.0,AUTOMATIC,PETROL,275000.0,USED,37.75,2025-02-05
NISSAN,FB15,2000,1500.0,AUTOMATIC,PETROL,275000.0,USED,35.04761904761905,2025-02-05
NISSAN,FB15,2000,1500.0,AUTOMATIC,PETROL,275000.0,USED,35.5,2025-02-05
NISSAN,FB15,2000,1500.0,MANUAL,PETROL,275000.0,USED,33.75,2025-02-05
NISSAN,FB15,2000,1500.0,AUTOMATIC,PETROL,275000.0,USED,36.5,2025-02-04
NISSAN,FB15,2000,1500.0,AUTOMATIC,PETROL,275000.0,USED,36.35,2025-02-04
NISSAN,FB15,2000,1500.0,AUTOMATIC,PETROL,275000.0,USED,36.5,2025-02-02
NISSAN,FB15,2000,1500.0,AUTOMATIC,PETROL,275000.0,USED,37.5,2025-02-01
NISSAN,FB15,2000,1500.0,AUTOMATIC,PETROL,275000.0,USED,35.04761904761905,2025-01-17
NISSAN,FB15,2000,1500.0,MANUAL,PETROL,275000.0,USED,31.95,2025-01-16
NISSAN,FB15,2000,1500.0,AUTOMATIC,PETROL,275000.0,USED,36.2,2025-01-07
NISSAN,FB15,2000,1500.0,AUTOMATIC,PETROL,275000.0,USED,34.75,2025-01-07
NISSAN,FB15,2000,1500.0,MANUAL,PETROL,275000.0,USED,39.0,2025-01-28
NISSAN,FB15,2000,1500.0,AUTOMATIC,PETROL,275000.0,NEW,37.5,2025-01-27
NISSAN,FB15,2000,1500.0,AUTOMATIC,PETROL,275000.0,USED,35.5,2025-01-25
NISSAN,FB15,2000,1500.0,AUTOMATIC,PETROL,275000.0,USED,24.25,2025-01-24
NISSAN,FB15,2000,1500.0,MANUAL,PETROL,275000.0,USED,33.75,2025-01-23
NISSAN,FB15,2000,1500.0,AUTOMATIC,PETROL,275000.0,USED,35.5,2025-01-04
NISSAN,FB15,2000,1500.0,AUTOMATIC,PETROL,275000.0,USED,35.04761904761905,2025-01-04
NISSAN,FB15,2000,1490.0,AUTOMATIC,PETROL,275000.0,USED,35.5,2025-01-03
NISSAN,FB15,2000,1500.0,AUTOMATIC,PETROL,275000.0,USED,36.25,2024-12-28
NISSAN,FB15,2000,1300.0,AUTOMATIC,PETROL,275000.0,USED,40.0,2024-12-25
NISSAN,FB15,2000,1500.0,AUTOMATIC,PETROL,275000.0,USED,35.5,2024-12-24
NISSAN,FB15,2000,1500.0,AUTOMATIC,PETROL,275000.0,USED,38.0,2024-12-19
NISSAN,FB15,2000,1500.0,AUTOMATIC,PETROL,275000.0,USED,35.04761904761905,2024-12-18
NISSAN,FB15,2000,1500.0,AUTOMATIC,PETROL,275000.0,USED,35.04761904761905,2024-12-17
NISSAN,FB15,2001,1500.0,AUTOMATIC,PETROL,264000.0,USED,36.5,2025-02-05
NISSAN,FB15,2001,1500.0,AUTOMATIC,PETROL,264000.0,USED,39.5,2025-02-05
NISSAN,FB15,2001,1500.0,AUTOMATIC,PETROL,264000.0,USED,54.25,2025-02-04
NISSAN,FB15,2001,1500.0,AUTOMATIC,PETROL,264000.0,USED,38.25,2025-02-02
NISSAN,FB15,2001,1500.0,AUTOMATIC,PETROL,264000.0,USED,41.95,2025-01-31
NISSAN,FB15,2001,1500.0,AUTOMATIC,PETROL,264000.0,USED,40.0,2025-01-31
NISSAN,FB15,2001,1300.0,AUTOMATIC,PETROL,264000.0,USED,35.25,2025-01-31
NISSAN,FB15,2001,1500.0,AUTOMATIC,PETROL,264000.0,USED,38.5,2025-01-30
NISSAN,FB15,2001,1500.0,AUTOMATIC,PETROL,264000.0,USED,38.0,2025-01-18
NISSAN,FB15,2001,1500.0,AUTOMATIC,PETROL,264000.0,USED,43.5,2025-01-16
NISSAN,FB15,2001,1500.0,MANUAL,PETROL,264000.0,USED,54.25,2025-01-21
NISSAN,FB15,2001,1300.0,AUTOMATIC,PETROL,264000.0,USED,40.3,2025-01-03
NISSAN,FB15,2001,1500.0,AUTOMATIC,PETROL,264000.0,USED,37.25,2024-12-30
NISSAN,FB15,2001,1500.0,AUTOMATIC,PETROL,264000.0,USED,54.25,2024-12-29
NISSAN,FB15,2001,1500.0,AUTOMATIC,PETROL,264000.0,USED,34.0,2024-12-28
NISSAN,FB15,2001,1490.0,AUTOMATIC,PETROL,264000.0,USED,54.25,2024-12-23
NISSAN,FB15,2001,1500.0,AUTOMATIC,PETROL,264000.0,USED,39.65,2024-12-13
NISSAN,FB15,2001,1500.0,AUTOMATIC,PETROL,264000.0,USED,36.5,2024-12-12
NISSAN,FB15,2001,1500.0,AUTOMATIC,PETROL,264000.0,USED,38.5,2024-12-08
NISSAN,FB15,2001,1500.0,MANUAL,PETROL,264000.0,USED,37.0,2024-12-07
NISSAN,FB15,2001,1500.0,AUTOMATIC,PETROL,264000.0,USED,42.5,2024-12-07
NISSAN,FB15,2002,1500.0,AUTOMATIC,PETROL,253000.0,USED,43.0,2025-02-03
NISSAN,FB15,2002,1500.0,AUTOMATIC,PETROL,253000.0,USED,40.15833333333333,2025-02-03
NISSAN,FB15,2002,1500.0,AUTOMATIC,PETROL,253000.0,USED,41.5,2025-01-31
NISSAN,FB15,2002,1500.0,AUTOMATIC,PETROL,253000.0,USED,42.9,2025-01-17
NISSAN,FB15,2002,1500.0,AUTOMATIC,PETROL,253000.0,USED,45.25,2025-01-12
NISSAN,FB15,2002,1500.0,AUTOMATIC,PETROL,253000.0,USED,40.15833333333333,2025-01-11
NISSAN,FB15,2002,1500.0,AUTOMATIC,PETROL,253000.0,USED,40.15833333333333,2025-01-07
NISSAN,FB15,2002,1500.0,AUTOMATIC,PETROL,253000.0,USED,43.0,2025-01-07
NISSAN,FB15,2002,1500.0,AUTOMATIC,PETROL,253000.0,USED,44.75,2025-01-06
NISSAN,FB15,2002,1500.0,AUTOMATIC,PETROL,253000.0,USED,40.15833333333333,2025-01-24
NISSAN,FB15,2002,1500.0,AUTOMATIC,PETROL,253000.0,USED,24.25,2025-01-22
NISSAN,FB15,2002,1300.0,AUTOMATIC,PETROL,253000.0,NEW,37.25,2025-01-04
NISSAN,FB15,2002,1500.0,AUTOMATIC,PETROL,253000.0,USED,40.15833333333333,2024-12-31
NISSAN,FB15,2002,1500.0,AUTOMATIC,PETROL,253000.0,USED,45.0,2024-12-23
NISSAN,FB15,2002,1490.0,AUTOMATIC,PETROL,253000.0,USED,42.5,2024-12-22
NISSAN,FB15,2002,1300.0,AUTOMATIC,PETROL,253000.0,USED,42.5,2024-12-22
NISSAN,FB15,2002,1500.0,AUTOMATIC,PETROL,253000.0,USED,40.15833333333333,2024-12-18
NISSAN,FB15,2002,1500.0,AUTOMATIC,PETROL,253000.0,USED,41.5,2024-12-14
NISSAN,FB15,2002,1500.0,AUTOMATIC,PETROL,253000.0,USED,40.15833333333333,2024-12-10
NISSAN,FB15,2002,1500.0,AUTOMATIC,PETROL,253000.0,USED,40.15833333333333,2024-12-09
NISSAN,FB15,2003,1500.0,AUTOMATIC,PETROL,242000.0,USED,46.5,2025-02-05
NISSAN,FB15,2003,1500.0,AUTOMATIC,PETROL,242000.0,USED,44.5,2025-02-04
NISSAN,FB15,2003,1500.0,AUTOMATIC,PETROL,242000.0,USED,43.0,2025-02-03
NISSAN,FB15,2003,1500.0,AUTOMATIC,PETROL,242000.0,USED,40.5,2025-02-02
NISSAN,FB15,2003,1500.0,AUTOMATIC,PETROL,242000.0,USED,43.34444444444444,2025-02-01
NISSAN,FB15,2003,1500.0,AUTOMATIC,PETROL,242000.0,USED,43.75,2025-02-01
NISSAN,FB15,2003,1500.0,AUTOMATIC,PETROL,242000.0,USED,45.0,2025-01-31
NISSAN,FB15,2003,1500.0,AUTOMATIC,PETROL,242000.0,USED,38.25,2025-01-16
NISSAN,FB15,2003,1300.0,MANUAL,PETROL,242000.0,USED,39.5,2025-01-15
NISSAN,FB15,2003,1500.0,AUTOMATIC,PETROL,242000.0,USED,43.34444444444444,2025-01-13
NISSAN,FB15,2003,1500.0,AUTOMATIC,PETROL,242000.0,USED,43.34444444444444,2025-01-11
NISSAN,FB15,2003,1500.0,AUTOMATIC,PETROL,242000.0,USED,43.34444444444444,2025-01-09
NISSAN,FB15,2003,1500.0,AUTOMATIC,PETROL,242000.0,USED,44.75,2025-01-28
NISSAN,FB15,2003,1500.0,AUTOMATIC,PETROL,242000.0,USED,43.34444444444444,2025-01-24
NISSAN,FB15,2003,1300.0,AUTOMATIC,PETROL,242000.0,USED,41.5,2025-01-24
NISSAN,FB15,2003,1500.0,AUTOMATIC,PETROL,242000.0,USED,43.34444444444444,2025-01-19
NISSAN,FB15,2003,1500.0,AUTOMATIC,PETROL,242000.0,USED,43.34444444444444,2025-01-04
NISSAN,FB15,2003,1500.0,AUTOMATIC,PETROL,242000.0,USED,41.5,2025-01-02
NISSAN,FB15,2003,1500.0,AUTOMATIC,PETROL,242000.0,USED,45.5,2024-12-23
NISSAN,FB15,2003,1500.0,AUTOMATIC,PETROL,242000.0,USED,46.0,2024-12-23
NISSAN,FB15,2003,1500.0,AUTOMATIC,PETROL,242000.0,USED,37.95,2024-12-20
NISSAN,FB15,2003,1500.0,AUTOMATIC,PETROL,242000.0,USED,44.75,2024-12-16
NISSAN,FB15,2003,1500.0,AUTOMATIC,PETROL,242000.0,USED,44.75,2024-12-13
NISSAN,FB15,2003,1500.0,AUTOMATIC,PETROL,242000.0,USED,42.5,2024-12-11
NISSAN,FB15,2003,1490.0,AUTOMATIC,PETROL,242000.0,USED,50.0,2024-12-05
NISSAN,FB15,2004,1500.0,AUTOMATIC,PETROL,231000.0,USED,45.9,2025-02-04
NISSAN,FB15,2004,1500.0,AUTOMATIC,PETROL,231000.0,USED,39.9,2025-01-27
NISSAN,FB15,2004,1500.0,AUTOMATIC,PETROL,231000.0,USED,44.9,2025-01-26
NISSAN,FB15,2004,1500.0,AUTOMATIC,PETROL,231000.0,USED,45.25,2024-12-08
NISSAN,FB15,2005,1500.0,AUTOMATIC,PETROL,220000.0,USED,38.5,2025-02-04
NISSAN,FB15,2005,1500.0,AUTOMATIC,PETROL,220000.0,USED,43.5,2025-01-23
NISSAN,FB15,2005,1500.0,AUTOMATIC,PETROL,220000.0,USED,40.583333333333336,2024-12-13
NISSAN,FB15,2005,1300.0,AUTOMATIC,PETROL,220000.0,USED,39.75,2024-12-04
NISSAN,FB15,2007,1500.0,AUTOMATIC,PETROL,198000.0,USED,48.9,2025-01-30
NISSAN,FB15,2021,1500.0,MANUAL,PETROL,44000.0,USED,36.5,2025-01-12
NISSAN,FB15 EX,2002,1500.0,AUTOMATIC,PETROL,253000.0,USED,43.25,2025-02-03
NISSAN,FB15 EX SALOON,1999,1500.0,MANUAL,PETROL,286000.0,USED,32.75,2025-02-04
NISSAN,FB15 EX SALOON,1999,1500.0,AUTOMATIC,PETROL,286000.0,NEW,34.5,2025-01-29
NISSAN,FB15 EX SALOON,1999,1500.0,AUTOMATIC,PETROL,286000.0,USED,33.5,2025-01-15
NISSAN,FB15 EX SALOON,1999,1500.0,AUTOMATIC,PETROL,286000.0,USED,38.0,2025-01-12
NISSAN,FB15 EX SALOON,1999,1500.0,AUTOMATIC,PETROL,286000.0,USED,34.25,2024-12-19
NISSAN,FB15 EX SALOON,2000,1500.0,AUTOMATIC,PETROL,275000.0,USED,37.9,2025-02-05
NISSAN,FB15 EX SALOON,2000,1500.0,AUTOMATIC,PETROL,275000.0,USED,35.2,2025-02-04
NISSAN,FB15 EX SALOON,2000,1500.0,AUTOMATIC,PETROL,275000.0,USED,36.5,2024-12-25
NISSAN,FB15 EX SALOON,2000,1500.0,AUTOMATIC,PETROL,275000.0,USED,36.9,2024-12-16
NISSAN,FB15 EX SALOON,2001,1500.0,AUTOMATIC,PETROL,264000.0,USED,38.99,2025-01-27
NISSAN,FB15 EX SALOON,2001,1500.0,AUTOMATIC,PETROL,264000.0,USED,44.9375,2025-01-25
NISSAN,FB15 EX SALOON,2002,1500.0,AUTOMATIC,PETROL,253000.0,USED,34.95,2025-02-04
NISSAN,FB15 EX SALOON,2003,1500.0,AUTOMATIC,PETROL,242000.0,USED,44.5,2025-02-02
NISSAN,FB15 EX SALOON,2005,1500.0,AUTOMATIC,PETROL,220000.0,USED,43.0,2025-02-05
NISSAN,FB15 EX SLOON,1999,1500.0,MANUAL,PETROL,286000.0,USED,40.5,2025-01-29
NISSAN,FB15 SPLEND ECO MODEL,2000,1500.0,AUTOMATIC,PETROL,275000.0,USED,36.55,2025-02-05
NISSAN,FB15 SUNNY,2000,1500.0,AUTOMATIC,PETROL,275000.0,USED,37.25,2025-02-01
NISSAN,FB15 SUNNY,2000,1500.0,AUTOMATIC,PETROL,275000.0,USED,39.85,2025-01-12
NISSAN,FB15 SUNNY EX SALOON,1998,1300.0,AUTOMATIC,PETROL,297000.0,USED,36.85,2025-01-12
NISSAN,FB15 SUNNY EX SALOON,2000,1500.0,AUTOMATIC,PETROL,275000.0,USED,36.75,2025-02-03
NISSAN,FB15 SUNNY EX SALOON,2000,1500.0,AUTOMATIC,PETROL,275000.0,USED,36.75,2025-01-13
NISSAN,FB15 SUPER,1998,1500.0,AUTOMATIC,PETROL,297000.0,USED,35.75,2025-02-05
NISSAN,FB15 SUPER SALOON,1999,1500.0,AUTOMATIC,PETROL,286000.0,USED,37.5,2025-01-15
NISSAN,FB15 SUPER SALOON,1999,1500.0,AUTOMATIC,PETROL,286000.0,USED,37.5,2024-12-30
NISSAN,FB15 SUPER SALOON,1999,1500.0,AUTOMATIC,PETROL,286000.0,USED,36.5,2024-12-19
NISSAN,FB15 SUPER SALOON,1999,1500.0,AUTOMATIC,PETROL,286000.0,USED,37.5,2024-12-11
NISSAN,FB15 SUPER SALOON,2000,1500.0,AUTOMATIC,PETROL,275000.0,USED,39.75,2025-02-04
NISSAN,FB15 SUPER SALOON,2000,1500.0,AUTOMATIC,PETROL,275000.0,USED,38.95,2025-01-31
NISSAN,FB15 SUPER SALOON,2000,1500.0,AUTOMATIC,PETROL,275000.0,USED,38.5,2025-01-30
NISSAN,FB15 SUPER SALOON,2000,1500.0,AUTOMATIC,PETROL,275000.0,USED,38.9,2025-01-12
NISSAN,FB15 SUPER SALOON,2000,1500.0,AUTOMATIC,PETROL,275000.0,USED,35.9,2025-01-12
NISSAN,FB15 SUPER SALOON,2000,1500.0,AUTOMATIC,PETROL,275000.0,USED,37.75,2025-01-21
NISSAN,FB15 SUPER SALOON,2000,1500.0,AUTOMATIC,PETROL,275000.0,USED,38.0,2025-01-03
NISSAN,FB15 SUPER SALOON,2000,1500.0,AUTOMATIC,PETROL,275000.0,USED,38.5,2024-12-22
NISSAN,FB15 SUPER SALOON,2001,1500.0,AUTOMATIC,PETROL,264000.0,USED,38.5,2025-02-04
NISSAN,FB15 SUPER SALOON,2001,1500.0,AUTOMATIC,PETROL,264000.0,USED,39.5,2025-01-11
NISSAN,FB15 SUPER SALOON,2001,1500.0,AUTOMATIC,PETROL,264000.0,USED,39.0,2024-12-29
NISSAN,FB15 SUPER SALOON,2001,1500.0,AUTOMATIC,PETROL,264000.0,USED,39.0,2024-12-07
NISSAN,FB15 SUPER SALOON,2002,1500.0,AUTOMATIC,PETROL,253000.0,USED,44.75,2025-01-10
NISSAN,FB15 SUPER SALOON,2002,1490.0,AUTOMATIC,PETROL,253000.0,USED,43.5,2024-12-28
NISSAN,FB15 SUPER SALOON,2002,1500.0,AUTOMATIC,PETROL,253000.0,USED,46.0,2024-12-26
NISSAN,FB15 SUPER SALOON,2002,1500.0,AUTOMATIC,PETROL,253000.0,USED,44.75,2024-12-23
NISSAN,FB15 SUPER SALOON,2003,1500.0,AUTOMATIC,PETROL,242000.0,USED,50.0,2025-01-31
NISSAN,FB15 SUPER SALOON,2003,1500.0,AUTOMATIC,PETROL,242000.0,USED,51.84375,2025-01-25
NISSAN,FB15 SUPER SALOON,2004,1500.0,AUTOMATIC,PETROL,231000.0,USED,39.9,2024-12-23
NISSAN,FB15 SUPER SALOON,2024,1500.0,AUTOMATIC,PETROL,11000.0,USED,43.5,2025-01-27
NISSAN,FB15 SUPER SALOON SPLEND,1999,1500.0,AUTOMATIC,PETROL,286000.0,USED,37.5,2025-01-18
NISSAN,FB15 SUPER SALOON SPLEND,2000,1500.0,AUTOMATIC,PETROL,275000.0,USED,38.5,2024-12-04
NISSAN,FG10,2005,1500.0,AUTOMATIC,PETROL,220000.0,USED,49.9,2025-01-31
NISSAN,FN 15,1999,1500.0,AUTOMATIC,PETROL,286000.0,USED,31.75,2025-01-07
NISSAN,FN14 PULSAR,1994,1500.0,AUTOMATIC,PETROL,341000.0,USED,19.5,2024-12-09
NISSAN,G11,2010,1500.0,AUTOMATIC,PETROL,165000.0,USED,68.75,2025-01-25
NISSAN,GRAVITE,2026,1000.0,AUTOMATIC,PETROL,0.0,NEW,96.9,2026-09-25
NISSAN,GRAVITE,2026,1000.0,AUTOMATIC,PETROL,0.0,NEW,92.4,2026-09-24
NISSAN,GRAVITE,2026,1000.0,AUTOMATIC,PETROL,0.0,NEW,98.5,2026-09-26
NISSAN,HB11,1982,1500.0,MANUAL,PETROL,473000.0,USED,10.2625,2025-02-04
NISSAN,HB11,1982,1500.0,MANUAL,PETROL,473000.0,USED,6.0,2024-12-22
NISSAN,HB11,1983,1500.0,MANUAL,PETROL,462000.0,USED,4.9625,2025-02-05
NISSAN,HB11,1983,1500.0,MANUAL,PETROL,462000.0,USED,6.9,2025-02-03
NISSAN,HB11,1983,1500.0,MANUAL,PETROL,462000.0,USED,7.75,2025-02-01
NISSAN,HB11,1984,1500.0,MANUAL,PETROL,451000.0,USED,7.45,2025-02-03
NISSAN,HB11,1984,1500.0,MANUAL,PETROL,451000.0,USED,8.8,2025-02-02
NISSAN,HB11,1984,1500.0,MANUAL,PETROL,451000.0,USED,8.25,2025-01-30
NISSAN,HB11,1984,1500.0,MANUAL,PETROL,451000.0,USED,7.85,2025-01-13
NISSAN,HB11,1984,1500.0,MANUAL,PETROL,451000.0,USED,6.1,2025-01-03
NISSAN,HB11,1984,1300.0,MANUAL,PETROL,451000.0,USED,7.69,2024-12-11
NISSAN,HB11,1985,1500.0,MANUAL,PETROL,440000.0,USED,7.0,2025-02-04
NISSAN,HB11,1985,1500.0,MANUAL,PETROL,440000.0,USED,8.3,2025-01-15
NISSAN,HB11,1985,1500.0,MANUAL,PETROL,440000.0,USED,8.75,2024-12-08
NISSAN,HB11,1986,1500.0,MANUAL,PETROL,429000.0,USED,8.9,2025-01-11
NISSAN,HB11,1986,1550.0,MANUAL,PETROL,429000.0,USED,7.75,2025-01-22
NISSAN,HB11,1986,1500.0,MANUAL,PETROL,429000.0,USED,7.9,2025-01-04
NISSAN,HB11,1987,1500.0,MANUAL,PETROL,418000.0,USED,7.8,2024-12-04
NISSAN,HB11,1988,1500.0,MANUAL,PETROL,407000.0,USED,5.0,2025-01-29
NISSAN,HB11 LAUREL SPIRIT,1986,1500.0,MANUAL,PETROL,429000.0,USED,12.1,2024-12-09
NISSAN,HB12,1985,1500.0,MANUAL,PETROL,440000.0,USED,12.25,2024-12-11
NISSAN,HB12,1986,1500.0,MANUAL,PETROL,429000.0,USED,12.5,2025-01-25
NISSAN,HB12,1987,1500.0,MANUAL,PETROL,418000.0,USED,12.9,2025-02-01
NISSAN,HB12,1987,1500.0,MANUAL,PETROL,418000.0,USED,15.05625,2025-01-31
NISSAN,HB12,1987,1500.0,MANUAL,PETROL,418000.0,USED,14.75,2025-01-15
NISSAN,HB12,1987,1500.0,MANUAL,PETROL,418000.0,USED,8.506250000000001,2025-01-22
NISSAN,HB12,1988,1500.0,MANUAL,PETROL,407000.0,USED,11.25,2025-01-21
NISSAN,HB12,1988,1500.0,AUTOMATIC,PETROL,407000.0,USED,11.25,2024-12-31
NISSAN,HB12,1988,1500.0,MANUAL,PETROL,407000.0,USED,10.75,2024-12-30
NISSAN,HB12,1988,1300.0,MANUAL,PETROL,407000.0,USED,11.75,2024-12-21
NISSAN,HB12,1989,1300.0,MANUAL,PETROL,396000.0,USED,10.85,2025-02-01
NISSAN,HB12,1989,1500.0,MANUAL,PETROL,396000.0,USED,11.0,2025-02-01
NISSAN,HB12,1989,1300.0,MANUAL,PETROL,396000.0,USED,10.85,2025-01-27
NISSAN,HB12,1989,1500.0,MANUAL,PETROL,396000.0,USED,11.5375,2024-12-13
NISSAN,HB12,1989,1500.0,MANUAL,PETROL,396000.0,USED,13.45,2024-12-08
NISSAN,HB12,1990,1300.0,MANUAL,PETROL,385000.0,USED,11.95,2025-01-15
NISSAN,HB12 TRAD SUNNY,1987,1480.0,MANUAL,PETROL,418000.0,USED,14.0,2025-01-28
NISSAN,HB12 TRAD SUNNY,1987,1300.0,MANUAL,PETROL,418000.0,USED,12.5,2024-12-30
NISSAN,HB12 TRAD SUNNY,1987,1500.0,MANUAL,PETROL,418000.0,USED,14.25,2024-12-23
NISSAN,HB12 TRAD SUNNY,1987,1500.0,MANUAL,PETROL,418000.0,USED,13.583333333333332,2024-12-04
NISSAN,HB12 TRAD SUNNY FULL LIGHT,1988,1450.0,MANUAL,PETROL,407000.0,USED,13.5,2025-01-31
NISSAN,HB15,2002,1300.0,AUTOMATIC,PETROL,253000.0,USED,35.0,2024-12-20
NISSAN,HB310,1979,1400.0,MANUAL,PETROL,506000.0,USED,8.25,2024-12-15
NISSAN,HB310,1980,1500.0,MANUAL,PETROL,495000.0,USED,6.0,2025-01-23
NISSAN,HB310,1980,1400.0,MANUAL,PETROL,495000.0,USED,6.0,2024-12-13
NISSAN,HB310,1983,1400.0,MANUAL,PETROL,462000.0,USED,4.050000000000001,2025-02-04
NISSAN,HB310,1997,1400.0,MANUAL,PETROL,308000.0,USED,7.3,2025-01-21
NISSAN,HN 12,1989,1500.0,MANUAL,PETROL,396000.0,USED,6.0,2025-01-04
NISSAN,K10,1985,980.0,MANUAL,PETROL,440000.0,USED,7.0,2025-02-04
NISSAN,K10,1989,1000.0,MANUAL,PETROL,396000.0,USED,9.75,2025-01-16
NISSAN,K10,1990,1000.0,MANUAL,PETROL,385000.0,USED,8.5,2025-02-04
NISSAN,K10,1990,993.0,MANUAL,PETROL,385000.0,USED,8.5,2025-01-31
NISSAN,LANGLEY HN12,1986,1480.0,MANUAL,PETROL,429000.0,USED,5.1,2024-12-21
NISSAN,LAUREL,2008,1980.0,AUTOMATIC,DIESEL,187000.0,USED,65.0,2025-02-04
NISSAN,LEAF AZEO,2013,1500.0,AUTOMATIC,HYBRID,132000.0,USED,46.5,2025-01-26
NISSAN,LUCINO,1998,1500.0,AUTOMATIC,PETROL,297000.0,USED,27.5,2024-12-19
NISSAN,LUCINO,1998,1500.0,AUTOMATIC,PETROL,297000.0,USED,27.5,2024-12-08
NISSAN,MAGNITE,2025,1000.0,AUTOMATIC,PETROL,10500.0,USED,82.0,2026-09-26
NISSAN,MAGNITE,2025,1000.0,AUTOMATIC,PETROL,12000.0,USED,82.0,2026-09-25
NISSAN,MAGNITE,2025,999.0,AUTOMATIC,PETROL,12200.0,USED,87.5,2026-09-26
NISSAN,MAGNITE,2025,999.0,AUTOMATIC,PETROL,22556.0,USED,89.95,2026-09-26
NISSAN,MAGNITE,2025,1000.0,AUTOMATIC,PETROL,9000.0,USED,75.75,2026-09-26
NISSAN,MAGNITE,2026,1000.0,AUTOMATIC,PETROL,1.0,NEW,93.5,2026-09-23
NISSAN,MARCH,1982,1000.0,MANUAL,PETROL,200000.0,USED,14.9,2026-09-25
NISSAN,MARCH,1988,1000.0,MANUAL,PETROL,407000.0,USED,21.5,2025-02-01
NISSAN,MARCH,1989,1000.0,MANUAL,PETROL,396000.0,USED,18.062499999999993,2025-02-05
NISSAN,MARCH,1991,1000.0,MANUAL,PETROL,374000.0,USED,18.062499999999993,2025-01-22
NISSAN,MARCH,1994,1000.0,MANUAL,PETROL,341000.0,USED,18.062499999999993,2025-02-04
NISSAN,MARCH,1995,1300.0,MANUAL,PETROL,330000.0,USED,18.062499999999993,2025-02-04
NISSAN,MARCH,1995,1000.0,MANUAL,PETROL,330000.0,USED,24.95,2025-01-25
NISSAN,MARCH,1995,1300.0,AUTOMATIC,PETROL,10000.0,USED,24.5,2026-09-23
NISSAN,MARCH,1996,990.0,MANUAL,PETROL,319000.0,USED,18.062499999999993,2025-01-12
NISSAN,MARCH,1999,990.0,MANUAL,PETROL,286000.0,USED,18.062499999999993,2024-12-11
NISSAN,MARCH,1999,1000.0,AUTOMATIC,PETROL,121000.0,USED,32.95,2026-09-26
NISSAN,MARCH,2000,1000.0,AUTOMATIC,PETROL,275000.0,USED,27.5,2025-02-05
NISSAN,MARCH,2000,1000.0,MANUAL,PETROL,275000.0,USED,27.5,2025-02-04
NISSAN,MARCH,2000,1000.0,AUTOMATIC,PETROL,275000.0,USED,28.9,2025-01-15
NISSAN,MARCH,2000,1115.0,AUTOMATIC,PETROL,275000.0,USED,27.966666666666665,2024-12-08
NISSAN,MARCH,2001,990.0,AUTOMATIC,PETROL,264000.0,USED,29.75,2025-02-03
NISSAN,MARCH,2001,1000.0,AUTOMATIC,PETROL,264000.0,USED,28.75,2025-01-31
NISSAN,MARCH,2001,990.0,AUTOMATIC,PETROL,264000.0,NEW,28.0,2025-01-14
NISSAN,MARCH,2001,1000.0,AUTOMATIC,PETROL,264000.0,USED,29.5,2025-01-19
NISSAN,MARCH,2001,990.0,AUTOMATIC,PETROL,264000.0,USED,29.5,2024-12-23
NISSAN,MARCH,2001,1000.0,MANUAL,PETROL,264000.0,USED,28.5,2024-12-04
NISSAN,MARCH,2002,1000.0,AUTOMATIC,PETROL,253000.0,USED,29.75,2025-02-02
NISSAN,MARCH,2002,1300.0,MANUAL,PETROL,253000.0,USED,29.5,2025-02-01
NISSAN,MARCH,2002,990.0,MANUAL,PETROL,253000.0,USED,29.0,2025-01-30
NISSAN,MARCH,2002,1270.0,AUTOMATIC,PETROL,253000.0,USED,24.9,2025-01-16
NISSAN,MARCH,2002,1240.0,MANUAL,PETROL,253000.0,USED,26.5,2025-01-07
NISSAN,MARCH,2002,1300.0,AUTOMATIC,PETROL,253000.0,USED,29.5,2025-01-05
NISSAN,MARCH,2002,1500.0,AUTOMATIC,PETROL,253000.0,USED,29.21428571428572,2024-12-27
NISSAN,MARCH,2002,1740.0,AUTOMATIC,PETROL,253000.0,USED,35.35,2024-12-24
NISSAN,MARCH,2002,1240.0,AUTOMATIC,PETROL,148000.0,USED,33.5,2026-09-26
NISSAN,MARCH,2003,1000.0,AUTOMATIC,PETROL,242000.0,USED,34.5,2025-01-07
NISSAN,MARCH,2003,990.0,AUTOMATIC,PETROL,242000.0,USED,28.5,2024-12-06
NISSAN,MARCH,2004,1300.0,AUTOMATIC,PETROL,180000.0,USED,34.85,2026-09-24
NISSAN,MARCH,2007,1300.0,AUTOMATIC,PETROL,198000.0,USED,36.3625,2025-01-20
NISSAN,MARCH,2007,1300.0,AUTOMATIC,PETROL,198000.0,USED,36.3625,2024-12-25
NISSAN,MARCH,2010,1000.0,AUTOMATIC,PETROL,76000.0,USED,65.0,2026-09-24
NISSAN,MARCH,2020,1000.0,MANUAL,PETROL,55000.0,USED,27.0,2025-02-05
NISSAN,MARCH AK11 ANNIVERSARY,2001,1300.0,AUTOMATIC,PETROL,264000.0,USED,33.5,2025-01-14
NISSAN,MARCH AK12,2002,1300.0,AUTOMATIC,PETROL,253000.0,USED,33.0,2025-02-05
NISSAN,MARCH AK12,2002,1300.0,AUTOMATIC,PETROL,253000.0,USED,32.75,2025-02-04
NISSAN,MARCH AK12,2002,1300.0,AUTOMATIC,PETROL,253000.0,USED,34.25,2025-02-01
NISSAN,MARCH AK12,2002,1300.0,AUTOMATIC,PETROL,253000.0,USED,36.0,2025-01-18
NISSAN,MARCH AK12,2002,1300.0,AUTOMATIC,PETROL,253000.0,USED,35.0,2025-01-10
NISSAN,MARCH AK12,2002,1300.0,AUTOMATIC,PETROL,253000.0,USED,34.25,2025-01-05
NISSAN,MARCH AK12,2002,1240.0,AUTOMATIC,PETROL,253000.0,USED,33.75,2024-12-22
NISSAN,MARCH AK12,2002,1300.0,AUTOMATIC,PETROL,253000.0,USED,32.5,2024-12-18
NISSAN,MARCH AK12,2003,1300.0,AUTOMATIC,PETROL,242000.0,USED,34.5,2025-02-01
NISSAN,MARCH AK12,2003,1300.0,AUTOMATIC,PETROL,242000.0,USED,35.5,2025-02-01
NISSAN,MARCH AK12,2003,1240.0,AUTOMATIC,PETROL,242000.0,USED,33.5,2024-12-13
NISSAN,MARCH AK12,2005,1300.0,AUTOMATIC,PETROL,220000.0,USED,38.75,2025-02-01
NISSAN,MARCH AK12,2007,1300.0,AUTOMATIC,PETROL,198000.0,USED,40.5,2025-02-05
NISSAN,MARCH AK12,2007,1300.0,AUTOMATIC,PETROL,198000.0,USED,42.5,2025-02-02
NISSAN,MARCH AK12,2007,1300.0,AUTOMATIC,PETROL,198000.0,USED,39.5,2025-01-18
NISSAN,MARCH AK12,2007,1300.0,AUTOMATIC,PETROL,198000.0,USED,43.25,2025-01-16
NISSAN,MARCH AK12,2008,1300.0,AUTOMATIC,PETROL,187000.0,USED,41.75,2025-02-05
NISSAN,MARCH AK12,2008,1300.0,AUTOMATIC,PETROL,187000.0,USED,42.5,2025-02-01
NISSAN,MARCH AK12,2008,1300.0,AUTOMATIC,PETROL,187000.0,USED,43.5,2025-01-19
NISSAN,MARCH AK12,2009,1240.0,AUTOMATIC,PETROL,176000.0,USED,53.0,2025-02-02
NISSAN,MARCH AK12,2011,1300.0,AUTOMATIC,PETROL,154000.0,USED,42.0,2025-01-20
NISSAN,MARCH AK13,2011,1300.0,AUTOMATIC,PETROL,154000.0,USED,49.75,2025-01-25
NISSAN,MARCH B11,1986,1300.0,AUTOMATIC,PETROL,429000.0,USED,9.25,2024-12-19
NISSAN,MARCH K10,1987,1000.0,MANUAL,PETROL,418000.0,USED,13.75,2025-01-21
NISSAN,MARCH K10,1988,800.0,MANUAL,PETROL,407000.0,USED,8.95,2025-01-17
NISSAN,MARCH K10,1988,1000.0,MANUAL,PETROL,407000.0,USED,6.5,2025-01-14
NISSAN,MARCH K10,1990,1000.0,MANUAL,PETROL,385000.0,USED,7.85,2025-01-27
NISSAN,MARCH K10,1990,1000.0,MANUAL,PETROL,385000.0,USED,10.5,2025-01-19
NISSAN,MARCH K10,1991,1000.0,MANUAL,PETROL,374000.0,USED,13.5,2025-01-31
NISSAN,MARCH K10,1991,1000.0,MANUAL,PETROL,374000.0,USED,13.5,2024-12-18
NISSAN,MARCH K10 SPORT,1989,980.0,MANUAL,PETROL,396000.0,USED,11.75,2025-02-03
NISSAN,MARCH K11,1994,1300.0,MANUAL,PETROL,341000.0,USED,22.9,2025-01-13
NISSAN,MARCH K11,1994,1000.0,AUTOMATIC,PETROL,341000.0,USED,22.9,2025-01-26
NISSAN,MARCH K11,1995,1270.0,MANUAL,PETROL,330000.0,USED,23.5,2024-12-30
NISSAN,MARCH K11,1995,1000.0,MANUAL,PETROL,330000.0,USED,22.0,2024-12-21
NISSAN,MARCH K11,1996,1000.0,AUTOMATIC,PETROL,319000.0,USED,20.406249999999993,2025-02-05
NISSAN,MARCH K11,1996,1300.0,MANUAL,PETROL,319000.0,USED,20.406249999999993,2024-12-27
NISSAN,MARCH K11,1997,1000.0,MANUAL,PETROL,308000.0,USED,25.0,2025-02-02
NISSAN,MARCH K11,1997,1000.0,MANUAL,PETROL,308000.0,USED,20.406249999999993,2025-01-31
NISSAN,MARCH K11,1997,1000.0,MANUAL,PETROL,308000.0,USED,24.0,2025-01-27
NISSAN,MARCH K11,1997,1000.0,MANUAL,PETROL,308000.0,USED,20.406249999999993,2024-12-29
NISSAN,MARCH K11,1998,1000.0,MANUAL,PETROL,297000.0,USED,25.0,2025-01-25
NISSAN,MARCH K11,1999,990.0,AUTOMATIC,PETROL,286000.0,NEW,29.5,2025-02-04
NISSAN,MARCH K11,1999,1000.0,AUTOMATIC,PETROL,286000.0,USED,26.5,2025-01-31
NISSAN,MARCH K11,1999,1000.0,AUTOMATIC,PETROL,286000.0,USED,27.0,2024-12-08
NISSAN,MARCH K11,2000,1000.0,AUTOMATIC,PETROL,275000.0,USED,27.5,2025-02-05
NISSAN,MARCH K11,2000,1000.0,AUTOMATIC,PETROL,275000.0,USED,27.6,2025-02-05
NISSAN,MARCH K11,2000,1000.0,AUTOMATIC,PETROL,275000.0,USED,24.5,2025-02-02
NISSAN,MARCH K11,2000,1000.0,AUTOMATIC,PETROL,275000.0,USED,28.5,2025-02-01
NISSAN,MARCH K11,2000,1000.0,AUTOMATIC,PETROL,275000.0,USED,28.0,2025-01-31
NISSAN,MARCH K11,2000,1000.0,AUTOMATIC,PETROL,275000.0,USED,27.75,2025-01-30
NISSAN,MARCH K11,2000,1000.0,AUTOMATIC,PETROL,275000.0,USED,28.0,2025-01-30
NISSAN,MARCH K11,2000,1000.0,AUTOMATIC,PETROL,275000.0,USED,28.0,2025-01-15
NISSAN,MARCH K11,2000,1000.0,AUTOMATIC,PETROL,275000.0,USED,28.0,2025-01-14
NISSAN,MARCH K11,2000,1000.0,AUTOMATIC,PETROL,275000.0,USED,25.9,2025-01-11
NISSAN,MARCH K11,2000,1000.0,AUTOMATIC,PETROL,275000.0,USED,31.5,2025-01-26
NISSAN,MARCH K11,2000,1000.0,AUTOMATIC,PETROL,275000.0,USED,29.0,2025-01-25
NISSAN,MARCH K11,2000,1000.0,AUTOMATIC,PETROL,275000.0,USED,28.0,2025-01-22
NISSAN,MARCH K11,2000,1000.0,AUTOMATIC,PETROL,275000.0,USED,28.0,2025-01-03
NISSAN,MARCH K11,2000,1000.0,AUTOMATIC,PETROL,275000.0,USED,28.0,2024-12-31
NISSAN,MARCH K11,2000,1000.0,AUTOMATIC,PETROL,275000.0,USED,25.75,2024-12-30
NISSAN,MARCH K11,2000,1000.0,AUTOMATIC,PETROL,275000.0,USED,30.5,2024-12-27
NISSAN,MARCH K11,2000,1016.0,AUTOMATIC,PETROL,275000.0,USED,29.5,2024-12-08
NISSAN,MARCH K11,2001,1000.0,AUTOMATIC,PETROL,264000.0,USED,28.3,2025-02-05
NISSAN,MARCH K11,2001,1000.0,AUTOMATIC,PETROL,264000.0,USED,29.65,2025-02-05
NISSAN,MARCH K11,2001,1000.0,AUTOMATIC,PETROL,264000.0,USED,28.75,2025-02-04
NISSAN,MARCH K11,2001,1000.0,AUTOMATIC,PETROL,264000.0,USED,29.5,2025-01-31
NISSAN,MARCH K11,2001,990.0,AUTOMATIC,PETROL,264000.0,USED,30.0,2025-01-16
NISSAN,MARCH K11,2001,1000.0,AUTOMATIC,PETROL,264000.0,USED,29.75,2025-01-12
NISSAN,MARCH K11,2001,1000.0,AUTOMATIC,PETROL,264000.0,USED,28.75,2025-01-21
NISSAN,MARCH K11,2001,999.0,AUTOMATIC,PETROL,264000.0,USED,31.8,2025-01-21
NISSAN,MARCH K11,2001,1000.0,MANUAL,PETROL,264000.0,USED,27.0,2024-12-16
NISSAN,MARCH K11,2001,1000.0,AUTOMATIC,PETROL,264000.0,USED,30.75,2024-12-12
NISSAN,MARCH K11,2002,1000.0,AUTOMATIC,PETROL,253000.0,USED,29.95,2025-02-01
NISSAN,MARCH K11,2002,1000.0,AUTOMATIC,PETROL,253000.0,USED,31.95,2025-01-31
NISSAN,MARCH K11,2002,1000.0,AUTOMATIC,PETROL,253000.0,USED,27.4,2025-01-29
NISSAN,MARCH K11,2002,990.0,AUTOMATIC,PETROL,253000.0,USED,30.5,2024-12-19
NISSAN,MARCH K11,2002,1000.0,AUTOMATIC,PETROL,253000.0,USED,29.95,2024-12-08
NISSAN,MARCH K11,2003,1000.0,AUTOMATIC,PETROL,242000.0,USED,26.35,2025-02-05
NISSAN,MARCH K11,2004,1000.0,AUTOMATIC,PETROL,231000.0,USED,28.75,2025-02-05
NISSAN,MARCH K11,2004,1000.0,AUTOMATIC,PETROL,231000.0,USED,28.75,2025-01-03
NISSAN,MARCH K11,2005,1000.0,AUTOMATIC,PETROL,220000.0,USED,30.5,2025-01-05
NISSAN,MARCH K11,2022,1000.0,AUTOMATIC,PETROL,33000.0,USED,29.5,2025-01-19
NISSAN,MARCH K11 LIMITED,2001,1000.0,AUTOMATIC,PETROL,264000.0,USED,31.9,2025-01-08
NISSAN,MARCH K11 LIMITED EDITION,2005,1000.0,AUTOMATIC,PETROL,220000.0,USED,30.75,2025-02-04
NISSAN,MARCH K11 MIA,2001,1000.0,AUTOMATIC,PETROL,264000.0,USED,28.85,2025-02-05
NISSAN,MARCH K12,2002,1000.0,AUTOMATIC,PETROL,253000.0,USED,32.9,2025-02-01
NISSAN,MARCH K12,2002,1240.0,AUTOMATIC,PETROL,253000.0,USED,30.0,2025-01-06
NISSAN,MARCH K12,2002,1300.0,AUTOMATIC,PETROL,253000.0,USED,31.0,2024-12-25
NISSAN,MARCH K12,2002,1000.0,AUTOMATIC,PETROL,253000.0,USED,33.75,2024-12-15
NISSAN,MARCH K12,2003,1300.0,AUTOMATIC,PETROL,242000.0,USED,33.25,2025-02-01
NISSAN,MARCH K12,2003,1300.0,AUTOMATIC,PETROL,242000.0,USED,34.75,2025-01-18
NISSAN,MARCH K12,2003,1300.0,AUTOMATIC,PETROL,242000.0,USED,33.5,2025-01-12
NISSAN,MARCH K12,2003,1300.0,AUTOMATIC,PETROL,242000.0,USED,33.9,2025-01-24
NISSAN,MARCH K12,2003,1000.0,AUTOMATIC,PETROL,242000.0,USED,34.9,2024-12-22
NISSAN,MARCH K12,2004,1300.0,AUTOMATIC,PETROL,231000.0,USED,35.0,2025-02-01
NISSAN,MARCH K12,2005,1000.0,AUTOMATIC,PETROL,220000.0,USED,32.9,2025-01-11
NISSAN,MARCH K12,2007,1300.0,AUTOMATIC,PETROL,198000.0,USED,42.75,2025-02-01
NISSAN,MARCH K12,2007,1300.0,AUTOMATIC,PETROL,198000.0,USED,42.5,2025-01-10
NISSAN,MARCH K12,2007,1300.0,AUTOMATIC,PETROL,198000.0,USED,43.0,2024-12-19
NISSAN,MARCH K12,2009,1300.0,AUTOMATIC,PETROL,176000.0,USED,43.0,2024-12-20
NISSAN,MARCH K12 AK12,2006,1300.0,AUTOMATIC,PETROL,209000.0,USED,39.0,2024-12-21
NISSAN,MARCH MIA,2001,1000.0,AUTOMATIC,PETROL,264000.0,USED,30.0,2024-12-09
NISSAN,MARCH MIA K11,2001,1000.0,AUTOMATIC,PETROL,264000.0,USED,29.75,2025-02-05
NISSAN,MARCH TURBO K10,1990,1300.0,MANUAL,PETROL,385000.0,USED,14.75,2025-01-19
NISSAN,MOCO,2008,660.0,AUTOMATIC,PETROL,187000.0,USED,41.0,2024-12-07
NISSAN,N16,1999,1500.0,MANUAL,PETROL,286000.0,USED,33.9,2025-02-05
NISSAN,N16,2000,1500.0,MANUAL,PETROL,275000.0,USED,33.5,2025-02-04
NISSAN,N16,2000,1500.0,AUTOMATIC,PETROL,275000.0,USED,39.95,2025-02-01
NISSAN,N16,2000,1500.0,AUTOMATIC,PETROL,275000.0,USED,34.75,2025-02-01
NISSAN,N16,2000,1300.0,MANUAL,PETROL,275000.0,USED,28.75,2025-01-29
NISSAN,N16,2000,1590.0,AUTOMATIC,PETROL,275000.0,USED,36.9,2025-01-18
NISSAN,N16,2000,1300.0,MANUAL,PETROL,275000.0,USED,30.5,2025-01-14
NISSAN,N16,2000,1590.0,AUTOMATIC,PETROL,275000.0,USED,38.9,2025-01-10
NISSAN,N16,2000,1500.0,MANUAL,PETROL,275000.0,USED,35.063636363636355,2025-01-27
NISSAN,N16,2000,1500.0,AUTOMATIC,PETROL,275000.0,USED,35.2,2025-01-19
NISSAN,N16,2000,1600.0,AUTOMATIC,PETROL,275000.0,USED,36.5,2025-01-02
NISSAN,N16,2000,1590.0,AUTOMATIC,PETROL,275000.0,USED,35.75,2024-12-23
NISSAN,N16,2000,1719.0,AUTOMATIC,PETROL,275000.0,USED,35.063636363636355,2024-12-16
NISSAN,N16,2000,1500.0,AUTOMATIC,PETROL,275000.0,USED,35.0,2024-12-11
NISSAN,N16,2001,1500.0,AUTOMATIC,PETROL,264000.0,USED,38.5,2025-02-03
NISSAN,N16,2001,1500.0,AUTOMATIC,PETROL,264000.0,USED,38.53,2025-02-01
NISSAN,N16,2001,1800.0,MANUAL,PETROL,264000.0,USED,38.53,2025-01-29
NISSAN,N16,2001,1500.0,AUTOMATIC,PETROL,264000.0,USED,37.5,2025-01-23
NISSAN,N16,2001,1300.0,MANUAL,PETROL,264000.0,USED,32.75,2024-12-20
NISSAN,N16,2001,1500.0,AUTOMATIC,PETROL,264000.0,USED,45.0,2024-12-07
NISSAN,N16,2001,1500.0,AUTOMATIC,PETROL,264000.0,USED,38.9,2024-12-06
NISSAN,N16,2002,1300.0,AUTOMATIC,PETROL,253000.0,USED,33.0,2025-01-14
NISSAN,N16,2002,1300.0,AUTOMATIC,PETROL,253000.0,USED,31.5,2025-01-26
NISSAN,N16,2002,1234.0,AUTOMATIC,PETROL,253000.0,USED,35.5,2025-01-25
NISSAN,N16,2002,1498.0,AUTOMATIC,PETROL,253000.0,USED,42.9,2024-12-30
NISSAN,N16,2002,1600.0,MANUAL,PETROL,253000.0,USED,32.0,2024-12-27
NISSAN,N16,2002,1300.0,AUTOMATIC,PETROL,253000.0,USED,32.5,2024-12-11
NISSAN,N16,2003,1500.0,AUTOMATIC,PETROL,242000.0,USED,53.825,2025-02-05
NISSAN,N16,2003,1300.0,MANUAL,PETROL,242000.0,USED,53.825,2025-02-04
NISSAN,N16,2003,1600.0,AUTOMATIC,PETROL,242000.0,USED,41.0,2025-01-02
NISSAN,N16,2003,1600.0,MANUAL,PETROL,242000.0,USED,53.825,2024-12-18
NISSAN,N16,2003,1490.0,AUTOMATIC,PETROL,242000.0,USED,22.625000000000007,2024-12-11
NISSAN,N16,2004,1500.0,AUTOMATIC,PETROL,231000.0,USED,36.5,2025-01-03
NISSAN,N16,2005,1500.0,AUTOMATIC,PETROL,220000.0,USED,41.75,2024-12-17
NISSAN,N16,2005,1500.0,AUTOMATIC,PETROL,220000.0,USED,46.5,2024-12-05
NISSAN,N16,2006,1300.0,MANUAL,PETROL,209000.0,USED,42.5,2025-02-05
NISSAN,N16,2007,1500.0,AUTOMATIC,PETROL,198000.0,USED,49.5,2024-12-30
NISSAN,N16,2008,1295.0,MANUAL,PETROL,187000.0,USED,43.0,2025-01-06
NISSAN,N16,2011,1300.0,AUTOMATIC,PETROL,154000.0,USED,53.825,2025-01-28
NISSAN,N16 BLUEBIRD SYLPHY,2001,1800.0,AUTOMATIC,PETROL,264000.0,USED,38.5,2025-01-25
NISSAN,N16 BLUEBIRD SYLPHY,2001,1500.0,AUTOMATIC,PETROL,264000.0,USED,40.0,2025-01-20
NISSAN,N16 BLUEBIRD SYLPHY,2002,1800.0,AUTOMATIC,PETROL,253000.0,USED,35.5,2024-12-30
NISSAN,N16 EX SALOON,2001,1500.0,AUTOMATIC,PETROL,264000.0,USED,39.8,2025-01-26
NISSAN,N16 EX SALOON,2001,1500.0,AUTOMATIC,PETROL,264000.0,USED,38.9,2025-01-25
NISSAN,N16 EX SALOON,2001,1500.0,AUTOMATIC,PETROL,264000.0,USED,37.55,2025-01-19
NISSAN,N16 EX SALOON,2003,1500.0,AUTOMATIC,PETROL,242000.0,USED,39.75,2025-01-10
NISSAN,N16 EX SALOON,2006,1500.0,AUTOMATIC,PETROL,209000.0,USED,41.14999999999999,2025-01-17
NISSAN,N16 SUNNY,2000,1490.0,AUTOMATIC,PETROL,275000.0,USED,39.5,2025-02-05
NISSAN,N16 SUNNY,2000,1500.0,AUTOMATIC,PETROL,275000.0,USED,37.5,2024-12-20
NISSAN,N16 SUNNY,2001,1500.0,MANUAL,PETROL,264000.0,USED,36.25,2024-12-16
NISSAN,N16 SUNNY,2003,1500.0,AUTOMATIC,PETROL,242000.0,USED,39.25,2025-02-04
NISSAN,N16 SUNNY,2005,1300.0,MANUAL,PETROL,220000.0,USED,31.562499999999982,2025-02-01
NISSAN,N16 SUNNY,2021,1500.0,MANUAL,PETROL,44000.0,USED,35.8,2024-12-15
NISSAN,N16 SUNNY BLUEBIRD SYLPHY,2001,1800.0,AUTOMATIC,PETROL,264000.0,USED,31.95,2025-01-16
NISSAN,N16 SUNNY BLUEBIRD SYLPHY,2001,1800.0,AUTOMATIC,PETROL,264000.0,USED,32.95,2025-01-08
NISSAN,N16 SUNNY EX SALOON,2001,1500.0,AUTOMATIC,PETROL,264000.0,USED,36.5,2024-12-23
NISSAN,N16 SUNNY EX SALOON,2002,1299.0,AUTOMATIC,PETROL,253000.0,USED,35.25,2025-01-18
NISSAN,N16 SUNNY SUPER SALOON,2000,1597.0,AUTOMATIC,PETROL,275000.0,USED,37.5,2025-01-28
NISSAN,N16 SUNNY SUPER SALOON,2000,1590.0,AUTOMATIC,PETROL,275000.0,USED,36.75,2025-01-17
NISSAN,N16 SUNNY SUPER SALOON,2000,1600.0,AUTOMATIC,PETROL,275000.0,USED,38.95,2024-12-20
NISSAN,N16 SUPER SALOON,2000,1580.0,AUTOMATIC,PETROL,275000.0,USED,37.75,2025-02-05
NISSAN,N16 SUPER SALOON,2000,1590.0,AUTOMATIC,PETROL,275000.0,USED,37.75,2025-02-02
NISSAN,N16 SUPER SALOON,2000,1500.0,AUTOMATIC,PETROL,275000.0,USED,37.833333333333336,2025-01-23
NISSAN,N16 SUPER SALOON,2000,1500.0,MANUAL,PETROL,275000.0,USED,38.0,2024-12-28
NISSAN,N16 SUPER SALOON,2001,1600.0,AUTOMATIC,PETROL,264000.0,USED,38.4375,2025-02-03
NISSAN,N16 SUPER SALOON,2002,1500.0,AUTOMATIC,PETROL,253000.0,USED,37.5,2025-01-09
NISSAN,N16 SUPER SALOON,2003,1597.0,AUTOMATIC,PETROL,242000.0,USED,37.5,2025-01-25
NISSAN,N16 SUPER SALOON,2004,1300.0,MANUAL,PETROL,231000.0,USED,36.9375,2024-12-10
NISSAN,N16 SYLPHY,2000,1499.0,AUTOMATIC,PETROL,275000.0,USED,39.75,2025-02-05
NISSAN,N16 SYLPHY,2001,1490.0,AUTOMATIC,PETROL,264000.0,USED,37.5,2025-01-29
NISSAN,N16N17 LUXURY EDITION,2003,1597.0,AUTOMATIC,PETROL,242000.0,USED,45.0,2025-01-11
NISSAN,N17,2004,1300.0,AUTOMATIC,PETROL,231000.0,NEW,38.25,2025-02-01
NISSAN,N17,2004,1350.0,MANUAL,PETROL,231000.0,USED,35.75,2025-01-03
NISSAN,N17,2004,1500.0,MANUAL,PETROL,231000.0,USED,36.5,2025-01-02
NISSAN,N17,2004,1300.0,MANUAL,PETROL,231000.0,USED,36.833333333333336,2024-12-29
NISSAN,N17,2005,1500.0,AUTOMATIC,PETROL,220000.0,USED,47.5,2025-02-05
NISSAN,N17,2005,1300.0,MANUAL,PETROL,220000.0,USED,37.0,2025-01-08
NISSAN,N17,2006,1600.0,AUTOMATIC,PETROL,209000.0,USED,47.5,2025-01-02
NISSAN,N17,2006,1300.0,AUTOMATIC,PETROL,209000.0,USED,47.5,2025-01-01
NISSAN,N17,2006,1600.0,AUTOMATIC,PETROL,209000.0,USED,47.5,2024-12-30
NISSAN,N17,2007,1300.0,MANUAL,PETROL,198000.0,USED,45.0,2025-02-05
NISSAN,N17,2007,1300.0,MANUAL,PETROL,198000.0,USED,38.75,2025-02-04
NISSAN,N17,2007,1300.0,MANUAL,PETROL,198000.0,USED,38.75,2024-12-30
NISSAN,N17,2007,1295.0,MANUAL,PETROL,198000.0,USED,45.5,2024-12-29
NISSAN,N17,2008,1300.0,MANUAL,PETROL,187000.0,USED,44.05,2025-01-03
NISSAN,N17,2008,1300.0,MANUAL,PETROL,187000.0,USED,43.25,2024-12-24
NISSAN,N17,2008,1300.0,MANUAL,PETROL,187000.0,USED,44.85,2024-12-12
NISSAN,N17,2010,1300.0,AUTOMATIC,PETROL,165000.0,USED,52.5,2025-02-05
NISSAN,N17,2010,1300.0,AUTOMATIC,PETROL,165000.0,USED,60.625,2025-02-01
NISSAN,N17,2010,1400.0,AUTOMATIC,PETROL,165000.0,USED,59.5,2024-12-24
NISSAN,N17,2011,1300.0,MANUAL,PETROL,154000.0,USED,46.0,2025-01-07
NISSAN,N17,2011,1234.0,AUTOMATIC,PETROL,154000.0,USED,56.0,2024-12-15
NISSAN,N17 EX SALOON,2008,1300.0,AUTOMATIC,PETROL,187000.0,USED,46.9,2024-12-22
NISSAN,N17 EX SALOON,2008,1300.0,MANUAL,PETROL,187000.0,USED,39.25,2024-12-06
NISSAN,N17 SUPER SALOON,2010,1300.0,AUTOMATIC,PETROL,165000.0,USED,55.75,2025-01-28
NISSAN,NAVARA,2007,2488.0,AUTOMATIC,DIESEL,100000.0,USED,67.5,2026-09-26
NISSAN,NAVARA,2008,2500.0,MANUAL,DIESEL,133225.0,USED,75.0,2026-09-23
NISSAN,NAVARA,2010,2488.0,AUTOMATIC,DIESEL,142000.0,USED,50.0,2026-09-24
NISSAN,NOTE,2009,1490.0,AUTOMATIC,PETROL,176000.0,USED,75.0,2024-12-12
NISSAN,NOTE,2011,1450.0,AUTOMATIC,PETROL,154000.0,USED,48.5,2025-01-25
NISSAN,NOTE,2017,1200.0,AUTOMATIC,HYBRID,88000.0,USED,96.5,2024-12-14
NISSAN,NOTE E-POWER,2017,1200.0,AUTOMATIC,HYBRID,88000.0,USED,87.0,2025-01-20
NISSAN,P11 PRIMERA,1998,1785.0,AUTOMATIC,PETROL,297000.0,USED,31.0,2024-12-29
NISSAN,PATROL,2008,3000.0,AUTOMATIC,DIESEL,235000.0,USED,209.5,2026-09-24
NISSAN,PATROL,2011,3000.0,AUTOMATIC,DIESEL,289000.0,USED,228.0,2026-09-26
NISSAN,PATROL,2026,3500.0,AUTOMATIC,PETROL,0.0,NEW,1100.0,2026-09-26
NISSAN,PN12,1985,1300.0,MANUAL,PETROL,440000.0,USED,6.5,2024-12-14
NISSAN,PRESEA,1994,1500.0,MANUAL,PETROL,341000.0,USED,19.5,2025-01-24
NISSAN,PRESEA,1995,1500.0,AUTOMATIC,PETROL,330000.0,USED,25.5,2025-01-10
NISSAN,PRESEA,1996,1830.0,AUTOMATIC,PETROL,319000.0,USED,24.5,2025-02-02
NISSAN,PRESEA,1997,1000.0,AUTOMATIC,PETROL,308000.0,USED,15.5,2025-01-15
NISSAN,PRESEA,1998,1500.0,AUTOMATIC,PETROL,190000.0,USED,29.75,2026-09-25
NISSAN,PRESEA,1999,1500.0,AUTOMATIC,PETROL,286000.0,USED,31.0,2025-01-06
NISSAN,PRESEA,1999,1500.0,AUTOMATIC,PETROL,203000.0,USED,34.9,2026-09-25
NISSAN,PRESEA,2000,1490.0,AUTOMATIC,PETROL,275000.0,USED,23.0,2025-02-05
NISSAN,PRESEA,2000,1500.0,MANUAL,PETROL,275000.0,USED,26.5,2025-01-30
NISSAN,PRESEA,2000,1500.0,MANUAL,PETROL,275000.0,USED,29.75,2024-12-07
NISSAN,PRESEA,2002,1500.0,MANUAL,PETROL,253000.0,USED,28.0,2025-02-02
NISSAN,PRESEA R11,1996,1500.0,AUTOMATIC,PETROL,319000.0,USED,24.0,2025-02-03
NISSAN,PRESEA R11,1997,1500.0,MANUAL,PETROL,308000.0,USED,27.5,2025-01-22
NISSAN,PRESEA R11,2001,1500.0,AUTOMATIC,PETROL,264000.0,USED,29.8,2024-12-16
NISSAN,PRESEA REFINA 2,2000,1800.0,AUTOMATIC,PETROL,275000.0,USED,27.9,2025-01-26
NISSAN,PRIMERA,1997,2000.0,MANUAL,PETROL,308000.0,USED,31.0,2025-02-05
NISSAN,PRIMERA,1999,1760.0,AUTOMATIC,PETROL,286000.0,USED,39.5,2025-02-03
NISSAN,PRIMERA,1999,1800.0,AUTOMATIC,PETROL,286000.0,USED,28.0,2025-01-30
NISSAN,PRIMERA,2000,1800.0,AUTOMATIC,PETROL,275000.0,USED,35.0,2025-02-01
NISSAN,PRIMERA,2001,2500.0,AUTOMATIC,PETROL,264000.0,USED,38.95,2025-02-01
NISSAN,PRIMERA,2022,2000.0,AUTOMATIC,PETROL,33000.0,USED,35.0,2024-12-10
NISSAN,PRIMERA P11,1997,1990.0,MANUAL,PETROL,308000.0,USED,27.9,2025-01-25
NISSAN,PRIMERA P11 CAMINO,1996,1830.0,AUTOMATIC,PETROL,319000.0,USED,24.9,2025-01-09
NISSAN,PRIMERA P11 EFI,1999,1800.0,MANUAL,PETROL,286000.0,USED,26.0,2025-02-05
NISSAN,PULSAR,1982,1000.0,MANUAL,PETROL,473000.0,USED,8.25,2025-02-05
NISSAN,PULSAR,1983,1400.0,MANUAL,PETROL,462000.0,USED,8.25,2025-02-04
NISSAN,PULSAR,1991,1650.0,MANUAL,PETROL,374000.0,USED,20.0,2025-01-10
NISSAN,PULSAR,1993,1527.0,MANUAL,DIESEL,352000.0,USED,17.25,2024-12-22
NISSAN,PULSAR,1994,1500.0,MANUAL,PETROL,341000.0,USED,24.5,2025-01-25
NISSAN,PULSAR,1994,1500.0,MANUAL,PETROL,341000.0,USED,19.5,2024-12-17
NISSAN,PULSAR,1994,1490.0,AUTOMATIC,PETROL,341000.0,USED,18.5,2024-12-04
NISSAN,PULSAR,1996,1527.0,MANUAL,DIESEL,319000.0,USED,21.5,2025-01-31
NISSAN,PULSAR,1996,1970.0,AUTOMATIC,DIESEL,133467.0,USED,32.5,2026-09-24
NISSAN,PULSAR,1997,1500.0,AUTOMATIC,PETROL,308000.0,USED,13.0,2025-02-02
NISSAN,PULSAR,1997,1970.0,AUTOMATIC,DIESEL,308000.0,USED,23.95,2025-02-01
NISSAN,PULSAR,1997,1500.0,AUTOMATIC,PETROL,308000.0,USED,27.0,2025-01-15
NISSAN,PULSAR,1997,1500.0,AUTOMATIC,PETROL,308000.0,USED,27.25,2025-01-12
NISSAN,PULSAR,1997,1500.0,AUTOMATIC,PETROL,308000.0,USED,23.93333333333333,2025-01-08
NISSAN,PULSAR,1997,1500.0,MANUAL,PETROL,308000.0,USED,23.93333333333333,2024-12-24
NISSAN,PULSAR,1997,1490.0,AUTOMATIC,PETROL,308000.0,USED,30.5,2024-12-19
NISSAN,PULSAR,1997,1500.0,MANUAL,PETROL,308000.0,USED,21.9,2024-12-11
NISSAN,PULSAR,1997,1500.0,MANUAL,PETROL,308000.0,USED,23.93333333333333,2024-12-08
NISSAN,PULSAR,1998,1400.0,AUTOMATIC,PETROL,297000.0,USED,36.5,2025-02-01
NISSAN,PULSAR,1998,1500.0,AUTOMATIC,PETROL,297000.0,USED,24.95,2025-01-29
NISSAN,PULSAR,1998,1500.0,AUTOMATIC,DIESEL,297000.0,USED,8.75,2025-01-07
NISSAN,PULSAR,1998,2000.0,AUTOMATIC,DIESEL,297000.0,USED,21.5,2025-01-28
NISSAN,PULSAR,1998,1490.0,AUTOMATIC,DIESEL,297000.0,USED,8.75,2025-01-04
NISSAN,PULSAR,1998,2000.0,AUTOMATIC,DIESEL,297000.0,USED,24.75,2024-12-26
NISSAN,PULSAR,1998,1490.0,AUTOMATIC,PETROL,297000.0,USED,30.0,2024-12-15
NISSAN,PULSAR,1998,1500.0,AUTOMATIC,PETROL,297000.0,USED,22.171428571428574,2024-12-04
NISSAN,PULSAR,1999,1490.0,AUTOMATIC,PETROL,286000.0,USED,29.85,2025-02-01
NISSAN,PULSAR,1999,1500.0,AUTOMATIC,PETROL,286000.0,USED,29.25,2025-02-01
NISSAN,PULSAR,1999,1490.0,AUTOMATIC,PETROL,286000.0,USED,35.7,2025-01-31
NISSAN,PULSAR,1999,1500.0,AUTOMATIC,PETROL,286000.0,USED,24.95,2025-01-15
NISSAN,PULSAR,1999,1500.0,AUTOMATIC,PETROL,286000.0,USED,28.75,2024-12-19
NISSAN,PULSAR,2000,1500.0,AUTOMATIC,PETROL,275000.0,USED,28.75,2025-02-05
NISSAN,PULSAR,2000,1500.0,AUTOMATIC,PETROL,275000.0,USED,26.8,2025-02-01
NISSAN,PULSAR CJ1,1997,1500.0,MANUAL,PETROL,308000.0,USED,26.5,2025-01-26
NISSAN,PULSAR CJ1,1999,1500.0,AUTOMATIC,PETROL,286000.0,USED,26.9,2025-01-10
NISSAN,PULSAR CJ1,2001,1500.0,AUTOMATIC,PETROL,264000.0,USED,27.95,2024-12-26
NISSAN,PULSAR CJ2,1998,1998.0,AUTOMATIC,DIESEL,297000.0,USED,23.5,2025-02-03
NISSAN,PULSAR CJ2,1998,1500.0,AUTOMATIC,PETROL,297000.0,USED,24.95,2025-02-01
NISSAN,PULSAR CJ2,1999,1500.0,AUTOMATIC,PETROL,286000.0,USED,27.468749999999996,2025-01-26
NISSAN,PULSAR CJ2,1999,1500.0,AUTOMATIC,PETROL,286000.0,USED,24.75,2025-01-24
NISSAN,PULSAR FB14,1997,1500.0,AUTOMATIC,PETROL,308000.0,USED,29.75,2024-12-06
NISSAN,PULSAR FB14,2001,1470.0,AUTOMATIC,PETROL,264000.0,USED,27.9,2024-12-22
NISSAN,PULSAR FB15,2000,1490.0,AUTOMATIC,PETROL,275000.0,USED,29.75,2024-12-18
NISSAN,PULSAR FN14,1996,1500.0,MANUAL,PETROL,319000.0,USED,19.8,2025-01-05
NISSAN,PULSAR FN15,1997,1997.0,AUTOMATIC,DIESEL,308000.0,USED,24.5,2024-12-15
NISSAN,PULSAR FN15,1998,1490.0,AUTOMATIC,PETROL,297000.0,USED,26.9,2025-01-06
NISSAN,PULSAR FN15,1998,1500.0,MANUAL,PETROL,297000.0,USED,28.5,2024-12-16
NISSAN,PULSAR FN15,1999,1500.0,AUTOMATIC,PETROL,286000.0,USED,29.25,2025-02-03
NISSAN,PULSAR FN15,2000,1500.0,MANUAL,PETROL,275000.0,USED,30.0,2025-01-01
NISSAN,QASHQAI,2019,1300.0,AUTOMATIC,PETROL,66000.0,USED,158.5,2025-01-31
NISSAN,QASHQAI TEKNA UK,2017,1200.0,AUTOMATIC,PETROL,88000.0,USED,139.0,2025-01-31
NISSAN,ROOX,2023,660.0,AUTOMATIC,PETROL,10548.0,USED,88.5,2026-09-26
NISSAN,ROOX,2024,660.0,AUTOMATIC,HYBRID,30000.0,USED,88.75,2026-09-26
NISSAN,ROOX,2024,660.0,AUTOMATIC,PETROL,9200.0,USED,79.9,2026-09-25
NISSAN,ROOX,2024,650.0,AUTOMATIC,PETROL,42000.0,USED,79.5,2026-09-24
NISSAN,ROOX,2024,660.0,AUTOMATIC,PETROL,9000.0,USED,79.75,2026-09-24
NISSAN,ROOX,2024,650.0,AUTOMATIC,PETROL,45000.0,USED,79.5,2026-09-23
NISSAN,ROOX,2024,660.0,AUTOMATIC,PETROL,2500.0,USED,89.45,2026-09-23
NISSAN,ROOX,2024,650.0,AUTOMATIC,HYBRID,9000.0,USED,79.5,2026-09-23
NISSAN,ROOX,2024,660.0,AUTOMATIC,PETROL,9200.0,USED,79.75,2026-09-26
NISSAN,ROOX,2024,660.0,AUTOMATIC,PETROL,44849.0,USED,79.5,2026-09-26
NISSAN,ROOX,2024,660.0,AUTOMATIC,PETROL,47000.0,USED,79.75,2026-09-26
NISSAN,ROOX,2025,660.0,AUTOMATIC,HYBRID,12000.0,USED,83.5,2026-09-26
NISSAN,ROOX,2025,660.0,AUTOMATIC,HYBRID,0.0,NEW,92.9,2026-09-26
NISSAN,ROOX,2026,660.0,AUTOMATIC,PETROL,0.0,NEW,104.9,2026-09-23
NISSAN,ROOX HIGHWAY STAR X,2024,660.0,AUTOMATIC,PETROL,0.0,NEW,90.5,2026-09-24
NISSAN,ROOX HIGHWAY STAR X,2025,660.0,AUTOMATIC,HYBRID,12000.0,USED,91.95,2026-09-25
NISSAN,ROOX HIGHWAY STAR X,2025,660.0,AUTOMATIC,HYBRID,7500.0,USED,88.5,2026-09-24
NISSAN,ROOX HIGHWAY STAR X,2025,650.0,AUTOMATIC,HYBRID,3000.0,USED,86.75,2026-09-25
NISSAN,ROOX HIGHWAY STAR X,2025,660.0,AUTOMATIC,HYBRID,14900.0,USED,91.95,2026-09-25
NISSAN,RZ 1,1987,2000.0,MANUAL,DIESEL,418000.0,USED,13.5,2025-01-11
NISSAN,RZ 1,1989,1500.0,MANUAL,PETROL,396000.0,USED,10.5,2024-12-06
NISSAN,SALOON,1987,1500.0,MANUAL,PETROL,418000.0,USED,12.3,2025-01-30
NISSAN,SALOON,1987,1500.0,MANUAL,PETROL,418000.0,USED,12.3,2025-01-18
NISSAN,SB12,1989,1500.0,MANUAL,DIESEL,396000.0,USED,11.25,2025-01-18
NISSAN,SB12,1989,1700.0,MANUAL,DIESEL,396000.0,USED,19.75,2024-12-28
NISSAN,SB13,1991,1500.0,MANUAL,DIESEL,374000.0,USED,15.0,2025-02-04
NISSAN,SB13,1992,2200.0,MANUAL,DIESEL,363000.0,USED,15.25,2025-01-05
NISSAN,SB13,1993,1850.0,MANUAL,DIESEL,352000.0,USED,16.0,2025-01-06
NISSAN,SB14,1996,2000.0,AUTOMATIC,DIESEL,319000.0,USED,21.65,2025-02-04
NISSAN,SB14,1996,1970.0,AUTOMATIC,DIESEL,319000.0,USED,22.2,2025-02-04
NISSAN,SB14,1996,1970.0,MANUAL,DIESEL,319000.0,USED,20.7,2025-01-28
NISSAN,SB14,1996,1970.0,AUTOMATIC,DIESEL,319000.0,USED,24.25,2025-01-26
NISSAN,SB14,1997,2000.0,AUTOMATIC,DIESEL,308000.0,USED,31.343749999999996,2025-02-04
NISSAN,SB14,1997,1970.0,AUTOMATIC,DIESEL,308000.0,USED,28.1,2025-01-17
NISSAN,SB14,1997,2000.0,AUTOMATIC,DIESEL,308000.0,USED,24.5,2025-01-14
NISSAN,SB14,1997,1990.0,MANUAL,DIESEL,308000.0,USED,25.0,2025-01-22
NISSAN,SERENA,2024,1000.0,AUTOMATIC,HYBRID,2000.0,USED,219.0,2026-09-22
NISSAN,SERENA,2025,1400.0,AUTOMATIC,HYBRID,0.0,NEW,224.5,2026-09-26
NISSAN,SERENA,2025,1430.0,AUTOMATIC,PETROL,100.0,NEW,234.9,2026-09-26
NISSAN,SERENA,2025,1400.0,AUTOMATIC,HYBRID,0.0,NEW,224.5,2026-09-24
NISSAN,SERENA,2026,1400.0,AUTOMATIC,HYBRID,0.0,NEW,234.5,2026-09-26
NISSAN,SUNNU B211,1976,1400.0,MANUAL,PETROL,539000.0,USED,5.0,2025-01-18
NISSAN,SUNNY,1980,1400.0,MANUAL,PETROL,542800.0,USED,7.65,2026-09-25
NISSAN,SUNNY,1982,1500.0,MANUAL,PETROL,473000.0,USED,6.5,2025-01-19
NISSAN,SUNNY,1983,1200.0,MANUAL,PETROL,462000.0,USED,6.35,2025-01-12
NISSAN,SUNNY,1983,1500.0,MANUAL,PETROL,462000.0,USED,6.35,2025-01-26
NISSAN,SUNNY,1985,1300.0,MANUAL,PETROL,343403.0,USED,12.75,2026-09-26
NISSAN,SUNNY,1986,1300.0,MANUAL,PETROL,429000.0,USED,10.5,2025-02-02
NISSAN,SUNNY,1986,1500.0,MANUAL,PETROL,429000.0,USED,11.6,2025-01-20
NISSAN,SUNNY,1987,1500.0,MANUAL,PETROL,418000.0,USED,9.5,2025-01-30
NISSAN,SUNNY,1987,1490.0,MANUAL,PETROL,418000.0,USED,16.75,2025-01-09
NISSAN,SUNNY,1987,1000.0,MANUAL,PETROL,195000.0,USED,8.5,2026-09-25
NISSAN,SUNNY,1987,1500.0,MANUAL,PETROL,150000.0,USED,22.0,2026-09-26
NISSAN,SUNNY,1988,1300.0,MANUAL,PETROL,407000.0,USED,13.75,2025-01-07
NISSAN,SUNNY,1989,1500.0,MANUAL,PETROL,396000.0,USED,11.75,2025-02-02
NISSAN,SUNNY,1989,1300.0,MANUAL,PETROL,396000.0,USED,15.0,2025-01-16
NISSAN,SUNNY,1989,1500.0,MANUAL,PETROL,396000.0,USED,8.5,2024-12-05
NISSAN,SUNNY,1990,1290.0,MANUAL,PETROL,385000.0,USED,18.75,2025-01-21
NISSAN,SUNNY,1990,1400.0,MANUAL,PETROL,385000.0,USED,17.25,2024-12-22
NISSAN,SUNNY,1990,1428.0,MANUAL,PETROL,385000.0,USED,18.0,2024-12-07
NISSAN,SUNNY,1990,1500.0,MANUAL,DIESEL,150000.0,USED,19.5,2026-09-13
NISSAN,SUNNY,1991,1300.0,MANUAL,PETROL,374000.0,USED,16.25,2024-12-09
NISSAN,SUNNY,1992,1500.0,MANUAL,PETROL,78000.0,USED,24.0,2026-09-25
NISSAN,SUNNY,1993,1300.0,MANUAL,PETROL,154000.0,USED,19.75,2026-09-26
NISSAN,SUNNY,1994,2000.0,MANUAL,DIESEL,341000.0,USED,17.75,2025-01-08
NISSAN,SUNNY,1994,1400.0,MANUAL,PETROL,341000.0,USED,23.0,2025-01-04
NISSAN,SUNNY,1995,1300.0,AUTOMATIC,PETROL,330000.0,USED,26.9,2025-01-07
NISSAN,SUNNY,1995,1290.0,MANUAL,PETROL,20000.0,USED,28.0,2026-09-24
NISSAN,SUNNY,1996,1295.0,MANUAL,PETROL,319000.0,NEW,24.5,2025-01-21
NISSAN,SUNNY,1996,1397.0,MANUAL,PETROL,319000.0,USED,27.22,2024-12-08
NISSAN,SUNNY,1997,2000.0,AUTOMATIC,DIESEL,5000.0,USED,25.5,2026-09-23
NISSAN,SUNNY,1998,2000.0,AUTOMATIC,DIESEL,297000.0,USED,23.5,2024-12-19
NISSAN,SUNNY,1999,1500.0,MANUAL,PETROL,286000.0,USED,32.0,2024-12-20
NISSAN,SUNNY,1999,1500.0,MANUAL,PETROL,12000.0,USED,29.75,2026-09-24
NISSAN,SUNNY,2000,1500.0,AUTOMATIC,DIESEL,275000.0,USED,21.7,2024-12-25
NISSAN,SUNNY,2000,1500.0,AUTOMATIC,PETROL,145000.0,USED,33.5,2026-09-24
NISSAN,SUNNY,2000,1500.0,AUTOMATIC,PETROL,157000.0,USED,39.85,2026-09-24
NISSAN,SUNNY,2000,1600.0,MANUAL,PETROL,170825.0,USED,40.0,2026-09-26
NISSAN,SUNNY,2001,1500.0,AUTOMATIC,PETROL,174975.0,USED,46.5,2026-09-26
NISSAN,SUNNY,2001,1490.0,AUTOMATIC,PETROL,120000.0,USED,48.0,2026-09-24
NISSAN,SUNNY,2001,1597.0,AUTOMATIC,PETROL,247840.0,USED,43.75,2026-09-26
NISSAN,SUNNY,2002,1428.0,AUTOMATIC,PETROL,253000.0,USED,43.5,2025-02-04
NISSAN,SUNNY,2002,1500.0,AUTOMATIC,PETROL,253000.0,USED,43.75,2025-02-01
NISSAN,SUNNY,2002,1500.0,AUTOMATIC,PETROL,253000.0,USED,41.75,2024-12-24
NISSAN,SUNNY,2002,1498.0,AUTOMATIC,PETROL,253000.0,USED,38.75,2024-12-19
NISSAN,SUNNY,2003,1600.0,MANUAL,PETROL,242000.0,USED,32.5,2025-01-04
NISSAN,SUNNY,2003,1500.0,AUTOMATIC,PETROL,115000.0,USED,49.75,2026-09-23
NISSAN,SUNNY,2004,1265.0,AUTOMATIC,PETROL,125563.0,USED,45.0,2026-09-25
NISSAN,SUNNY,2004,1500.0,AUTOMATIC,PETROL,198000.0,USED,48.25,2026-09-26
NISSAN,SUNNY,2010,1600.0,AUTOMATIC,PETROL,149000.0,USED,54.75,2026-09-26
NISSAN,SUNNY,2011,1300.0,MANUAL,PETROL,57840.0,USED,58.65,2026-09-24
NISSAN,SUNNY,2019,1500.0,AUTOMATIC,PETROL,82000.0,USED,59.5,2026-09-24
NISSAN,SUNNY B11,1984,1270.0,MANUAL,PETROL,451000.0,USED,8.75,2024-12-09
NISSAN,SUNNY B13,1991,1600.0,MANUAL,PETROL,374000.0,USED,20.5,2025-01-01
NISSAN,SUNNY B14,1994,1990.0,MANUAL,DIESEL,341000.0,USED,17.5,2024-12-11
NISSAN,SUNNY B14,1996,1300.0,MANUAL,PETROL,319000.0,USED,21.75,2025-02-02
NISSAN,SUNNY B15,1999,1300.0,AUTOMATIC,PETROL,286000.0,USED,34.5,2025-01-29
NISSAN,SUNNY B15,2001,1290.0,AUTOMATIC,PETROL,264000.0,USED,43.75,2025-02-03
NISSAN,SUNNY B211,1977,1200.0,MANUAL,PETROL,528000.0,USED,6.85,2025-01-17
NISSAN,SUNNY B211,1978,1200.0,MANUAL,PETROL,517000.0,USED,5.65,2025-02-01
NISSAN,SUNNY B310,1980,1400.0,MANUAL,PETROL,495000.0,USED,6.65,2025-01-09
NISSAN,SUNNY B310,1980,1200.0,MANUAL,PETROL,495000.0,USED,4.2,2024-12-07
NISSAN,SUNNY B310,1994,1400.0,MANUAL,PETROL,341000.0,USED,4.5,2025-01-27
NISSAN,SUNNY EX SALOON,1999,1500.0,AUTOMATIC,PETROL,286000.0,USED,36.5,2024-12-27
NISSAN,SUNNY EX SALOON N16,2001,1500.0,AUTOMATIC,PETROL,264000.0,USED,37.5,2025-01-19
NISSAN,SUNNY FB12,1986,1270.0,MANUAL,PETROL,429000.0,USED,12.95,2025-01-24
NISSAN,SUNNY FB12,1987,1300.0,MANUAL,PETROL,418000.0,USED,14.5,2025-01-19
NISSAN,SUNNY FB13,1991,1300.0,MANUAL,PETROL,374000.0,USED,17.5,2024-12-20
NISSAN,SUNNY FB13,1991,1700.0,MANUAL,DIESEL,374000.0,USED,14.118750000000002,2024-12-07
NISSAN,SUNNY FB13,1992,1700.0,MANUAL,DIESEL,363000.0,USED,20.75,2024-12-07
NISSAN,SUNNY FB13,1993,1500.0,MANUAL,PETROL,352000.0,USED,20.95,2024-12-30
NISSAN,SUNNY FB13,1993,1500.0,MANUAL,PETROL,352000.0,USED,20.25,2024-12-11
NISSAN,SUNNY FB13,1994,1400.0,MANUAL,PETROL,341000.0,USED,21.0,2024-12-18
NISSAN,SUNNY FB13 ANNIVERSARY,1993,1500.0,MANUAL,PETROL,352000.0,USED,24.0,2024-12-08
NISSAN,SUNNY FB14,1995,1500.0,AUTOMATIC,PETROL,330000.0,USED,27.9,2025-02-01
NISSAN,SUNNY FB14,1996,1490.0,AUTOMATIC,PETROL,319000.0,USED,30.0,2025-02-04
NISSAN,SUNNY FB14,1996,1330.0,AUTOMATIC,PETROL,319000.0,USED,27.45,2025-01-08
NISSAN,SUNNY FB14,1996,1490.0,MANUAL,PETROL,319000.0,USED,25.9,2024-12-27
NISSAN,SUNNY FB14,1998,1500.0,MANUAL,PETROL,297000.0,USED,25.5,2025-01-31
NISSAN,SUNNY FB14,1999,1970.0,MANUAL,DIESEL,286000.0,USED,24.9,2025-02-05
NISSAN,SUNNY FB14,1999,2000.0,MANUAL,DIESEL,286000.0,USED,10.656249999999991,2024-12-21
NISSAN,SUNNY FB14,1999,1611.0,MANUAL,PETROL,286000.0,USED,10.656249999999991,2024-12-21
NISSAN,SUNNY FB14 EX SALOON,1996,1500.0,AUTOMATIC,PETROL,319000.0,USED,28.9,2025-01-30
NISSAN,SUNNY FB14 SUPER SALOON,1995,1500.0,AUTOMATIC,PETROL,330000.0,USED,28.5,2025-02-02
NISSAN,SUNNY FB14 SUPER SALOON,1998,1500.0,AUTOMATIC,DIESEL,297000.0,USED,22.75,2025-01-19
NISSAN,SUNNY FB15,1999,1500.0,AUTOMATIC,PETROL,286000.0,USED,35.25,2025-02-05
NISSAN,SUNNY FB15,1999,1300.0,MANUAL,PETROL,286000.0,USED,31.5,2025-01-20
NISSAN,SUNNY FB15,1999,1500.0,AUTOMATIC,PETROL,286000.0,USED,35.3,2025-01-02
NISSAN,SUNNY FB15,1999,1300.0,MANUAL,PETROL,286000.0,USED,30.75,2024-12-27
NISSAN,SUNNY FB15,2000,1500.0,AUTOMATIC,PETROL,275000.0,USED,37.85,2025-02-05
NISSAN,SUNNY FB15,2000,1498.0,AUTOMATIC,PETROL,275000.0,USED,39.9,2025-02-03
NISSAN,SUNNY FB15,2000,1500.0,AUTOMATIC,PETROL,275000.0,USED,37.25,2025-01-31
NISSAN,SUNNY FB15,2000,1300.0,AUTOMATIC,PETROL,275000.0,USED,31.5,2025-01-14
NISSAN,SUNNY FB15,2001,1500.0,AUTOMATIC,PETROL,264000.0,USED,42.75,2025-01-27
NISSAN,SUNNY FB15,2001,1500.0,AUTOMATIC,PETROL,264000.0,USED,42.75,2024-12-14
NISSAN,SUNNY FB15,2002,1500.0,AUTOMATIC,PETROL,253000.0,USED,39.75,2025-02-03
NISSAN,SUNNY FB15,2002,1500.0,AUTOMATIC,PETROL,253000.0,USED,36.75,2025-02-01
NISSAN,SUNNY FB15,2002,1500.0,AUTOMATIC,PETROL,253000.0,USED,39.75,2025-01-26
NISSAN,SUNNY FB15,2002,1500.0,AUTOMATIC,PETROL,253000.0,USED,42.75,2025-01-02
NISSAN,SUNNY FB15,2002,1500.0,AUTOMATIC,PETROL,253000.0,USED,45.25,2024-12-25
NISSAN,SUNNY FB15,2003,1490.0,AUTOMATIC,PETROL,242000.0,USED,43.5,2025-02-01
NISSAN,SUNNY FB15,2004,1500.0,AUTOMATIC,PETROL,231000.0,USED,44.25,2025-02-05
NISSAN,SUNNY FB15,2004,1500.0,AUTOMATIC,PETROL,231000.0,USED,44.25,2025-01-25
NISSAN,SUNNY FB15,2006,1490.0,AUTOMATIC,PETROL,209000.0,USED,45.9,2025-01-13
NISSAN,SUNNY FB15 EX SALOON,2000,1500.0,AUTOMATIC,PETROL,275000.0,USED,36.9,2024-12-29
NISSAN,SUNNY FB15 SUPER SALOON,1999,1500.0,AUTOMATIC,PETROL,286000.0,USED,36.5,2024-12-30
NISSAN,SUNNY FB15 SUPER SALOON,2003,1500.0,AUTOMATIC,PETROL,242000.0,USED,50.0,2025-01-27
NISSAN,SUNNY HB11,1985,1300.0,MANUAL,PETROL,440000.0,USED,8.2,2024-12-27
NISSAN,SUNNY HB11 E15,1984,1500.0,MANUAL,PETROL,451000.0,USED,8.5,2024-12-30
NISSAN,SUNNY HB12,1989,1300.0,MANUAL,PETROL,396000.0,USED,12.0,2025-01-03
NISSAN,SUNNY N17,2008,1300.0,MANUAL,PETROL,187000.0,USED,39.75,2025-01-28
NISSAN,SUNNY N17 SUPER SALOON,2005,1300.0,AUTOMATIC,PETROL,220000.0,USED,42.65,2025-02-05
NISSAN,SUNNY N17 SUPER SALOON,2007,1300.0,AUTOMATIC,PETROL,198000.0,USED,45.75,2025-01-30
NISSAN,SUNNY N17 SUPER SALOON,2011,1300.0,AUTOMATIC,PETROL,154000.0,USED,59.9,2025-01-27
NISSAN,SUNNY SB 12,1989,1700.0,AUTOMATIC,DIESEL,396000.0,USED,13.5,2025-01-31
NISSAN,SUNNY SB14,1997,1970.0,AUTOMATIC,DIESEL,308000.0,USED,24.0,2025-02-04
NISSAN,SUNNY SB14,1997,1997.0,AUTOMATIC,DIESEL,308000.0,USED,24.9,2025-02-03
NISSAN,SUNNY SB14,1998,2000.0,AUTOMATIC,DIESEL,297000.0,USED,23.5,2025-01-25
NISSAN,SUNNY SB14 EX SALOON,1998,1970.0,AUTOMATIC,DIESEL,297000.0,USED,24.9,2025-02-01
NISSAN,SUNNY SUPER SALOON,2004,1597.0,AUTOMATIC,PETROL,231000.0,USED,39.5,2025-01-27
NISSAN,SUNNY SUPER SALOON,2008,1295.0,AUTOMATIC,PETROL,187000.0,USED,47.0,2025-01-26
NISSAN,SUNNY SUPER SALOON,2011,1597.0,AUTOMATIC,PETROL,154000.0,USED,59.0,2024-12-04
NISSAN,SUNNY VB11,1985,1330.0,MANUAL,PETROL,440000.0,USED,5.35,2024-12-12
NISSAN,SUPER SALOON,1991,1500.0,MANUAL,PETROL,374000.0,USED,16.9,2025-02-03
NISSAN,SUPER SALOON,1994,1500.0,MANUAL,PETROL,341000.0,USED,17.75,2025-01-13
NISSAN,SUPER SALOON,1999,1500.0,AUTOMATIC,PETROL,286000.0,USED,36.25,2025-01-27
NISSAN,SUPER SALOON,2000,1500.0,MANUAL,PETROL,275000.0,USED,32.4,2025-01-12
NISSAN,SUPER SALOON,2011,1300.0,AUTOMATIC,PETROL,154000.0,USED,58.75,2025-02-05
NISSAN,SUUNY EX SALOON N17,2003,1300.0,MANUAL,PETROL,242000.0,USED,35.9,2025-02-04
NISSAN,SYLPHY,2000,1499.0,AUTOMATIC,PETROL,275000.0,USED,39.75,2025-01-31
NISSAN,SYLPHY,2000,1499.0,AUTOMATIC,PETROL,275000.0,USED,39.75,2025-01-29
NISSAN,SYLPHY,2005,1500.0,MANUAL,PETROL,190000.0,USED,49.75,2026-09-23
NISSAN,SYLPHY,2012,1800.0,AUTOMATIC,PETROL,143000.0,USED,96.75,2025-02-05
NISSAN,SYLPHY,2014,1800.0,AUTOMATIC,PETROL,121000.0,USED,105.0,2025-02-05
NISSAN,TB VY11,2001,2184.0,MANUAL,DIESEL,264000.0,USED,24.5,2025-01-02
NISSAN,TEANA,2010,2500.0,AUTOMATIC,PETROL,165000.0,USED,115.0,2025-01-19
NISSAN,TEANA,2013,2500.0,AUTOMATIC,PETROL,132000.0,USED,105.0,2025-01-17
NISSAN,TIIDA,2004,1490.0,AUTOMATIC,PETROL,231000.0,USED,45.25,2024-12-29
NISSAN,TIIDA,2004,1490.0,AUTOMATIC,PETROL,231000.0,USED,44.0,2024-12-20
NISSAN,TIIDA,2007,1500.0,AUTOMATIC,PETROL,198000.0,USED,50.0,2025-01-18
NISSAN,TIIDA,2007,1500.0,AUTOMATIC,PETROL,198000.0,USED,66.5,2025-01-23
NISSAN,TIIDA,2007,1500.0,AUTOMATIC,PETROL,198000.0,USED,49.5,2025-01-21
NISSAN,TIIDA,2007,1800.0,AUTOMATIC,PETROL,198000.0,USED,50.0,2025-01-19
NISSAN,TIIDA,2007,1600.0,AUTOMATIC,PETROL,198000.0,USED,45.5,2025-01-19
NISSAN,TIIDA,2007,1500.0,AUTOMATIC,PETROL,198000.0,USED,66.5,2025-01-19
NISSAN,TIIDA,2007,1499.0,AUTOMATIC,PETROL,198000.0,USED,47.5,2024-12-27
NISSAN,TIIDA,2007,1500.0,AUTOMATIC,PETROL,198000.0,USED,66.5,2024-12-08
NISSAN,TIIDA,2008,1500.0,AUTOMATIC,PETROL,187000.0,USED,49.0,2025-02-05
NISSAN,TIIDA,2008,1500.0,AUTOMATIC,PETROL,187000.0,USED,49.5,2025-02-05
NISSAN,TIIDA,2008,1500.0,AUTOMATIC,PETROL,187000.0,USED,55.0,2025-02-04
NISSAN,TIIDA,2008,1500.0,AUTOMATIC,PETROL,187000.0,USED,51.75,2025-01-31
NISSAN,TIIDA,2010,1500.0,AUTOMATIC,PETROL,165000.0,USED,56.0,2025-01-26
NISSAN,TIIDA,2010,1500.0,AUTOMATIC,PETROL,179200.0,USED,54.75,2026-09-25
NISSAN,TIIDA,2011,1500.0,AUTOMATIC,PETROL,154000.0,NEW,58.5,2025-02-01
NISSAN,TIIDA,2011,1500.0,AUTOMATIC,PETROL,154000.0,USED,55.65,2024-12-16
NISSAN,TIIDA LATIO,2006,1500.0,AUTOMATIC,PETROL,209000.0,USED,49.9,2025-02-01
NISSAN,TIIDA LATIO,2007,1500.0,AUTOMATIC,PETROL,198000.0,USED,49.0,2025-01-10
NISSAN,TIIDA LATIO,2007,1500.0,AUTOMATIC,PETROL,198000.0,USED,49.5,2025-01-06
NISSAN,TIIDA LATIO,2007,1490.0,AUTOMATIC,PETROL,198000.0,USED,49.25,2024-12-04
NISSAN,TIIDA LATIO,2008,1500.0,AUTOMATIC,PETROL,187000.0,USED,49.75,2025-01-26
NISSAN,TRAD SUNNY,1986,1300.0,MANUAL,PETROL,429000.0,USED,13.25,2025-02-05
NISSAN,TRAD SUNNY,1986,1500.0,MANUAL,PETROL,429000.0,USED,14.75,2025-01-27
NISSAN,TRAD SUNNY,1986,1500.0,MANUAL,PETROL,429000.0,USED,10.75,2024-12-19
NISSAN,TRAD SUNNY,1986,1300.0,MANUAL,PETROL,429000.0,USED,15.5,2024-12-18
NISSAN,TRAD SUNNY,1987,1500.0,MANUAL,PETROL,418000.0,USED,11.0,2025-01-16
NISSAN,TRAD SUNNY,1987,1500.0,MANUAL,PETROL,418000.0,USED,12.75,2025-01-23
NISSAN,TRAD SUNNY,1987,1500.0,MANUAL,PETROL,418000.0,USED,16.25,2025-01-20
NISSAN,TRAD SUNNY,1987,1500.0,MANUAL,PETROL,418000.0,USED,13.0,2024-12-17
NISSAN,TRAD SUNNY,1988,1500.0,MANUAL,PETROL,407000.0,USED,14.75,2025-02-05
NISSAN,TRAD SUNNY,1988,1300.0,MANUAL,PETROL,407000.0,USED,14.25,2025-02-04
NISSAN,TRAD SUNNY,1988,1300.0,MANUAL,PETROL,407000.0,USED,16.25,2025-01-28
NISSAN,TRAD SUNNY,1988,1500.0,MANUAL,PETROL,407000.0,USED,15.5,2025-01-18
NISSAN,TRAD SUNNY,1988,1270.0,MANUAL,PETROL,407000.0,USED,14.25,2025-01-27
NISSAN,TRAD SUNNY,1988,1500.0,MANUAL,PETROL,407000.0,USED,14.25,2025-01-26
NISSAN,TRAD SUNNY,1988,1500.0,MANUAL,PETROL,407000.0,USED,14.4,2025-01-26
NISSAN,TRAD SUNNY,1988,1300.0,MANUAL,PETROL,407000.0,USED,10.387500000000005,2024-12-28
NISSAN,TRAD SUNNY,1988,1300.0,MANUAL,PETROL,407000.0,USED,10.387500000000005,2024-12-24
NISSAN,TRAD SUNNY,1988,1500.0,MANUAL,PETROL,407000.0,USED,10.387500000000005,2024-12-13
NISSAN,TRAD SUNNY,1989,1300.0,MANUAL,PETROL,396000.0,USED,14.25,2025-02-05
NISSAN,TRAD SUNNY,1989,1500.0,MANUAL,PETROL,396000.0,USED,14.308333333333332,2025-01-18
NISSAN,TRAD SUNNY,1989,1680.0,MANUAL,DIESEL,396000.0,USED,13.75,2025-01-07
NISSAN,TRAD SUNNY,1989,1500.0,MANUAL,DIESEL,396000.0,USED,14.25,2025-01-22
NISSAN,TRAD SUNNY,1989,1300.0,MANUAL,PETROL,396000.0,USED,14.3,2025-01-05
NISSAN,TRAD SUNNY,1989,1400.0,MANUAL,PETROL,396000.0,USED,13.0,2024-12-28
NISSAN,TRAD SUNNY,1989,1300.0,MANUAL,PETROL,396000.0,USED,16.3,2024-12-23
NISSAN,TRAD SUNNY,1990,1500.0,MANUAL,PETROL,385000.0,USED,12.8,2024-12-04
NISSAN,TRAD SUNNY,1997,1500.0,MANUAL,PETROL,308000.0,USED,13.75,2025-01-22
NISSAN,TRAD SUNNY B12,1987,1500.0,MANUAL,PETROL,418000.0,USED,12.25,2025-01-17
NISSAN,TRAD SUNNY B12,1987,1300.0,MANUAL,PETROL,418000.0,USED,12.25,2024-12-14
NISSAN,TRAD SUNNY B12,1989,1300.0,MANUAL,PETROL,396000.0,USED,11.25,2025-01-04
NISSAN,TRAD SUNNY FB12,1987,1500.0,MANUAL,PETROL,418000.0,USED,12.5,2025-02-05
NISSAN,TRAD SUNNY FB12,1987,1500.0,MANUAL,PETROL,418000.0,USED,12.5,2025-01-29
NISSAN,TRAD SUNNY FB12,1990,1500.0,MANUAL,PETROL,385000.0,USED,18.5,2025-01-03
NISSAN,TRAD SUNNY HB12,1986,1500.0,MANUAL,PETROL,429000.0,USED,13.0,2025-02-05
NISSAN,TRAD SUNNY HB12,1987,1500.0,MANUAL,PETROL,418000.0,USED,12.25,2025-01-04
NISSAN,TRAD SUNNY HB12,1988,1500.0,MANUAL,PETROL,407000.0,NEW,14.7,2025-01-10
NISSAN,TRAD SUNNY HB12,1988,1500.0,MANUAL,PETROL,407000.0,USED,13.8,2025-01-22
NISSAN,TRAD SUNNY HB12,1990,1490.0,MANUAL,PETROL,385000.0,USED,10.9375,2025-02-03
NISSAN,TRAD SUNNY HB12,1990,1500.0,MANUAL,PETROL,385000.0,USED,13.5,2025-02-01
NISSAN,TRAD SUNNY HB12,1999,1500.0,MANUAL,PETROL,286000.0,USED,13.7,2024-12-18
NISSAN,TRAD SUNNY HB12 EX SALOON,1988,1500.0,MANUAL,PETROL,407000.0,USED,12.3,2025-01-22
NISSAN,TRAD SUNNY WB12,1989,1300.0,MANUAL,PETROL,396000.0,NEW,8.8,2025-02-05
NISSAN,TRAD SUNNY WHB12,1987,1500.0,MANUAL,PETROL,418000.0,USED,7.8,2025-01-27
NISSAN,TRAD SUNNY WHB12,1990,1500.0,MANUAL,PETROL,385000.0,USED,21.75,2025-02-03
NISSAN,VANETTE,2001,2000.0,AUTOMATIC,DIESEL,264000.0,USED,18.75,2025-02-05
NISSAN,VB11 SUNNY,1985,1300.0,MANUAL,PETROL,440000.0,USED,7.95,2024-12-25
NISSAN,VY10,1992,1300.0,MANUAL,PETROL,363000.0,USED,13.75,2024-12-17
NISSAN,VY11,2004,1300.0,AUTOMATIC,PETROL,231000.0,USED,27.5,2025-02-03
NISSAN,VY11,2005,1500.0,MANUAL,PETROL,220000.0,USED,31.5,2025-01-26
NISSAN,WFY11,2001,1500.0,MANUAL,PETROL,264000.0,USED,29.75,2024-12-09
NISSAN,WFY11 WINGROAD,2001,1500.0,AUTOMATIC,PETROL,264000.0,USED,36.5,2025-01-22
NISSAN,WHB11 CALIFORNIA WAGON,1984,1500.0,MANUAL,PETROL,451000.0,USED,4.75,2025-01-11
NISSAN,WINGROAD,1996,1500.0,MANUAL,PETROL,319000.0,USED,23.0,2024-12-16
NISSAN,WINGROAD,1999,1500.0,AUTOMATIC,PETROL,286000.0,USED,28.5,2025-01-29
NISSAN,WINGROAD,1999,1500.0,AUTOMATIC,PETROL,286000.0,USED,28.5,2024-12-20
NISSAN,WINGROAD,2000,1500.0,AUTOMATIC,PETROL,275000.0,USED,36.0,2025-01-03
NISSAN,WINGROAD,2002,1500.0,MANUAL,PETROL,253000.0,USED,33.0,2025-01-19
NISSAN,WINGROAD,2002,1500.0,AUTOMATIC,PETROL,253000.0,USED,26.5,2024-12-19
NISSAN,WINGROAD,2004,1500.0,AUTOMATIC,PETROL,231000.0,USED,33.5,2025-01-20
NISSAN,WINGROAD,2004,1300.0,AUTOMATIC,PETROL,231000.0,USED,33.5,2024-12-29
NISSAN,WINGROAD,2005,1490.0,AUTOMATIC,PETROL,220000.0,USED,41.0,2025-01-02
NISSAN,WINGROAD,2007,1500.0,AUTOMATIC,PETROL,222500.0,USED,55.5,2026-09-25
NISSAN,WINGROAD AD WAGON,1999,1500.0,AUTOMATIC,PETROL,286000.0,USED,29.5,2025-01-04
NISSAN,WINGROAD VFY11,2000,1500.0,AUTOMATIC,PETROL,275000.0,USED,32.9,2025-02-04
NISSAN,WINGROAD WFY-11,2001,1500.0,AUTOMATIC,PETROL,264000.0,USED,36.5,2025-01-18
NISSAN,WINGROAD WFY11,1999,1500.0,MANUAL,PETROL,286000.0,USED,31.875,2025-02-05
NISSAN,WINGROAD WFY11,2000,1500.0,AUTOMATIC,PETROL,275000.0,USED,33.75,2025-02-05
NISSAN,WINGROAD WFY11,2000,1500.0,AUTOMATIC,PETROL,275000.0,USED,33.0,2025-02-01
NISSAN,WINGROAD WFY11,2000,1500.0,AUTOMATIC,PETROL,275000.0,USED,33.0,2025-01-22
NISSAN,WINGROAD WFY11,2002,1500.0,AUTOMATIC,PETROL,253000.0,USED,34.5,2025-01-22
NISSAN,WINGROAD Y 12,2007,1500.0,AUTOMATIC,PETROL,198000.0,USED,46.5,2024-12-19
NISSAN,WINGROAD Y10,1996,1970.0,AUTOMATIC,DIESEL,319000.0,USED,21.3,2025-02-05
NISSAN,WINGROAD Y10,1997,1970.0,MANUAL,DIESEL,308000.0,USED,19.9,2025-01-30
NISSAN,WINGROAD Y11,2000,1300.0,AUTOMATIC,PETROL,275000.0,USED,36.5,2025-02-01
NISSAN,WINGROAD Y11,2000,1500.0,AUTOMATIC,PETROL,275000.0,USED,31.862500000000004,2025-01-09
NISSAN,WINGROAD Y11,2000,1500.0,AUTOMATIC,PETROL,275000.0,USED,35.9,2025-01-28
NISSAN,WINGROAD Y11,2002,1500.0,AUTOMATIC,PETROL,253000.0,USED,35.5,2024-12-21
NISSAN,WY11 WINGROAD,2002,1490.0,AUTOMATIC,PETROL,253000.0,USED,36.75,2025-02-03
NISSAN,X-TRAIL,2001,2500.0,AUTOMATIC,PETROL,235000.0,USED,62.0,2026-09-26
NISSAN,X-TRAIL,2011,2000.0,AUTOMATIC,PETROL,167000.0,USED,79.5,2026-09-25
NISSAN,X-TRAIL,2011,2488.0,MANUAL,PETROL,267893.0,USED,65.25,2026-09-26
NISSAN,X-TRAIL,2015,2000.0,AUTOMATIC,HYBRID,150000.0,USED,89.75,2026-09-24
NISSAN,X-TRAIL,2015,2000.0,AUTOMATIC,PETROL,124000.0,USED,109.5,2026-09-24
NISSAN,X-TRAIL,2015,2000.0,AUTOMATIC,HYBRID,186000.0,USED,92.0,2026-09-24
NISSAN,X-TRAIL,2015,2000.0,AUTOMATIC,HYBRID,128000.0,USED,97.0,2026-09-26
NISSAN,X-TRAIL,2015,2000.0,AUTOMATIC,HYBRID,159526.0,USED,110.0,2026-09-15
NISSAN,X-TRAIL,2016,2000.0,AUTOMATIC,HYBRID,35000.0,USED,125.0,2026-09-24
NISSAN,X-TRAIL,2016,2000.0,AUTOMATIC,HYBRID,170000.0,USED,92.75,2026-09-24
NISSAN,X-TRAIL,2016,2000.0,AUTOMATIC,HYBRID,167000.0,USED,94.75,2026-09-26
NISSAN,X-TRAIL,2025,1490.0,AUTOMATIC,HYBRID,0.0,NEW,271.95,2026-09-25
NISSAN,Y10,1998,1490.0,AUTOMATIC,PETROL,297000.0,USED,19.75,2025-01-16
NISSAN,Y10,1999,1400.0,AUTOMATIC,PETROL,286000.0,USED,32.0,2025-02-03
NISSAN,Y10,1999,1500.0,AUTOMATIC,PETROL,286000.0,USED,4.75,2024-12-22
NISSAN,Y10 ORJENAL CAR,1994,1300.0,MANUAL,PETROL,341000.0,USED,16.5,2024-12-20
OPEL,ASTRA,1995,1500.0,MANUAL,PETROL,330000.0,USED,11.0,2025-01-27
OPEL,ASTRA,1996,1400.0,MANUAL,PETROL,319000.0,USED,12.75,2025-02-04
OPEL,ASTRA,1998,1400.0,MANUAL,PETROL,297000.0,USED,12.5,2025-01-19
OPEL,ASTRA,2002,1200.0,AUTOMATIC,PETROL,120000.0,USED,22.9,2026-09-24
OPEL,ASTRA F,1996,1388.0,MANUAL,PETROL,319000.0,USED,12.5,2024-12-15
OPEL,ASTRA G,2001,1400.0,MANUAL,PETROL,264000.0,USED,26.0,2025-01-30
OPEL,CORSA B,1995,1200.0,MANUAL,PETROL,330000.0,USED,10.5,2024-12-18
OPEL,OMEGA,1995,2800.0,AUTOMATIC,DIESEL,330000.0,USED,13.25,2025-01-25
OPEL,OPEL,1996,1350.0,MANUAL,PETROL,319000.0,USED,12.5,2024-12-10
OTHER,ATV,2010,1500.0,AUTOMATIC,PETROL,165000.0,USED,7.5,2024-12-09
PERODUA,AXIA,2015,1000.0,AUTOMATIC,PETROL,110000.0,USED,51.0,2025-02-03
PERODUA,AXIA,2015,1000.0,AUTOMATIC,PETROL,110000.0,USED,56.5,2025-02-01
PERODUA,AXIA,2015,1000.0,AUTOMATIC,PETROL,110000.0,USED,50.5,2025-01-28
PERODUA,AXIA,2015,1000.0,AUTOMATIC,PETROL,110000.0,USED,57.5,2024-12-20
PERODUA,AXIA,2015,1000.0,AUTOMATIC,PETROL,110000.0,USED,53.95,2024-12-17
PERODUA,AXIA,2015,1000.0,AUTOMATIC,PETROL,110000.0,USED,54.0,2024-12-14
PERODUA,AXIA,2015,1000.0,AUTOMATIC,PETROL,110000.0,USED,59.0,2024-12-13
PERODUA,AXIA,2015,1000.0,AUTOMATIC,PETROL,110000.0,USED,55.0,2024-12-06
PERODUA,AXIA,2015,1000.0,AUTOMATIC,PETROL,123000.0,USED,56.9,2026-09-26
PERODUA,AXIA,2016,1000.0,AUTOMATIC,PETROL,99000.0,USED,55.85,2025-02-03
PERODUA,AXIA,2016,1000.0,AUTOMATIC,PETROL,99000.0,USED,57.25,2025-02-02
PERODUA,AXIA,2016,1000.0,AUTOMATIC,PETROL,99000.0,USED,56.75,2025-01-29
PERODUA,AXIA,2016,1000.0,AUTOMATIC,PETROL,99000.0,USED,53.5,2025-01-28
PERODUA,AXIA,2016,1000.0,AUTOMATIC,PETROL,99000.0,USED,60.0,2025-01-22
PERODUA,AXIA,2016,1000.0,AUTOMATIC,PETROL,99000.0,USED,58.0,2025-01-19
PERODUA,AXIA,2016,1000.0,AUTOMATIC,PETROL,99000.0,USED,55.0,2024-12-30
PERODUA,AXIA,2016,1000.0,AUTOMATIC,PETROL,99000.0,USED,56.9,2024-12-30
PERODUA,AXIA,2016,1000.0,AUTOMATIC,PETROL,99000.0,USED,61.0,2024-12-05
PERODUA,AXIA,2016,1000.0,AUTOMATIC,PETROL,58387.0,USED,62.0,2026-09-25
PERODUA,AXIA,2016,998.0,AUTOMATIC,PETROL,97729.0,USED,60.5,2026-09-26
PERODUA,AXIA,2017,1000.0,AUTOMATIC,PETROL,88000.0,USED,62.0,2025-01-13
PERODUA,AXIA,2017,1000.0,AUTOMATIC,PETROL,88000.0,USED,63.75,2025-01-05
PERODUA,AXIA,2017,1000.0,AUTOMATIC,PETROL,88000.0,USED,62.875,2025-01-03
PERODUA,AXIA,2018,1000.0,AUTOMATIC,PETROL,77000.0,USED,57.5,2025-02-05
PERODUA,AXIA G,2015,1000.0,AUTOMATIC,PETROL,110000.0,USED,52.75,2025-02-02
PERODUA,AXIA G,2016,1000.0,AUTOMATIC,PETROL,99000.0,USED,55.9,2025-02-05
PERODUA,AXIA G,2016,1000.0,AUTOMATIC,PETROL,99000.0,USED,54.9,2025-02-02
PERODUA,AXIA G,2017,650.0,AUTOMATIC,PETROL,88000.0,USED,59.75,2025-01-04
PERODUA,BEZZA,2017,1000.0,AUTOMATIC,PETROL,88000.0,USED,70.5,2025-01-27
PERODUA,BEZZA,2017,1000.0,AUTOMATIC,PETROL,88000.0,USED,68.95,2024-12-17
PERODUA,BEZZA,2018,1000.0,AUTOMATIC,PETROL,77000.0,USED,72.0,2025-02-02
PERODUA,BEZZA,2018,1000.0,AUTOMATIC,PETROL,77000.0,USED,66.0625,2025-01-31
PERODUA,BEZZA,2018,1000.0,AUTOMATIC,PETROL,77000.0,USED,71.5,2025-01-19
PERODUA,BEZZA,2018,1000.0,AUTOMATIC,PETROL,77000.0,USED,69.85,2025-01-19
PERODUA,BEZZA,2018,1000.0,AUTOMATIC,PETROL,77000.0,USED,72.5,2024-12-31
PERODUA,BEZZA,2018,1000.0,AUTOMATIC,PETROL,77000.0,USED,69.96666666666667,2024-12-21
PERODUA,BEZZA,2018,1000.0,AUTOMATIC,PETROL,77000.0,USED,72.0,2024-12-11
PERODUA,BEZZA,2018,1000.0,AUTOMATIC,PETROL,92000.0,USED,66.75,2026-09-25
PERODUA,BEZZA,2019,1000.0,AUTOMATIC,PETROL,66000.0,USED,72.0,2025-01-15
PERODUA,BEZZA,2019,1000.0,AUTOMATIC,PETROL,66000.0,USED,67.0,2025-01-11
PERODUA,BEZZA,2020,1000.0,AUTOMATIC,PETROL,55000.0,USED,75.5625,2025-02-05
PERODUA,BEZZA,2025,998.0,AUTOMATIC,PETROL,17487.0,USED,87.95,2026-09-26
PERODUA,BEZZA,2025,1000.0,AUTOMATIC,PETROL,16000.0,USED,82.75,2026-09-26
PERODUA,BEZZA HIGHEST SPEC,2018,1000.0,AUTOMATIC,PETROL,77000.0,USED,80.0,2024-12-08
PERODUA,KANCIL,1998,850.0,MANUAL,PETROL,297000.0,USED,15.5,2025-01-20
PERODUA,KANCIL,2001,850.0,MANUAL,PETROL,264000.0,USED,13.75,2025-02-03
PERODUA,KANCIL,2002,850.0,MANUAL,PETROL,253000.0,USED,17.8,2024-12-08
PERODUA,KELISA,2004,1000.0,AUTOMATIC,PETROL,231000.0,USED,28.5,2025-02-03
PERODUA,KELISA,2004,1000.0,MANUAL,PETROL,231000.0,USED,27.25,2024-12-31
PERODUA,KELISA,2005,1000.0,MANUAL,PETROL,220000.0,USED,30.0,2025-02-04
PERODUA,KELISA,2005,1000.0,MANUAL,PETROL,220000.0,USED,27.5,2025-01-13
PERODUA,KELISA,2005,1000.0,AUTOMATIC,PETROL,220000.0,USED,32.5,2025-01-01
PERODUA,KELISA,2006,1000.0,AUTOMATIC,PETROL,209000.0,USED,30.9,2025-02-05
PERODUA,KELISA,2006,1000.0,AUTOMATIC,PETROL,209000.0,USED,32.9,2025-02-05
PERODUA,KELISA,2006,1000.0,AUTOMATIC,PETROL,209000.0,USED,33.9,2025-02-04
PERODUA,KELISA,2006,1000.0,AUTOMATIC,PETROL,209000.0,USED,29.35,2025-02-03
PERODUA,KELISA,2006,1000.0,MANUAL,PETROL,209000.0,USED,32.055,2025-01-31
PERODUA,KELISA,2006,1000.0,MANUAL,PETROL,209000.0,USED,29.0,2025-01-16
PERODUA,KELISA,2006,1000.0,AUTOMATIC,PETROL,209000.0,USED,32.0,2025-01-06
PERODUA,KELISA,2006,1000.0,AUTOMATIC,PETROL,209000.0,USED,31.5,2025-01-28
PERODUA,KELISA,2006,1000.0,AUTOMATIC,PETROL,209000.0,USED,32.5,2024-12-20
PERODUA,KELISA,2006,1000.0,AUTOMATIC,PETROL,209000.0,USED,33.5,2024-12-18
PERODUA,KELISA,2006,1000.0,AUTOMATIC,PETROL,209000.0,USED,35.0,2024-12-11
PERODUA,KELISA,2007,998.0,AUTOMATIC,PETROL,198000.0,USED,32.9,2025-02-03
PERODUA,KELISA,2007,1000.0,AUTOMATIC,PETROL,198000.0,USED,32.9,2025-01-11
PERODUA,KELISA,2007,1000.0,AUTOMATIC,PETROL,198000.0,USED,33.0,2025-01-10
PERODUA,KELISA,2007,1000.0,AUTOMATIC,PETROL,198000.0,USED,38.61875,2024-12-10
PERODUA,KELISA,2008,1300.0,AUTOMATIC,PETROL,187000.0,USED,23.36875,2025-01-14
PERODUA,KELISA,2008,1300.0,AUTOMATIC,PETROL,187000.0,USED,23.36875,2025-01-25
PERODUA,KENARI,2007,1000.0,AUTOMATIC,PETROL,198000.0,USED,32.95,2025-02-05
PERODUA,KENARI,2007,1000.0,AUTOMATIC,PETROL,198000.0,USED,33.0,2025-02-04
PERODUA,KENARI,2007,1000.0,AUTOMATIC,PETROL,198000.0,USED,32.9,2025-01-31
PERODUA,KENARI,2007,1000.0,AUTOMATIC,PETROL,198000.0,USED,31.67,2025-01-15
PERODUA,KENARI,2007,1000.0,AUTOMATIC,PETROL,198000.0,USED,28.0,2025-01-26
PERODUA,KENARI,2007,989.0,AUTOMATIC,PETROL,198000.0,USED,31.5,2024-12-17
PERODUA,KENARI,2007,1000.0,AUTOMATIC,PETROL,106000.0,USED,35.75,2026-09-24
PERODUA,KENARI,2008,1000.0,AUTOMATIC,PETROL,187000.0,USED,29.5,2025-01-05
PERODUA,KENARI,2008,1000.0,AUTOMATIC,PETROL,187000.0,NEW,29.5,2024-12-26
PERODUA,PROTON SAGA,2011,1490.0,AUTOMATIC,PETROL,154000.0,USED,9.95,2025-01-21
PERODUA,VIVA ELITE,2007,660.0,AUTOMATIC,PETROL,198000.0,USED,35.5,2025-02-02
PERODUA,VIVA ELITE,2008,1000.0,MANUAL,PETROL,187000.0,USED,32.125,2025-02-01
PERODUA,VIVA ELITE,2008,1000.0,AUTOMATIC,PETROL,187000.0,USED,33.19857142857143,2025-01-11
PERODUA,VIVA ELITE,2008,650.0,MANUAL,PETROL,187000.0,USED,32.125,2025-01-10
PERODUA,VIVA ELITE,2008,850.0,MANUAL,PETROL,187000.0,USED,32.49,2025-01-07
PERODUA,VIVA ELITE,2008,850.0,MANUAL,PETROL,187000.0,USED,32.5,2025-01-06
PERODUA,VIVA ELITE,2008,1000.0,AUTOMATIC,PETROL,187000.0,USED,36.75,2025-01-03
PERODUA,VIVA ELITE,2008,660.0,MANUAL,PETROL,187000.0,USED,32.125,2024-12-25
PERODUA,VIVA ELITE,2008,1000.0,AUTOMATIC,PETROL,187000.0,USED,37.5,2024-12-17
PERODUA,VIVA ELITE,2009,1000.0,MANUAL,PETROL,176000.0,USED,36.0,2025-01-14
PERODUA,VIVA ELITE,2009,1000.0,AUTOMATIC,PETROL,176000.0,USED,40.5,2025-01-20
PERODUA,VIVA ELITE,2009,1000.0,MANUAL,PETROL,176000.0,USED,34.5,2025-01-03
PERODUA,VIVA ELITE,2009,1000.0,MANUAL,PETROL,176000.0,USED,34.75,2024-12-20
PERODUA,VIVA ELITE,2009,1000.0,MANUAL,PETROL,176000.0,USED,37.5,2024-12-20
PERODUA,VIVA ELITE,2010,1000.0,AUTOMATIC,PETROL,165000.0,USED,42.5,2025-02-05
PERODUA,VIVA ELITE,2010,1000.0,AUTOMATIC,PETROL,165000.0,USED,38.25,2025-02-05
PERODUA,VIVA ELITE,2010,1000.0,AUTOMATIC,PETROL,165000.0,USED,42.0,2025-02-04
PERODUA,VIVA ELITE,2010,1000.0,AUTOMATIC,PETROL,165000.0,USED,34.75,2025-02-04
PERODUA,VIVA ELITE,2010,1000.0,AUTOMATIC,PETROL,165000.0,USED,38.77391304347826,2025-02-04
PERODUA,VIVA ELITE,2010,1000.0,AUTOMATIC,PETROL,165000.0,USED,38.5,2025-02-03
PERODUA,VIVA ELITE,2010,850.0,MANUAL,PETROL,165000.0,USED,33.25,2025-02-01
PERODUA,VIVA ELITE,2010,1000.0,AUTOMATIC,PETROL,165000.0,USED,37.65,2025-02-01
PERODUA,VIVA ELITE,2010,1000.0,AUTOMATIC,PETROL,165000.0,USED,38.77391304347826,2025-02-01
PERODUA,VIVA ELITE,2010,1000.0,AUTOMATIC,PETROL,165000.0,USED,38.77391304347826,2025-01-30
PERODUA,VIVA ELITE,2010,1000.0,AUTOMATIC,PETROL,165000.0,USED,40.0,2025-01-29
PERODUA,VIVA ELITE,2010,1000.0,AUTOMATIC,PETROL,165000.0,USED,40.0,2025-01-18
PERODUA,VIVA ELITE,2010,1000.0,AUTOMATIC,PETROL,165000.0,USED,40.3,2025-01-18
PERODUA,VIVA ELITE,2010,1000.0,MANUAL,PETROL,165000.0,USED,35.9,2025-01-17
PERODUA,VIVA ELITE,2010,1000.0,MANUAL,PETROL,165000.0,NEW,37.5,2025-01-15
PERODUA,VIVA ELITE,2010,1000.0,AUTOMATIC,PETROL,165000.0,USED,41.9,2025-01-12
PERODUA,VIVA ELITE,2010,1000.0,MANUAL,PETROL,165000.0,USED,38.77391304347826,2025-01-09
PERODUA,VIVA ELITE,2010,1000.0,AUTOMATIC,PETROL,165000.0,USED,42.75,2025-01-06
PERODUA,VIVA ELITE,2010,1000.0,AUTOMATIC,PETROL,165000.0,USED,38.9,2025-01-28
PERODUA,VIVA ELITE,2010,1000.0,AUTOMATIC,PETROL,165000.0,USED,39.25,2025-01-25
PERODUA,VIVA ELITE,2010,1000.0,MANUAL,PETROL,165000.0,USED,39.0,2025-01-25
PERODUA,VIVA ELITE,2010,1000.0,MANUAL,PETROL,165000.0,USED,34.9,2025-01-24
PERODUA,VIVA ELITE,2010,1000.0,AUTOMATIC,PETROL,165000.0,USED,35.75,2025-01-01
PERODUA,VIVA ELITE,2010,1000.0,AUTOMATIC,PETROL,165000.0,USED,38.25,2025-01-01
PERODUA,VIVA ELITE,2010,1000.0,AUTOMATIC,PETROL,165000.0,USED,35.75,2024-12-26
PERODUA,VIVA ELITE,2010,1000.0,AUTOMATIC,PETROL,165000.0,USED,43.25,2024-12-23
PERODUA,VIVA ELITE,2010,1000.0,AUTOMATIC,PETROL,165000.0,USED,41.5,2024-12-13
PERODUA,VIVA ELITE,2010,1000.0,AUTOMATIC,PETROL,165000.0,USED,38.77391304347826,2024-12-04
PERODUA,VIVA ELITE,2011,1000.0,AUTOMATIC,PETROL,154000.0,USED,43.75,2025-02-05
PERODUA,VIVA ELITE,2011,1000.0,AUTOMATIC,PETROL,154000.0,USED,42.25,2025-02-05
PERODUA,VIVA ELITE,2011,1000.0,AUTOMATIC,PETROL,154000.0,USED,41.75,2025-02-04
PERODUA,VIVA ELITE,2011,1000.0,MANUAL,PETROL,154000.0,USED,40.82627118644068,2025-02-04
PERODUA,VIVA ELITE,2011,1000.0,AUTOMATIC,PETROL,154000.0,USED,41.5,2025-02-03
PERODUA,VIVA ELITE,2011,1000.0,MANUAL,PETROL,154000.0,USED,38.5,2025-02-03
PERODUA,VIVA ELITE,2011,1000.0,AUTOMATIC,PETROL,154000.0,USED,44.5,2025-02-03
PERODUA,VIVA ELITE,2011,1000.0,AUTOMATIC,PETROL,154000.0,USED,41.25,2025-02-02
PERODUA,VIVA ELITE,2011,1000.0,AUTOMATIC,PETROL,154000.0,USED,43.75,2025-02-02
PERODUA,VIVA ELITE,2011,1000.0,MANUAL,PETROL,154000.0,USED,39.95,2025-02-02
PERODUA,VIVA ELITE,2011,1000.0,MANUAL,PETROL,154000.0,USED,36.0,2025-02-02
PERODUA,VIVA ELITE,2011,1000.0,MANUAL,PETROL,154000.0,USED,40.82627118644068,2025-02-02
PERODUA,VIVA ELITE,2011,1000.0,AUTOMATIC,PETROL,154000.0,USED,43.75,2025-02-01
PERODUA,VIVA ELITE,2011,1000.0,MANUAL,PETROL,154000.0,USED,40.82627118644068,2025-02-01
PERODUA,VIVA ELITE,2011,1000.0,MANUAL,PETROL,154000.0,USED,36.9,2025-01-31
PERODUA,VIVA ELITE,2011,1000.0,AUTOMATIC,PETROL,154000.0,USED,42.75,2025-01-31
PERODUA,VIVA ELITE,2011,1000.0,AUTOMATIC,PETROL,154000.0,USED,43.0,2025-01-31
PERODUA,VIVA ELITE,2011,1000.0,AUTOMATIC,PETROL,154000.0,USED,41.25,2025-01-30
PERODUA,VIVA ELITE,2011,1000.0,AUTOMATIC,PETROL,154000.0,USED,43.5,2025-01-30
PERODUA,VIVA ELITE,2011,1000.0,AUTOMATIC,PETROL,154000.0,USED,43.85,2025-01-29
PERODUA,VIVA ELITE,2011,1000.0,AUTOMATIC,PETROL,154000.0,USED,42.5,2025-01-18
PERODUA,VIVA ELITE,2011,1000.0,AUTOMATIC,PETROL,154000.0,USED,42.9,2025-01-18
PERODUA,VIVA ELITE,2011,1000.0,AUTOMATIC,PETROL,154000.0,USED,40.82627118644068,2025-01-18
PERODUA,VIVA ELITE,2011,1100.0,AUTOMATIC,PETROL,154000.0,USED,41.5,2025-01-16
PERODUA,VIVA ELITE,2011,1000.0,AUTOMATIC,PETROL,154000.0,USED,41.5,2025-01-16
PERODUA,VIVA ELITE,2011,990.0,MANUAL,PETROL,154000.0,USED,40.82627118644068,2025-01-15
PERODUA,VIVA ELITE,2011,1000.0,AUTOMATIC,PETROL,154000.0,USED,40.0,2025-01-14
PERODUA,VIVA ELITE,2011,1000.0,AUTOMATIC,DIESEL,154000.0,USED,40.82627118644068,2025-01-14
PERODUA,VIVA ELITE,2011,1000.0,AUTOMATIC,PETROL,154000.0,USED,40.82627118644068,2025-01-14
PERODUA,VIVA ELITE,2011,1000.0,MANUAL,PETROL,154000.0,USED,39.25,2025-01-13
PERODUA,VIVA ELITE,2011,1000.0,AUTOMATIC,PETROL,154000.0,USED,39.25,2025-01-12
PERODUA,VIVA ELITE,2011,1000.0,AUTOMATIC,PETROL,154000.0,USED,41.75,2025-01-11
PERODUA,VIVA ELITE,2011,1000.0,MANUAL,PETROL,154000.0,USED,36.9,2025-01-10
PERODUA,VIVA ELITE,2011,1000.0,AUTOMATIC,PETROL,154000.0,USED,37.5,2025-01-07
PERODUA,VIVA ELITE,2011,1000.0,AUTOMATIC,PETROL,154000.0,USED,35.5,2025-01-07
PERODUA,VIVA ELITE,2011,1000.0,AUTOMATIC,PETROL,154000.0,USED,36.25,2025-01-06
PERODUA,VIVA ELITE,2011,1000.0,AUTOMATIC,PETROL,154000.0,USED,40.82627118644068,2025-01-06
PERODUA,VIVA ELITE,2011,1000.0,MANUAL,PETROL,154000.0,USED,36.5,2025-01-06
PERODUA,VIVA ELITE,2011,1000.0,AUTOMATIC,PETROL,154000.0,USED,40.9,2025-01-28
PERODUA,VIVA ELITE,2011,1000.0,AUTOMATIC,PETROL,154000.0,USED,41.95,2025-01-24
PERODUA,VIVA ELITE,2011,1100.0,MANUAL,PETROL,154000.0,USED,40.82627118644068,2025-01-24
PERODUA,VIVA ELITE,2011,1000.0,AUTOMATIC,PETROL,154000.0,USED,39.75,2025-01-22
PERODUA,VIVA ELITE,2011,1000.0,AUTOMATIC,PETROL,154000.0,USED,42.25,2025-01-22
PERODUA,VIVA ELITE,2011,1000.0,MANUAL,PETROL,154000.0,USED,39.9,2025-01-21
PERODUA,VIVA ELITE,2011,1000.0,MANUAL,PETROL,154000.0,USED,40.82627118644068,2025-01-04
PERODUA,VIVA ELITE,2011,1000.0,AUTOMATIC,PETROL,154000.0,USED,42.25,2025-01-03
PERODUA,VIVA ELITE,2011,1000.0,MANUAL,PETROL,154000.0,USED,41.35,2025-01-02
PERODUA,VIVA ELITE,2011,1000.0,AUTOMATIC,PETROL,154000.0,NEW,41.5,2025-01-02
PERODUA,VIVA ELITE,2011,1000.0,MANUAL,PETROL,154000.0,USED,40.82627118644068,2024-12-30
PERODUA,VIVA ELITE,2011,1000.0,AUTOMATIC,PETROL,154000.0,USED,38.0,2024-12-30
PERODUA,VIVA ELITE,2011,1000.0,AUTOMATIC,PETROL,154000.0,USED,43.5,2024-12-29
PERODUA,VIVA ELITE,2011,1000.0,MANUAL,PETROL,154000.0,USED,37.9,2024-12-29
PERODUA,VIVA ELITE,2011,1100.0,MANUAL,PETROL,154000.0,USED,40.82627118644068,2024-12-27
PERODUA,VIVA ELITE,2011,1000.0,AUTOMATIC,PETROL,154000.0,USED,44.0,2024-12-27
PERODUA,VIVA ELITE,2011,1000.0,AUTOMATIC,PETROL,154000.0,USED,40.82627118644068,2024-12-25
PERODUA,VIVA ELITE,2011,1000.0,AUTOMATIC,PETROL,154000.0,USED,41.5,2024-12-24
PERODUA,VIVA ELITE,2011,1000.0,AUTOMATIC,PETROL,154000.0,USED,40.75,2024-12-24
PERODUA,VIVA ELITE,2011,1000.0,AUTOMATIC,PETROL,154000.0,USED,43.8,2024-12-23
PERODUA,VIVA ELITE,2011,1000.0,MANUAL,PETROL,154000.0,USED,40.82627118644068,2024-12-22
PERODUA,VIVA ELITE,2011,1000.0,AUTOMATIC,PETROL,154000.0,USED,43.5,2024-12-22
PERODUA,VIVA ELITE,2011,1000.0,AUTOMATIC,PETROL,154000.0,USED,39.75,2024-12-22
PERODUA,VIVA ELITE,2011,1000.0,AUTOMATIC,PETROL,154000.0,USED,42.25,2024-12-21
PERODUA,VIVA ELITE,2011,1000.0,AUTOMATIC,PETROL,154000.0,USED,45.0,2024-12-20
PERODUA,VIVA ELITE,2011,1000.0,AUTOMATIC,PETROL,154000.0,USED,41.9,2024-12-19
PERODUA,VIVA ELITE,2011,1000.0,MANUAL,PETROL,154000.0,USED,37.95,2024-12-19
PERODUA,VIVA ELITE,2011,1000.0,AUTOMATIC,PETROL,154000.0,USED,41.5,2024-12-15
PERODUA,VIVA ELITE,2011,1000.0,AUTOMATIC,PETROL,154000.0,USED,39.95,2024-12-09
PERODUA,VIVA ELITE,2011,1000.0,AUTOMATIC,PETROL,154000.0,USED,42.25,2024-12-09
PERODUA,VIVA ELITE,2011,1000.0,MANUAL,PETROL,154000.0,USED,36.5,2024-12-07
PERODUA,VIVA ELITE,2011,1000.0,MANUAL,PETROL,154000.0,USED,38.5,2024-12-06
PERODUA,VIVA ELITE,2011,1000.0,AUTOMATIC,PETROL,260000.0,USED,44.98,2026-09-24
PERODUA,VIVA ELITE,2011,1000.0,AUTOMATIC,PETROL,133000.0,USED,46.5,2026-09-23
PERODUA,VIVA ELITE,2012,1000.0,AUTOMATIC,PETROL,143000.0,USED,43.0,2025-02-05
PERODUA,VIVA ELITE,2012,1000.0,AUTOMATIC,PETROL,143000.0,USED,40.0,2025-02-05
PERODUA,VIVA ELITE,2012,1000.0,AUTOMATIC,PETROL,143000.0,USED,44.85,2025-02-04
PERODUA,VIVA ELITE,2012,1000.0,AUTOMATIC,PETROL,143000.0,USED,44.9,2025-02-03
PERODUA,VIVA ELITE,2012,1000.0,AUTOMATIC,PETROL,143000.0,USED,42.75,2025-02-03
PERODUA,VIVA ELITE,2012,1300.0,AUTOMATIC,PETROL,143000.0,USED,42.0,2025-02-02
PERODUA,VIVA ELITE,2012,1000.0,AUTOMATIC,PETROL,143000.0,USED,42.75,2025-02-02
PERODUA,VIVA ELITE,2012,1000.0,AUTOMATIC,PETROL,143000.0,USED,42.03611111111111,2025-02-01
PERODUA,VIVA ELITE,2012,1000.0,AUTOMATIC,PETROL,143000.0,USED,42.75,2025-01-31
PERODUA,VIVA ELITE,2012,1000.0,MANUAL,PETROL,143000.0,USED,36.5,2025-01-31
PERODUA,VIVA ELITE,2012,1000.0,AUTOMATIC,PETROL,143000.0,USED,41.25,2025-01-31
PERODUA,VIVA ELITE,2012,1000.0,MANUAL,PETROL,143000.0,USED,38.5,2025-01-30
PERODUA,VIVA ELITE,2012,1100.0,AUTOMATIC,PETROL,143000.0,USED,42.75,2025-01-29
PERODUA,VIVA ELITE,2012,1000.0,AUTOMATIC,PETROL,143000.0,USED,43.0,2025-01-14
PERODUA,VIVA ELITE,2012,1000.0,MANUAL,PETROL,143000.0,USED,39.5,2025-01-11
PERODUA,VIVA ELITE,2012,1000.0,AUTOMATIC,PETROL,143000.0,USED,39.9,2025-01-10
PERODUA,VIVA ELITE,2012,1000.0,AUTOMATIC,PETROL,143000.0,USED,42.25,2025-01-09
PERODUA,VIVA ELITE,2012,1000.0,AUTOMATIC,PETROL,143000.0,USED,36.25,2025-01-05
PERODUA,VIVA ELITE,2012,1000.0,AUTOMATIC,PETROL,143000.0,USED,43.0,2025-01-28
PERODUA,VIVA ELITE,2012,1000.0,MANUAL,PETROL,143000.0,USED,38.0,2025-01-26
PERODUA,VIVA ELITE,2012,1000.0,AUTOMATIC,PETROL,143000.0,USED,43.5,2025-01-25
PERODUA,VIVA ELITE,2012,1000.0,AUTOMATIC,PETROL,143000.0,USED,44.25,2025-01-21
PERODUA,VIVA ELITE,2012,1000.0,AUTOMATIC,PETROL,143000.0,USED,44.5,2025-01-04
PERODUA,VIVA ELITE,2012,1000.0,AUTOMATIC,PETROL,143000.0,USED,44.25,2025-01-04
PERODUA,VIVA ELITE,2012,1100.0,AUTOMATIC,PETROL,143000.0,USED,44.75,2025-01-03
PERODUA,VIVA ELITE,2012,1000.0,AUTOMATIC,PETROL,143000.0,USED,40.0,2025-01-03
PERODUA,VIVA ELITE,2012,1000.0,AUTOMATIC,PETROL,143000.0,USED,44.9,2025-01-01
PERODUA,VIVA ELITE,2012,1000.0,AUTOMATIC,PETROL,143000.0,USED,45.0,2024-12-30
PERODUA,VIVA ELITE,2012,1000.0,AUTOMATIC,PETROL,143000.0,USED,42.5,2024-12-26
PERODUA,VIVA ELITE,2012,1000.0,MANUAL,PETROL,143000.0,USED,38.75,2024-12-24
PERODUA,VIVA ELITE,2012,1000.0,MANUAL,PETROL,143000.0,USED,37.0,2024-12-23
PERODUA,VIVA ELITE,2012,1000.0,AUTOMATIC,PETROL,143000.0,USED,42.5,2024-12-21
PERODUA,VIVA ELITE,2012,1000.0,AUTOMATIC,PETROL,143000.0,USED,43.0,2024-12-19
PERODUA,VIVA ELITE,2012,1000.0,AUTOMATIC,PETROL,143000.0,USED,42.03611111111111,2024-12-13
PERODUA,VIVA ELITE,2012,1000.0,AUTOMATIC,PETROL,143000.0,USED,42.03611111111111,2024-12-09
PERODUA,VIVA ELITE,2012,1000.0,AUTOMATIC,PETROL,143000.0,USED,42.0,2024-12-08
PERODUA,VIVA ELITE,2012,1000.0,AUTOMATIC,PETROL,143000.0,USED,44.25,2024-12-07
PERODUA,VIVA ELITE,2012,1000.0,AUTOMATIC,PETROL,143000.0,USED,42.25,2024-12-06
PERODUA,VIVA ELITE,2012,1000.0,AUTOMATIC,PETROL,143000.0,USED,46.0,2024-12-04
PERODUA,VIVA ELITE,2013,1000.0,AUTOMATIC,PETROL,132000.0,USED,46.9,2025-02-04
PERODUA,VIVA ELITE,2013,1000.0,AUTOMATIC,PETROL,132000.0,USED,43.25,2025-02-03
PERODUA,VIVA ELITE,2013,1000.0,AUTOMATIC,PETROL,132000.0,USED,43.75,2025-02-01
PERODUA,VIVA ELITE,2013,1000.0,AUTOMATIC,PETROL,132000.0,USED,46.95,2025-02-01
PERODUA,VIVA ELITE,2013,1000.0,AUTOMATIC,PETROL,132000.0,USED,44.75,2025-01-31
PERODUA,VIVA ELITE,2013,1000.0,AUTOMATIC,PETROL,132000.0,USED,45.75,2025-01-12
PERODUA,VIVA ELITE,2013,1000.0,AUTOMATIC,PETROL,132000.0,USED,44.5,2025-01-09
PERODUA,VIVA ELITE,2013,1000.0,MANUAL,PETROL,132000.0,USED,43.75,2025-01-07
PERODUA,VIVA ELITE,2013,1000.0,AUTOMATIC,PETROL,132000.0,USED,39.25,2025-01-07
PERODUA,VIVA ELITE,2013,1000.0,AUTOMATIC,PETROL,132000.0,USED,38.0,2025-01-06
PERODUA,VIVA ELITE,2013,1000.0,AUTOMATIC,PETROL,132000.0,USED,43.75,2024-12-21
PERODUA,VIVA ELITE,2013,1000.0,AUTOMATIC,PETROL,132000.0,USED,41.25,2024-12-20
PERODUA,VIVA ELITE,2013,1000.0,AUTOMATIC,PETROL,132000.0,USED,42.25,2024-12-10
PERODUA,VIVA ELITE,2013,1000.0,AUTOMATIC,PETROL,132000.0,USED,45.75,2024-12-09
PERODUA,VIVA ELITE,2013,1000.0,AUTOMATIC,PETROL,132000.0,USED,43.0,2024-12-07
PERODUA,VIVA ELITE,2014,850.0,MANUAL,PETROL,98500.0,USED,46.9,2026-09-23
PERODUA,VIVA ELITE AMIEZG,2011,1000.0,AUTOMATIC,PETROL,154000.0,USED,44.5,2025-01-24
PERODUA,VIVA ELITE PREMIUM,2009,1000.0,AUTOMATIC,PETROL,176000.0,USED,39.5,2025-01-29
PERODUA,VIVA ELITE PREMIUM,2010,1000.0,AUTOMATIC,PETROL,165000.0,USED,40.25,2025-02-03
PERODUA,VIVA ELITE PREMIUM,2010,1000.0,AUTOMATIC,PETROL,165000.0,USED,40.25,2025-01-05
PERODUA,VIVA ELITE PREMIUM,2011,1000.0,AUTOMATIC,PETROL,154000.0,USED,39.95,2025-02-04
PERODUA,VIVA ELITE PREMIUM,2011,1000.0,AUTOMATIC,PETROL,154000.0,USED,41.9,2025-02-01
PERODUA,VIVA ELITE PREMIUM,2011,1000.0,AUTOMATIC,PETROL,154000.0,USED,45.5,2025-01-11
PERODUA,VIVA ELITE PREMIUM,2011,1000.0,AUTOMATIC,PETROL,154000.0,USED,38.0,2025-01-07
PERODUA,VIVA ELITE PREMIUM,2011,1000.0,AUTOMATIC,PETROL,154000.0,USED,37.5,2025-01-06
PERODUA,VIVA ELITE PREMIUM,2011,1000.0,AUTOMATIC,PETROL,154000.0,USED,41.5,2025-01-06
PERODUA,VIVA ELITE PREMIUM,2011,1000.0,AUTOMATIC,PETROL,154000.0,USED,43.4,2025-01-24
PERODUA,VIVA ELITE PREMIUM,2011,1000.0,AUTOMATIC,PETROL,154000.0,USED,43.9,2024-12-30
PERODUA,VIVA ELITE PREMIUM,2011,1000.0,AUTOMATIC,PETROL,154000.0,USED,42.7,2024-12-08
PERODUA,VIVA ELITE PREMIUM,2011,1000.0,AUTOMATIC,PETROL,154000.0,USED,43.25,2024-12-07
PERODUA,VIVA ELITE PREMIUM,2012,1000.0,AUTOMATIC,PETROL,143000.0,USED,42.5,2025-02-01
PERODUA,VIVA ELITE PREMIUM,2012,1000.0,AUTOMATIC,PETROL,143000.0,USED,42.8,2024-12-25
PEUGEOT,000,1996,1500.0,AUTOMATIC,PETROL,319000.0,USED,13.0,2025-01-14
PEUGEOT,2008,2018,1200.0,AUTOMATIC,PETROL,142000.0,USED,107.5,2026-09-25
PEUGEOT,2008,2019,1200.0,AUTOMATIC,PETROL,69000.0,USED,105.0,2026-09-24
PEUGEOT,203,1956,1500.0,MANUAL,PETROL,759000.0,USED,40.0,2025-01-09
PEUGEOT,206,2000,1360.0,MANUAL,PETROL,275000.0,USED,26.75,2024-12-31
PEUGEOT,206,2001,1400.0,MANUAL,PETROL,264000.0,USED,28.5,2024-12-05
PEUGEOT,206,2003,1500.0,AUTOMATIC,PETROL,242000.0,USED,35.0,2025-01-31
PEUGEOT,3008,2017,1200.0,AUTOMATIC,PETROL,110000.0,USED,117.75,2026-09-25
PEUGEOT,3008,2018,1200.0,AUTOMATIC,PETROL,118000.0,USED,120.0,2026-09-26
PEUGEOT,3008,2018,1200.0,AUTOMATIC,PETROL,84000.0,USED,130.0,2026-09-25
PEUGEOT,3008,2018,1200.0,AUTOMATIC,PETROL,103248.0,USED,115.0,2026-09-23
PEUGEOT,3008,2020,1198.0,AUTOMATIC,PETROL,63000.0,USED,155.0,2026-09-25
PEUGEOT,305GL,1986,1500.0,MANUAL,PETROL,429000.0,USED,8.75,2025-01-27
PEUGEOT,305GL,1986,1500.0,MANUAL,PETROL,429000.0,USED,8.75,2024-12-08
PEUGEOT,306,1998,1360.0,MANUAL,PETROL,297000.0,USED,15.5,2025-02-01
PEUGEOT,306,1998,1360.0,MANUAL,PETROL,297000.0,USED,14.0,2025-01-11
PEUGEOT,306,1999,1590.0,MANUAL,PETROL,286000.0,USED,17.5,2025-01-31
PEUGEOT,307,2001,1500.0,MANUAL,PETROL,92000.0,USED,34.95,2026-09-23
PEUGEOT,404,1969,2000.0,MANUAL,DIESEL,124457.0,USED,6.2,2026-09-24
PEUGEOT,405 GLD,1995,1900.0,MANUAL,DIESEL,330000.0,USED,12.85,2025-02-01
PEUGEOT,406,1997,1600.0,MANUAL,PETROL,308000.0,USED,24.75,2025-01-28
PEUGEOT,406,1998,1900.0,MANUAL,DIESEL,297000.0,USED,25.0,2025-01-22
PEUGEOT,406,1999,1800.0,MANUAL,PETROL,286000.0,USED,19.5,2025-02-01
PEUGEOT,406,1999,1800.0,MANUAL,PETROL,286000.0,USED,28.75,2025-01-14
PEUGEOT,406,2000,1990.0,MANUAL,PETROL,275000.0,USED,27.5,2025-02-04
PEUGEOT,406,2000,2000.0,AUTOMATIC,PETROL,275000.0,USED,25.0,2025-01-17
PEUGEOT,406,2001,2000.0,MANUAL,PETROL,264000.0,USED,24.0,2025-01-30
PEUGEOT,406,2001,2000.0,MANUAL,PETROL,264000.0,USED,26.25,2025-01-10
PEUGEOT,406,2001,1800.0,MANUAL,PETROL,264000.0,USED,28.5,2024-12-06
PEUGEOT,406,2002,2000.0,MANUAL,PETROL,253000.0,USED,29.5,2025-02-04
PEUGEOT,406,2002,2000.0,MANUAL,PETROL,253000.0,NEW,28.5,2025-01-28
PEUGEOT,406,2002,1800.0,AUTOMATIC,PETROL,253000.0,USED,34.125,2024-12-12
PEUGEOT,406,2003,1800.0,MANUAL,PETROL,242000.0,USED,22.0,2025-02-04
PEUGEOT,406 D9,1999,1800.0,MANUAL,PETROL,286000.0,USED,20.25,2025-02-03
PEUGEOT,406 D9,2000,1800.0,MANUAL,PETROL,275000.0,USED,24.75,2025-01-28
PEUGEOT,406 D9,2002,1760.0,MANUAL,PETROL,253000.0,USED,26.75,2025-01-31
PEUGEOT,406 D9 GLX,2000,2000.0,MANUAL,PETROL,275000.0,USED,27.5,2025-01-10
PEUGEOT,406 D9 GTX,2001,2000.0,MANUAL,PETROL,264000.0,USED,27.5,2025-01-27
PEUGEOT,406 HDI,2001,2000.0,MANUAL,DIESEL,264000.0,USED,33.0,2025-02-03
PEUGEOT,407,2007,1997.0,MANUAL,PETROL,198000.0,USED,48.9,2025-02-03
PEUGEOT,407,2007,1990.0,MANUAL,PETROL,198000.0,USED,48.9,2025-02-01
PEUGEOT,407,2007,2000.0,AUTOMATIC,DIESEL,198000.0,USED,48.9,2025-01-31
PEUGEOT,407,2007,1997.0,MANUAL,PETROL,198000.0,USED,48.9,2025-01-11
PEUGEOT,407,2007,2000.0,MANUAL,PETROL,137000.0,USED,50.95,2026-09-25
PEUGEOT,407,2008,1600.0,MANUAL,DIESEL,187000.0,USED,48.9,2025-02-01
PEUGEOT,407 EXECUTIVE,2007,2200.0,AUTOMATIC,PETROL,198000.0,USED,48.9,2025-01-29
PEUGEOT,5008,2025,1200.0,AUTOMATIC,HYBRID,20.0,NEW,367.9,2026-09-26
PEUGEOT,5008,2025,1200.0,AUTOMATIC,HYBRID,30.0,NEW,349.0,2026-09-25
PEUGEOT,504,1974,1500.0,AUTOMATIC,DIESEL,561000.0,USED,10.5,2024-12-26
PEUGEOT,504,1976,1500.0,MANUAL,DIESEL,539000.0,USED,7.25,2025-02-05
PEUGEOT,504,1976,1500.0,MANUAL,DIESEL,539000.0,USED,7.0,2025-02-04
PEUGEOT,504,1983,2000.0,AUTOMATIC,DIESEL,462000.0,USED,8.75,2025-01-07
PEUGEOT,504 GL,1978,1800.0,MANUAL,PETROL,517000.0,USED,11.75,2025-02-04
PEUGEOT,504 L,1976,2000.0,MANUAL,DIESEL,539000.0,USED,9.5,2025-01-12
PEUGEOT,505,1967,1500.0,MANUAL,DIESEL,638000.0,USED,6.0,2024-12-28
PEUGEOT,505,1983,1900.0,AUTOMATIC,DIESEL,462000.0,NEW,10.0,2025-02-04
PEUGEOT,505,1986,2000.0,MANUAL,DIESEL,429000.0,USED,9.5,2025-01-04
PEUGEOT,505 GL,1988,2000.0,MANUAL,DIESEL,407000.0,USED,13.5,2024-12-13
PEUGEOT,508,2011,1600.0,AUTOMATIC,PETROL,154000.0,USED,142.0,2024-12-25
PEUGEOT,508,2011,1600.0,AUTOMATIC,PETROL,154000.0,USED,140.0,2024-12-25
PEUGEOT,508,2012,1600.0,AUTOMATIC,PETROL,90000.0,USED,75.0,2026-09-25
PEUGEOT,508,2014,1997.0,AUTOMATIC,PETROL,121000.0,USED,110.0,2025-01-20
PEUGEOT,508,2015,1600.0,AUTOMATIC,PETROL,74536.0,USED,119.0,2026-09-25
PEUGEOT,508,2016,2000.0,AUTOMATIC,DIESEL,99000.0,USED,170.0,2025-01-31
PEUGEOT,605,1993,2000.0,MANUAL,PETROL,352000.0,USED,4.75,2025-01-19
PEUGEOT,605 SR,1993,2000.0,MANUAL,PETROL,352000.0,USED,13.5,2025-02-03
PEUGEOT,607,2000,2950.0,AUTOMATIC,PETROL,275000.0,USED,32.5,2024-12-24
PEUGEOT,607,2001,2200.0,AUTOMATIC,PETROL,264000.0,USED,27.5,2025-02-03
PEUGEOT,GT LINE,2019,1200.0,AUTOMATIC,PETROL,66000.0,USED,210.0,2025-02-05
PORSCHE,718 CAYMAN,2024,2000.0,AUTOMATIC,PETROL,5000.0,USED,745.0,2026-09-25
PORSCHE,MACAN,2017,2000.0,AUTOMATIC,PETROL,54200.0,USED,375.0,2026-09-25
PROTON,GEN 2,2005,1600.0,AUTOMATIC,PETROL,220000.0,USED,20.0,2025-02-03
PROTON,GEN 2,2005,1600.0,MANUAL,PETROL,220000.0,USED,18.75,2024-12-14
PROTON,GEN 2,2006,1300.0,MANUAL,PETROL,209000.0,USED,33.9,2025-02-03
PROTON,PERSONA,2010,1600.0,AUTOMATIC,PETROL,165000.0,USED,42.0,2025-01-22
PROTON,PERSONA,2011,1590.0,AUTOMATIC,PETROL,154000.0,USED,38.0,2025-01-27
PROTON,SAGA,1988,1500.0,MANUAL,PETROL,407000.0,USED,10.0,2024-12-07
PROTON,SAGA,2011,1490.0,AUTOMATIC,PETROL,154000.0,USED,9.95,2025-02-04
PROTON,SAGA,2011,1411.0,AUTOMATIC,PETROL,154000.0,USED,9.95,2025-01-30
PROTON,SAGA,2011,1490.0,AUTOMATIC,PETROL,154000.0,USED,9.95,2025-01-26
PROTON,SAGA,2011,1300.0,AUTOMATIC,PETROL,154000.0,USED,37.5,2024-12-08
PROTON,SAGA,2024,1300.0,AUTOMATIC,PETROL,11000.0,USED,84.5,2025-01-10
PROTON,SAGA,2024,1300.0,AUTOMATIC,PETROL,11000.0,USED,80.0,2025-01-22
PROTON,SAVVY,2006,1300.0,MANUAL,PETROL,209000.0,USED,22.0,2025-01-17
PROTON,SAVVY,2008,1300.0,AUTOMATIC,PETROL,187000.0,USED,27.0,2024-12-07
PROTON,WIRA,1993,1350.0,MANUAL,PETROL,352000.0,USED,6.0,2025-02-04
PROTON,WIRA,1994,1500.0,MANUAL,PETROL,341000.0,USED,12.5,2025-01-09
PROTON,WIRA,1998,1300.0,MANUAL,PETROL,297000.0,USED,13.2,2025-02-03
PROTON,WIRA,1998,1500.0,MANUAL,PETROL,297000.0,USED,15.5,2025-01-20
PROTON,WIRA,2000,1300.0,MANUAL,PETROL,275000.0,USED,19.0,2025-01-19
PROTON,WIRA,2000,1500.0,AUTOMATIC,PETROL,275000.0,USED,19.5,2024-12-19
PROTON,WIRA,2001,1500.0,AUTOMATIC,PETROL,264000.0,USED,18.5,2025-02-02
PROTON,WIRA,2001,1500.0,MANUAL,PETROL,264000.0,USED,15.5,2025-01-24
PROTON,WIRA,2001,1300.0,MANUAL,PETROL,264000.0,USED,18.5,2024-12-30
PROTON,WIRA,2003,1300.0,AUTOMATIC,PETROL,242000.0,USED,22.0,2025-02-05
PROTON,WIRA,2004,1500.0,MANUAL,PETROL,231000.0,USED,7.85,2025-01-03
PROTON,WIRA,2004,1480.0,MANUAL,PETROL,231000.0,USED,14.175,2024-12-23
PROTON,WIRA,2004,1299.0,MANUAL,PETROL,231000.0,USED,20.5,2024-12-15
PROTON,WIRA,2005,1468.0,MANUAL,PETROL,220000.0,USED,15.95,2025-02-05
PROTON,WIRA,2005,1500.0,MANUAL,PETROL,220000.0,USED,19.9,2025-01-24
PROTON,WIRA,2007,1299.0,MANUAL,PETROL,142650.0,USED,27.5,2026-09-24
RENAULT,KWID,2016,800.0,MANUAL,PETROL,99000.0,USED,32.9,2025-02-05
RENAULT,KWID,2016,800.0,MANUAL,PETROL,99000.0,USED,31.75,2025-02-05
RENAULT,KWID,2016,800.0,MANUAL,PETROL,99000.0,USED,34.625,2025-02-05
RENAULT,KWID,2016,800.0,MANUAL,PETROL,99000.0,USED,32.9,2025-02-03
RENAULT,KWID,2016,800.0,MANUAL,PETROL,99000.0,USED,32.1625,2025-02-02
RENAULT,KWID,2016,800.0,MANUAL,PETROL,99000.0,USED,32.9,2025-02-01
RENAULT,KWID,2016,800.0,MANUAL,PETROL,99000.0,USED,32.25,2025-02-01
RENAULT,KWID,2016,800.0,MANUAL,PETROL,99000.0,USED,31.75,2025-01-31
RENAULT,KWID,2016,800.0,MANUAL,PETROL,99000.0,USED,32.0,2025-01-31
RENAULT,KWID,2016,800.0,MANUAL,PETROL,99000.0,USED,32.9,2025-01-31
RENAULT,KWID,2016,800.0,MANUAL,PETROL,99000.0,USED,32.75,2025-01-30
RENAULT,KWID,2016,800.0,MANUAL,PETROL,99000.0,USED,30.5,2025-01-30
RENAULT,KWID,2016,800.0,MANUAL,PETROL,99000.0,USED,31.9,2025-01-30
RENAULT,KWID,2016,800.0,MANUAL,PETROL,99000.0,USED,31.85,2025-01-14
RENAULT,KWID,2016,800.0,MANUAL,PETROL,99000.0,USED,31.25,2025-01-13
RENAULT,KWID,2016,1300.0,AUTOMATIC,PETROL,99000.0,USED,32.1625,2025-01-10
RENAULT,KWID,2016,880.0,MANUAL,PETROL,99000.0,USED,32.1625,2025-01-09
RENAULT,KWID,2016,800.0,MANUAL,PETROL,99000.0,USED,33.5,2025-01-25
RENAULT,KWID,2016,2016.0,MANUAL,PETROL,99000.0,USED,31.5,2025-01-23
RENAULT,KWID,2016,800.0,MANUAL,PETROL,99000.0,USED,33.9,2025-01-22
RENAULT,KWID,2016,1300.0,MANUAL,PETROL,99000.0,USED,32.1625,2025-01-22
RENAULT,KWID,2016,800.0,MANUAL,PETROL,99000.0,USED,32.9,2025-01-20
RENAULT,KWID,2016,1300.0,MANUAL,PETROL,99000.0,USED,32.1625,2025-01-03
RENAULT,KWID,2016,800.0,MANUAL,PETROL,99000.0,USED,32.1625,2025-01-02
RENAULT,KWID,2016,800.0,MANUAL,PETROL,99000.0,USED,30.9,2024-12-30
RENAULT,KWID,2016,800.0,MANUAL,PETROL,99000.0,USED,31.5,2024-12-29
RENAULT,KWID,2016,800.0,MANUAL,PETROL,99000.0,USED,32.0,2024-12-27
RENAULT,KWID,2016,800.0,MANUAL,PETROL,99000.0,USED,30.025,2024-12-25
RENAULT,KWID,2016,800.0,MANUAL,PETROL,99000.0,USED,32.0,2024-12-18
RENAULT,KWID,2016,800.0,MANUAL,PETROL,99000.0,USED,31.15,2024-12-15
RENAULT,KWID,2016,800.0,MANUAL,PETROL,99000.0,USED,31.9,2024-12-14
RENAULT,KWID,2016,800.0,MANUAL,PETROL,99000.0,USED,32.1625,2024-12-13
RENAULT,KWID,2016,800.0,MANUAL,PETROL,99000.0,USED,32.25,2024-12-06
RENAULT,KWID,2016,800.0,MANUAL,PETROL,99000.0,USED,33.85,2024-12-05
RENAULT,KWID,2016,800.0,MANUAL,PETROL,99000.0,USED,31.0,2024-12-04
RENAULT,KWID,2016,800.0,MANUAL,PETROL,117000.0,USED,38.4,2026-09-24
RENAULT,KWID,2016,800.0,MANUAL,PETROL,148000.0,USED,35.0,2026-09-26
RENAULT,KWID,2017,800.0,MANUAL,PETROL,88000.0,USED,30.025,2025-01-17
RENAULT,KWID,2017,800.0,MANUAL,PETROL,88000.0,USED,32.75,2025-01-27
RENAULT,KWID,2017,1000.0,AUTOMATIC,PETROL,88000.0,USED,34.625,2025-01-27
RENAULT,KWID,2017,800.0,MANUAL,PETROL,88000.0,USED,30.5,2025-01-05
RENAULT,KWID,2017,1000.0,MANUAL,PETROL,88000.0,USED,32.75,2024-12-06
RENAULT,KWID,2017,800.0,MANUAL,PETROL,89000.0,USED,36.9,2026-09-27
RENAULT,KWID,2017,800.0,MANUAL,PETROL,95000.0,USED,36.9008,2026-09-25
RENAULT,KWID,2018,800.0,MANUAL,PETROL,77000.0,USED,34.625,2025-02-04
RENAULT,KWID,2018,800.0,MANUAL,PETROL,77000.0,USED,34.625,2024-12-20
RENAULT,KWID,2019,1500.0,MANUAL,PETROL,66000.0,USED,34.625,2024-12-11
RENAULT,KWID,2019,1000.0,AUTOMATIC,PETROL,93000.0,USED,45.75,2026-09-25
RENAULT,KWID RED,2018,800.0,MANUAL,PETROL,77000.0,USED,35.6,2025-02-03
RENAULT,KWID RXT,2016,800.0,MANUAL,PETROL,99000.0,USED,32.75,2025-02-03
RENAULT,KWID RXT,2016,800.0,MANUAL,PETROL,99000.0,USED,31.5,2025-01-18
RENAULT,KWID RXT,2016,800.0,MANUAL,PETROL,99000.0,USED,30.85,2025-01-17
RENAULT,KWID RXT,2016,800.0,MANUAL,PETROL,99000.0,USED,30.45,2025-01-12
RENAULT,KWID RXT,2016,800.0,MANUAL,PETROL,99000.0,USED,32.9,2025-01-27
RENAULT,KWID RXT,2016,800.0,MANUAL,PETROL,99000.0,USED,30.75,2025-01-19
RENAULT,KWID RXT,2016,800.0,MANUAL,PETROL,99000.0,USED,31.45,2024-12-20
RENAULT,KWID RXT,2017,800.0,MANUAL,PETROL,88000.0,USED,28.875,2025-02-05
RENAULT,KWID RXT,2017,800.0,MANUAL,PETROL,88000.0,USED,28.875,2025-02-03
RENAULT,KWID SPORTS RXT,2016,800.0,AUTOMATIC,PETROL,99000.0,USED,31.75,2025-02-05
RENAULT,KWID SPORTS RXT,2016,800.0,MANUAL,PETROL,99000.0,USED,31.75,2025-02-03
RENAULT,LAGUNA,2004,1500.0,MANUAL,PETROL,231000.0,USED,29.5,2024-12-08
RENAULT,MEGANE,2006,1600.0,AUTOMATIC,PETROL,209000.0,USED,25.0,2025-01-25
RENAULT,RENAULT,1991,1500.0,AUTOMATIC,PETROL,374000.0,USED,11.0,2024-12-04
SEAT,TOLEDO,2002,1300.0,AUTOMATIC,PETROL,253000.0,USED,28.0,2024-12-22
SKODA,KYLAQ,2025,1000.0,AUTOMATIC,PETROL,0.0,NEW,122.0,2026-09-24
SKODA,OCTAVIA,2002,1600.0,MANUAL,PETROL,253000.0,USED,21.0,2024-12-24
SKODA,SUPERB,2002,1800.0,MANUAL,PETROL,253000.0,USED,27.0,2025-01-02
SSANG YONG,KYRON,2008,2000.0,AUTOMATIC,DIESEL,194564.0,USED,52.75,2026-09-25
SSANG YONG,REXTON,2016,2000.0,AUTOMATIC,DIESEL,116000.0,USED,114.75,2026-09-23
SSANG YONG,REXTON,2018,2200.0,AUTOMATIC,DIESEL,82000.0,USED,215.0,2026-09-25
SUBARU,GF5,1999,2000.0,MANUAL,PETROL,286000.0,USED,46.0,2025-01-07
SUBARU,IMPREZA,1996,1500.0,MANUAL,PETROL,319000.0,USED,52.0,2024-12-06
SUBARU,IMPREZA,2000,1500.0,AUTOMATIC,PETROL,275000.0,USED,36.75,2025-02-04
SUBARU,IMPREZA,2000,1500.0,AUTOMATIC,PETROL,155000.0,USED,35.75,2026-09-25
SUBARU,IMPREZA WAGON,1996,1500.0,MANUAL,PETROL,319000.0,USED,29.5,2025-01-28
SUBARU,LEGACY,2004,2000.0,AUTOMATIC,PETROL,231000.0,USED,47.0,2024-12-29
SUBARU,LEONE,1981,1300.0,MANUAL,PETROL,484000.0,USED,10.9,2024-12-04
SUBARU,LEONE,1992,1300.0,MANUAL,PETROL,363000.0,USED,13.75,2025-01-10
SUBARU,LEONE,1992,1300.0,MANUAL,PETROL,363000.0,USED,13.75,2024-12-31
SUBARU,R2,2024,650.0,AUTOMATIC,PETROL,11000.0,USED,34.5,2024-12-23
SUBARU,STI 12,2015,2000.0,MANUAL,PETROL,110000.0,USED,225.0,2025-01-17
SUBARU,STI 6,2002,2000.0,MANUAL,PETROL,253000.0,USED,61.0,2025-01-03
SUBARU,STI 6 RA,2000,1998.0,MANUAL,PETROL,275000.0,USED,85.0,2025-01-13
SUBARU,STI4,1993,2000.0,MANUAL,PETROL,352000.0,USED,43.75,2025-01-17
SUBARU,SUBARU,1989,1000.0,MANUAL,PETROL,396000.0,USED,9.0,2025-01-30
SUBARU,WRX STI 8,2003,2000.0,MANUAL,PETROL,242000.0,USED,120.0,2025-01-26
SUBARU,WRX STI 9,2004,2000.0,MANUAL,PETROL,231000.0,USED,115.0,2025-01-26
SUBARU,XV,2014,2000.0,AUTOMATIC,HYBRID,185000.0,USED,84.0,2026-09-26
SUBARU,XV,2020,1600.0,AUTOMATIC,PETROL,118000.0,USED,125.0,2026-09-26
SUZUKI,A- STAR,2011,1000.0,MANUAL,PETROL,154000.0,USED,12.75,2025-01-03
SUZUKI,A-STAR,2010,1000.0,MANUAL,PETROL,165000.0,USED,35.0,2025-02-01
SUZUKI,A-STAR,2010,998.0,MANUAL,PETROL,165000.0,USED,38.5,2025-01-16
SUZUKI,A-STAR,2010,1000.0,MANUAL,PETROL,165000.0,USED,38.5,2025-01-10
SUZUKI,A-STAR,2010,999.0,MANUAL,PETROL,165000.0,USED,34.0,2025-01-07
SUZUKI,A-STAR,2010,1000.0,MANUAL,PETROL,165000.0,USED,32.0,2025-01-21
SUZUKI,A-STAR,2010,1000.0,MANUAL,PETROL,165000.0,USED,33.85,2024-12-16
SUZUKI,A-STAR,2011,998.0,AUTOMATIC,PETROL,154000.0,USED,42.9,2025-02-05
SUZUKI,A-STAR,2011,1000.0,MANUAL,PETROL,154000.0,USED,35.9,2025-02-05
SUZUKI,A-STAR,2011,1000.0,MANUAL,PETROL,154000.0,USED,36.4,2025-02-05
SUZUKI,A-STAR,2011,1000.0,MANUAL,PETROL,154000.0,USED,36.0,2025-02-04
SUZUKI,A-STAR,2011,1000.0,MANUAL,PETROL,154000.0,USED,33.9,2025-02-04
SUZUKI,A-STAR,2011,1000.0,MANUAL,PETROL,154000.0,USED,35.75,2025-02-03
SUZUKI,A-STAR,2011,1000.0,AUTOMATIC,PETROL,154000.0,USED,44.85,2025-02-03
SUZUKI,A-STAR,2011,1000.0,AUTOMATIC,PETROL,154000.0,USED,44.75,2025-02-02
SUZUKI,A-STAR,2011,1000.0,MANUAL,PETROL,154000.0,USED,37.5,2025-01-17
SUZUKI,A-STAR,2011,1000.0,MANUAL,PETROL,154000.0,USED,26.25,2025-01-13
SUZUKI,A-STAR,2011,1000.0,AUTOMATIC,PETROL,154000.0,USED,41.0,2025-01-12
SUZUKI,A-STAR,2011,999.0,MANUAL,PETROL,154000.0,USED,36.25,2025-01-12
SUZUKI,A-STAR,2011,1000.0,AUTOMATIC,PETROL,154000.0,USED,40.0,2025-01-11
SUZUKI,A-STAR,2011,1000.0,AUTOMATIC,PETROL,154000.0,USED,41.5,2025-01-07
SUZUKI,A-STAR,2011,1000.0,MANUAL,PETROL,154000.0,USED,26.25,2025-01-06
SUZUKI,A-STAR,2011,998.0,MANUAL,PETROL,154000.0,USED,36.0,2025-01-06
SUZUKI,A-STAR,2011,1000.0,AUTOMATIC,PETROL,154000.0,USED,38.95,2025-01-26
SUZUKI,A-STAR,2011,1000.0,MANUAL,PETROL,154000.0,USED,37.03,2025-01-25
SUZUKI,A-STAR,2011,999.0,AUTOMATIC,PETROL,154000.0,USED,43.75,2025-01-21
SUZUKI,A-STAR,2011,1000.0,MANUAL,PETROL,154000.0,USED,32.5,2025-01-05
SUZUKI,A-STAR,2011,1000.0,AUTOMATIC,PETROL,154000.0,USED,40.5,2024-12-30
SUZUKI,A-STAR,2011,1000.0,AUTOMATIC,PETROL,154000.0,USED,43.0,2024-12-29
SUZUKI,A-STAR,2011,1000.0,AUTOMATIC,PETROL,154000.0,USED,42.35,2024-12-19
SUZUKI,A-STAR,2011,1000.0,AUTOMATIC,PETROL,154000.0,USED,42.5,2024-12-09
SUZUKI,A-STAR,2011,1000.0,MANUAL,PETROL,154000.0,USED,37.25,2024-12-09
SUZUKI,A-STAR,2011,1000.0,MANUAL,PETROL,154000.0,USED,38.0,2024-12-09
SUZUKI,A-STAR,2011,1000.0,MANUAL,PETROL,79675.0,USED,39.5,2026-09-26
SUZUKI,A-STAR,2012,998.0,AUTOMATIC,PETROL,143000.0,USED,44.9,2025-02-05
SUZUKI,A-STAR,2012,1000.0,AUTOMATIC,PETROL,143000.0,USED,42.5,2025-02-02
SUZUKI,A-STAR,2012,1000.0,MANUAL,PETROL,143000.0,USED,40.75909090909091,2025-01-28
SUZUKI,A-STAR,2012,1000.0,AUTOMATIC,PETROL,143000.0,USED,43.5,2025-01-18
SUZUKI,A-STAR,2012,1000.0,AUTOMATIC,PETROL,143000.0,USED,43.9,2025-01-17
SUZUKI,A-STAR,2012,998.0,AUTOMATIC,PETROL,143000.0,USED,43.0,2025-01-12
SUZUKI,A-STAR,2012,1000.0,MANUAL,PETROL,143000.0,USED,40.75909090909091,2025-01-10
SUZUKI,A-STAR,2012,1000.0,MANUAL,PETROL,143000.0,USED,39.75,2025-01-27
SUZUKI,A-STAR,2012,1000.0,MANUAL,PETROL,143000.0,USED,38.5,2025-01-27
SUZUKI,A-STAR,2012,1000.0,MANUAL,PETROL,143000.0,NEW,40.75909090909091,2025-01-26
SUZUKI,A-STAR,2012,1000.0,MANUAL,PETROL,143000.0,USED,37.5,2025-01-19
SUZUKI,A-STAR,2012,1000.0,AUTOMATIC,PETROL,143000.0,USED,42.8,2024-12-23
SUZUKI,A-STAR,2012,1000.0,MANUAL,PETROL,143000.0,USED,35.0,2024-12-20
SUZUKI,A-STAR,2012,998.0,MANUAL,PETROL,143000.0,USED,37.0,2024-12-19
SUZUKI,A-STAR,2012,998.0,AUTOMATIC,PETROL,126000.0,USED,45.0,2026-09-25
SUZUKI,A-STAR,2013,1000.0,AUTOMATIC,PETROL,132000.0,USED,43.75,2025-01-29
SUZUKI,A-STAR,2013,1000.0,MANUAL,PETROL,132000.0,USED,36.5,2025-01-23
SUZUKI,A-STAR,2013,1000.0,AUTOMATIC,PETROL,132000.0,USED,45.0,2024-12-29
SUZUKI,AERIO,2002,1490.0,AUTOMATIC,PETROL,253000.0,USED,33.0,2025-01-06
SUZUKI,AERIO,2003,1500.0,AUTOMATIC,PETROL,242000.0,USED,33.5,2025-01-18
SUZUKI,AERIO,2003,1490.0,AUTOMATIC,PETROL,242000.0,USED,33.25,2025-01-22
SUZUKI,ALTO,1997,680.0,MANUAL,PETROL,308000.0,USED,18.5,2024-12-20
SUZUKI,ALTO,1999,660.0,MANUAL,PETROL,165000.0,USED,18.75,2026-09-26
SUZUKI,ALTO,2000,650.0,AUTOMATIC,PETROL,275000.0,USED,29.95,2025-02-05
SUZUKI,ALTO,2002,650.0,MANUAL,PETROL,253000.0,USED,26.75,2025-01-16
SUZUKI,ALTO,2002,1000.0,MANUAL,PETROL,253000.0,USED,26.5,2025-01-26
SUZUKI,ALTO,2002,650.0,AUTOMATIC,PETROL,253000.0,USED,30.5,2024-12-29
SUZUKI,ALTO,2002,660.0,MANUAL,PETROL,253000.0,USED,28.9,2024-12-22
SUZUKI,ALTO,2003,650.0,AUTOMATIC,PETROL,242000.0,USED,32.8,2025-01-17
SUZUKI,ALTO,2003,650.0,AUTOMATIC,PETROL,242000.0,USED,32.0,2025-01-14
SUZUKI,ALTO,2003,660.0,AUTOMATIC,PETROL,242000.0,USED,34.5,2025-01-05
SUZUKI,ALTO,2003,1100.0,MANUAL,PETROL,242000.0,USED,25.5,2025-01-26
SUZUKI,ALTO,2004,660.0,AUTOMATIC,PETROL,231000.0,USED,30.0,2025-01-17
SUZUKI,ALTO,2004,1060.0,MANUAL,PETROL,231000.0,USED,26.75,2025-01-17
SUZUKI,ALTO,2004,800.0,MANUAL,PETROL,231000.0,USED,26.5,2025-01-24
SUZUKI,ALTO,2004,650.0,AUTOMATIC,PETROL,231000.0,USED,33.75,2024-12-21
SUZUKI,ALTO,2004,650.0,AUTOMATIC,PETROL,170029.0,USED,37.5,2026-09-24
SUZUKI,ALTO,2005,800.0,MANUAL,PETROL,220000.0,USED,24.5,2025-02-03
SUZUKI,ALTO,2005,800.0,MANUAL,PETROL,220000.0,USED,22.5,2025-02-03
SUZUKI,ALTO,2005,1000.0,MANUAL,PETROL,220000.0,USED,23.0,2025-01-07
SUZUKI,ALTO,2005,1000.0,MANUAL,PETROL,220000.0,USED,23.125,2025-01-20
SUZUKI,ALTO,2005,800.0,MANUAL,PETROL,220000.0,USED,22.5,2024-12-28
SUZUKI,ALTO,2006,800.0,MANUAL,PETROL,209000.0,USED,23.5,2025-02-05
SUZUKI,ALTO,2006,800.0,MANUAL,PETROL,209000.0,USED,24.02777777777778,2025-02-03
SUZUKI,ALTO,2006,800.0,MANUAL,PETROL,209000.0,USED,26.0,2025-02-03
SUZUKI,ALTO,2006,800.0,MANUAL,PETROL,209000.0,USED,24.5,2025-02-02
SUZUKI,ALTO,2006,800.0,MANUAL,PETROL,209000.0,USED,22.9,2025-02-02
SUZUKI,ALTO,2006,850.0,MANUAL,PETROL,209000.0,USED,24.0,2025-01-30
SUZUKI,ALTO,2006,800.0,MANUAL,PETROL,209000.0,USED,22.5,2025-01-15
SUZUKI,ALTO,2006,800.0,MANUAL,PETROL,209000.0,USED,22.95,2025-01-14
SUZUKI,ALTO,2006,1000.0,MANUAL,PETROL,209000.0,USED,24.25,2025-01-12
SUZUKI,ALTO,2006,800.0,MANUAL,PETROL,209000.0,USED,23.5,2025-01-12
SUZUKI,ALTO,2006,800.0,MANUAL,PETROL,209000.0,USED,24.85,2025-01-10
SUZUKI,ALTO,2006,800.0,MANUAL,PETROL,209000.0,USED,24.6,2025-01-09
SUZUKI,ALTO,2006,650.0,MANUAL,PETROL,209000.0,USED,24.02777777777778,2025-01-07
SUZUKI,ALTO,2006,800.0,MANUAL,PETROL,209000.0,USED,26.0,2025-01-28
SUZUKI,ALTO,2006,800.0,MANUAL,PETROL,209000.0,USED,22.7,2025-01-26
SUZUKI,ALTO,2006,800.0,MANUAL,PETROL,209000.0,USED,24.5,2025-01-25
SUZUKI,ALTO,2006,800.0,MANUAL,PETROL,209000.0,USED,25.0,2025-01-23
SUZUKI,ALTO,2006,800.0,MANUAL,PETROL,209000.0,USED,23.0,2025-01-22
SUZUKI,ALTO,2006,800.0,MANUAL,PETROL,209000.0,USED,23.5,2024-12-25
SUZUKI,ALTO,2006,800.0,MANUAL,PETROL,209000.0,USED,24.02777777777778,2024-12-25
SUZUKI,ALTO,2006,800.0,MANUAL,PETROL,209000.0,USED,24.25,2024-12-20
SUZUKI,ALTO,2006,800.0,MANUAL,PETROL,157000.0,USED,29.5,2026-09-25
SUZUKI,ALTO,2007,800.0,MANUAL,PETROL,198000.0,USED,23.95,2025-02-04
SUZUKI,ALTO,2007,800.0,MANUAL,PETROL,198000.0,USED,24.0195,2025-02-04
SUZUKI,ALTO,2007,650.0,AUTOMATIC,PETROL,198000.0,USED,24.0195,2025-02-01
SUZUKI,ALTO,2007,800.0,MANUAL,PETROL,198000.0,USED,24.6,2025-01-29
SUZUKI,ALTO,2007,800.0,MANUAL,PETROL,198000.0,USED,26.5,2025-01-29
SUZUKI,ALTO,2007,800.0,MANUAL,PETROL,198000.0,USED,24.75,2025-01-14
SUZUKI,ALTO,2007,800.0,MANUAL,PETROL,198000.0,USED,23.9,2025-01-26
SUZUKI,ALTO,2007,800.0,MANUAL,PETROL,198000.0,USED,23.9,2025-01-22
SUZUKI,ALTO,2007,800.0,MANUAL,PETROL,198000.0,USED,24.0195,2025-01-04
SUZUKI,ALTO,2007,800.0,MANUAL,PETROL,198000.0,NEW,24.0195,2024-12-21
SUZUKI,ALTO,2007,800.0,MANUAL,PETROL,198000.0,USED,24.0195,2024-12-21
SUZUKI,ALTO,2007,800.0,MANUAL,PETROL,198000.0,USED,22.9,2024-12-16
SUZUKI,ALTO,2007,800.0,MANUAL,PETROL,198000.0,USED,24.0195,2024-12-13
SUZUKI,ALTO,2007,800.0,MANUAL,PETROL,198000.0,USED,24.0195,2024-12-11
SUZUKI,ALTO,2007,800.0,MANUAL,PETROL,198000.0,USED,24.0195,2024-12-07
SUZUKI,ALTO,2007,860.0,MANUAL,PETROL,198000.0,USED,22.795,2024-12-06
SUZUKI,ALTO,2007,800.0,MANUAL,PETROL,198000.0,USED,23.25,2024-12-04
SUZUKI,ALTO,2007,800.0,MANUAL,PETROL,198000.0,USED,23.65,2024-12-04
SUZUKI,ALTO,2007,800.0,MANUAL,PETROL,122500.0,USED,33.0,2026-09-26
SUZUKI,ALTO,2008,800.0,MANUAL,PETROL,187000.0,USED,21.9,2025-02-04
SUZUKI,ALTO,2008,800.0,MANUAL,PETROL,187000.0,USED,23.46,2025-02-03
SUZUKI,ALTO,2008,790.0,MANUAL,PETROL,187000.0,USED,24.95,2025-02-02
SUZUKI,ALTO,2008,800.0,MANUAL,PETROL,187000.0,USED,23.75,2025-01-23
SUZUKI,ALTO,2008,1000.0,MANUAL,PETROL,187000.0,USED,22.95,2025-01-04
SUZUKI,ALTO,2008,800.0,MANUAL,PETROL,187000.0,USED,23.75,2025-01-04
SUZUKI,ALTO,2008,800.0,MANUAL,PETROL,187000.0,USED,23.46,2025-01-04
SUZUKI,ALTO,2008,650.0,MANUAL,PETROL,187000.0,USED,23.46,2024-12-09
SUZUKI,ALTO,2009,800.0,MANUAL,PETROL,176000.0,USED,24.8,2025-01-31
SUZUKI,ALTO,2009,660.0,MANUAL,PETROL,176000.0,USED,25.15,2025-01-28
SUZUKI,ALTO,2009,800.0,MANUAL,PETROL,176000.0,USED,25.5,2025-01-11
SUZUKI,ALTO,2009,660.0,AUTOMATIC,PETROL,176000.0,USED,25.15,2024-12-27
SUZUKI,ALTO,2009,800.0,MANUAL,PETROL,176000.0,USED,25.15,2024-12-04
SUZUKI,ALTO,2010,800.0,MANUAL,PETROL,165000.0,USED,26.9,2025-02-04
SUZUKI,ALTO,2010,800.0,MANUAL,PETROL,165000.0,USED,26.5,2025-02-03
SUZUKI,ALTO,2010,800.0,MANUAL,PETROL,165000.0,USED,26.538235294117648,2025-02-03
SUZUKI,ALTO,2010,800.0,MANUAL,PETROL,165000.0,USED,26.0,2025-02-02
SUZUKI,ALTO,2010,800.0,MANUAL,PETROL,165000.0,USED,24.0,2025-02-02
SUZUKI,ALTO,2010,800.0,MANUAL,PETROL,165000.0,USED,27.9,2025-02-01
SUZUKI,ALTO,2010,800.0,MANUAL,PETROL,165000.0,USED,25.95,2025-01-31
SUZUKI,ALTO,2010,796.0,MANUAL,PETROL,165000.0,USED,28.75,2025-01-31
SUZUKI,ALTO,2010,800.0,MANUAL,PETROL,165000.0,USED,26.538235294117648,2025-01-18
SUZUKI,ALTO,2010,800.0,MANUAL,PETROL,165000.0,USED,28.0,2025-01-18
SUZUKI,ALTO,2010,800.0,MANUAL,PETROL,165000.0,USED,26.538235294117648,2025-01-28
SUZUKI,ALTO,2010,800.0,MANUAL,PETROL,165000.0,USED,25.0,2025-01-27
SUZUKI,ALTO,2010,800.0,MANUAL,PETROL,165000.0,USED,25.5,2025-01-05
SUZUKI,ALTO,2010,800.0,MANUAL,PETROL,165000.0,USED,27.95,2025-01-04
SUZUKI,ALTO,2010,800.0,MANUAL,PETROL,165000.0,USED,26.0,2024-12-30
SUZUKI,ALTO,2010,800.0,AUTOMATIC,PETROL,165000.0,USED,26.5,2024-12-23
SUZUKI,ALTO,2010,800.0,MANUAL,PETROL,165000.0,USED,28.2,2024-12-21
SUZUKI,ALTO,2010,800.0,MANUAL,PETROL,165000.0,USED,26.538235294117648,2024-12-20
SUZUKI,ALTO,2010,800.0,MANUAL,PETROL,165000.0,USED,25.9,2024-12-07
SUZUKI,ALTO,2010,800.0,MANUAL,PETROL,165000.0,USED,26.75,2024-12-06
SUZUKI,ALTO,2010,800.0,MANUAL,PETROL,165000.0,USED,25.35,2024-12-05
SUZUKI,ALTO,2011,800.0,MANUAL,PETROL,154000.0,USED,26.294594594594596,2025-02-05
SUZUKI,ALTO,2011,800.0,MANUAL,PETROL,154000.0,USED,27.25,2025-02-04
SUZUKI,ALTO,2011,800.0,MANUAL,PETROL,154000.0,USED,26.25,2025-02-04
SUZUKI,ALTO,2011,800.0,MANUAL,PETROL,154000.0,USED,26.294594594594596,2025-02-04
SUZUKI,ALTO,2011,800.0,MANUAL,PETROL,154000.0,USED,26.45,2025-02-03
SUZUKI,ALTO,2011,800.0,MANUAL,PETROL,154000.0,USED,25.5,2025-02-03
SUZUKI,ALTO,2011,800.0,MANUAL,PETROL,154000.0,USED,25.9,2025-01-31
SUZUKI,ALTO,2011,800.0,MANUAL,PETROL,154000.0,USED,25.85,2025-01-31
SUZUKI,ALTO,2011,800.0,MANUAL,PETROL,154000.0,USED,26.0,2025-01-18
SUZUKI,ALTO,2011,800.0,MANUAL,PETROL,154000.0,USED,26.294594594594596,2025-01-17
SUZUKI,ALTO,2011,800.0,MANUAL,PETROL,154000.0,USED,26.85,2025-01-17
SUZUKI,ALTO,2011,800.0,MANUAL,PETROL,154000.0,USED,26.85,2025-01-10
SUZUKI,ALTO,2011,800.0,MANUAL,PETROL,154000.0,USED,24.75,2025-01-10
SUZUKI,ALTO,2011,800.0,MANUAL,PETROL,154000.0,USED,27.0,2025-01-06
SUZUKI,ALTO,2011,800.0,MANUAL,PETROL,154000.0,USED,25.5,2025-01-05
SUZUKI,ALTO,2011,800.0,MANUAL,PETROL,154000.0,USED,28.0,2025-01-28
SUZUKI,ALTO,2011,800.0,MANUAL,PETROL,154000.0,USED,26.85,2025-01-28
SUZUKI,ALTO,2011,800.0,MANUAL,PETROL,154000.0,USED,26.3,2025-01-25
SUZUKI,ALTO,2011,800.0,MANUAL,PETROL,154000.0,USED,25.5,2025-01-25
SUZUKI,ALTO,2011,800.0,MANUAL,PETROL,154000.0,USED,25.0,2025-01-23
SUZUKI,ALTO,2011,800.0,MANUAL,PETROL,154000.0,USED,26.25,2025-01-22
SUZUKI,ALTO,2011,800.0,MANUAL,PETROL,154000.0,USED,27.4,2025-01-22
SUZUKI,ALTO,2011,800.0,MANUAL,PETROL,154000.0,USED,26.4,2025-01-20
SUZUKI,ALTO,2011,800.0,MANUAL,PETROL,154000.0,USED,27.0,2025-01-03
SUZUKI,ALTO,2011,800.0,MANUAL,PETROL,154000.0,USED,25.5,2025-01-02
SUZUKI,ALTO,2011,800.0,MANUAL,PETROL,154000.0,USED,25.5,2024-12-31
SUZUKI,ALTO,2011,800.0,MANUAL,PETROL,154000.0,USED,26.75,2024-12-29
SUZUKI,ALTO,2011,800.0,MANUAL,PETROL,154000.0,USED,26.9,2024-12-28
SUZUKI,ALTO,2011,800.0,MANUAL,PETROL,154000.0,USED,28.0,2024-12-28
SUZUKI,ALTO,2011,698.0,MANUAL,PETROL,154000.0,USED,26.294594594594596,2024-12-24
SUZUKI,ALTO,2011,800.0,MANUAL,PETROL,154000.0,USED,26.294594594594596,2024-12-23
SUZUKI,ALTO,2011,800.0,MANUAL,PETROL,154000.0,USED,26.75,2024-12-22
SUZUKI,ALTO,2011,800.0,MANUAL,PETROL,154000.0,USED,25.0,2024-12-21
SUZUKI,ALTO,2011,800.0,MANUAL,PETROL,154000.0,USED,25.25,2024-12-21
SUZUKI,ALTO,2011,800.0,MANUAL,PETROL,154000.0,USED,28.5,2024-12-19
SUZUKI,ALTO,2011,800.0,MANUAL,PETROL,154000.0,USED,26.45,2024-12-19
SUZUKI,ALTO,2011,800.0,MANUAL,PETROL,154000.0,USED,25.9,2024-12-19
SUZUKI,ALTO,2011,800.0,MANUAL,PETROL,154000.0,USED,26.5,2024-12-14
SUZUKI,ALTO,2011,800.0,MANUAL,PETROL,154000.0,USED,25.75,2024-12-13
SUZUKI,ALTO,2011,800.0,MANUAL,PETROL,154000.0,NEW,25.5,2024-12-10
SUZUKI,ALTO,2011,796.0,MANUAL,PETROL,204500.0,USED,29.5,2026-09-25
SUZUKI,ALTO,2012,800.0,MANUAL,PETROL,143000.0,USED,27.1,2025-02-05
SUZUKI,ALTO,2012,800.0,MANUAL,PETROL,143000.0,USED,26.75,2025-02-02
SUZUKI,ALTO,2012,800.0,MANUAL,PETROL,143000.0,USED,25.593749375,2025-02-01
SUZUKI,ALTO,2012,800.0,MANUAL,PETROL,143000.0,USED,24.5,2025-01-31
SUZUKI,ALTO,2012,800.0,MANUAL,PETROL,143000.0,USED,25.593749375,2025-01-18
SUZUKI,ALTO,2012,800.0,MANUAL,PETROL,143000.0,USED,24.75,2025-01-14
SUZUKI,ALTO,2012,800.0,MANUAL,PETROL,143000.0,USED,24.5,2025-01-11
SUZUKI,ALTO,2012,796.0,MANUAL,PETROL,143000.0,USED,27.5,2025-01-10
SUZUKI,ALTO,2012,800.0,MANUAL,PETROL,143000.0,USED,25.593749375,2025-01-09
SUZUKI,ALTO,2012,800.0,MANUAL,PETROL,143000.0,USED,24.9,2025-01-26
SUZUKI,ALTO,2012,800.0,MANUAL,PETROL,143000.0,USED,25.593749375,2025-01-25
SUZUKI,ALTO,2012,800.0,MANUAL,PETROL,143000.0,USED,25.593749375,2025-01-19
SUZUKI,ALTO,2012,800.0,MANUAL,PETROL,143000.0,USED,24.5,2025-01-05
SUZUKI,ALTO,2012,800.0,MANUAL,PETROL,143000.0,USED,24.5,2025-01-02
SUZUKI,ALTO,2012,800.0,MANUAL,PETROL,143000.0,USED,24.5,2024-12-31
SUZUKI,ALTO,2012,680.0,MANUAL,PETROL,143000.0,USED,26.0,2024-12-30
SUZUKI,ALTO,2012,800.0,MANUAL,PETROL,143000.0,USED,25.593749375,2024-12-28
SUZUKI,ALTO,2012,800.0,MANUAL,PETROL,143000.0,USED,24.75,2024-12-28
SUZUKI,ALTO,2012,800.0,MANUAL,PETROL,143000.0,USED,27.0,2024-12-27
SUZUKI,ALTO,2012,800.0,MANUAL,PETROL,143000.0,USED,25.99999,2024-12-27
SUZUKI,ALTO,2012,800.0,MANUAL,PETROL,143000.0,USED,27.5,2024-12-22
SUZUKI,ALTO,2012,800.0,MANUAL,PETROL,143000.0,USED,24.75,2024-12-21
SUZUKI,ALTO,2012,800.0,MANUAL,PETROL,143000.0,USED,25.593749375,2024-12-11
SUZUKI,ALTO,2012,800.0,MANUAL,PETROL,143000.0,USED,25.593749375,2024-12-08
SUZUKI,ALTO,2013,800.0,MANUAL,PETROL,132000.0,USED,29.0,2025-02-04
SUZUKI,ALTO,2013,800.0,MANUAL,PETROL,132000.0,USED,30.2,2025-02-04
SUZUKI,ALTO,2013,800.0,MANUAL,PETROL,132000.0,USED,28.75,2025-01-28
SUZUKI,ALTO,2013,800.0,MANUAL,PETROL,132000.0,USED,28.95,2024-12-29
SUZUKI,ALTO,2013,800.0,MANUAL,PETROL,132000.0,USED,29.25,2024-12-25
SUZUKI,ALTO,2013,800.0,MANUAL,PETROL,132000.0,USED,29.39375,2024-12-20
SUZUKI,ALTO,2013,800.0,MANUAL,PETROL,132000.0,USED,29.5,2024-12-15
SUZUKI,ALTO,2013,800.0,MANUAL,PETROL,132000.0,USED,29.75,2024-12-14
SUZUKI,ALTO,2013,800.0,MANUAL,PETROL,132000.0,USED,29.75,2024-12-09
SUZUKI,ALTO,2013,800.0,MANUAL,PETROL,94000.0,USED,29.6,2026-09-26
SUZUKI,ALTO,2014,800.0,MANUAL,PETROL,121000.0,USED,31.75,2025-02-05
SUZUKI,ALTO,2014,800.0,MANUAL,PETROL,121000.0,USED,31.25,2025-02-04
SUZUKI,ALTO,2014,800.0,MANUAL,PETROL,121000.0,USED,34.5,2025-02-03
SUZUKI,ALTO,2014,800.0,MANUAL,PETROL,121000.0,USED,29.6,2025-02-03
SUZUKI,ALTO,2014,800.0,MANUAL,PETROL,121000.0,USED,29.75,2025-02-01
SUZUKI,ALTO,2014,800.0,MANUAL,PETROL,121000.0,USED,29.9,2025-01-31
SUZUKI,ALTO,2014,800.0,MANUAL,PETROL,121000.0,USED,31.9,2025-01-18
SUZUKI,ALTO,2014,800.0,MANUAL,PETROL,121000.0,USED,31.60277777777778,2025-01-28
SUZUKI,ALTO,2014,800.0,MANUAL,PETROL,121000.0,USED,31.60277777777778,2025-01-24
SUZUKI,ALTO,2014,800.0,MANUAL,PETROL,121000.0,USED,31.25,2025-01-22
SUZUKI,ALTO,2014,800.0,MANUAL,PETROL,121000.0,USED,31.60277777777778,2025-01-20
SUZUKI,ALTO,2014,800.0,MANUAL,PETROL,121000.0,USED,31.9,2025-01-05
SUZUKI,ALTO,2014,800.0,MANUAL,PETROL,121000.0,USED,32.4,2025-01-05
SUZUKI,ALTO,2014,800.0,MANUAL,PETROL,121000.0,USED,31.75,2025-01-04
SUZUKI,ALTO,2014,1197.0,MANUAL,PETROL,121000.0,USED,31.60277777777778,2025-01-03
SUZUKI,ALTO,2014,800.0,MANUAL,PETROL,121000.0,USED,31.5,2024-12-31
SUZUKI,ALTO,2014,800.0,MANUAL,PETROL,121000.0,USED,31.60277777777778,2024-12-29
SUZUKI,ALTO,2014,800.0,MANUAL,PETROL,121000.0,USED,32.0,2024-12-29
SUZUKI,ALTO,2014,800.0,MANUAL,PETROL,121000.0,USED,30.4,2024-12-27
SUZUKI,ALTO,2014,800.0,MANUAL,PETROL,121000.0,USED,31.5,2024-12-18
SUZUKI,ALTO,2014,800.0,MANUAL,PETROL,121000.0,USED,31.60277777777778,2024-12-11
SUZUKI,ALTO,2014,800.0,MANUAL,PETROL,121000.0,USED,32.0,2024-12-11
SUZUKI,ALTO,2014,800.0,MANUAL,PETROL,121000.0,USED,32.0,2024-12-05
SUZUKI,ALTO,2014,800.0,MANUAL,PETROL,121000.0,USED,33.5,2024-12-04
SUZUKI,ALTO,2014,800.0,MANUAL,PETROL,86000.0,USED,38.5,2026-09-25
SUZUKI,ALTO,2014,800.0,MANUAL,PETROL,79000.0,USED,41.75,2026-09-23
SUZUKI,ALTO,2015,800.0,MANUAL,PETROL,110000.0,USED,34.25,2025-02-05
SUZUKI,ALTO,2015,800.0,MANUAL,PETROL,110000.0,USED,33.02984496124031,2025-02-05
SUZUKI,ALTO,2015,796.0,MANUAL,PETROL,110000.0,USED,33.55,2025-02-05
SUZUKI,ALTO,2015,800.0,MANUAL,PETROL,110000.0,USED,33.75,2025-02-05
SUZUKI,ALTO,2015,800.0,MANUAL,PETROL,110000.0,USED,32.9,2025-02-05
SUZUKI,ALTO,2015,800.0,MANUAL,PETROL,110000.0,USED,34.75,2025-02-05
SUZUKI,ALTO,2015,800.0,MANUAL,PETROL,110000.0,USED,33.45,2025-02-05
SUZUKI,ALTO,2015,800.0,MANUAL,PETROL,110000.0,USED,31.95,2025-02-04
SUZUKI,ALTO,2015,800.0,MANUAL,PETROL,110000.0,USED,35.9,2025-02-04
SUZUKI,ALTO,2015,800.0,MANUAL,PETROL,110000.0,USED,33.5,2025-02-04
SUZUKI,ALTO,2015,800.0,MANUAL,PETROL,110000.0,USED,33.8,2025-02-04
SUZUKI,ALTO,2015,800.0,MANUAL,PETROL,110000.0,USED,32.75,2025-02-04
SUZUKI,ALTO,2015,796.0,MANUAL,PETROL,110000.0,USED,33.75,2025-02-04
SUZUKI,ALTO,2015,800.0,MANUAL,PETROL,110000.0,USED,33.75,2025-02-04
SUZUKI,ALTO,2015,800.0,MANUAL,PETROL,110000.0,USED,32.5,2025-02-04
SUZUKI,ALTO,2015,800.0,MANUAL,PETROL,110000.0,USED,32.8,2025-02-04
SUZUKI,ALTO,2015,800.0,MANUAL,PETROL,110000.0,USED,33.5,2025-02-03
SUZUKI,ALTO,2015,800.0,MANUAL,PETROL,110000.0,USED,33.0,2025-02-03
SUZUKI,ALTO,2015,800.0,MANUAL,PETROL,110000.0,USED,32.0,2025-02-03
SUZUKI,ALTO,2015,800.0,MANUAL,PETROL,110000.0,USED,33.75,2025-02-03
SUZUKI,ALTO,2015,800.0,MANUAL,PETROL,110000.0,USED,32.5,2025-02-02
SUZUKI,ALTO,2015,800.0,MANUAL,PETROL,110000.0,USED,34.5,2025-02-02
SUZUKI,ALTO,2015,1500.0,MANUAL,PETROL,110000.0,USED,34.25,2025-02-02
SUZUKI,ALTO,2015,800.0,MANUAL,PETROL,110000.0,USED,32.4,2025-02-01
SUZUKI,ALTO,2015,800.0,MANUAL,PETROL,110000.0,USED,33.02984496124031,2025-02-01
SUZUKI,ALTO,2015,800.0,MANUAL,PETROL,110000.0,USED,32.9,2025-02-01
SUZUKI,ALTO,2015,800.0,MANUAL,PETROL,110000.0,USED,34.9,2025-01-31
SUZUKI,ALTO,2015,800.0,MANUAL,PETROL,110000.0,USED,32.85,2025-01-31
SUZUKI,ALTO,2015,800.0,MANUAL,PETROL,110000.0,USED,33.02984496124031,2025-01-30
SUZUKI,ALTO,2015,800.0,MANUAL,PETROL,110000.0,USED,36.5,2025-01-29
SUZUKI,ALTO,2015,800.0,MANUAL,PETROL,110000.0,USED,33.55,2025-01-18
SUZUKI,ALTO,2015,800.0,MANUAL,PETROL,110000.0,USED,33.02984496124031,2025-01-18
SUZUKI,ALTO,2015,800.0,MANUAL,PETROL,110000.0,USED,34.5,2025-01-18
SUZUKI,ALTO,2015,800.0,MANUAL,PETROL,110000.0,USED,32.5,2025-01-18
SUZUKI,ALTO,2015,800.0,MANUAL,PETROL,110000.0,USED,32.5,2025-01-17
SUZUKI,ALTO,2015,800.0,MANUAL,PETROL,110000.0,USED,30.25,2025-01-15
SUZUKI,ALTO,2015,800.0,MANUAL,PETROL,110000.0,USED,33.02984496124031,2025-01-15
SUZUKI,ALTO,2015,800.0,MANUAL,PETROL,110000.0,USED,33.5,2025-01-14
SUZUKI,ALTO,2015,660.0,AUTOMATIC,PETROL,110000.0,USED,33.02984496124031,2025-01-14
SUZUKI,ALTO,2015,880.0,MANUAL,PETROL,110000.0,USED,33.25,2025-01-14
SUZUKI,ALTO,2015,800.0,MANUAL,PETROL,110000.0,NEW,33.0,2025-01-14
SUZUKI,ALTO,2015,800.0,MANUAL,PETROL,110000.0,USED,33.02984496124031,2025-01-13
SUZUKI,ALTO,2015,800.0,MANUAL,PETROL,110000.0,USED,34.9,2025-01-13
SUZUKI,ALTO,2015,800.0,MANUAL,PETROL,110000.0,NEW,32.75,2025-01-13
SUZUKI,ALTO,2015,800.0,MANUAL,PETROL,110000.0,USED,36.75,2025-01-11
SUZUKI,ALTO,2015,800.0,MANUAL,PETROL,110000.0,USED,33.02984496124031,2025-01-11
SUZUKI,ALTO,2015,800.0,MANUAL,PETROL,110000.0,USED,32.5,2025-01-11
SUZUKI,ALTO,2015,800.0,MANUAL,PETROL,110000.0,USED,30.5,2025-01-11
SUZUKI,ALTO,2015,800.0,MANUAL,PETROL,110000.0,USED,34.65,2025-01-11
SUZUKI,ALTO,2015,800.0,MANUAL,PETROL,110000.0,USED,33.0,2025-01-11
SUZUKI,ALTO,2015,800.0,MANUAL,PETROL,110000.0,USED,33.0,2025-01-09
SUZUKI,ALTO,2015,800.0,MANUAL,PETROL,110000.0,USED,32.25,2025-01-07
SUZUKI,ALTO,2015,800.0,MANUAL,PETROL,110000.0,USED,32.5,2025-01-07
SUZUKI,ALTO,2015,800.0,MANUAL,PETROL,110000.0,USED,35.0,2025-01-06
SUZUKI,ALTO,2015,800.0,MANUAL,PETROL,110000.0,USED,32.9,2025-01-05
SUZUKI,ALTO,2015,800.0,MANUAL,PETROL,110000.0,USED,33.02984496124031,2025-01-05
SUZUKI,ALTO,2015,800.0,MANUAL,PETROL,110000.0,USED,31.75,2025-01-05
SUZUKI,ALTO,2015,650.0,MANUAL,PETROL,110000.0,USED,34.85,2025-01-28
SUZUKI,ALTO,2015,800.0,MANUAL,PETROL,110000.0,USED,33.02984496124031,2025-01-28
SUZUKI,ALTO,2015,800.0,MANUAL,PETROL,110000.0,USED,33.25,2025-01-27
SUZUKI,ALTO,2015,796.0,MANUAL,PETROL,110000.0,USED,33.0,2025-01-27
SUZUKI,ALTO,2015,800.0,MANUAL,PETROL,110000.0,USED,33.02984496124031,2025-01-26
SUZUKI,ALTO,2015,800.0,MANUAL,PETROL,110000.0,USED,32.3,2025-01-24
SUZUKI,ALTO,2015,800.0,MANUAL,PETROL,110000.0,USED,32.5,2025-01-24
SUZUKI,ALTO,2015,800.0,MANUAL,PETROL,110000.0,USED,31.5,2025-01-23
SUZUKI,ALTO,2015,800.0,MANUAL,PETROL,110000.0,USED,33.02984496124031,2025-01-22
SUZUKI,ALTO,2015,800.0,MANUAL,PETROL,110000.0,USED,33.0,2025-01-21
SUZUKI,ALTO,2015,800.0,MANUAL,PETROL,110000.0,USED,33.5,2025-01-21
SUZUKI,ALTO,2015,800.0,MANUAL,PETROL,110000.0,USED,33.02984496124031,2025-01-20
SUZUKI,ALTO,2015,1111.0,MANUAL,PETROL,110000.0,USED,32.5,2025-01-20
SUZUKI,ALTO,2015,800.0,MANUAL,PETROL,110000.0,USED,32.8,2025-01-19
SUZUKI,ALTO,2015,800.0,MANUAL,PETROL,110000.0,USED,32.9,2025-01-19
SUZUKI,ALTO,2015,800.0,MANUAL,PETROL,110000.0,USED,30.25,2025-01-05
SUZUKI,ALTO,2015,800.0,MANUAL,PETROL,110000.0,USED,32.25,2025-01-05
SUZUKI,ALTO,2015,800.0,MANUAL,PETROL,110000.0,USED,33.02984496124031,2025-01-04
SUZUKI,ALTO,2015,800.0,MANUAL,PETROL,110000.0,USED,33.5,2025-01-04
SUZUKI,ALTO,2015,800.0,MANUAL,PETROL,110000.0,USED,32.5,2025-01-04
SUZUKI,ALTO,2015,800.0,MANUAL,PETROL,110000.0,USED,32.7,2025-01-02
SUZUKI,ALTO,2015,800.0,MANUAL,PETROL,110000.0,USED,33.4,2025-01-02
SUZUKI,ALTO,2015,800.0,MANUAL,PETROL,110000.0,USED,32.0,2024-12-31
SUZUKI,ALTO,2015,800.0,MANUAL,PETROL,110000.0,USED,31.0,2024-12-31
SUZUKI,ALTO,2015,800.0,MANUAL,PETROL,110000.0,USED,33.02984496124031,2024-12-30
SUZUKI,ALTO,2015,800.0,MANUAL,PETROL,110000.0,USED,32.75,2024-12-30
SUZUKI,ALTO,2015,800.0,MANUAL,PETROL,110000.0,USED,32.25,2024-12-30
SUZUKI,ALTO,2015,800.0,MANUAL,PETROL,110000.0,USED,32.95,2024-12-29
SUZUKI,ALTO,2015,800.0,MANUAL,PETROL,110000.0,USED,32.0,2024-12-28
SUZUKI,ALTO,2015,800.0,MANUAL,PETROL,110000.0,USED,31.6,2024-12-28
SUZUKI,ALTO,2015,800.0,MANUAL,PETROL,110000.0,USED,29.9,2024-12-28
SUZUKI,ALTO,2015,800.0,MANUAL,PETROL,110000.0,USED,34.95,2024-12-27
SUZUKI,ALTO,2015,800.0,MANUAL,PETROL,110000.0,USED,33.75,2024-12-27
SUZUKI,ALTO,2015,800.0,MANUAL,PETROL,110000.0,USED,32.0,2024-12-26
SUZUKI,ALTO,2015,800.0,MANUAL,PETROL,110000.0,USED,32.75,2024-12-26
SUZUKI,ALTO,2015,800.0,MANUAL,PETROL,110000.0,USED,31.9,2024-12-26
SUZUKI,ALTO,2015,800.0,MANUAL,PETROL,110000.0,USED,32.8,2024-12-25
SUZUKI,ALTO,2015,800.0,MANUAL,PETROL,110000.0,USED,33.02984496124031,2024-12-25
SUZUKI,ALTO,2015,800.0,MANUAL,PETROL,110000.0,USED,32.0,2024-12-25
SUZUKI,ALTO,2015,800.0,MANUAL,PETROL,110000.0,USED,30.5,2024-12-25
SUZUKI,ALTO,2015,800.0,MANUAL,PETROL,110000.0,USED,31.0,2024-12-25
SUZUKI,ALTO,2015,800.0,MANUAL,PETROL,110000.0,USED,34.9,2024-12-24
SUZUKI,ALTO,2015,798.0,MANUAL,PETROL,110000.0,USED,33.95,2024-12-24
SUZUKI,ALTO,2015,800.0,MANUAL,PETROL,110000.0,USED,33.02984496124031,2024-12-24
SUZUKI,ALTO,2015,800.0,MANUAL,PETROL,110000.0,USED,31.8,2024-12-24
SUZUKI,ALTO,2015,800.0,MANUAL,PETROL,110000.0,USED,35.0,2024-12-24
SUZUKI,ALTO,2015,800.0,MANUAL,PETROL,110000.0,USED,32.8,2024-12-23
SUZUKI,ALTO,2015,800.0,MANUAL,PETROL,110000.0,USED,32.0,2024-12-23
SUZUKI,ALTO,2015,800.0,MANUAL,PETROL,110000.0,USED,33.5,2024-12-23
SUZUKI,ALTO,2015,800.0,MANUAL,PETROL,110000.0,USED,34.25,2024-12-23
SUZUKI,ALTO,2015,800.0,MANUAL,PETROL,110000.0,USED,34.6,2024-12-23
SUZUKI,ALTO,2015,800.0,MANUAL,PETROL,110000.0,USED,33.02984496124031,2024-12-23
SUZUKI,ALTO,2015,800.0,MANUAL,PETROL,110000.0,USED,32.75,2024-12-22
SUZUKI,ALTO,2015,800.0,MANUAL,PETROL,110000.0,USED,34.5,2024-12-21
SUZUKI,ALTO,2015,660.0,AUTOMATIC,PETROL,110000.0,USED,32.3,2024-12-21
SUZUKI,ALTO,2015,800.0,MANUAL,PETROL,110000.0,USED,32.6,2024-12-20
SUZUKI,ALTO,2015,800.0,MANUAL,PETROL,110000.0,USED,33.5,2024-12-20
SUZUKI,ALTO,2015,800.0,MANUAL,PETROL,110000.0,USED,33.02984496124031,2024-12-19
SUZUKI,ALTO,2015,800.0,MANUAL,PETROL,110000.0,USED,33.0,2024-12-19
SUZUKI,ALTO,2015,800.0,MANUAL,PETROL,110000.0,USED,31.0,2024-12-19
SUZUKI,ALTO,2015,800.0,MANUAL,PETROL,110000.0,USED,32.9,2024-12-19
SUZUKI,ALTO,2015,800.0,MANUAL,PETROL,110000.0,USED,34.75,2024-12-19
SUZUKI,ALTO,2015,800.0,MANUAL,PETROL,110000.0,USED,34.0,2024-12-18
SUZUKI,ALTO,2015,650.0,MANUAL,PETROL,110000.0,USED,32.5,2024-12-18
SUZUKI,ALTO,2015,800.0,MANUAL,PETROL,110000.0,USED,31.9,2024-12-18
SUZUKI,ALTO,2015,800.0,MANUAL,PETROL,110000.0,USED,33.02984496124031,2024-12-17
SUZUKI,ALTO,2015,800.0,MANUAL,PETROL,110000.0,USED,32.75,2024-12-17
SUZUKI,ALTO,2015,800.0,MANUAL,PETROL,110000.0,USED,33.02984496124031,2024-12-16
SUZUKI,ALTO,2015,800.0,MANUAL,PETROL,110000.0,USED,33.9,2024-12-15
SUZUKI,ALTO,2015,800.0,MANUAL,PETROL,110000.0,USED,33.25,2024-12-14
SUZUKI,ALTO,2015,800.0,MANUAL,PETROL,110000.0,USED,32.9,2024-12-14
SUZUKI,ALTO,2015,800.0,MANUAL,PETROL,110000.0,USED,33.02984496124031,2024-12-13
SUZUKI,ALTO,2015,800.0,MANUAL,PETROL,110000.0,USED,33.25,2024-12-13
SUZUKI,ALTO,2015,800.0,MANUAL,PETROL,110000.0,USED,32.95,2024-12-13
SUZUKI,ALTO,2015,800.0,MANUAL,PETROL,110000.0,USED,32.8,2024-12-11
SUZUKI,ALTO,2015,800.0,MANUAL,PETROL,110000.0,USED,35.5,2024-12-11
SUZUKI,ALTO,2015,800.0,MANUAL,PETROL,110000.0,USED,33.02984496124031,2024-12-10
SUZUKI,ALTO,2015,800.0,MANUAL,PETROL,110000.0,USED,32.8,2024-12-09
SUZUKI,ALTO,2015,800.0,MANUAL,PETROL,110000.0,USED,30.0,2024-12-08
SUZUKI,ALTO,2015,800.0,MANUAL,PETROL,110000.0,USED,34.5,2024-12-08
SUZUKI,ALTO,2015,800.0,MANUAL,PETROL,110000.0,USED,32.5,2024-12-08
SUZUKI,ALTO,2015,800.0,MANUAL,PETROL,110000.0,USED,33.02984496124031,2024-12-07
SUZUKI,ALTO,2015,800.0,MANUAL,PETROL,110000.0,USED,33.9,2024-12-07
SUZUKI,ALTO,2015,800.0,MANUAL,PETROL,110000.0,USED,34.0,2024-12-06
SUZUKI,ALTO,2015,800.0,MANUAL,PETROL,110000.0,USED,33.8,2024-12-06
SUZUKI,ALTO,2015,800.0,MANUAL,PETROL,110000.0,USED,31.5,2024-12-06
SUZUKI,ALTO,2015,800.0,MANUAL,PETROL,110000.0,USED,33.5,2024-12-05
SUZUKI,ALTO,2015,800.0,MANUAL,PETROL,110000.0,USED,33.02984496124031,2024-12-05
SUZUKI,ALTO,2015,800.0,MANUAL,PETROL,110000.0,USED,32.75,2024-12-04
SUZUKI,ALTO,2015,800.0,MANUAL,PETROL,110000.0,USED,32.95,2024-12-04
SUZUKI,ALTO,2015,800.0,MANUAL,PETROL,110000.0,USED,32.6,2024-12-04
SUZUKI,ALTO,2015,800.0,MANUAL,PETROL,120000.0,USED,40.75,2026-09-26
SUZUKI,ALTO,2015,1000.0,MANUAL,PETROL,130000.0,USED,41.0,2026-09-26
SUZUKI,ALTO,2015,800.0,MANUAL,PETROL,61000.0,USED,42.0,2026-09-24
SUZUKI,ALTO,2015,800.0,MANUAL,PETROL,61000.0,USED,40.25,2026-09-24
SUZUKI,ALTO,2015,800.0,MANUAL,PETROL,69000.0,USED,42.75,2026-09-26
SUZUKI,ALTO,2015,800.0,MANUAL,PETROL,137000.0,USED,41.0,2026-09-26
SUZUKI,ALTO,2015,800.0,MANUAL,PETROL,117555.0,USED,41.9,2026-09-26
SUZUKI,ALTO,2015,1000.0,AUTOMATIC,PETROL,100800.0,USED,44.4,2026-09-26
SUZUKI,ALTO,2015,800.0,MANUAL,PETROL,181000.0,USED,42.0,2026-09-25
SUZUKI,ALTO,2016,800.0,MANUAL,PETROL,99000.0,USED,33.75,2025-02-05
SUZUKI,ALTO,2016,800.0,MANUAL,PETROL,99000.0,USED,34.41428571428572,2025-02-05
SUZUKI,ALTO,2016,650.0,AUTOMATIC,PETROL,99000.0,USED,34.41428571428572,2025-02-05
SUZUKI,ALTO,2016,800.0,MANUAL,PETROL,99000.0,USED,35.9,2025-02-05
SUZUKI,ALTO,2016,800.0,MANUAL,PETROL,99000.0,USED,34.41428571428572,2025-02-04
SUZUKI,ALTO,2016,800.0,MANUAL,PETROL,99000.0,USED,34.95,2025-02-04
SUZUKI,ALTO,2016,800.0,MANUAL,PETROL,99000.0,USED,34.41428571428572,2025-02-02
SUZUKI,ALTO,2016,796.0,MANUAL,PETROL,99000.0,USED,35.8,2025-02-02
SUZUKI,ALTO,2016,800.0,MANUAL,PETROL,99000.0,USED,33.75,2025-01-29
SUZUKI,ALTO,2016,800.0,MANUAL,PETROL,99000.0,USED,33.75,2025-01-13
SUZUKI,ALTO,2016,800.0,MANUAL,PETROL,99000.0,USED,34.8,2025-01-26
SUZUKI,ALTO,2016,800.0,MANUAL,PETROL,99000.0,USED,34.41428571428572,2025-01-23
SUZUKI,ALTO,2016,800.0,MANUAL,PETROL,99000.0,USED,34.41428571428572,2024-12-29
SUZUKI,ALTO,2016,800.0,MANUAL,PETROL,99000.0,USED,33.5,2024-12-29
SUZUKI,ALTO,2016,650.0,MANUAL,PETROL,99000.0,USED,34.5,2024-12-28
SUZUKI,ALTO,2016,800.0,MANUAL,PETROL,99000.0,USED,35.25,2024-12-27
SUZUKI,ALTO,2016,800.0,MANUAL,PETROL,99000.0,USED,34.41428571428572,2024-12-20
SUZUKI,ALTO,2016,800.0,MANUAL,PETROL,99000.0,USED,34.41428571428572,2024-12-19
SUZUKI,ALTO,2016,640.0,AUTOMATIC,PETROL,99000.0,USED,34.41428571428572,2024-12-18
SUZUKI,ALTO,2016,800.0,MANUAL,PETROL,99000.0,USED,35.0,2024-12-14
SUZUKI,ALTO,2016,800.0,MANUAL,PETROL,99000.0,USED,33.75,2024-12-13
SUZUKI,ALTO,2016,800.0,MANUAL,PETROL,99000.0,USED,34.6,2024-12-13
SUZUKI,ALTO,2016,800.0,MANUAL,PETROL,99000.0,USED,34.41428571428572,2024-12-08
SUZUKI,ALTO,2016,650.0,MANUAL,PETROL,99000.0,USED,32.5,2024-12-08
SUZUKI,ALTO,2016,796.0,MANUAL,PETROL,124376.0,USED,41.5,2026-09-26
SUZUKI,ALTO,2016,650.0,AUTOMATIC,PETROL,102806.0,USED,56.9,2026-09-26
SUZUKI,ALTO,2017,650.0,AUTOMATIC,PETROL,88000.0,USED,35.95,2025-02-05
SUZUKI,ALTO,2017,800.0,MANUAL,PETROL,88000.0,USED,35.9,2025-02-04
SUZUKI,ALTO,2017,660.0,AUTOMATIC,PETROL,88000.0,USED,35.95,2024-12-22
SUZUKI,ALTO,2017,800.0,MANUAL,PETROL,88000.0,USED,35.95,2024-12-19
SUZUKI,ALTO,2017,800.0,MANUAL,PETROL,88000.0,USED,36.0,2024-12-09
SUZUKI,ALTO,2017,800.0,MANUAL,PETROL,88000.0,USED,35.95,2024-12-04
SUZUKI,ALTO,2017,660.0,AUTOMATIC,PETROL,22153.0,USED,60.0,2026-09-26
SUZUKI,ALTO,2018,660.0,AUTOMATIC,PETROL,77000.0,USED,43.57461240310077,2025-02-05
SUZUKI,ALTO,2018,800.0,MANUAL,PETROL,77000.0,USED,43.57461240310077,2025-01-11
SUZUKI,ALTO,2018,796.0,MANUAL,PETROL,86000.0,USED,45.0,2026-09-23
SUZUKI,ALTO,2018,660.0,AUTOMATIC,PETROL,82000.0,USED,56.5,2026-09-25
SUZUKI,ALTO,2019,800.0,MANUAL,PETROL,66000.0,USED,38.75,2025-01-19
SUZUKI,ALTO,2021,800.0,MANUAL,PETROL,140000.0,USED,40.9,2026-09-24
SUZUKI,ALTO,2023,650.0,AUTOMATIC,PETROL,9500.0,USED,65.75,2026-09-26
SUZUKI,ALTO,2023,650.0,AUTOMATIC,HYBRID,8000.0,USED,68.5,2026-09-26
SUZUKI,ALTO,2023,660.0,AUTOMATIC,PETROL,2000.0,USED,68.5,2026-09-24
SUZUKI,ALTO,2023,650.0,AUTOMATIC,PETROL,12000.0,USED,66.0,2026-09-24
SUZUKI,ALTO,2023,650.0,AUTOMATIC,PETROL,8500.0,USED,65.0,2026-09-24
SUZUKI,ALTO,2023,650.0,AUTOMATIC,PETROL,8500.0,USED,65.75,2026-09-24
SUZUKI,ALTO,2023,650.0,AUTOMATIC,PETROL,8500.0,USED,65.0,2026-09-23
SUZUKI,ALTO,2023,660.0,AUTOMATIC,HYBRID,8000.0,USED,74.5,2026-09-25
SUZUKI,ALTO,2024,660.0,AUTOMATIC,PETROL,12800.0,USED,66.55,2026-09-26
SUZUKI,ALTO,2024,660.0,AUTOMATIC,PETROL,5000.0,USED,66.5,2026-09-26
SUZUKI,ALTO,2024,660.0,AUTOMATIC,PETROL,1500.0,USED,69.9,2026-09-26
SUZUKI,ALTO,2024,658.0,AUTOMATIC,PETROL,5808.0,USED,71.9,2026-09-25
SUZUKI,ALTO,2024,650.0,AUTOMATIC,HYBRID,32000.0,USED,67.5,2026-09-25
SUZUKI,ALTO,2024,650.0,AUTOMATIC,HYBRID,1735.0,USED,75.9,2026-09-25
SUZUKI,ALTO,2024,660.0,AUTOMATIC,PETROL,52000.0,USED,66.25,2026-09-25
SUZUKI,ALTO,2024,660.0,AUTOMATIC,PETROL,17500.0,USED,65.75,2026-09-24
SUZUKI,ALTO,2024,650.0,AUTOMATIC,PETROL,12000.0,USED,65.75,2026-09-24
SUZUKI,ALTO,2024,650.0,AUTOMATIC,PETROL,12500.0,USED,66.5,2026-09-24
SUZUKI,ALTO,2024,650.0,AUTOMATIC,PETROL,8500.0,USED,66.5,2026-09-23
SUZUKI,ALTO,2024,660.0,AUTOMATIC,PETROL,15000.0,USED,63.95,2026-09-23
SUZUKI,ALTO,2024,650.0,AUTOMATIC,HYBRID,2500.0,USED,70.0,2026-09-26
SUZUKI,ALTO,2024,660.0,AUTOMATIC,PETROL,5500.0,USED,65.95,2026-09-26
SUZUKI,ALTO,2024,660.0,AUTOMATIC,HYBRID,4000.0,USED,77.0,2026-09-26
SUZUKI,ALTO,2025,660.0,AUTOMATIC,HYBRID,8000.0,USED,71.95,2026-09-25
SUZUKI,ALTO,2025,660.0,AUTOMATIC,PETROL,2000.0,USED,66.75,2026-09-27
SUZUKI,ALTO,2025,660.0,AUTOMATIC,PETROL,2000.0,USED,68.9,2026-09-23
SUZUKI,ALTO,2025,660.0,AUTOMATIC,PETROL,4000.0,USED,67.9,2026-09-26
SUZUKI,ALTO,2025,660.0,AUTOMATIC,HYBRID,180.0,NEW,74.75,2026-09-26
SUZUKI,ALTO,2025,660.0,AUTOMATIC,PETROL,4000.0,USED,68.5,2026-09-25
SUZUKI,ALTO 800,2008,800.0,MANUAL,PETROL,187000.0,USED,28.65000000000001,2025-01-05
SUZUKI,ALTO 800,2008,800.0,MANUAL,PETROL,187000.0,USED,28.65000000000001,2024-12-31
SUZUKI,ALTO 800,2011,800.0,MANUAL,PETROL,154000.0,USED,28.65000000000001,2025-02-02
SUZUKI,ALTO 800,2011,800.0,MANUAL,PETROL,154000.0,USED,28.65000000000001,2025-01-14
SUZUKI,ALTO 800,2011,799.0,MANUAL,PETROL,154000.0,USED,28.65000000000001,2025-01-24
SUZUKI,ALTO 800,2011,800.0,MANUAL,PETROL,154000.0,USED,28.65000000000001,2024-12-20
SUZUKI,ALTO 800,2011,800.0,MANUAL,PETROL,154000.0,NEW,28.65000000000001,2024-12-10
SUZUKI,ALTO 800,2012,800.0,MANUAL,PETROL,143000.0,USED,28.65000000000001,2025-02-03
SUZUKI,ALTO 800,2012,800.0,MANUAL,PETROL,143000.0,USED,28.65000000000001,2024-12-17
SUZUKI,ALTO 800,2013,800.0,MANUAL,PETROL,132000.0,USED,29.75,2024-12-29
SUZUKI,ALTO 800,2013,800.0,MANUAL,PETROL,132000.0,USED,32.5,2024-12-23
SUZUKI,ALTO 800,2014,800.0,MANUAL,PETROL,121000.0,USED,32.9,2025-02-04
SUZUKI,ALTO 800,2014,799.0,MANUAL,PETROL,121000.0,USED,31.8,2024-12-28
SUZUKI,ALTO 800,2014,800.0,MANUAL,PETROL,121000.0,USED,31.0,2024-12-21
SUZUKI,ALTO 800,2014,800.0,MANUAL,PETROL,121000.0,USED,31.5,2024-12-19
SUZUKI,ALTO 800,2014,800.0,MANUAL,PETROL,121000.0,USED,31.8,2024-12-18
SUZUKI,ALTO 800,2014,800.0,MANUAL,PETROL,121000.0,USED,31.8,2024-12-05
SUZUKI,ALTO 800,2015,800.0,MANUAL,PETROL,110000.0,USED,32.5,2025-02-05
SUZUKI,ALTO 800,2015,800.0,MANUAL,PETROL,110000.0,USED,31.5,2025-02-05
SUZUKI,ALTO 800,2015,800.0,MANUAL,PETROL,110000.0,USED,34.5,2025-02-02
SUZUKI,ALTO 800,2015,800.0,MANUAL,PETROL,110000.0,USED,32.95,2025-01-18
SUZUKI,ALTO 800,2015,800.0,MANUAL,PETROL,110000.0,USED,33.5,2025-01-18
SUZUKI,ALTO 800,2015,800.0,MANUAL,PETROL,110000.0,USED,33.9,2025-01-17
SUZUKI,ALTO 800,2015,800.0,MANUAL,PETROL,110000.0,USED,33.23653846153846,2025-01-17
SUZUKI,ALTO 800,2015,800.0,MANUAL,PETROL,110000.0,USED,32.5,2025-01-16
SUZUKI,ALTO 800,2015,800.0,MANUAL,PETROL,110000.0,USED,33.23653846153846,2025-01-14
SUZUKI,ALTO 800,2015,800.0,MANUAL,PETROL,110000.0,USED,31.75,2025-01-11
SUZUKI,ALTO 800,2015,800.0,MANUAL,PETROL,110000.0,USED,35.0,2025-01-09
SUZUKI,ALTO 800,2015,800.0,MANUAL,PETROL,110000.0,USED,33.1,2025-01-08
SUZUKI,ALTO 800,2015,800.0,MANUAL,PETROL,110000.0,USED,33.23653846153846,2025-01-07
SUZUKI,ALTO 800,2015,800.0,MANUAL,PETROL,110000.0,USED,32.5,2025-01-06
SUZUKI,ALTO 800,2015,799.0,MANUAL,PETROL,110000.0,USED,33.23653846153846,2025-01-06
SUZUKI,ALTO 800,2015,800.0,MANUAL,PETROL,110000.0,USED,33.23653846153846,2025-01-05
SUZUKI,ALTO 800,2015,800.0,MANUAL,PETROL,110000.0,USED,33.0,2025-01-03
SUZUKI,ALTO 800,2015,800.0,MANUAL,PETROL,110000.0,USED,32.75,2025-01-01
SUZUKI,ALTO 800,2015,796.0,MANUAL,PETROL,110000.0,USED,33.9,2024-12-28
SUZUKI,ALTO 800,2015,800.0,MANUAL,PETROL,110000.0,USED,32.5,2024-12-28
SUZUKI,ALTO 800,2015,798.0,MANUAL,PETROL,110000.0,USED,32.0,2024-12-28
SUZUKI,ALTO 800,2015,800.0,MANUAL,PETROL,110000.0,USED,33.23653846153846,2024-12-27
SUZUKI,ALTO 800,2015,800.0,MANUAL,PETROL,110000.0,USED,32.8,2024-12-27
SUZUKI,ALTO 800,2015,799.0,MANUAL,PETROL,110000.0,USED,36.0,2024-12-27
SUZUKI,ALTO 800,2015,800.0,MANUAL,PETROL,110000.0,USED,33.5,2024-12-25
SUZUKI,ALTO 800,2015,800.0,MANUAL,PETROL,110000.0,USED,33.23653846153846,2024-12-24
SUZUKI,ALTO 800,2015,800.0,MANUAL,PETROL,110000.0,USED,33.25,2024-12-24
SUZUKI,ALTO 800,2015,800.0,MANUAL,PETROL,110000.0,USED,33.5,2024-12-22
SUZUKI,ALTO 800,2015,800.0,MANUAL,PETROL,110000.0,USED,33.8,2024-12-21
SUZUKI,ALTO 800,2015,800.0,MANUAL,PETROL,110000.0,USED,33.25,2024-12-20
SUZUKI,ALTO 800,2015,796.0,MANUAL,PETROL,110000.0,USED,32.5,2024-12-17
SUZUKI,ALTO 800,2015,800.0,MANUAL,PETROL,110000.0,USED,32.25,2024-12-13
SUZUKI,ALTO 800,2015,800.0,MANUAL,PETROL,110000.0,USED,35.45,2024-12-11
SUZUKI,ALTO 800,2016,800.0,MANUAL,PETROL,99000.0,USED,34.81,2025-02-04
SUZUKI,ALTO 800,2016,800.0,MANUAL,PETROL,99000.0,USED,34.85,2025-02-04
SUZUKI,ALTO 800,2016,799.0,MANUAL,PETROL,99000.0,USED,34.81,2025-01-18
SUZUKI,ALTO 800,2016,800.0,MANUAL,PETROL,99000.0,USED,32.85,2025-01-06
SUZUKI,ALTO 800,2016,800.0,MANUAL,PETROL,99000.0,USED,35.0,2025-01-20
SUZUKI,ALTO 800,2016,800.0,MANUAL,PETROL,99000.0,USED,33.85,2024-12-28
SUZUKI,ALTO 800,2016,800.0,MANUAL,PETROL,99000.0,USED,37.05,2024-12-07
SUZUKI,ALTO 800,2017,799.0,MANUAL,PETROL,88000.0,USED,37.05,2025-02-04
SUZUKI,ALTO 800,2017,800.0,MANUAL,PETROL,88000.0,USED,37.05,2025-01-03
SUZUKI,ALTO 800,2018,800.0,MANUAL,PETROL,77000.0,USED,37.05,2025-01-16
SUZUKI,ALTO 800,2018,800.0,MANUAL,PETROL,77000.0,USED,37.05,2025-01-26
SUZUKI,ALTO 800,2018,800.0,MANUAL,PETROL,77000.0,USED,37.05,2025-01-02
SUZUKI,ALTO 800,2018,800.0,MANUAL,PETROL,77000.0,USED,37.05,2024-12-21
SUZUKI,ALTO 800 LXI,2011,800.0,MANUAL,PETROL,154000.0,USED,26.25,2025-01-08
SUZUKI,ALTO 800 LXI,2011,800.0,MANUAL,PETROL,154000.0,USED,26.5,2024-12-27
SUZUKI,ALTO 800 LXI,2013,800.0,MANUAL,PETROL,132000.0,USED,29.8,2025-01-31
SUZUKI,ALTO 800 LXI,2013,800.0,MANUAL,PETROL,132000.0,USED,29.8,2025-01-20
SUZUKI,ALTO 800 LXI,2014,800.0,MANUAL,PETROL,121000.0,USED,30.0,2025-02-05
SUZUKI,ALTO 800 LXI,2014,800.0,MANUAL,PETROL,121000.0,USED,32.5,2025-02-03
SUZUKI,ALTO 800 LXI,2014,800.0,MANUAL,PETROL,121000.0,USED,29.95,2025-01-07
SUZUKI,ALTO 800 LXI,2014,800.0,MANUAL,PETROL,121000.0,USED,33.5,2025-01-23
SUZUKI,ALTO 800 LXI,2014,799.0,MANUAL,PETROL,121000.0,USED,33.0,2024-12-22
SUZUKI,ALTO 800 LXI,2014,800.0,AUTOMATIC,PETROL,121000.0,USED,29.5,2024-12-22
SUZUKI,ALTO 800 LXI,2014,800.0,MANUAL,PETROL,121000.0,USED,30.9,2024-12-07
SUZUKI,ALTO 800 LXI,2015,796.0,MANUAL,PETROL,110000.0,USED,34.9,2025-02-05
SUZUKI,ALTO 800 LXI,2015,800.0,MANUAL,PETROL,110000.0,USED,33.9,2025-02-05
SUZUKI,ALTO 800 LXI,2015,800.0,MANUAL,PETROL,110000.0,USED,32.45,2025-02-04
SUZUKI,ALTO 800 LXI,2015,800.0,MANUAL,PETROL,110000.0,USED,32.5,2025-02-02
SUZUKI,ALTO 800 LXI,2015,800.0,MANUAL,PETROL,110000.0,USED,32.7,2025-01-31
SUZUKI,ALTO 800 LXI,2015,800.0,MANUAL,PETROL,110000.0,USED,31.5,2025-01-30
SUZUKI,ALTO 800 LXI,2015,800.0,MANUAL,PETROL,110000.0,USED,33.5,2025-01-04
SUZUKI,ALTO 800 LXI,2015,800.0,MANUAL,PETROL,110000.0,USED,34.5,2025-01-01
SUZUKI,ALTO 800 LXI,2015,800.0,MANUAL,PETROL,110000.0,USED,33.5,2024-12-25
SUZUKI,ALTO 800 LXI,2016,800.0,MANUAL,PETROL,99000.0,USED,33.75,2025-01-15
SUZUKI,ALTO 800 LXI,2016,800.0,MANUAL,PETROL,99000.0,USED,36.0,2025-01-27
SUZUKI,ALTO AVEO,2007,1000.0,MANUAL,PETROL,198000.0,USED,25.9,2025-02-04
SUZUKI,ALTO HA25S JAPAN,2003,650.0,AUTOMATIC,PETROL,242000.0,USED,32.75,2024-12-16
SUZUKI,ALTO JAPAN,1998,660.0,MANUAL,PETROL,297000.0,USED,16.95,2025-02-01
SUZUKI,ALTO JAPAN,2002,650.0,AUTOMATIC,PETROL,253000.0,USED,27.5,2025-02-04
SUZUKI,ALTO JAPAN,2002,650.0,AUTOMATIC,PETROL,253000.0,USED,29.7,2025-02-04
SUZUKI,ALTO JAPAN,2002,746.0,AUTOMATIC,PETROL,253000.0,USED,31.9,2025-01-06
SUZUKI,ALTO JAPAN,2003,650.0,AUTOMATIC,PETROL,242000.0,USED,32.25,2025-02-05
SUZUKI,ALTO JAPAN,2003,650.0,AUTOMATIC,PETROL,242000.0,USED,32.8,2025-02-05
SUZUKI,ALTO JAPAN,2003,650.0,AUTOMATIC,PETROL,242000.0,USED,32.75,2025-02-05
SUZUKI,ALTO JAPAN,2003,650.0,MANUAL,PETROL,242000.0,USED,32.25,2025-02-05
SUZUKI,ALTO JAPAN,2003,650.0,AUTOMATIC,PETROL,242000.0,USED,32.15,2025-02-04
SUZUKI,ALTO JAPAN,2003,650.0,AUTOMATIC,PETROL,242000.0,USED,32.25,2025-02-04
SUZUKI,ALTO JAPAN,2003,650.0,AUTOMATIC,PETROL,242000.0,USED,32.9,2025-02-03
SUZUKI,ALTO JAPAN,2003,650.0,AUTOMATIC,PETROL,242000.0,USED,32.25,2025-02-03
SUZUKI,ALTO JAPAN,2003,650.0,AUTOMATIC,PETROL,242000.0,USED,31.95,2025-02-01
SUZUKI,ALTO JAPAN,2003,650.0,AUTOMATIC,PETROL,242000.0,USED,31.95,2025-01-29
SUZUKI,ALTO JAPAN,2003,650.0,AUTOMATIC,PETROL,242000.0,USED,32.0,2025-01-14
SUZUKI,ALTO JAPAN,2003,650.0,AUTOMATIC,PETROL,242000.0,USED,32.15,2025-01-14
SUZUKI,ALTO JAPAN,2003,650.0,AUTOMATIC,PETROL,242000.0,USED,32.75,2025-01-13
SUZUKI,ALTO JAPAN,2003,660.0,AUTOMATIC,PETROL,242000.0,USED,32.15,2025-01-09
SUZUKI,ALTO JAPAN,2003,660.0,AUTOMATIC,PETROL,242000.0,USED,32.25,2025-01-28
SUZUKI,ALTO JAPAN,2003,650.0,AUTOMATIC,PETROL,242000.0,USED,32.15,2025-01-28
SUZUKI,ALTO JAPAN,2003,660.0,AUTOMATIC,PETROL,242000.0,USED,31.75,2025-01-04
SUZUKI,ALTO JAPAN,2003,600.0,AUTOMATIC,PETROL,242000.0,USED,30.25,2025-01-03
SUZUKI,ALTO JAPAN,2003,650.0,AUTOMATIC,PETROL,242000.0,USED,31.5,2024-12-28
SUZUKI,ALTO JAPAN,2003,650.0,AUTOMATIC,PETROL,242000.0,USED,31.85,2024-12-28
SUZUKI,ALTO JAPAN,2003,660.0,AUTOMATIC,PETROL,242000.0,USED,32.25,2024-12-07
SUZUKI,ALTO JAPAN,2003,660.0,AUTOMATIC,PETROL,242000.0,USED,32.75,2024-12-07
SUZUKI,ALTO JAPAN,2004,650.0,AUTOMATIC,PETROL,231000.0,USED,33.0,2025-02-05
SUZUKI,ALTO JAPAN,2004,650.0,AUTOMATIC,PETROL,231000.0,USED,32.97222222222222,2025-02-04
SUZUKI,ALTO JAPAN,2004,660.0,AUTOMATIC,PETROL,231000.0,USED,32.97222222222222,2025-02-03
SUZUKI,ALTO JAPAN,2004,650.0,AUTOMATIC,PETROL,231000.0,USED,32.75,2025-02-03
SUZUKI,ALTO JAPAN,2004,660.0,AUTOMATIC,PETROL,231000.0,USED,32.5,2025-02-03
SUZUKI,ALTO JAPAN,2004,650.0,AUTOMATIC,PETROL,231000.0,USED,32.5,2025-02-01
SUZUKI,ALTO JAPAN,2004,650.0,AUTOMATIC,PETROL,231000.0,USED,32.97222222222222,2025-02-01
SUZUKI,ALTO JAPAN,2004,650.0,AUTOMATIC,PETROL,231000.0,USED,32.97222222222222,2025-01-30
SUZUKI,ALTO JAPAN,2004,660.0,AUTOMATIC,PETROL,231000.0,USED,32.97222222222222,2025-01-27
SUZUKI,ALTO JAPAN,2004,600.0,AUTOMATIC,PETROL,231000.0,USED,33.5,2025-01-24
SUZUKI,ALTO JAPAN,2004,650.0,AUTOMATIC,PETROL,231000.0,USED,32.97222222222222,2025-01-20
SUZUKI,ALTO JAPAN,2004,650.0,AUTOMATIC,PETROL,231000.0,USED,34.5,2024-12-17
SUZUKI,ALTO JAPAN,2004,650.0,AUTOMATIC,PETROL,231000.0,USED,32.97222222222222,2024-12-14
SUZUKI,ALTO JAPAN,2004,1000.0,MANUAL,PETROL,231000.0,USED,32.0,2024-12-09
SUZUKI,ALTO JAPAN,2004,650.0,AUTOMATIC,PETROL,231000.0,USED,33.5,2024-12-06
SUZUKI,ALTO JAPAN,2004,650.0,AUTOMATIC,PETROL,231000.0,USED,32.5,2024-12-05
SUZUKI,ALTO JAPAN,2006,650.0,AUTOMATIC,PETROL,209000.0,USED,39.95,2025-01-31
SUZUKI,ALTO JAPAN,2006,650.0,AUTOMATIC,PETROL,209000.0,USED,39.95,2025-01-06
SUZUKI,ALTO JAPAN,2006,660.0,AUTOMATIC,PETROL,209000.0,USED,39.95,2024-12-27
SUZUKI,ALTO JAPAN,2007,650.0,AUTOMATIC,PETROL,198000.0,USED,36.5,2025-02-05
SUZUKI,ALTO JAPAN,2007,650.0,AUTOMATIC,PETROL,198000.0,USED,36.5,2025-02-01
SUZUKI,ALTO JAPAN,2007,650.0,AUTOMATIC,PETROL,198000.0,USED,36.5,2025-01-17
SUZUKI,ALTO JAPAN,2007,650.0,AUTOMATIC,PETROL,198000.0,USED,36.5,2025-01-11
SUZUKI,ALTO JAPAN,2007,660.0,AUTOMATIC,PETROL,198000.0,USED,36.5,2025-01-27
SUZUKI,ALTO JAPAN,2007,800.0,AUTOMATIC,PETROL,198000.0,USED,36.5,2024-12-30
SUZUKI,ALTO JAPAN,2008,660.0,AUTOMATIC,PETROL,187000.0,USED,32.9,2025-02-04
SUZUKI,ALTO JAPAN,2008,650.0,AUTOMATIC,PETROL,187000.0,USED,32.9,2025-01-26
SUZUKI,ALTO JAPAN,2010,650.0,AUTOMATIC,PETROL,165000.0,USED,48.0,2025-01-24
SUZUKI,ALTO JAPAN,2011,650.0,AUTOMATIC,PETROL,154000.0,USED,38.25,2025-02-02
SUZUKI,ALTO JAPAN,2015,650.0,AUTOMATIC,PETROL,110000.0,USED,50.5,2025-02-04
SUZUKI,ALTO JAPAN,2015,650.0,AUTOMATIC,HYBRID,110000.0,USED,51.5,2025-02-02
SUZUKI,ALTO JAPAN,2015,650.0,AUTOMATIC,PETROL,110000.0,USED,52.5,2025-01-29
SUZUKI,ALTO JAPAN,2015,660.0,AUTOMATIC,PETROL,110000.0,USED,51.5,2025-01-21
SUZUKI,ALTO JAPAN,2015,650.0,AUTOMATIC,HYBRID,110000.0,USED,51.5,2024-12-19
SUZUKI,ALTO JAPAN,2015,746.0,AUTOMATIC,PETROL,110000.0,USED,51.5,2024-12-15
SUZUKI,ALTO JAPAN,2016,669.0,AUTOMATIC,HYBRID,99000.0,USED,52.54166666666667,2025-02-04
SUZUKI,ALTO JAPAN,2016,660.0,AUTOMATIC,HYBRID,99000.0,USED,52.0,2025-02-01
SUZUKI,ALTO JAPAN,2016,650.0,AUTOMATIC,PETROL,99000.0,USED,53.25,2025-02-01
SUZUKI,ALTO JAPAN,2016,650.0,AUTOMATIC,PETROL,99000.0,USED,52.54166666666667,2025-01-31
SUZUKI,ALTO JAPAN,2016,680.0,AUTOMATIC,PETROL,99000.0,USED,52.54166666666667,2025-01-15
SUZUKI,ALTO JAPAN,2016,650.0,AUTOMATIC,PETROL,99000.0,USED,52.54166666666667,2025-01-13
SUZUKI,ALTO JAPAN,2016,600.0,AUTOMATIC,PETROL,99000.0,USED,52.54166666666667,2025-01-12
SUZUKI,ALTO JAPAN,2016,660.0,AUTOMATIC,PETROL,99000.0,USED,52.54166666666667,2025-01-12
SUZUKI,ALTO JAPAN,2016,650.0,AUTOMATIC,PETROL,99000.0,USED,54.5,2025-01-05
SUZUKI,ALTO JAPAN,2016,650.0,AUTOMATIC,HYBRID,99000.0,USED,52.54166666666667,2025-01-27
SUZUKI,ALTO JAPAN,2016,650.0,AUTOMATIC,PETROL,99000.0,USED,52.54166666666667,2025-01-22
SUZUKI,ALTO JAPAN,2016,600.0,AUTOMATIC,PETROL,99000.0,USED,52.25,2025-01-21
SUZUKI,ALTO JAPAN,2016,660.0,AUTOMATIC,PETROL,99000.0,USED,52.54166666666667,2025-01-20
SUZUKI,ALTO JAPAN,2016,660.0,AUTOMATIC,HYBRID,99000.0,USED,51.75,2024-12-25
SUZUKI,ALTO JAPAN,2016,660.0,AUTOMATIC,PETROL,99000.0,USED,51.5,2024-12-21
SUZUKI,ALTO JAPAN,2016,690.0,AUTOMATIC,PETROL,99000.0,USED,52.54166666666667,2024-12-12
SUZUKI,ALTO JAPAN,2017,650.0,AUTOMATIC,PETROL,88000.0,USED,53.75,2025-02-05
SUZUKI,ALTO JAPAN,2017,600.0,AUTOMATIC,PETROL,88000.0,USED,53.575,2025-02-03
SUZUKI,ALTO JAPAN,2017,650.0,AUTOMATIC,PETROL,88000.0,USED,53.575,2025-02-03
SUZUKI,ALTO JAPAN,2017,1000.0,AUTOMATIC,PETROL,88000.0,USED,53.575,2025-02-02
SUZUKI,ALTO JAPAN,2017,650.0,AUTOMATIC,PETROL,88000.0,USED,49.9,2025-02-01
SUZUKI,ALTO JAPAN,2017,746.0,AUTOMATIC,PETROL,88000.0,USED,53.575,2025-02-01
SUZUKI,ALTO JAPAN,2017,660.0,AUTOMATIC,PETROL,88000.0,USED,53.575,2025-02-01
SUZUKI,ALTO JAPAN,2017,660.0,AUTOMATIC,PETROL,88000.0,USED,53.575,2025-01-29
SUZUKI,ALTO JAPAN,2017,650.0,AUTOMATIC,PETROL,88000.0,USED,53.575,2025-01-18
SUZUKI,ALTO JAPAN,2017,660.0,AUTOMATIC,PETROL,88000.0,USED,55.25,2025-01-17
SUZUKI,ALTO JAPAN,2017,660.0,AUTOMATIC,PETROL,88000.0,USED,54.9,2025-01-10
SUZUKI,ALTO JAPAN,2017,650.0,AUTOMATIC,PETROL,88000.0,USED,56.0,2025-01-26
SUZUKI,ALTO JAPAN,2017,660.0,AUTOMATIC,PETROL,88000.0,USED,53.575,2025-01-20
SUZUKI,ALTO JAPAN,2017,660.0,AUTOMATIC,PETROL,88000.0,USED,53.575,2025-01-19
SUZUKI,ALTO JAPAN,2017,660.0,AUTOMATIC,PETROL,88000.0,USED,53.575,2025-01-01
SUZUKI,ALTO JAPAN,2017,650.0,AUTOMATIC,PETROL,88000.0,USED,52.25,2024-12-28
SUZUKI,ALTO JAPAN,2017,650.0,AUTOMATIC,HYBRID,88000.0,USED,53.575,2024-12-27
SUZUKI,ALTO JAPAN,2017,600.0,AUTOMATIC,PETROL,88000.0,USED,53.575,2024-12-24
SUZUKI,ALTO JAPAN,2017,660.0,AUTOMATIC,PETROL,88000.0,USED,51.8,2024-12-23
SUZUKI,ALTO JAPAN,2017,650.0,AUTOMATIC,PETROL,88000.0,NEW,53.575,2024-12-12
SUZUKI,ALTO JAPAN,2017,650.0,AUTOMATIC,PETROL,88000.0,USED,53.575,2024-12-12
SUZUKI,ALTO JAPAN,2017,660.0,AUTOMATIC,PETROL,88000.0,NEW,53.575,2024-12-10
SUZUKI,ALTO JAPAN,2017,746.0,AUTOMATIC,PETROL,88000.0,USED,54.75,2024-12-09
SUZUKI,ALTO JAPAN,2017,1000.0,AUTOMATIC,PETROL,88000.0,USED,53.575,2024-12-05
SUZUKI,ALTO JAPAN,2017,650.0,AUTOMATIC,PETROL,88000.0,USED,53.575,2024-12-05
SUZUKI,ALTO JAPAN,2018,660.0,AUTOMATIC,PETROL,77000.0,USED,53.05625,2025-02-04
SUZUKI,ALTO JAPAN,2018,650.0,AUTOMATIC,PETROL,77000.0,USED,52.5,2025-02-01
SUZUKI,ALTO JAPAN,2018,1000.0,AUTOMATIC,PETROL,77000.0,USED,54.95,2025-02-01
SUZUKI,ALTO JAPAN,2018,650.0,AUTOMATIC,HYBRID,77000.0,USED,52.9,2025-01-30
SUZUKI,ALTO JAPAN,2018,650.0,AUTOMATIC,PETROL,77000.0,USED,53.5,2025-01-30
SUZUKI,ALTO JAPAN,2018,660.0,AUTOMATIC,HYBRID,77000.0,USED,53.05625,2025-01-18
SUZUKI,ALTO JAPAN,2018,660.0,AUTOMATIC,PETROL,77000.0,USED,53.05625,2025-01-17
SUZUKI,ALTO JAPAN,2018,650.0,AUTOMATIC,PETROL,77000.0,USED,52.8,2025-01-15
SUZUKI,ALTO JAPAN,2018,660.0,AUTOMATIC,HYBRID,77000.0,USED,51.9,2025-01-12
SUZUKI,ALTO JAPAN,2018,660.0,AUTOMATIC,HYBRID,77000.0,USED,52.0,2025-01-04
SUZUKI,ALTO JAPAN,2018,1000.0,AUTOMATIC,PETROL,77000.0,USED,53.05625,2024-12-26
SUZUKI,ALTO JAPAN,2018,650.0,AUTOMATIC,PETROL,77000.0,USED,53.9,2024-12-05
SUZUKI,ALTO JAPAN HA24S,2011,650.0,AUTOMATIC,PETROL,154000.0,USED,38.25,2025-02-04
SUZUKI,ALTO JAPAN TURBO RS WORKS,2015,650.0,AUTOMATIC,PETROL,110000.0,USED,58.0,2025-02-02
SUZUKI,ALTO K10,2000,1000.0,MANUAL,PETROL,275000.0,USED,24.5,2024-12-11
SUZUKI,ALTO K10,2011,1000.0,MANUAL,PETROL,154000.0,USED,28.0,2025-02-03
SUZUKI,ALTO K10,2011,1000.0,MANUAL,PETROL,154000.0,USED,27.8,2025-02-01
SUZUKI,ALTO K10,2011,1000.0,MANUAL,PETROL,154000.0,USED,28.5,2025-02-01
SUZUKI,ALTO K10,2011,990.0,MANUAL,PETROL,154000.0,USED,29.25,2025-01-30
SUZUKI,ALTO K10,2011,998.0,MANUAL,PETROL,154000.0,USED,27.95,2025-01-29
SUZUKI,ALTO K10,2011,1000.0,MANUAL,PETROL,154000.0,USED,29.1,2025-01-29
SUZUKI,ALTO K10,2011,1000.0,MANUAL,PETROL,154000.0,USED,29.95,2025-01-29
SUZUKI,ALTO K10,2011,1000.0,MANUAL,PETROL,154000.0,USED,28.85,2025-01-24
SUZUKI,ALTO K10,2011,1000.0,MANUAL,PETROL,154000.0,USED,28.25,2025-01-24
SUZUKI,ALTO K10,2011,998.0,MANUAL,PETROL,154000.0,USED,28.0,2025-01-21
SUZUKI,ALTO K10,2011,1000.0,MANUAL,PETROL,154000.0,USED,30.0,2025-01-19
SUZUKI,ALTO K10,2011,1000.0,MANUAL,PETROL,154000.0,USED,26.5,2025-01-01
SUZUKI,ALTO K10,2011,1000.0,MANUAL,PETROL,154000.0,USED,28.74375,2024-12-31
SUZUKI,ALTO K10,2011,998.0,MANUAL,PETROL,154000.0,USED,28.74375,2024-12-26
SUZUKI,ALTO K10,2011,1000.0,MANUAL,PETROL,154000.0,USED,28.5,2024-12-17
SUZUKI,ALTO K10,2011,1000.0,MANUAL,PETROL,154000.0,USED,29.0,2024-12-15
SUZUKI,ALTO K10,2011,800.0,MANUAL,PETROL,154000.0,USED,29.75,2024-12-14
SUZUKI,ALTO K10,2011,1000.0,MANUAL,PETROL,154000.0,USED,30.5,2024-12-04
SUZUKI,ALTO K10,2012,1000.0,MANUAL,PETROL,143000.0,USED,29.75,2025-02-03
SUZUKI,ALTO K10,2012,1000.0,MANUAL,PETROL,143000.0,USED,29.8,2025-01-31
SUZUKI,ALTO K10,2012,1000.0,MANUAL,PETROL,143000.0,USED,27.5,2024-12-30
SUZUKI,ALTO K10,2012,1000.0,MANUAL,PETROL,143000.0,USED,30.5,2024-12-28
SUZUKI,ALTO K10,2012,1000.0,MANUAL,PETROL,143000.0,USED,28.0,2024-12-23
SUZUKI,ALTO K10,2012,1000.0,MANUAL,PETROL,143000.0,USED,29.5,2024-12-11
SUZUKI,ALTO K10,2012,1000.0,MANUAL,PETROL,143000.0,USED,28.0,2024-12-09
SUZUKI,ALTO K10,2013,1000.0,MANUAL,PETROL,132000.0,USED,30.5,2025-01-29
SUZUKI,ALTO K10,2013,1000.0,MANUAL,PETROL,132000.0,USED,29.0,2024-12-18
SUZUKI,ALTO K10,2015,1000.0,MANUAL,PETROL,110000.0,USED,38.5,2025-02-03
SUZUKI,ALTO K10,2015,1000.0,MANUAL,PETROL,110000.0,USED,38.61363636363636,2025-02-03
SUZUKI,ALTO K10,2015,1000.0,MANUAL,PETROL,110000.0,USED,39.0,2025-02-03
SUZUKI,ALTO K10,2015,1000.0,MANUAL,PETROL,110000.0,USED,38.0,2025-01-31
SUZUKI,ALTO K10,2015,1000.0,MANUAL,PETROL,110000.0,USED,38.61363636363636,2025-01-16
SUZUKI,ALTO K10,2015,1000.0,AUTOMATIC,PETROL,110000.0,USED,38.61363636363636,2025-01-12
SUZUKI,ALTO K10,2015,1000.0,MANUAL,PETROL,110000.0,USED,37.5,2025-01-11
SUZUKI,ALTO K10,2015,1000.0,MANUAL,PETROL,110000.0,USED,38.61363636363636,2025-01-10
SUZUKI,ALTO K10,2015,1000.0,MANUAL,PETROL,110000.0,USED,36.5,2025-01-08
SUZUKI,ALTO K10,2015,1000.0,MANUAL,PETROL,110000.0,USED,37.0,2025-01-28
SUZUKI,ALTO K10,2015,998.0,AUTOMATIC,PETROL,110000.0,USED,38.61363636363636,2025-01-21
SUZUKI,ALTO K10,2015,1000.0,MANUAL,PETROL,110000.0,USED,39.0,2025-01-20
SUZUKI,ALTO K10,2015,1000.0,AUTOMATIC,PETROL,110000.0,USED,41.25,2025-01-05
SUZUKI,ALTO K10,2015,1000.0,AUTOMATIC,PETROL,110000.0,USED,39.5,2024-12-20
SUZUKI,ALTO K10,2015,1000.0,AUTOMATIC,PETROL,110000.0,USED,38.61363636363636,2024-12-19
SUZUKI,ALTO K10,2015,1000.0,MANUAL,PETROL,110000.0,USED,38.5,2024-12-13
SUZUKI,ALTO K10,2015,1000.0,AUTOMATIC,PETROL,110000.0,USED,40.0,2024-12-12
SUZUKI,ALTO K10,2016,1000.0,AUTOMATIC,PETROL,99000.0,USED,40.95,2025-02-04
SUZUKI,ALTO K10,2016,1000.0,AUTOMATIC,PETROL,99000.0,USED,41.88,2025-02-02
SUZUKI,ALTO K10,2016,1000.0,AUTOMATIC,PETROL,99000.0,USED,45.25,2025-01-31
SUZUKI,ALTO K10,2016,990.0,AUTOMATIC,PETROL,99000.0,USED,38.5,2025-01-28
SUZUKI,ALTO K10,2016,1000.0,AUTOMATIC,PETROL,99000.0,USED,42.95,2025-01-25
SUZUKI,ALTO K10,2016,1000.0,AUTOMATIC,PETROL,99000.0,USED,41.75,2024-12-27
SUZUKI,ALTO K10 VXI,2011,1000.0,MANUAL,PETROL,154000.0,NEW,29.25,2025-02-04
SUZUKI,ALTO K10 VXI,2011,1000.0,MANUAL,PETROL,154000.0,USED,28.4,2025-02-03
SUZUKI,ALTO K10 VXI,2011,1000.0,MANUAL,PETROL,154000.0,USED,28.75,2025-01-23
SUZUKI,ALTO K10 VXI,2011,1000.0,MANUAL,PETROL,154000.0,USED,28.5,2024-12-21
SUZUKI,ALTO K10 VXI,2013,1000.0,MANUAL,PETROL,132000.0,USED,28.5,2025-02-04
SUZUKI,ALTO K10 VXI,2015,1000.0,MANUAL,PETROL,110000.0,USED,37.5,2025-01-25
SUZUKI,ALTO K10 VXI,2016,1000.0,MANUAL,PETROL,99000.0,USED,40.6875,2024-12-08
SUZUKI,ALTO L GRADE,2019,650.0,AUTOMATIC,PETROL,66000.0,USED,58.5,2025-01-29
SUZUKI,ALTO LXI,2005,800.0,MANUAL,PETROL,220000.0,USED,22.5,2025-01-26
SUZUKI,ALTO LXI,2006,800.0,MANUAL,PETROL,209000.0,USED,22.95,2025-01-29
SUZUKI,ALTO LXI,2006,800.0,MANUAL,PETROL,209000.0,USED,26.0,2024-12-16
SUZUKI,ALTO LXI,2007,800.0,MANUAL,PETROL,198000.0,USED,22.9,2024-12-30
SUZUKI,ALTO LXI,2007,800.0,MANUAL,PETROL,198000.0,USED,24.5,2024-12-22
SUZUKI,ALTO LXI,2010,800.0,MANUAL,PETROL,165000.0,USED,26.9,2025-02-05
SUZUKI,ALTO LXI,2010,800.0,MANUAL,PETROL,165000.0,USED,25.5,2025-01-06
SUZUKI,ALTO LXI,2010,800.0,MANUAL,PETROL,165000.0,USED,26.2,2024-12-13
SUZUKI,ALTO LXI,2011,800.0,MANUAL,PETROL,154000.0,USED,25.5,2025-02-05
SUZUKI,ALTO LXI,2011,800.0,MANUAL,PETROL,154000.0,USED,26.966666666666665,2025-01-30
SUZUKI,ALTO LXI,2011,800.0,MANUAL,PETROL,154000.0,USED,26.9,2025-01-16
SUZUKI,ALTO LXI,2011,964.0,MANUAL,PETROL,154000.0,USED,26.966666666666665,2025-01-10
SUZUKI,ALTO LXI,2011,800.0,MANUAL,PETROL,154000.0,USED,28.5,2025-01-08
SUZUKI,ALTO LXI,2011,796.0,MANUAL,PETROL,154000.0,USED,26.966666666666665,2024-12-25
SUZUKI,ALTO LXI,2012,800.0,MANUAL,PETROL,143000.0,USED,26.5,2025-02-01
SUZUKI,ALTO LXI,2013,800.0,MANUAL,PETROL,132000.0,USED,26.9,2025-01-13
SUZUKI,ALTO LXI,2014,800.0,MANUAL,PETROL,121000.0,USED,29.5,2025-01-05
SUZUKI,ALTO LXI,2014,800.0,MANUAL,PETROL,121000.0,USED,31.0,2024-12-29
SUZUKI,ALTO LXI,2015,800.0,MANUAL,PETROL,110000.0,USED,33.25,2025-02-05
SUZUKI,ALTO LXI,2015,800.0,MANUAL,PETROL,110000.0,USED,32.25,2025-02-05
SUZUKI,ALTO LXI,2015,800.0,MANUAL,PETROL,110000.0,USED,32.78181818181818,2025-02-04
SUZUKI,ALTO LXI,2015,800.0,MANUAL,PETROL,110000.0,USED,31.6,2025-02-04
SUZUKI,ALTO LXI,2015,800.0,MANUAL,PETROL,110000.0,USED,33.9,2025-02-03
SUZUKI,ALTO LXI,2015,800.0,MANUAL,PETROL,110000.0,USED,33.75,2025-02-03
SUZUKI,ALTO LXI,2015,800.0,MANUAL,PETROL,110000.0,USED,32.78181818181818,2025-02-03
SUZUKI,ALTO LXI,2015,800.0,MANUAL,PETROL,110000.0,USED,33.0,2025-02-02
SUZUKI,ALTO LXI,2015,800.0,MANUAL,PETROL,110000.0,USED,32.5,2025-02-01
SUZUKI,ALTO LXI,2015,800.0,MANUAL,PETROL,110000.0,USED,33.9,2025-01-31
SUZUKI,ALTO LXI,2015,800.0,MANUAL,PETROL,110000.0,USED,31.5,2025-01-30
SUZUKI,ALTO LXI,2015,800.0,MANUAL,PETROL,110000.0,USED,31.75,2025-01-30
SUZUKI,ALTO LXI,2015,800.0,MANUAL,PETROL,110000.0,USED,32.8,2025-01-13
SUZUKI,ALTO LXI,2015,800.0,MANUAL,PETROL,110000.0,USED,32.25,2025-01-11
SUZUKI,ALTO LXI,2015,800.0,MANUAL,PETROL,110000.0,USED,32.85,2025-01-27
SUZUKI,ALTO LXI,2015,800.0,MANUAL,PETROL,110000.0,USED,35.4,2025-01-20
SUZUKI,ALTO LXI,2015,800.0,MANUAL,PETROL,110000.0,USED,33.9,2024-12-26
SUZUKI,ALTO LXI,2015,800.0,MANUAL,PETROL,110000.0,USED,32.5,2024-12-26
SUZUKI,ALTO LXI,2015,800.0,MANUAL,PETROL,110000.0,USED,33.0,2024-12-22
SUZUKI,ALTO LXI,2015,1000.0,MANUAL,PETROL,110000.0,USED,32.9,2024-12-15
SUZUKI,ALTO LXI,2015,800.0,MANUAL,PETROL,110000.0,USED,29.5,2024-12-05
SUZUKI,ALTO LXI,2015,800.0,MANUAL,PETROL,110000.0,USED,32.95,2024-12-05
SUZUKI,ALTO LXI,2015,800.0,MANUAL,PETROL,110000.0,USED,33.0,2024-12-05
SUZUKI,ALTO LXI,2015,800.0,MANUAL,PETROL,110000.0,USED,32.75,2024-12-05
SUZUKI,ALTO LXI,2016,800.0,MANUAL,PETROL,99000.0,USED,34.75,2025-02-03
SUZUKI,ALTO LXI,2016,800.0,MANUAL,PETROL,99000.0,USED,35.25,2025-01-20
SUZUKI,ALTO LXI,2016,800.0,MANUAL,PETROL,99000.0,USED,32.85,2024-12-19
SUZUKI,ALTO LXI,2016,800.0,MANUAL,PETROL,99000.0,USED,36.5,2024-12-16
SUZUKI,ALTO SPECIAL EDITION,2011,800.0,MANUAL,PETROL,154000.0,USED,25.65,2024-12-26
SUZUKI,ALTO SPORT,2010,800.0,MANUAL,PETROL,165000.0,USED,26.8,2025-01-30
SUZUKI,ALTO SPORT,2010,800.0,MANUAL,PETROL,165000.0,USED,26.25,2025-01-30
SUZUKI,ALTO SPORT,2010,800.0,MANUAL,PETROL,165000.0,USED,26.5,2025-01-16
SUZUKI,ALTO SPORT,2010,800.0,MANUAL,PETROL,165000.0,USED,26.5,2025-01-14
SUZUKI,ALTO SPORT,2010,800.0,MANUAL,PETROL,165000.0,USED,26.5,2025-01-05
SUZUKI,ALTO SPORT,2010,800.0,MANUAL,PETROL,165000.0,USED,26.25833333333333,2025-01-28
SUZUKI,ALTO SPORT,2010,650.0,MANUAL,PETROL,165000.0,USED,25.35,2024-12-17
SUZUKI,ALTO SPORT,2011,800.0,MANUAL,PETROL,154000.0,USED,26.0,2025-02-05
SUZUKI,ALTO SPORT,2011,800.0,MANUAL,PETROL,154000.0,USED,26.5,2025-02-01
SUZUKI,ALTO SPORT,2011,800.0,MANUAL,PETROL,154000.0,USED,25.75,2025-01-29
SUZUKI,ALTO SPORT,2011,800.0,MANUAL,PETROL,154000.0,USED,26.8,2024-12-30
SUZUKI,ALTO SPORT,2011,800.0,MANUAL,PETROL,154000.0,USED,26.85,2024-12-20
SUZUKI,ALTO SPORT,2011,800.0,MANUAL,PETROL,154000.0,USED,27.5,2024-12-19
SUZUKI,ALTO SPORT,2012,800.0,MANUAL,PETROL,143000.0,USED,27.0,2024-12-28
SUZUKI,ALTO SPORT,2012,800.0,MANUAL,PETROL,143000.0,USED,26.25,2024-12-24
SUZUKI,ALTO SPORT,2014,800.0,MANUAL,PETROL,121000.0,USED,27.750000000000004,2024-12-31
SUZUKI,ALTO SPORT,2015,800.0,MANUAL,PETROL,110000.0,USED,27.750000000000004,2025-02-05
SUZUKI,ALTO SPORT RPM METER,2004,800.0,MANUAL,PETROL,231000.0,USED,7.85,2025-01-29
SUZUKI,ALTO SPORTS,2012,800.0,MANUAL,PETROL,143000.0,USED,24.5,2025-01-08
SUZUKI,BALENO,1999,1300.0,MANUAL,PETROL,286000.0,USED,23.0,2025-02-01
SUZUKI,BALENO,1999,1400.0,MANUAL,PETROL,286000.0,USED,22.75,2025-01-18
SUZUKI,BALENO,2002,1100.0,MANUAL,PETROL,253000.0,NEW,23.0,2025-01-23
SUZUKI,BALENO,2016,990.0,AUTOMATIC,PETROL,99000.0,USED,82.5,2025-02-03
SUZUKI,BALENO,2016,1000.0,AUTOMATIC,PETROL,99000.0,USED,82.0,2024-12-04
SUZUKI,BALENO,2016,1000.0,AUTOMATIC,PETROL,75800.0,USED,72.5,2026-09-23
SUZUKI,BALENO,2016,1200.0,AUTOMATIC,PETROL,92165.0,USED,79.0,2026-09-26
SUZUKI,BALENO,2017,990.0,AUTOMATIC,PETROL,88000.0,USED,86.5,2025-02-01
SUZUKI,BALENO,2017,1200.0,AUTOMATIC,PETROL,150000.0,USED,66.75,2026-09-26
SUZUKI,BALENO,2018,1200.0,AUTOMATIC,PETROL,83000.0,USED,74.0,2026-09-23
SUZUKI,BALENO,2018,1000.0,AUTOMATIC,PETROL,136000.0,USED,72.0,2026-09-23
SUZUKI,BALENO,2019,1000.0,AUTOMATIC,PETROL,66000.0,USED,78.75,2025-01-29
SUZUKI,BALENO,2019,1097.0,AUTOMATIC,PETROL,66000.0,USED,91.0,2024-12-28
SUZUKI,BALENO,2019,1000.0,AUTOMATIC,PETROL,66000.0,USED,91.0,2024-12-06
SUZUKI,BALENO,2019,1000.0,MANUAL,PETROL,131000.0,USED,79.9,2026-09-27
SUZUKI,BALENO,2019,1000.0,AUTOMATIC,PETROL,225454.0,USED,74.0,2026-09-26
SUZUKI,BALENO,2019,1000.0,AUTOMATIC,PETROL,80000.0,USED,78.9,2026-09-25
SUZUKI,BALENO,2020,1097.0,AUTOMATIC,PETROL,55000.0,USED,89.5,2025-01-29
SUZUKI,BALENO TURBO,2018,1000.0,AUTOMATIC,PETROL,77000.0,USED,89.0,2024-12-29
SUZUKI,BALENO TURBO,2019,1000.0,AUTOMATIC,PETROL,66000.0,USED,93.5,2024-12-28
SUZUKI,BALENO XT JAPAN,2019,1000.0,AUTOMATIC,PETROL,66000.0,USED,85.0,2025-02-05
SUZUKI,BEETLE JAPAN,2007,1500.0,AUTOMATIC,PETROL,198000.0,USED,54.0,2025-01-04
SUZUKI,CELEREO VXI,2016,1000.0,AUTOMATIC,PETROL,99000.0,USED,47.5,2025-01-29
SUZUKI,CELERIO,2014,1000.0,AUTOMATIC,PETROL,121000.0,USED,43.75,2025-02-05
SUZUKI,CELERIO,2014,1000.0,AUTOMATIC,PETROL,121000.0,USED,45.0,2025-02-03
SUZUKI,CELERIO,2014,1000.0,AUTOMATIC,PETROL,121000.0,USED,44.25,2025-02-01
SUZUKI,CELERIO,2014,1000.0,AUTOMATIC,PETROL,121000.0,USED,51.75,2025-01-25
SUZUKI,CELERIO,2014,1000.0,AUTOMATIC,PETROL,121000.0,USED,46.86111111111111,2025-01-02
SUZUKI,CELERIO,2014,1000.0,AUTOMATIC,PETROL,121000.0,USED,47.5,2024-12-25
SUZUKI,CELERIO,2014,1000.0,AUTOMATIC,PETROL,121000.0,USED,47.5,2024-12-20
SUZUKI,CELERIO,2014,1000.0,AUTOMATIC,PETROL,121000.0,USED,49.25,2024-12-17
SUZUKI,CELERIO,2014,1000.0,AUTOMATIC,PETROL,121000.0,USED,47.0,2024-12-15
SUZUKI,CELERIO,2014,1000.0,AUTOMATIC,PETROL,121000.0,USED,45.75,2024-12-13
SUZUKI,CELERIO,2015,1000.0,AUTOMATIC,PETROL,110000.0,USED,49.0,2025-02-02
SUZUKI,CELERIO,2015,1000.0,AUTOMATIC,PETROL,110000.0,USED,46.5,2025-02-02
SUZUKI,CELERIO,2015,1000.0,AUTOMATIC,PETROL,110000.0,USED,46.9,2025-02-01
SUZUKI,CELERIO,2015,1000.0,AUTOMATIC,PETROL,110000.0,USED,49.5,2025-01-30
SUZUKI,CELERIO,2015,1000.0,AUTOMATIC,PETROL,110000.0,USED,48.85,2025-01-30
SUZUKI,CELERIO,2015,1008.0,AUTOMATIC,PETROL,110000.0,USED,48.25,2025-01-18
SUZUKI,CELERIO,2015,1000.0,AUTOMATIC,PETROL,110000.0,USED,45.25,2025-01-17
SUZUKI,CELERIO,2015,1000.0,AUTOMATIC,PETROL,110000.0,USED,44.25,2025-01-13
SUZUKI,CELERIO,2015,1000.0,AUTOMATIC,PETROL,110000.0,USED,49.25,2025-01-08
SUZUKI,CELERIO,2015,1000.0,AUTOMATIC,PETROL,110000.0,USED,44.25,2025-01-05
SUZUKI,CELERIO,2015,1000.0,MANUAL,PETROL,110000.0,USED,44.9,2025-01-28
SUZUKI,CELERIO,2015,1000.0,AUTOMATIC,PETROL,110000.0,USED,46.75,2025-01-24
SUZUKI,CELERIO,2015,1000.0,AUTOMATIC,PETROL,110000.0,USED,48.95,2025-01-23
SUZUKI,CELERIO,2015,996.0,MANUAL,PETROL,110000.0,USED,40.0,2025-01-21
SUZUKI,CELERIO,2015,1000.0,AUTOMATIC,PETROL,110000.0,USED,45.25,2025-01-20
SUZUKI,CELERIO,2015,1000.0,AUTOMATIC,PETROL,110000.0,USED,51.0,2024-12-31
SUZUKI,CELERIO,2015,996.0,AUTOMATIC,PETROL,110000.0,USED,49.5,2024-12-28
SUZUKI,CELERIO,2015,1008.0,AUTOMATIC,PETROL,110000.0,USED,55.0,2024-12-27
SUZUKI,CELERIO,2015,1000.0,AUTOMATIC,PETROL,110000.0,USED,49.5,2024-12-24
SUZUKI,CELERIO,2015,1000.0,AUTOMATIC,PETROL,110000.0,USED,48.75009,2024-12-21
SUZUKI,CELERIO,2015,1008.0,AUTOMATIC,PETROL,110000.0,USED,45.0,2024-12-19
SUZUKI,CELERIO,2015,1000.0,AUTOMATIC,PETROL,110000.0,USED,47.4200036,2024-12-17
SUZUKI,CELERIO,2015,990.0,AUTOMATIC,PETROL,110000.0,USED,48.5,2024-12-14
SUZUKI,CELERIO,2015,1000.0,AUTOMATIC,PETROL,110000.0,USED,45.25,2024-12-14
SUZUKI,CELERIO,2015,1000.0,AUTOMATIC,PETROL,110000.0,USED,45.25,2024-12-11
SUZUKI,CELERIO,2015,1000.0,AUTOMATIC,PETROL,110000.0,USED,49.9,2024-12-07
SUZUKI,CELERIO,2015,1000.0,MANUAL,PETROL,79950.0,USED,51.9,2026-09-25
SUZUKI,CELERIO,2015,1000.0,AUTOMATIC,PETROL,121834.0,USED,55.0,2026-09-25
SUZUKI,CELERIO,2015,1000.0,AUTOMATIC,PETROL,15000.0,USED,53.5,2026-09-26
SUZUKI,CELERIO,2015,1000.0,AUTOMATIC,PETROL,86000.0,USED,53.5,2026-09-24
SUZUKI,CELERIO,2015,1000.0,AUTOMATIC,PETROL,79000.0,USED,55.85,2026-09-26
SUZUKI,CELERIO,2015,1000.0,AUTOMATIC,PETROL,83000.0,USED,54.75,2026-09-26
SUZUKI,CELERIO,2015,1000.0,AUTOMATIC,PETROL,120000.0,USED,52.75,2026-09-26
SUZUKI,CELERIO,2015,1000.0,AUTOMATIC,PETROL,100100.0,USED,53.4,2026-09-26
SUZUKI,CELERIO,2015,1000.0,AUTOMATIC,PETROL,132000.0,USED,53.75,2026-09-25
SUZUKI,CELERIO,2016,1000.0,AUTOMATIC,PETROL,99000.0,USED,48.5,2025-02-04
SUZUKI,CELERIO,2016,1000.0,AUTOMATIC,PETROL,99000.0,USED,48.75,2025-02-03
SUZUKI,CELERIO,2016,1000.0,AUTOMATIC,PETROL,99000.0,USED,48.5,2025-01-30
SUZUKI,CELERIO,2016,1000.0,AUTOMATIC,PETROL,99000.0,USED,49.9,2025-01-28
SUZUKI,CELERIO,2016,1000.0,MANUAL,PETROL,99000.0,USED,44.5,2025-01-16
SUZUKI,CELERIO,2016,1000.0,AUTOMATIC,PETROL,99000.0,USED,49.8,2025-01-25
SUZUKI,CELERIO,2016,1000.0,AUTOMATIC,PETROL,99000.0,USED,53.0,2025-01-21
SUZUKI,CELERIO,2016,1000.0,MANUAL,PETROL,99000.0,USED,43.0,2024-12-28
SUZUKI,CELERIO,2016,1000.0,MANUAL,PETROL,99000.0,USED,46.8,2024-12-20
SUZUKI,CELERIO,2016,1000.0,MANUAL,PETROL,99000.0,USED,47.5,2024-12-19
SUZUKI,CELERIO,2016,1000.0,MANUAL,PETROL,99000.0,USED,50.75,2024-12-19
SUZUKI,CELERIO,2016,1000.0,AUTOMATIC,PETROL,99000.0,USED,49.25,2024-12-19
SUZUKI,CELERIO,2016,1000.0,AUTOMATIC,PETROL,99000.0,USED,50.25,2024-12-06
SUZUKI,CELERIO,2016,1000.0,AUTOMATIC,PETROL,97000.0,USED,52.5,2026-09-18
SUZUKI,CELERIO,2016,1000.0,AUTOMATIC,PETROL,107000.0,USED,55.75,2026-09-26
SUZUKI,CELERIO,2017,1000.0,AUTOMATIC,PETROL,88000.0,USED,48.0,2025-01-17
SUZUKI,CELERIO,2017,1500.0,AUTOMATIC,PETROL,88000.0,USED,49.5,2025-01-23
SUZUKI,CELERIO,2017,1000.0,AUTOMATIC,PETROL,88000.0,USED,52.5,2024-12-29
SUZUKI,CELERIO,2017,1000.0,MANUAL,PETROL,88000.0,USED,47.8,2024-12-26
SUZUKI,CELERIO,2017,1000.0,AUTOMATIC,PETROL,88000.0,USED,54.75,2024-12-06
SUZUKI,CELERIO,2017,998.0,AUTOMATIC,PETROL,72500.0,USED,58.0,2026-09-26
SUZUKI,CELERIO,2017,1000.0,AUTOMATIC,PETROL,107000.0,USED,56.75,2026-09-25
SUZUKI,CELERIO,2018,1000.0,AUTOMATIC,PETROL,77000.0,USED,55.3125,2024-12-27
SUZUKI,CELERIO,2019,998.0,AUTOMATIC,PETROL,93097.0,USED,64.9,2026-09-26
SUZUKI,CELERIO,2019,1000.0,AUTOMATIC,PETROL,82000.0,USED,61.75,2026-09-26
SUZUKI,CELERIO LXI,2015,1000.0,AUTOMATIC,PETROL,110000.0,USED,49.75,2025-01-17
SUZUKI,CELERIO LXI,2015,1000.0,MANUAL,PETROL,110000.0,USED,42.25,2024-12-15
SUZUKI,CELERIO VXI,2014,1000.0,AUTOMATIC,PETROL,121000.0,USED,45.5,2025-01-17
SUZUKI,CELERIO VXI,2014,1000.0,AUTOMATIC,PETROL,121000.0,USED,48.25,2025-01-10
SUZUKI,CELERIO VXI,2014,1000.0,AUTOMATIC,PETROL,121000.0,USED,45.75,2025-01-28
SUZUKI,CELERIO VXI,2014,1000.0,AUTOMATIC,PETROL,121000.0,USED,45.5,2025-01-23
SUZUKI,CELERIO VXI,2014,1000.0,AUTOMATIC,PETROL,121000.0,USED,47.0,2024-12-14
SUZUKI,CELERIO VXI,2015,1000.0,AUTOMATIC,PETROL,110000.0,USED,47.25555555555556,2025-02-05
SUZUKI,CELERIO VXI,2015,1000.0,AUTOMATIC,PETROL,110000.0,USED,46.75,2025-02-02
SUZUKI,CELERIO VXI,2015,1000.0,AUTOMATIC,PETROL,110000.0,USED,45.25,2025-01-13
SUZUKI,CELERIO VXI,2015,1000.0,AUTOMATIC,PETROL,110000.0,USED,48.3,2025-01-08
SUZUKI,CELERIO VXI,2015,1000.0,AUTOMATIC,PETROL,110000.0,USED,47.25,2025-01-03
SUZUKI,CELERIO VXI,2015,1000.0,AUTOMATIC,PETROL,110000.0,USED,47.5,2024-12-30
SUZUKI,CELERIO VXI,2015,1000.0,AUTOMATIC,PETROL,110000.0,USED,49.75,2024-12-27
SUZUKI,CELERIO VXI,2015,1000.0,AUTOMATIC,PETROL,110000.0,USED,45.5,2024-12-25
SUZUKI,CELERIO VXI,2015,998.0,AUTOMATIC,PETROL,110000.0,USED,46.5,2024-12-25
SUZUKI,CELERIO VXI,2015,1000.0,AUTOMATIC,PETROL,110000.0,USED,48.5,2024-12-22
SUZUKI,CELERIO VXI,2016,1000.0,AUTOMATIC,PETROL,99000.0,USED,50.25,2025-01-31
SUZUKI,CELERIO VXI,2016,1500.0,AUTOMATIC,PETROL,99000.0,USED,47.75,2025-01-12
SUZUKI,CELERIO VXI,2016,1000.0,AUTOMATIC,PETROL,99000.0,USED,51.25,2025-01-07
SUZUKI,CELERIO VXI,2016,1000.0,AUTOMATIC,PETROL,99000.0,USED,47.5,2025-01-26
SUZUKI,CELERIO VXI,2016,1000.0,AUTOMATIC,PETROL,99000.0,USED,50.95,2025-01-21
SUZUKI,CELERIO VXI,2016,1000.0,AUTOMATIC,PETROL,99000.0,USED,50.75,2024-12-19
SUZUKI,CELERIO VXI AMT,2015,996.0,AUTOMATIC,PETROL,110000.0,USED,49.5,2024-12-27
SUZUKI,CELERIO X,2018,1000.0,AUTOMATIC,PETROL,77000.0,USED,61.5,2025-01-03
SUZUKI,CELERIO X AGS,2018,1000.0,AUTOMATIC,PETROL,77000.0,USED,62.0,2024-12-21
SUZUKI,CELERIO ZXI,2014,1000.0,MANUAL,PETROL,121000.0,USED,44.5,2025-02-05
SUZUKI,CELERIO ZXI,2015,1000.0,MANUAL,PETROL,110000.0,USED,49.65,2025-02-02
SUZUKI,CELERIO ZXI,2015,1000.0,MANUAL,PETROL,110000.0,USED,49.65,2025-01-04
SUZUKI,CELERIO ZXI,2016,1000.0,AUTOMATIC,PETROL,99000.0,USED,50.0,2025-01-30
SUZUKI,CELERIO ZXI,2016,1500.0,AUTOMATIC,PETROL,99000.0,USED,50.0,2025-01-09
SUZUKI,CELERIO ZXI,2017,1000.0,AUTOMATIC,PETROL,88000.0,USED,53.65,2025-01-15
SUZUKI,CELERIO ZXI,2017,1000.0,AUTOMATIC,PETROL,88000.0,USED,52.25,2025-01-12
SUZUKI,CELERIO ZXI,2017,1000.0,AUTOMATIC,PETROL,88000.0,USED,51.5,2025-01-28
SUZUKI,CELERIO ZXI,2017,1000.0,AUTOMATIC,PETROL,88000.0,USED,57.0,2025-01-27
SUZUKI,CELERIO ZXI,2017,1000.0,AUTOMATIC,PETROL,88000.0,USED,48.9,2025-01-24
SUZUKI,CELERIO ZXI,2017,1000.0,AUTOMATIC,PETROL,88000.0,USED,55.0,2024-12-29
SUZUKI,CELERIO ZXI,2017,1000.0,AUTOMATIC,PETROL,88000.0,USED,53.25,2024-12-21
SUZUKI,CELERIOX ZXI AGS,2019,998.0,AUTOMATIC,PETROL,66000.0,USED,62.75,2024-12-27
SUZUKI,CIAZ,2015,1400.0,AUTOMATIC,PETROL,110000.0,USED,75.0,2025-01-28
SUZUKI,CULTUS,1990,1300.0,MANUAL,PETROL,385000.0,USED,16.5,2024-12-23
SUZUKI,CULTUS,1993,1000.0,MANUAL,PETROL,352000.0,USED,10.25,2025-01-24
SUZUKI,CULTUS,1996,1500.0,AUTOMATIC,PETROL,319000.0,USED,22.5,2024-12-06
SUZUKI,CULTUS,2000,1500.0,AUTOMATIC,PETROL,275000.0,USED,29.9,2025-01-09
SUZUKI,CULTUS JAPAN,1997,1300.0,AUTOMATIC,PETROL,308000.0,USED,18.5,2025-01-29
SUZUKI,CULTUS WAGON JAPAN,2004,1500.0,MANUAL,PETROL,231000.0,USED,26.5,2025-01-26
SUZUKI,DAA-MH55S WAGON R,2017,650.0,AUTOMATIC,PETROL,88000.0,USED,71.25,2024-12-29
SUZUKI,ERTIGA,2014,1400.0,MANUAL,PETROL,121000.0,USED,55.5,2024-12-30
SUZUKI,ESCUDO,2023,1500.0,AUTOMATIC,HYBRID,23000.0,USED,142.5,2026-09-24
SUZUKI,ESTEEM,1999,1300.0,MANUAL,PETROL,286000.0,USED,19.85,2024-12-12
SUZUKI,ESTEEM,2003,1300.0,MANUAL,PETROL,242000.0,USED,21.5,2025-02-02
SUZUKI,ESTEEM,2003,1299.0,MANUAL,PETROL,242000.0,USED,14.75,2025-02-02
SUZUKI,ESTEEM,2003,1298.0,MANUAL,PETROL,242000.0,USED,25.0,2024-12-15
SUZUKI,ESTEEM,2004,1300.0,MANUAL,PETROL,231000.0,USED,26.5,2025-01-21
SUZUKI,ESTILO,2008,1000.0,MANUAL,PETROL,187000.0,USED,28.99375,2025-02-04
SUZUKI,ESTILO,2008,1000.0,MANUAL,PETROL,187000.0,USED,28.99375,2025-01-26
SUZUKI,ESTILO,2008,1000.0,MANUAL,PETROL,187000.0,USED,28.99375,2024-12-15
SUZUKI,ESTILO,2010,998.0,MANUAL,PETROL,165000.0,USED,33.9,2025-02-05
SUZUKI,ESTILO,2010,1000.0,MANUAL,PETROL,165000.0,USED,31.95,2025-02-05
SUZUKI,ESTILO,2010,1000.0,MANUAL,PETROL,165000.0,USED,31.5,2025-02-05
SUZUKI,ESTILO,2010,1000.0,MANUAL,PETROL,165000.0,USED,32.37083333333333,2025-02-04
SUZUKI,ESTILO,2010,1000.0,MANUAL,PETROL,165000.0,USED,32.9,2025-02-03
SUZUKI,ESTILO,2010,1000.0,MANUAL,PETROL,165000.0,USED,31.9,2025-02-02
SUZUKI,ESTILO,2010,1000.0,MANUAL,PETROL,165000.0,USED,34.5,2025-02-01
SUZUKI,ESTILO,2010,1000.0,MANUAL,PETROL,165000.0,USED,34.0,2025-01-30
SUZUKI,ESTILO,2010,998.0,MANUAL,PETROL,165000.0,USED,33.9,2025-01-30
SUZUKI,ESTILO,2010,1000.0,MANUAL,PETROL,165000.0,USED,32.75,2025-01-29
SUZUKI,ESTILO,2010,1000.0,MANUAL,PETROL,165000.0,USED,32.95,2025-01-29
SUZUKI,ESTILO,2010,1000.0,MANUAL,PETROL,165000.0,USED,32.2,2025-01-16
SUZUKI,ESTILO,2010,1000.0,MANUAL,PETROL,165000.0,USED,32.9,2025-01-16
SUZUKI,ESTILO,2010,1000.0,MANUAL,PETROL,165000.0,USED,32.95,2025-01-16
SUZUKI,ESTILO,2010,999.0,MANUAL,PETROL,165000.0,USED,29.5,2025-01-14
SUZUKI,ESTILO,2010,1000.0,MANUAL,PETROL,165000.0,USED,29.75,2025-01-13
SUZUKI,ESTILO,2010,1000.0,MANUAL,PETROL,165000.0,USED,30.0,2025-01-26
SUZUKI,ESTILO,2010,984.0,MANUAL,PETROL,165000.0,USED,32.9,2025-01-25
SUZUKI,ESTILO,2010,1000.0,MANUAL,PETROL,165000.0,USED,34.0,2025-01-25
SUZUKI,ESTILO,2010,1000.0,MANUAL,PETROL,165000.0,USED,32.9,2025-01-25
SUZUKI,ESTILO,2010,1000.0,MANUAL,PETROL,165000.0,USED,32.75,2025-01-21
SUZUKI,ESTILO,2010,1000.0,MANUAL,PETROL,165000.0,USED,30.5,2025-01-03
SUZUKI,ESTILO,2010,1000.0,MANUAL,PETROL,165000.0,USED,32.15,2024-12-30
SUZUKI,ESTILO,2010,998.0,MANUAL,PETROL,165000.0,USED,32.25,2024-12-17
SUZUKI,ESTILO,2010,998.0,MANUAL,PETROL,165000.0,USED,31.9,2024-12-09
SUZUKI,ESTILO,2011,1000.0,MANUAL,PETROL,154000.0,USED,33.5,2025-02-05
SUZUKI,ESTILO,2011,1000.0,MANUAL,PETROL,154000.0,USED,31.75,2025-02-04
SUZUKI,ESTILO,2011,1000.0,MANUAL,PETROL,154000.0,USED,33.0,2025-02-01
SUZUKI,ESTILO,2011,1000.0,MANUAL,PETROL,154000.0,USED,31.9,2025-02-01
SUZUKI,ESTILO,2011,984.0,MANUAL,PETROL,154000.0,NEW,35.0,2025-01-14
SUZUKI,ESTILO,2011,650.0,MANUAL,PETROL,154000.0,USED,33.60454545454545,2025-01-14
SUZUKI,ESTILO,2011,650.0,MANUAL,PETROL,154000.0,USED,33.60454545454545,2025-01-27
SUZUKI,ESTILO,2011,998.0,MANUAL,PETROL,154000.0,USED,33.75,2025-01-24
SUZUKI,ESTILO,2011,1000.0,MANUAL,PETROL,154000.0,USED,34.0,2025-01-23
SUZUKI,ESTILO,2011,1000.0,MANUAL,PETROL,154000.0,USED,32.9,2024-12-25
SUZUKI,ESTILO,2011,1000.0,MANUAL,PETROL,154000.0,USED,34.9,2024-12-20
SUZUKI,ESTILO,2011,1000.0,MANUAL,PETROL,154000.0,USED,34.95,2024-12-07
SUZUKI,ESTILO,2011,1000.0,MANUAL,PETROL,154000.0,USED,34.0,2024-12-04
SUZUKI,ESTILO,2011,1000.0,MANUAL,PETROL,63000.0,USED,38.75,2026-09-26
SUZUKI,ESTILO,2012,1000.0,MANUAL,PETROL,143000.0,USED,33.5,2025-01-12
SUZUKI,ESTILO,2012,1000.0,MANUAL,PETROL,143000.0,USED,32.8,2025-01-04
SUZUKI,ESTILO,2012,1000.0,MANUAL,PETROL,143000.0,USED,34.36,2024-12-26
SUZUKI,ESTILO,2012,1000.0,MANUAL,PETROL,143000.0,USED,36.84375,2024-12-23
SUZUKI,ESTILO,2012,1000.0,MANUAL,PETROL,143000.0,USED,32.0,2024-12-22
SUZUKI,ESTILO,2012,1000.0,MANUAL,PETROL,143000.0,USED,35.0,2024-12-14
SUZUKI,ESTILO,2015,1000.0,MANUAL,PETROL,110000.0,USED,32.0,2025-01-04
SUZUKI,ESTILO VXI,2011,1000.0,MANUAL,PETROL,154000.0,USED,35.45,2025-02-03
SUZUKI,ESTILO VXI,2011,1000.0,MANUAL,DIESEL,154000.0,USED,33.7,2025-01-28
SUZUKI,ESTILO VXI,2011,1000.0,MANUAL,PETROL,154000.0,USED,34.95,2024-12-10
SUZUKI,EVERY,2017,650.0,AUTOMATIC,PETROL,136000.0,USED,60.8,2026-09-25
SUZUKI,EVERY,2023,660.0,AUTOMATIC,PETROL,12700.0,USED,75.0,2026-09-25
SUZUKI,EVERY,2024,650.0,AUTOMATIC,PETROL,12000.0,USED,85.5,2026-09-24
SUZUKI,EVERY,2024,650.0,AUTOMATIC,PETROL,9800.0,USED,96.5,2026-09-23
SUZUKI,EVERY,2024,650.0,AUTOMATIC,PETROL,7000.0,USED,79.75,2026-09-23
SUZUKI,EVERY,2024,660.0,AUTOMATIC,PETROL,9000.0,USED,74.9,2026-09-26
SUZUKI,EVERY,2025,660.0,AUTOMATIC,PETROL,0.0,NEW,96.0,2026-09-27
SUZUKI,EVERY,2025,660.0,AUTOMATIC,PETROL,5500.0,USED,72.4,2026-09-24
SUZUKI,EVERY,2025,660.0,AUTOMATIC,PETROL,0.0,NEW,87.5,2026-09-23
SUZUKI,EVERY,2025,650.0,AUTOMATIC,PETROL,0.0,NEW,99.5,2026-09-23
SUZUKI,EVERY,2025,650.0,AUTOMATIC,PETROL,8000.0,USED,98.5,2026-09-23
SUZUKI,EVERY,2025,650.0,AUTOMATIC,PETROL,0.0,NEW,102.0,2026-09-23
SUZUKI,EVERY,2025,650.0,AUTOMATIC,PETROL,0.0,NEW,79.75,2026-09-23
SUZUKI,EVERY,2025,650.0,AUTOMATIC,PETROL,2500.0,USED,76.75,2026-09-26
SUZUKI,EVERY,2025,650.0,AUTOMATIC,PETROL,10.0,NEW,99.0,2026-09-26
SUZUKI,EVERY,2026,660.0,AUTOMATIC,PETROL,300.0,NEW,81.75,2026-09-26
SUZUKI,EVERY,2026,660.0,AUTOMATIC,PETROL,300.0,NEW,91.75,2026-09-26
SUZUKI,EVERY,2026,660.0,AUTOMATIC,PETROL,0.0,NEW,100.0,2026-09-23
SUZUKI,EVERY,2026,650.0,AUTOMATIC,PETROL,0.0,NEW,101.0,2026-09-23
SUZUKI,EVERY,2026,660.0,AUTOMATIC,PETROL,0.0,NEW,92.45,2026-09-23
SUZUKI,EVERY,2026,650.0,AUTOMATIC,PETROL,0.0,NEW,91.5,2026-09-23
SUZUKI,EVERY,2026,650.0,AUTOMATIC,PETROL,0.0,NEW,106.75,2026-09-23
SUZUKI,EVERY,2026,660.0,AUTOMATIC,PETROL,0.0,NEW,92.9,2026-09-26
SUZUKI,EVERY,2026,660.0,AUTOMATIC,PETROL,0.0,NEW,106.75,2026-09-25
SUZUKI,FRONX,2026,1000.0,AUTOMATIC,HYBRID,0.0,NEW,107.5,2026-09-26
SUZUKI,FRONX,2026,1000.0,AUTOMATIC,PETROL,38.0,NEW,112.0,2026-09-26
SUZUKI,FRONX,2026,1000.0,AUTOMATIC,PETROL,0.0,NEW,110.75,2026-09-25
SUZUKI,FRONX,2026,1000.0,AUTOMATIC,PETROL,0.0,NEW,110.0,2026-09-11
SUZUKI,FRONX,2026,1000.0,AUTOMATIC,PETROL,0.0,NEW,108.5,2026-09-25
SUZUKI,FRONX,2026,1000.0,AUTOMATIC,HYBRID,0.0,NEW,107.5,2026-09-24
SUZUKI,FRONX,2026,1000.0,AUTOMATIC,PETROL,0.0,NEW,108.75,2026-09-24
SUZUKI,FRONX,2026,1000.0,AUTOMATIC,PETROL,0.0,NEW,111.25,2026-09-24
SUZUKI,FRONX,2026,1000.0,AUTOMATIC,PETROL,1000.0,NEW,113.5,2026-09-24
SUZUKI,FRONX,2026,1000.0,AUTOMATIC,HYBRID,0.0,NEW,113.25,2026-09-24
SUZUKI,FRONX,2026,1000.0,AUTOMATIC,HYBRID,0.0,NEW,110.75,2026-09-24
SUZUKI,FRONX,2026,1000.0,AUTOMATIC,PETROL,0.0,NEW,108.0,2026-09-23
SUZUKI,FRONX,2026,1000.0,AUTOMATIC,PETROL,0.0,NEW,107.0,2026-09-23
SUZUKI,FRONX,2026,1000.0,AUTOMATIC,PETROL,0.0,NEW,112.5,2026-09-23
SUZUKI,FRONX,2026,1000.0,AUTOMATIC,PETROL,0.0,NEW,109.0,2026-09-23
SUZUKI,FRONX,2026,1000.0,AUTOMATIC,PETROL,0.0,NEW,112.5,2026-09-26
SUZUKI,FRONX,2026,990.0,AUTOMATIC,PETROL,50.0,USED,103.9,2026-09-26
SUZUKI,FRONX,2026,998.0,AUTOMATIC,HYBRID,0.0,NEW,108.75,2026-09-26
SUZUKI,FRONX,2026,990.0,AUTOMATIC,HYBRID,0.0,NEW,108.75,2026-09-26
SUZUKI,FRONX,2026,1000.0,AUTOMATIC,HYBRID,30.0,NEW,108.75,2026-09-26
SUZUKI,FRONX,2026,1000.0,AUTOMATIC,PETROL,0.0,NEW,107.0,2026-09-25
SUZUKI,FRONX,2026,1000.0,AUTOMATIC,PETROL,0.0,NEW,109.9,2026-09-25
SUZUKI,HUSTLER,2015,650.0,AUTOMATIC,PETROL,110000.0,USED,61.35,2025-02-05
SUZUKI,HUSTLER,2015,695.0,AUTOMATIC,PETROL,110000.0,USED,60.25,2025-01-29
SUZUKI,HUSTLER,2015,650.0,AUTOMATIC,HYBRID,110000.0,USED,69.75,2025-01-17
SUZUKI,HUSTLER,2015,1500.0,AUTOMATIC,PETROL,110000.0,USED,55.0,2025-01-25
SUZUKI,HUSTLER,2015,660.0,AUTOMATIC,PETROL,110000.0,USED,59.0,2025-01-03
SUZUKI,HUSTLER,2015,660.0,AUTOMATIC,HYBRID,110000.0,USED,62.75,2024-12-18
SUZUKI,HUSTLER,2015,660.0,AUTOMATIC,HYBRID,170000.0,USED,58.5,2026-09-25
SUZUKI,HUSTLER,2016,650.0,AUTOMATIC,HYBRID,99000.0,USED,71.1875,2025-02-04
SUZUKI,HUSTLER,2016,650.0,AUTOMATIC,PETROL,99000.0,USED,64.75,2025-02-03
SUZUKI,HUSTLER,2016,650.0,AUTOMATIC,PETROL,99000.0,USED,63.75,2025-02-03
SUZUKI,HUSTLER,2016,660.0,AUTOMATIC,HYBRID,99000.0,USED,56.0,2025-02-01
SUZUKI,HUSTLER,2016,660.0,AUTOMATIC,HYBRID,99000.0,USED,71.1875,2025-01-11
SUZUKI,HUSTLER,2016,650.0,AUTOMATIC,PETROL,99000.0,USED,59.0,2024-12-21
SUZUKI,HUSTLER,2016,650.0,AUTOMATIC,PETROL,99000.0,USED,64.95,2024-12-19
SUZUKI,HUSTLER,2016,660.0,AUTOMATIC,HYBRID,99000.0,USED,62.5,2024-12-17
SUZUKI,HUSTLER,2017,660.0,AUTOMATIC,PETROL,88000.0,USED,63.5,2025-01-31
SUZUKI,HUSTLER,2017,650.0,AUTOMATIC,PETROL,88000.0,USED,62.5,2025-01-12
SUZUKI,HUSTLER,2017,600.0,AUTOMATIC,PETROL,88000.0,USED,58.95,2025-01-04
SUZUKI,HUSTLER,2017,650.0,AUTOMATIC,PETROL,88000.0,USED,63.5,2024-12-29
SUZUKI,HUSTLER,2017,650.0,AUTOMATIC,HYBRID,88000.0,USED,62.0,2024-12-21
SUZUKI,HUSTLER,2024,660.0,AUTOMATIC,HYBRID,18000.0,USED,78.9,2026-09-26
SUZUKI,HUSTLER J STYLE,2015,660.0,AUTOMATIC,HYBRID,110000.0,USED,58.9,2025-01-31
SUZUKI,HUSTLER J STYLE,2015,650.0,AUTOMATIC,PETROL,110000.0,USED,59.0,2025-01-13
SUZUKI,HUSTLER J STYLE,2017,650.0,AUTOMATIC,HYBRID,88000.0,USED,66.5,2025-02-01
SUZUKI,HUSTLER J STYLE TURBO,2017,660.0,AUTOMATIC,HYBRID,88000.0,USED,64.0,2025-02-04
SUZUKI,IGNIS,2002,1500.0,AUTOMATIC,PETROL,155000.0,USED,42.5,2026-09-24
SUZUKI,INDIAN WAGON R,2004,1000.0,MANUAL,PETROL,231000.0,USED,20.5,2024-12-12
SUZUKI,KEI,2001,650.0,MANUAL,PETROL,264000.0,USED,28.0,2025-01-30
SUZUKI,KEI,2002,650.0,AUTOMATIC,PETROL,253000.0,USED,32.5,2025-02-04
SUZUKI,KEI,2003,650.0,AUTOMATIC,PETROL,242000.0,USED,35.75,2025-01-04
SUZUKI,KEI JAPAN,2004,650.0,AUTOMATIC,PETROL,231000.0,USED,37.5,2025-01-24
SUZUKI,LIANA,2003,1300.0,MANUAL,PETROL,242000.0,USED,32.75,2025-02-01
SUZUKI,LIANA,2005,1300.0,MANUAL,PETROL,220000.0,USED,32.5,2025-02-03
SUZUKI,LIANA,2007,1300.0,MANUAL,PETROL,198000.0,USED,35.5,2025-01-31
SUZUKI,LIANA,2007,1300.0,MANUAL,PETROL,198000.0,USED,35.5,2025-01-28
SUZUKI,LIANA JAPAN,2002,1300.0,MANUAL,PETROL,253000.0,USED,36.5,2025-02-05
SUZUKI,LIANA JAPAN,2007,1329.0,MANUAL,PETROL,198000.0,USED,32.0,2024-12-04
SUZUKI,MARUTI,1993,650.0,MANUAL,PETROL,352000.0,USED,17.9,2025-02-03
SUZUKI,MARUTI,1994,800.0,MANUAL,PETROL,341000.0,USED,12.0,2025-01-27
SUZUKI,MARUTI,1994,800.0,MANUAL,PETROL,341000.0,USED,12.0,2025-01-26
SUZUKI,MARUTI,1994,800.0,MANUAL,PETROL,341000.0,USED,12.0,2024-12-20
SUZUKI,MARUTI,1995,800.0,MANUAL,PETROL,330000.0,USED,12.0,2025-01-06
SUZUKI,MARUTI,1995,800.0,MANUAL,PETROL,330000.0,USED,12.0,2025-01-02
SUZUKI,MARUTI,1996,1300.0,MANUAL,PETROL,319000.0,NEW,12.0,2025-01-30
SUZUKI,MARUTI,1996,800.0,MANUAL,PETROL,319000.0,USED,12.0,2025-01-29
SUZUKI,MARUTI,1996,800.0,MANUAL,PETROL,319000.0,USED,12.0,2024-12-19
SUZUKI,MARUTI,1999,800.0,MANUAL,PETROL,286000.0,USED,12.0,2025-02-04
SUZUKI,MARUTI,1999,800.0,MANUAL,PETROL,286000.0,USED,12.0,2024-12-31
SUZUKI,MARUTI,1999,800.0,MANUAL,PETROL,286000.0,USED,13.5,2024-12-26
SUZUKI,MARUTI,2000,800.0,MANUAL,PETROL,275000.0,USED,13.6,2025-02-02
SUZUKI,MARUTI,2000,795.0,MANUAL,PETROL,275000.0,USED,15.0,2025-01-02
SUZUKI,MARUTI,2000,800.0,MANUAL,PETROL,275000.0,USED,12.75,2024-12-24
SUZUKI,MARUTI,2000,800.0,MANUAL,PETROL,275000.0,USED,13.9,2024-12-23
SUZUKI,MARUTI,2002,800.0,MANUAL,PETROL,253000.0,USED,13.7,2025-01-19
SUZUKI,MARUTI,2003,800.0,MANUAL,PETROL,242000.0,USED,14.3,2025-02-04
SUZUKI,MARUTI,2003,800.0,MANUAL,DIESEL,242000.0,USED,14.183333333333332,2025-02-04
SUZUKI,MARUTI,2003,800.0,MANUAL,PETROL,242000.0,USED,13.5,2025-02-03
SUZUKI,MARUTI,2003,800.0,MANUAL,PETROL,242000.0,USED,14.183333333333332,2025-02-01
SUZUKI,MARUTI,2003,800.0,MANUAL,PETROL,242000.0,USED,14.183333333333332,2025-01-01
SUZUKI,MARUTI,2003,800.0,MANUAL,PETROL,242000.0,USED,14.75,2024-12-23
SUZUKI,MARUTI,2004,800.0,MANUAL,PETROL,231000.0,USED,14.85,2025-02-05
SUZUKI,MARUTI,2004,800.0,MANUAL,PETROL,231000.0,USED,14.95,2025-02-04
SUZUKI,MARUTI,2004,800.0,MANUAL,PETROL,231000.0,USED,15.185,2025-02-02
SUZUKI,MARUTI,2004,800.0,MANUAL,PETROL,231000.0,USED,15.185,2025-01-18
SUZUKI,MARUTI,2004,800.0,MANUAL,PETROL,231000.0,USED,15.0,2025-01-14
SUZUKI,MARUTI,2004,800.0,MANUAL,PETROL,231000.0,USED,15.185,2025-01-14
SUZUKI,MARUTI,2004,800.0,MANUAL,PETROL,231000.0,USED,15.185,2025-01-26
SUZUKI,MARUTI,2004,800.0,MANUAL,PETROL,231000.0,USED,15.185,2025-01-25
SUZUKI,MARUTI,2004,800.0,MANUAL,PETROL,231000.0,USED,15.185,2025-01-21
SUZUKI,MARUTI,2004,800.0,MANUAL,PETROL,231000.0,USED,15.185,2025-01-20
SUZUKI,MARUTI,2004,800.0,MANUAL,PETROL,231000.0,USED,14.75,2025-01-02
SUZUKI,MARUTI,2004,800.0,MANUAL,PETROL,231000.0,USED,15.185,2024-12-28
SUZUKI,MARUTI,2004,800.0,MANUAL,PETROL,231000.0,USED,16.0,2024-12-22
SUZUKI,MARUTI,2004,650.0,MANUAL,PETROL,231000.0,USED,14.5,2024-12-21
SUZUKI,MARUTI,2004,800.0,MANUAL,PETROL,231000.0,USED,15.185,2024-12-20
SUZUKI,MARUTI,2004,800.0,MANUAL,PETROL,231000.0,USED,14.8,2024-12-16
SUZUKI,MARUTI,2004,800.0,MANUAL,PETROL,231000.0,USED,16.1,2024-12-09
SUZUKI,MARUTI,2004,800.0,MANUAL,PETROL,231000.0,USED,14.9,2024-12-09
SUZUKI,MARUTI,2004,800.0,MANUAL,PETROL,231000.0,USED,16.0,2024-12-05
SUZUKI,MARUTI,2005,800.0,MANUAL,PETROL,220000.0,USED,18.5,2025-02-04
SUZUKI,MARUTI,2005,800.0,MANUAL,PETROL,220000.0,USED,16.75,2025-02-04
SUZUKI,MARUTI,2005,800.0,MANUAL,PETROL,220000.0,USED,14.95,2025-02-04
SUZUKI,MARUTI,2005,800.0,MANUAL,PETROL,220000.0,USED,16.0,2025-02-03
SUZUKI,MARUTI,2005,796.0,MANUAL,PETROL,220000.0,USED,16.691666666666666,2025-02-02
SUZUKI,MARUTI,2005,800.0,MANUAL,PETROL,220000.0,USED,16.85,2025-01-31
SUZUKI,MARUTI,2005,800.0,MANUAL,PETROL,220000.0,USED,16.691666666666666,2025-01-30
SUZUKI,MARUTI,2005,800.0,MANUAL,PETROL,220000.0,USED,16.5,2025-01-29
SUZUKI,MARUTI,2005,796.0,MANUAL,PETROL,220000.0,USED,18.75,2025-01-17
SUZUKI,MARUTI,2005,800.0,MANUAL,PETROL,220000.0,USED,16.691666666666666,2025-01-14
SUZUKI,MARUTI,2005,800.0,MANUAL,PETROL,220000.0,USED,14.95,2025-01-13
SUZUKI,MARUTI,2005,800.0,MANUAL,PETROL,220000.0,USED,16.9,2025-01-08
SUZUKI,MARUTI,2005,800.0,MANUAL,PETROL,220000.0,USED,17.0,2025-01-28
SUZUKI,MARUTI,2005,800.0,MANUAL,PETROL,220000.0,USED,17.5,2025-01-28
SUZUKI,MARUTI,2005,800.0,MANUAL,PETROL,220000.0,USED,16.25,2025-01-27
SUZUKI,MARUTI,2005,800.0,MANUAL,PETROL,220000.0,USED,16.75,2025-01-25
SUZUKI,MARUTI,2005,800.0,MANUAL,PETROL,220000.0,USED,16.3,2025-01-20
SUZUKI,MARUTI,2005,800.0,MANUAL,PETROL,220000.0,USED,16.0,2025-01-05
SUZUKI,MARUTI,2005,800.0,MANUAL,PETROL,220000.0,USED,16.691666666666666,2024-12-26
SUZUKI,MARUTI,2005,800.0,MANUAL,PETROL,220000.0,USED,16.691666666666666,2024-12-22
SUZUKI,MARUTI,2005,800.0,MANUAL,PETROL,220000.0,USED,16.5,2024-12-21
SUZUKI,MARUTI,2005,800.0,MANUAL,PETROL,220000.0,USED,17.5,2024-12-20
SUZUKI,MARUTI,2005,800.0,MANUAL,PETROL,220000.0,USED,16.691666666666666,2024-12-19
SUZUKI,MARUTI,2005,800.0,MANUAL,PETROL,73222.0,USED,22.95,2026-09-26
SUZUKI,MARUTI,2005,1000.0,MANUAL,PETROL,154000.0,USED,21.75,2026-09-26
SUZUKI,MARUTI,2006,800.0,MANUAL,PETROL,209000.0,USED,16.45,2025-02-05
SUZUKI,MARUTI,2006,800.0,MANUAL,PETROL,209000.0,USED,16.87,2025-02-04
SUZUKI,MARUTI,2006,800.0,MANUAL,PETROL,209000.0,USED,16.87,2025-02-03
SUZUKI,MARUTI,2006,800.0,MANUAL,PETROL,209000.0,USED,17.75,2025-02-02
SUZUKI,MARUTI,2006,800.0,MANUAL,PETROL,209000.0,USED,16.75,2025-02-02
SUZUKI,MARUTI,2006,800.0,MANUAL,PETROL,209000.0,USED,16.87,2025-02-02
SUZUKI,MARUTI,2006,800.0,MANUAL,PETROL,209000.0,USED,16.87,2025-02-01
SUZUKI,MARUTI,2006,800.0,MANUAL,PETROL,209000.0,USED,16.0,2025-02-01
SUZUKI,MARUTI,2006,800.0,MANUAL,PETROL,209000.0,USED,16.87,2025-01-31
SUZUKI,MARUTI,2006,800.0,MANUAL,PETROL,209000.0,USED,16.35,2025-01-30
SUZUKI,MARUTI,2006,800.0,MANUAL,PETROL,209000.0,USED,17.0,2025-01-30
SUZUKI,MARUTI,2006,800.0,MANUAL,PETROL,209000.0,USED,16.45,2025-01-30
SUZUKI,MARUTI,2006,800.0,MANUAL,PETROL,209000.0,USED,17.4,2025-01-29
SUZUKI,MARUTI,2006,800.0,MANUAL,PETROL,209000.0,USED,16.87,2025-01-29
SUZUKI,MARUTI,2006,800.0,MANUAL,PETROL,209000.0,USED,17.9,2025-01-28
SUZUKI,MARUTI,2006,800.0,MANUAL,PETROL,209000.0,USED,16.87,2025-01-17
SUZUKI,MARUTI,2006,800.0,MANUAL,PETROL,209000.0,USED,16.87,2025-01-15
SUZUKI,MARUTI,2006,800.0,MANUAL,PETROL,209000.0,USED,16.87,2025-01-14
SUZUKI,MARUTI,2006,795.0,MANUAL,PETROL,209000.0,USED,16.87,2025-01-14
SUZUKI,MARUTI,2006,800.0,MANUAL,PETROL,209000.0,USED,16.5,2025-01-13
SUZUKI,MARUTI,2006,650.0,MANUAL,PETROL,209000.0,USED,16.87,2025-01-11
SUZUKI,MARUTI,2006,800.0,MANUAL,PETROL,209000.0,USED,16.75,2025-01-11
SUZUKI,MARUTI,2006,800.0,MANUAL,PETROL,209000.0,USED,16.87,2025-01-10
SUZUKI,MARUTI,2006,800.0,MANUAL,PETROL,209000.0,USED,16.87,2025-01-09
SUZUKI,MARUTI,2006,800.0,MANUAL,PETROL,209000.0,USED,16.87,2025-01-08
SUZUKI,MARUTI,2006,800.0,MANUAL,PETROL,209000.0,USED,16.0,2025-01-08
SUZUKI,MARUTI,2006,800.0,MANUAL,PETROL,209000.0,USED,16.87,2025-01-07
SUZUKI,MARUTI,2006,800.0,MANUAL,PETROL,209000.0,USED,16.87,2025-01-06
SUZUKI,MARUTI,2006,800.0,MANUAL,PETROL,209000.0,USED,16.87,2025-01-28
SUZUKI,MARUTI,2006,800.0,MANUAL,PETROL,209000.0,USED,17.25,2025-01-28
SUZUKI,MARUTI,2006,800.0,MANUAL,PETROL,209000.0,USED,17.4,2025-01-26
SUZUKI,MARUTI,2006,800.0,MANUAL,PETROL,209000.0,USED,16.87,2025-01-26
SUZUKI,MARUTI,2006,800.0,MANUAL,PETROL,209000.0,USED,17.4,2025-01-04
SUZUKI,MARUTI,2006,800.0,MANUAL,PETROL,209000.0,USED,15.9,2025-01-04
SUZUKI,MARUTI,2006,800.0,MANUAL,PETROL,209000.0,USED,16.5,2025-01-03
SUZUKI,MARUTI,2006,800.0,MANUAL,PETROL,209000.0,USED,15.75,2024-12-30
SUZUKI,MARUTI,2006,800.0,MANUAL,PETROL,209000.0,USED,17.25,2024-12-29
SUZUKI,MARUTI,2006,800.0,MANUAL,PETROL,209000.0,USED,16.87,2024-12-28
SUZUKI,MARUTI,2006,800.0,MANUAL,PETROL,209000.0,USED,17.25,2024-12-27
SUZUKI,MARUTI,2006,800.0,MANUAL,PETROL,209000.0,USED,16.75,2024-12-24
SUZUKI,MARUTI,2006,800.0,MANUAL,PETROL,209000.0,USED,16.5,2024-12-18
SUZUKI,MARUTI,2006,800.0,MANUAL,PETROL,209000.0,USED,16.75,2024-12-10
SUZUKI,MARUTI,2006,800.0,MANUAL,PETROL,209000.0,USED,19.25,2024-12-06
SUZUKI,MARUTI,2006,800.0,MANUAL,PETROL,209000.0,USED,16.5,2024-12-05
SUZUKI,MARUTI,2007,796.0,MANUAL,PETROL,198000.0,USED,19.75,2025-02-05
SUZUKI,MARUTI,2007,800.0,MANUAL,PETROL,198000.0,USED,17.8,2025-02-05
SUZUKI,MARUTI,2007,800.0,MANUAL,PETROL,198000.0,USED,17.5,2025-02-04
SUZUKI,MARUTI,2007,800.0,MANUAL,PETROL,198000.0,USED,18.25,2025-02-03
SUZUKI,MARUTI,2007,800.0,MANUAL,PETROL,198000.0,USED,17.52105263157895,2025-01-30
SUZUKI,MARUTI,2007,800.0,MANUAL,PETROL,198000.0,USED,16.0,2025-01-11
SUZUKI,MARUTI,2007,800.0,MANUAL,PETROL,198000.0,USED,17.0,2025-01-10
SUZUKI,MARUTI,2007,800.0,MANUAL,PETROL,198000.0,USED,16.5,2025-01-09
SUZUKI,MARUTI,2007,800.0,MANUAL,PETROL,198000.0,USED,17.52105263157895,2025-01-09
SUZUKI,MARUTI,2007,800.0,MANUAL,PETROL,198000.0,USED,17.0,2025-01-06
SUZUKI,MARUTI,2007,795.0,MANUAL,PETROL,198000.0,USED,17.52105263157895,2025-01-28
SUZUKI,MARUTI,2007,800.0,MANUAL,PETROL,198000.0,NEW,17.5,2025-01-28
SUZUKI,MARUTI,2007,800.0,MANUAL,PETROL,198000.0,NEW,16.8,2025-01-26
SUZUKI,MARUTI,2007,800.0,MANUAL,PETROL,198000.0,USED,18.0,2025-01-21
SUZUKI,MARUTI,2007,800.0,MANUAL,PETROL,198000.0,USED,17.52105263157895,2025-01-21
SUZUKI,MARUTI,2007,800.0,MANUAL,PETROL,198000.0,USED,17.52105263157895,2025-01-20
SUZUKI,MARUTI,2007,800.0,MANUAL,PETROL,198000.0,USED,18.3,2025-01-19
SUZUKI,MARUTI,2007,800.0,MANUAL,PETROL,198000.0,USED,17.9,2025-01-04
SUZUKI,MARUTI,2007,800.0,MANUAL,PETROL,198000.0,USED,18.25,2025-01-03
SUZUKI,MARUTI,2007,800.0,MANUAL,PETROL,198000.0,USED,18.25,2024-12-27
SUZUKI,MARUTI,2007,800.0,MANUAL,PETROL,198000.0,USED,16.9,2024-12-16
SUZUKI,MARUTI,2007,800.0,MANUAL,PETROL,198000.0,USED,17.5,2024-12-15
SUZUKI,MARUTI,2007,800.0,MANUAL,PETROL,198000.0,USED,16.8,2024-12-10
SUZUKI,MARUTI,2007,800.0,MANUAL,PETROL,198000.0,USED,16.9,2024-12-09
SUZUKI,MARUTI,2007,800.0,MANUAL,PETROL,198000.0,USED,17.52105263157895,2024-12-05
SUZUKI,MARUTI,2008,800.0,MANUAL,PETROL,187000.0,USED,21.0,2025-02-05
SUZUKI,MARUTI,2008,800.0,MANUAL,PETROL,187000.0,USED,17.35,2025-02-04
SUZUKI,MARUTI,2008,800.0,MANUAL,PETROL,187000.0,USED,18.43125,2025-02-04
SUZUKI,MARUTI,2008,800.0,MANUAL,PETROL,187000.0,USED,18.43125,2025-02-01
SUZUKI,MARUTI,2008,800.0,MANUAL,PETROL,187000.0,USED,17.35,2025-01-12
SUZUKI,MARUTI,2008,800.0,MANUAL,PETROL,187000.0,USED,18.43125,2025-01-11
SUZUKI,MARUTI,2008,800.0,MANUAL,PETROL,187000.0,USED,17.5,2025-01-06
SUZUKI,MARUTI,2008,800.0,MANUAL,PETROL,187000.0,USED,18.95,2025-01-26
SUZUKI,MARUTI,2008,800.0,MANUAL,PETROL,187000.0,USED,18.43125,2025-01-26
SUZUKI,MARUTI,2008,800.0,MANUAL,PETROL,187000.0,USED,18.8,2025-01-20
SUZUKI,MARUTI,2008,800.0,MANUAL,PETROL,187000.0,USED,17.5,2024-12-19
SUZUKI,MARUTI,2008,800.0,MANUAL,PETROL,187000.0,USED,19.0,2024-12-08
SUZUKI,MARUTI,2009,800.0,MANUAL,PETROL,176000.0,USED,24.0,2025-01-31
SUZUKI,MARUTI,2009,800.0,MANUAL,PETROL,176000.0,USED,23.75,2025-01-31
SUZUKI,MARUTI,2009,800.0,MANUAL,PETROL,176000.0,USED,18.75,2025-01-29
SUZUKI,MARUTI,2009,800.0,MANUAL,PETROL,176000.0,USED,24.0,2025-01-15
SUZUKI,MARUTI,2009,800.0,MANUAL,PETROL,176000.0,USED,17.5,2025-01-10
SUZUKI,MARUTI,2010,800.0,MANUAL,PETROL,165000.0,USED,19.7,2025-02-02
SUZUKI,MARUTI,2010,800.0,MANUAL,PETROL,165000.0,USED,22.0,2025-01-31
SUZUKI,MARUTI,2010,800.0,MANUAL,PETROL,165000.0,USED,19.9,2025-01-31
SUZUKI,MARUTI,2010,1500.0,MANUAL,PETROL,165000.0,USED,19.5,2025-01-29
SUZUKI,MARUTI,2010,800.0,MANUAL,PETROL,165000.0,USED,19.5,2025-01-29
SUZUKI,MARUTI,2010,800.0,MANUAL,PETROL,165000.0,USED,19.5,2025-01-10
SUZUKI,MARUTI,2010,796.0,MANUAL,PETROL,165000.0,USED,17.0,2025-01-06
SUZUKI,MARUTI,2010,800.0,MANUAL,PETROL,165000.0,USED,18.75,2025-01-28
SUZUKI,MARUTI,2010,800.0,MANUAL,PETROL,165000.0,USED,18.95,2025-01-27
SUZUKI,MARUTI,2010,800.0,MANUAL,PETROL,165000.0,USED,19.134375,2025-01-27
SUZUKI,MARUTI,2010,800.0,MANUAL,PETROL,165000.0,USED,19.5,2025-01-23
SUZUKI,MARUTI,2010,800.0,MANUAL,PETROL,165000.0,USED,19.134375,2025-01-22
SUZUKI,MARUTI,2010,800.0,MANUAL,PETROL,165000.0,USED,19.134375,2025-01-03
SUZUKI,MARUTI,2010,800.0,MANUAL,PETROL,165000.0,USED,16.25,2024-12-30
SUZUKI,MARUTI,2010,800.0,MANUAL,PETROL,165000.0,USED,19.134375,2024-12-27
SUZUKI,MARUTI,2010,800.0,MANUAL,PETROL,165000.0,USED,19.134375,2024-12-26
SUZUKI,MARUTI,2010,800.0,MANUAL,PETROL,165000.0,USED,18.5,2024-12-22
SUZUKI,MARUTI,2010,800.0,MANUAL,PETROL,165000.0,USED,19.5,2024-12-20
SUZUKI,MARUTI,2010,800.0,MANUAL,PETROL,165000.0,USED,19.134375,2024-12-15
SUZUKI,MARUTI,2010,800.0,MANUAL,PETROL,165000.0,USED,18.95,2024-12-11
SUZUKI,MARUTI,2010,800.0,MANUAL,PETROL,165000.0,USED,19.134375,2024-12-09
SUZUKI,MARUTI,2010,800.0,MANUAL,PETROL,165000.0,USED,18.75,2024-12-06
SUZUKI,MARUTI,2010,800.0,MANUAL,PETROL,165000.0,USED,19.9,2024-12-05
SUZUKI,MARUTI,2011,800.0,MANUAL,PETROL,154000.0,USED,19.75,2025-02-05
SUZUKI,MARUTI,2011,800.0,MANUAL,PETROL,154000.0,USED,20.034782608695647,2025-02-05
SUZUKI,MARUTI,2011,800.0,MANUAL,PETROL,154000.0,USED,20.034782608695647,2025-02-04
SUZUKI,MARUTI,2011,795.0,MANUAL,PETROL,154000.0,USED,20.034782608695647,2025-02-04
SUZUKI,MARUTI,2011,800.0,MANUAL,PETROL,154000.0,USED,17.9,2025-02-03
SUZUKI,MARUTI,2011,800.0,MANUAL,PETROL,154000.0,USED,19.9,2025-02-03
SUZUKI,MARUTI,2011,795.0,MANUAL,PETROL,154000.0,USED,20.034782608695647,2025-02-02
SUZUKI,MARUTI,2011,800.0,MANUAL,PETROL,154000.0,USED,21.5,2025-02-02
SUZUKI,MARUTI,2011,800.0,MANUAL,PETROL,154000.0,USED,21.0,2025-02-01
SUZUKI,MARUTI,2011,800.0,MANUAL,PETROL,154000.0,USED,20.034782608695647,2025-01-31
SUZUKI,MARUTI,2011,795.0,MANUAL,PETROL,154000.0,USED,17.5,2025-01-31
SUZUKI,MARUTI,2011,800.0,MANUAL,PETROL,154000.0,USED,19.5,2025-01-29
SUZUKI,MARUTI,2011,800.0,MANUAL,PETROL,154000.0,USED,20.034782608695647,2025-01-29
SUZUKI,MARUTI,2011,800.0,MANUAL,PETROL,154000.0,USED,20.034782608695647,2025-01-18
SUZUKI,MARUTI,2011,800.0,MANUAL,PETROL,154000.0,USED,20.85,2025-01-14
SUZUKI,MARUTI,2011,800.0,MANUAL,PETROL,154000.0,USED,18.0,2025-01-07
SUZUKI,MARUTI,2011,800.0,MANUAL,PETROL,154000.0,USED,19.25,2025-01-05
SUZUKI,MARUTI,2011,800.0,MANUAL,PETROL,154000.0,USED,19.5,2025-01-28
SUZUKI,MARUTI,2011,800.0,MANUAL,PETROL,154000.0,USED,19.75,2025-01-22
SUZUKI,MARUTI,2011,800.0,MANUAL,PETROL,154000.0,USED,19.5,2025-01-22
SUZUKI,MARUTI,2011,800.0,MANUAL,PETROL,154000.0,USED,19.5,2025-01-20
SUZUKI,MARUTI,2011,800.0,MANUAL,PETROL,154000.0,USED,20.75,2025-01-19
SUZUKI,MARUTI,2011,800.0,MANUAL,PETROL,154000.0,USED,21.0,2024-12-28
SUZUKI,MARUTI,2011,800.0,MANUAL,PETROL,154000.0,USED,21.5,2024-12-23
SUZUKI,MARUTI,2011,800.0,MANUAL,PETROL,154000.0,USED,20.034782608695647,2024-12-22
SUZUKI,MARUTI,2011,800.0,MANUAL,PETROL,154000.0,USED,22.5,2024-12-21
SUZUKI,MARUTI,2011,800.0,MANUAL,PETROL,154000.0,USED,20.034782608695647,2024-12-21
SUZUKI,MARUTI,2011,800.0,MANUAL,PETROL,154000.0,USED,21.5,2024-12-19
SUZUKI,MARUTI,2011,800.0,MANUAL,PETROL,154000.0,USED,20.034782608695647,2024-12-18
SUZUKI,MARUTI,2011,600.0,MANUAL,PETROL,154000.0,USED,20.034782608695647,2024-12-17
SUZUKI,MARUTI,2011,795.0,MANUAL,PETROL,154000.0,USED,20.034782608695647,2024-12-17
SUZUKI,MARUTI,2011,800.0,MANUAL,PETROL,154000.0,USED,19.25,2024-12-14
SUZUKI,MARUTI,2011,800.0,MANUAL,PETROL,154000.0,USED,20.4,2024-12-14
SUZUKI,MARUTI,2011,800.0,MANUAL,PETROL,154000.0,USED,20.034782608695647,2024-12-10
SUZUKI,MARUTI,2011,800.0,MANUAL,PETROL,154000.0,USED,21.0,2024-12-10
SUZUKI,MARUTI,2011,800.0,MANUAL,PETROL,154000.0,USED,19.5,2024-12-05
SUZUKI,MARUTI,2011,800.0,MANUAL,PETROL,123000.0,USED,23.5,2026-09-24
SUZUKI,MARUTI,2012,800.0,MANUAL,PETROL,143000.0,USED,20.75,2025-02-05
SUZUKI,MARUTI,2012,800.0,MANUAL,PETROL,143000.0,USED,21.5,2025-02-04
SUZUKI,MARUTI,2012,800.0,MANUAL,PETROL,143000.0,USED,20.97,2025-02-01
SUZUKI,MARUTI,2012,800.0,MANUAL,PETROL,143000.0,USED,20.95,2025-01-31
SUZUKI,MARUTI,2012,800.0,MANUAL,PETROL,143000.0,USED,20.65,2025-01-14
SUZUKI,MARUTI,2012,800.0,MANUAL,PETROL,143000.0,USED,20.97,2024-12-30
SUZUKI,MARUTI,2012,795.0,MANUAL,PETROL,143000.0,USED,21.0,2024-12-29
SUZUKI,MARUTI,2012,800.0,MANUAL,PETROL,143000.0,USED,20.97,2024-12-24
SUZUKI,MARUTI,2012,800.0,MANUAL,PETROL,143000.0,USED,20.97,2024-12-21
SUZUKI,MARUTI,2013,800.0,MANUAL,PETROL,132000.0,USED,19.75,2025-01-31
SUZUKI,MARUTI,2013,799.0,MANUAL,PETROL,132000.0,USED,19.75,2025-01-05
SUZUKI,MARUTI,2014,800.0,MANUAL,PETROL,121000.0,USED,21.2,2025-01-09
SUZUKI,MARUTI 800,1993,800.0,MANUAL,PETROL,352000.0,USED,11.374999999999996,2025-01-16
SUZUKI,MARUTI 800,1997,800.0,MANUAL,PETROL,308000.0,USED,12.5,2025-02-05
SUZUKI,MARUTI 800,1998,800.0,MANUAL,PETROL,297000.0,USED,11.374999999999996,2025-01-31
SUZUKI,MARUTI 800,1998,800.0,MANUAL,PETROL,297000.0,USED,13.25,2024-12-29
SUZUKI,MARUTI 800,1999,800.0,MANUAL,PETROL,286000.0,USED,12.75,2025-01-16
SUZUKI,MARUTI 800,2001,800.0,MANUAL,PETROL,264000.0,USED,15.5,2025-01-29
SUZUKI,MARUTI 800,2003,800.0,MANUAL,PETROL,242000.0,USED,14.3,2025-01-10
SUZUKI,MARUTI 800,2004,800.0,MANUAL,PETROL,231000.0,USED,15.5,2025-02-05
SUZUKI,MARUTI 800,2004,800.0,MANUAL,PETROL,231000.0,USED,15.5,2024-12-28
SUZUKI,MARUTI 800,2004,800.0,MANUAL,PETROL,231000.0,USED,15.5,2024-12-23
SUZUKI,MARUTI 800,2005,800.0,MANUAL,PETROL,220000.0,USED,15.65,2025-02-04
SUZUKI,MARUTI 800,2005,800.0,MANUAL,PETROL,220000.0,USED,17.5,2024-12-28
SUZUKI,MARUTI 800,2005,800.0,MANUAL,PETROL,220000.0,USED,15.8,2024-12-17
SUZUKI,MARUTI 800,2005,800.0,MANUAL,PETROL,220000.0,USED,14.25,2024-12-10
SUZUKI,MARUTI 800,2006,800.0,MANUAL,PETROL,209000.0,USED,18.0,2025-02-05
SUZUKI,MARUTI 800,2006,800.0,MANUAL,PETROL,209000.0,USED,17.6,2025-02-04
SUZUKI,MARUTI 800,2006,800.0,MANUAL,PETROL,209000.0,USED,17.0,2025-01-05
SUZUKI,MARUTI 800,2006,800.0,MANUAL,PETROL,209000.0,USED,16.9625,2025-01-05
SUZUKI,MARUTI 800,2006,800.0,MANUAL,PETROL,209000.0,USED,16.9625,2025-01-04
SUZUKI,MARUTI 800,2006,800.0,MANUAL,PETROL,209000.0,USED,17.5,2024-12-28
SUZUKI,MARUTI 800,2006,800.0,MANUAL,PETROL,209000.0,USED,17.0,2024-12-21
SUZUKI,MARUTI 800,2006,800.0,MANUAL,PETROL,209000.0,USED,16.3,2024-12-09
SUZUKI,MARUTI 800,2006,800.0,MANUAL,PETROL,209000.0,USED,15.5,2024-12-07
SUZUKI,MARUTI 800,2006,800.0,MANUAL,PETROL,209000.0,USED,16.8,2024-12-06
SUZUKI,MARUTI 800,2007,796.0,MANUAL,PETROL,198000.0,USED,17.4,2025-02-05
SUZUKI,MARUTI 800,2007,800.0,MANUAL,PETROL,198000.0,USED,17.58,2025-02-03
SUZUKI,MARUTI 800,2007,800.0,MANUAL,PETROL,198000.0,USED,17.95,2025-02-01
SUZUKI,MARUTI 800,2007,800.0,MANUAL,PETROL,198000.0,USED,18.5,2025-01-30
SUZUKI,MARUTI 800,2007,800.0,MANUAL,PETROL,198000.0,USED,18.5,2025-01-05
SUZUKI,MARUTI 800,2007,800.0,MANUAL,PETROL,198000.0,USED,18.75,2025-01-04
SUZUKI,MARUTI 800,2007,800.0,MANUAL,PETROL,198000.0,USED,17.2,2024-12-28
SUZUKI,MARUTI 800,2007,800.0,MANUAL,PETROL,198000.0,USED,16.25,2024-12-28
SUZUKI,MARUTI 800,2007,800.0,MANUAL,PETROL,198000.0,USED,16.5,2024-12-11
SUZUKI,MARUTI 800,2007,800.0,MANUAL,PETROL,198000.0,USED,17.0,2024-12-10
SUZUKI,MARUTI 800,2007,800.0,MANUAL,PETROL,198000.0,USED,17.75,2024-12-07
SUZUKI,MARUTI 800,2008,800.0,MANUAL,PETROL,187000.0,USED,16.85,2025-01-24
SUZUKI,MARUTI 800,2008,800.0,MANUAL,PETROL,187000.0,USED,16.85,2024-12-11
SUZUKI,MARUTI 800,2009,800.0,MANUAL,PETROL,176000.0,USED,18.85,2025-02-05
SUZUKI,MARUTI 800,2009,800.0,MANUAL,PETROL,176000.0,USED,18.85,2025-01-31
SUZUKI,MARUTI 800,2010,800.0,MANUAL,PETROL,165000.0,USED,19.5,2025-02-05
SUZUKI,MARUTI 800,2010,800.0,MANUAL,PETROL,165000.0,USED,18.95,2025-02-04
SUZUKI,MARUTI 800,2010,800.0,MANUAL,PETROL,165000.0,USED,19.5,2025-02-02
SUZUKI,MARUTI 800,2010,800.0,MANUAL,PETROL,165000.0,USED,19.75,2025-01-17
SUZUKI,MARUTI 800,2010,800.0,MANUAL,PETROL,165000.0,USED,19.62142857142857,2025-01-06
SUZUKI,MARUTI 800,2010,800.0,MANUAL,PETROL,165000.0,USED,21.0,2025-01-05
SUZUKI,MARUTI 800,2010,799.0,MANUAL,PETROL,165000.0,USED,18.9,2024-12-12
SUZUKI,MARUTI 800,2010,799.0,MANUAL,PETROL,165000.0,USED,19.75,2024-12-09
SUZUKI,MARUTI 800,2011,800.0,MANUAL,PETROL,154000.0,USED,19.975,2025-02-04
SUZUKI,MARUTI 800,2011,800.0,MANUAL,PETROL,154000.0,USED,19.975,2025-02-01
SUZUKI,MARUTI 800,2011,800.0,MANUAL,PETROL,154000.0,USED,20.45,2025-01-06
SUZUKI,MARUTI 800,2011,799.0,MANUAL,PETROL,154000.0,USED,19.975,2024-12-23
SUZUKI,MARUTI 800,2011,800.0,MANUAL,PETROL,154000.0,USED,19.5,2024-12-21
SUZUKI,MARUTI 800,2012,800.0,MANUAL,PETROL,143000.0,USED,21.25,2025-02-05
SUZUKI,MARUTI 800,2012,800.0,MANUAL,PETROL,143000.0,USED,21.35833333333333,2025-01-06
SUZUKI,MARUTI 800,2012,800.0,MANUAL,PETROL,143000.0,USED,21.75,2025-01-28
SUZUKI,MARUTI 800,2012,800.0,MANUAL,PETROL,143000.0,USED,20.9,2025-01-25
SUZUKI,MARUTI 800,2012,800.0,MANUAL,PETROL,143000.0,USED,21.35833333333333,2025-01-01
SUZUKI,MARUTI 800,2012,800.0,MANUAL,PETROL,143000.0,USED,21.75,2024-12-18
SUZUKI,MARUTI 800,2012,800.0,MANUAL,PETROL,143000.0,USED,21.5,2024-12-05
SUZUKI,MARUTI 800,2012,800.0,MANUAL,PETROL,143000.0,USED,21.0,2024-12-04
SUZUKI,MARUTI 800,2013,800.0,MANUAL,PETROL,132000.0,USED,21.6,2025-01-15
SUZUKI,MARUTI 800,2013,800.0,MANUAL,PETROL,132000.0,USED,21.6,2025-01-24
SUZUKI,MARUTI 800 AC,2005,800.0,MANUAL,PETROL,220000.0,USED,16.25,2025-01-22
SUZUKI,MARUTI 800 EFI,2000,800.0,MANUAL,PETROL,275000.0,USED,15.0,2024-12-21
SUZUKI,MARUTI 800 EFI,2004,800.0,MANUAL,PETROL,231000.0,USED,14.8,2025-02-03
SUZUKI,MARUTI 800 EFI,2011,800.0,MANUAL,PETROL,154000.0,USED,20.5,2025-01-29
SUZUKI,MARUTI 800 SPORT,2008,800.0,MANUAL,PETROL,187000.0,USED,18.75,2025-01-29
SUZUKI,MARUTI 800 SPORT,2010,800.0,MANUAL,PETROL,165000.0,USED,22.5,2025-01-03
SUZUKI,MARUTI ALTO 800,2007,800.0,MANUAL,PETROL,198000.0,USED,23.75,2025-02-02
SUZUKI,MARUTI ALTO 800,2015,796.0,MANUAL,PETROL,110000.0,USED,33.5,2024-12-08
SUZUKI,MARUTI EFI,2004,800.0,MANUAL,PETROL,231000.0,USED,14.25,2025-02-04
SUZUKI,MARUTI EFI,2004,800.0,MANUAL,PETROL,231000.0,USED,14.25,2025-01-15
SUZUKI,MARUTI EFI,2006,800.0,MANUAL,PETROL,209000.0,USED,16.3,2025-02-04
SUZUKI,MARUTI EFI,2006,800.0,MANUAL,PETROL,209000.0,USED,16.85,2025-02-02
SUZUKI,MARUTI EFI,2010,800.0,MANUAL,PETROL,165000.0,USED,18.5,2025-01-21
SUZUKI,MARUTI EFI 05 FORWARD,2002,800.0,MANUAL,PETROL,253000.0,USED,15.95,2025-02-03
SUZUKI,MARUTI EFL,2004,800.0,MANUAL,PETROL,231000.0,USED,16.25,2025-02-04
SUZUKI,MARUTI OMNI,2011,800.0,MANUAL,PETROL,154000.0,USED,20.5,2025-02-01
SUZUKI,MARUTI SPORT,2012,800.0,MANUAL,PETROL,143000.0,USED,20.0,2025-01-29
SUZUKI,MARUTI ZEN,1996,1000.0,MANUAL,PETROL,319000.0,USED,13.75,2024-12-05
SUZUKI,MARUTI ZEN,2003,1000.0,MANUAL,PETROL,242000.0,USED,18.75,2025-02-03
SUZUKI,MARUTI ZEN,2004,1000.0,MANUAL,PETROL,231000.0,USED,19.25,2025-02-05
SUZUKI,MARUTI ZEN,2004,1000.0,MANUAL,PETROL,231000.0,USED,10.65,2025-01-30
SUZUKI,MARUTI ZEN,2004,1000.0,MANUAL,PETROL,231000.0,USED,27.0,2024-12-28
SUZUKI,MARUTI ZEN,2006,1000.0,MANUAL,PETROL,209000.0,USED,21.5,2025-02-03
SUZUKI,MARUTI ZEN,2006,1000.0,MANUAL,PETROL,209000.0,USED,25.5,2025-01-12
SUZUKI,MARUTI ZEN,2006,1000.0,MANUAL,PETROL,209000.0,USED,22.5,2024-12-26
SUZUKI,MARUTI ZEN ESTILO,2010,1000.0,MANUAL,PETROL,165000.0,USED,32.0,2025-02-04
SUZUKI,MH 45,2014,650.0,AUTOMATIC,PETROL,121000.0,USED,58.0,2025-02-02
SUZUKI,MH44S WAGON R,2016,650.0,AUTOMATIC,PETROL,99000.0,USED,56.75,2025-02-01
SUZUKI,MINI,1994,1300.0,AUTOMATIC,PETROL,341000.0,USED,29.75,2025-02-02
SUZUKI,S-CROSS,2021,1500.0,MANUAL,PETROL,53000.0,USED,104.0,2026-09-26
SUZUKI,S-CROSS SX4,2018,1000.0,AUTOMATIC,PETROL,77000.0,USED,105.0,2025-02-05
SUZUKI,SMILE,2024,660.0,AUTOMATIC,PETROL,2200.0,USED,78.5,2026-09-25
SUZUKI,SMILE,2024,660.0,AUTOMATIC,PETROL,15700.0,USED,79.5,2026-09-24
SUZUKI,SOLIO BANDIT,2016,1300.0,AUTOMATIC,HYBRID,99000.0,USED,79.5,2025-01-31
SUZUKI,SPACIA,2015,650.0,AUTOMATIC,PETROL,110000.0,USED,59.9,2025-02-05
SUZUKI,SPACIA,2015,650.0,AUTOMATIC,PETROL,110000.0,USED,58.01666666666667,2025-02-05
SUZUKI,SPACIA,2015,660.0,AUTOMATIC,HYBRID,110000.0,USED,52.5,2025-02-03
SUZUKI,SPACIA,2015,650.0,AUTOMATIC,HYBRID,110000.0,USED,53.65,2025-02-03
SUZUKI,SPACIA,2015,660.0,AUTOMATIC,PETROL,110000.0,USED,62.5,2025-02-02
SUZUKI,SPACIA,2015,650.0,AUTOMATIC,PETROL,110000.0,USED,58.01666666666667,2025-02-01
SUZUKI,SPACIA,2015,660.0,AUTOMATIC,PETROL,110000.0,USED,58.01666666666667,2025-01-18
SUZUKI,SPACIA,2015,660.0,AUTOMATIC,HYBRID,110000.0,USED,55.5,2025-01-28
SUZUKI,SPACIA,2015,660.0,AUTOMATIC,PETROL,110000.0,USED,56.5,2025-01-26
SUZUKI,SPACIA,2015,650.0,AUTOMATIC,HYBRID,110000.0,USED,60.5,2025-01-26
SUZUKI,SPACIA,2015,650.0,AUTOMATIC,PETROL,110000.0,USED,57.0,2024-12-25
SUZUKI,SPACIA,2015,650.0,AUTOMATIC,HYBRID,110000.0,USED,64.1,2024-12-10
SUZUKI,SPACIA,2015,650.0,AUTOMATIC,HYBRID,110000.0,USED,58.01666666666667,2024-12-04
SUZUKI,SPACIA,2016,660.0,AUTOMATIC,HYBRID,99000.0,USED,68.0,2025-02-05
SUZUKI,SPACIA,2016,650.0,AUTOMATIC,PETROL,99000.0,USED,59.5,2025-02-05
SUZUKI,SPACIA,2016,909.0,AUTOMATIC,PETROL,99000.0,USED,82.95078124999998,2025-01-18
SUZUKI,SPACIA,2016,650.0,AUTOMATIC,HYBRID,99000.0,USED,57.95,2025-01-28
SUZUKI,SPACIA,2016,650.0,AUTOMATIC,PETROL,99000.0,USED,82.95078124999998,2025-01-27
SUZUKI,SPACIA,2016,650.0,AUTOMATIC,PETROL,99000.0,USED,82.95078124999998,2025-01-23
SUZUKI,SPACIA,2016,660.0,AUTOMATIC,HYBRID,99000.0,USED,57.8,2025-01-01
SUZUKI,SPACIA,2016,650.0,AUTOMATIC,PETROL,99000.0,USED,82.95078124999998,2024-12-30
SUZUKI,SPACIA,2016,660.0,AUTOMATIC,PETROL,99000.0,USED,69.9,2024-12-29
SUZUKI,SPACIA,2016,650.0,AUTOMATIC,HYBRID,99000.0,USED,57.75,2024-12-23
SUZUKI,SPACIA,2016,650.0,AUTOMATIC,PETROL,99000.0,USED,82.95078124999998,2024-12-21
SUZUKI,SPACIA,2016,650.0,AUTOMATIC,PETROL,99000.0,USED,58.0,2024-12-21
SUZUKI,SPACIA,2016,650.0,AUTOMATIC,PETROL,99000.0,USED,60.0,2024-12-17
SUZUKI,SPACIA,2016,650.0,AUTOMATIC,HYBRID,99000.0,USED,58.25,2024-12-16
SUZUKI,SPACIA,2016,650.0,AUTOMATIC,PETROL,99000.0,USED,55.2,2024-12-08
SUZUKI,SPACIA,2016,660.0,AUTOMATIC,HYBRID,99000.0,USED,54.95,2024-12-07
SUZUKI,SPACIA,2016,660.0,AUTOMATIC,PETROL,145500.0,USED,60.85,2026-09-26
SUZUKI,SPACIA,2016,650.0,AUTOMATIC,HYBRID,116000.0,USED,62.9,2026-09-26
SUZUKI,SPACIA,2017,660.0,AUTOMATIC,PETROL,88000.0,USED,65.03571428571428,2025-02-05
SUZUKI,SPACIA,2017,650.0,AUTOMATIC,PETROL,88000.0,USED,58.25,2025-02-03
SUZUKI,SPACIA,2017,650.0,AUTOMATIC,PETROL,88000.0,USED,65.03571428571428,2025-02-03
SUZUKI,SPACIA,2017,660.0,AUTOMATIC,HYBRID,88000.0,USED,68.75,2025-02-01
SUZUKI,SPACIA,2017,660.0,AUTOMATIC,PETROL,88000.0,USED,65.85,2025-01-30
SUZUKI,SPACIA,2017,650.0,AUTOMATIC,HYBRID,88000.0,USED,66.5,2025-01-29
SUZUKI,SPACIA,2017,660.0,AUTOMATIC,PETROL,88000.0,USED,65.03571428571428,2025-01-17
SUZUKI,SPACIA,2017,800.0,AUTOMATIC,PETROL,88000.0,USED,65.03571428571428,2025-01-15
SUZUKI,SPACIA,2017,650.0,AUTOMATIC,HYBRID,88000.0,USED,69.5,2025-01-14
SUZUKI,SPACIA,2017,650.0,AUTOMATIC,PETROL,88000.0,USED,63.75,2025-01-10
SUZUKI,SPACIA,2017,650.0,AUTOMATIC,PETROL,88000.0,USED,67.5,2025-01-28
SUZUKI,SPACIA,2017,660.0,AUTOMATIC,PETROL,88000.0,USED,68.0,2025-01-28
SUZUKI,SPACIA,2017,650.0,AUTOMATIC,PETROL,88000.0,USED,64.0,2025-01-21
SUZUKI,SPACIA,2017,650.0,AUTOMATIC,PETROL,88000.0,USED,70.0,2024-12-25
SUZUKI,SPACIA,2017,650.0,AUTOMATIC,HYBRID,88000.0,USED,71.5,2024-12-20
SUZUKI,SPACIA,2017,650.0,AUTOMATIC,HYBRID,88000.0,USED,65.03571428571428,2024-12-17
SUZUKI,SPACIA,2017,650.0,AUTOMATIC,HYBRID,88000.0,USED,55.9,2024-12-17
SUZUKI,SPACIA,2017,650.0,AUTOMATIC,HYBRID,88000.0,USED,57.5,2024-12-17
SUZUKI,SPACIA,2017,650.0,AUTOMATIC,HYBRID,88000.0,USED,63.5,2024-12-10
SUZUKI,SPACIA,2017,650.0,AUTOMATIC,PETROL,88000.0,USED,65.03571428571428,2024-12-09
SUZUKI,SPACIA,2018,660.0,AUTOMATIC,PETROL,77000.0,USED,78.0,2025-02-04
SUZUKI,SPACIA,2018,909.0,AUTOMATIC,HYBRID,77000.0,USED,59.5,2025-01-07
SUZUKI,SPACIA,2018,650.0,AUTOMATIC,PETROL,77000.0,USED,82.5,2025-01-27
SUZUKI,SPACIA,2018,800.0,AUTOMATIC,PETROL,77000.0,USED,56.5,2025-01-25
SUZUKI,SPACIA,2018,650.0,AUTOMATIC,PETROL,77000.0,USED,56.5,2025-01-24
SUZUKI,SPACIA,2018,630.0,AUTOMATIC,HYBRID,77000.0,USED,82.95078124999998,2025-01-19
SUZUKI,SPACIA,2018,650.0,AUTOMATIC,PETROL,77000.0,USED,58.75,2025-01-02
SUZUKI,SPACIA,2018,650.0,AUTOMATIC,PETROL,77000.0,USED,66.7,2024-12-15
SUZUKI,SPACIA,2018,660.0,AUTOMATIC,HYBRID,77000.0,USED,67.93125,2024-12-04
SUZUKI,SPACIA,2023,660.0,AUTOMATIC,HYBRID,13000.0,USED,79.9,2026-09-26
SUZUKI,SPACIA,2023,660.0,AUTOMATIC,HYBRID,25000.0,USED,93.9,2026-09-25
SUZUKI,SPACIA,2023,660.0,AUTOMATIC,HYBRID,25860.0,USED,96.9,2026-09-24
SUZUKI,SPACIA,2024,660.0,AUTOMATIC,HYBRID,3000.0,USED,93.75,2026-09-26
SUZUKI,SPACIA,2024,660.0,AUTOMATIC,HYBRID,20000.0,USED,77.9,2026-09-24
SUZUKI,SPACIA,2024,660.0,AUTOMATIC,HYBRID,4000.0,USED,99.9,2026-09-24
SUZUKI,SPACIA,2024,650.0,AUTOMATIC,PETROL,7270.0,USED,98.25,2026-09-24
SUZUKI,SPACIA,2024,660.0,AUTOMATIC,HYBRID,4000.0,USED,99.9,2026-09-26
SUZUKI,SPACIA,2025,650.0,AUTOMATIC,HYBRID,2600.0,USED,95.75,2026-09-25
SUZUKI,SPACIA,2025,660.0,AUTOMATIC,HYBRID,4000.0,USED,100.0,2026-09-26
SUZUKI,SPACIA,2025,660.0,AUTOMATIC,PETROL,10000.0,USED,104.0,2026-09-25
SUZUKI,SPACIA,2025,660.0,AUTOMATIC,PETROL,7.0,NEW,83.5,2026-09-26
SUZUKI,SPACIA,2026,658.0,AUTOMATIC,HYBRID,22.0,NEW,117.0,2026-09-25
SUZUKI,SPACIA CUSTOM,2015,650.0,AUTOMATIC,PETROL,110000.0,USED,62.5,2025-02-05
SUZUKI,SPACIA CUSTOM,2015,650.0,AUTOMATIC,PETROL,110000.0,USED,64.0,2025-01-01
SUZUKI,SPACIA CUSTOM,2016,650.0,AUTOMATIC,PETROL,99000.0,USED,66.75,2025-02-04
SUZUKI,SPACIA CUSTOM,2016,650.0,AUTOMATIC,HYBRID,99000.0,USED,57.82857142857143,2025-01-14
SUZUKI,SPACIA CUSTOM,2016,650.0,AUTOMATIC,PETROL,99000.0,USED,43.625,2025-01-05
SUZUKI,SPACIA CUSTOM,2016,650.0,AUTOMATIC,HYBRID,99000.0,USED,64.25,2025-01-27
SUZUKI,SPACIA CUSTOM,2016,650.0,AUTOMATIC,PETROL,99000.0,USED,68.0,2024-12-28
SUZUKI,SPACIA CUSTOM,2016,650.0,AUTOMATIC,HYBRID,99000.0,USED,66.75,2024-12-19
SUZUKI,SPACIA CUSTOM,2016,650.0,AUTOMATIC,PETROL,99000.0,USED,68.5,2024-12-11
SUZUKI,SPACIA CUSTOM,2016,650.0,AUTOMATIC,PETROL,99000.0,USED,63.75,2024-12-07
SUZUKI,SPACIA CUSTOM,2017,650.0,AUTOMATIC,PETROL,88000.0,USED,68.95,2025-02-05
SUZUKI,SPACIA CUSTOM,2017,650.0,AUTOMATIC,PETROL,88000.0,USED,69.9,2025-02-03
SUZUKI,SPACIA CUSTOM,2017,650.0,AUTOMATIC,PETROL,88000.0,USED,68.95,2025-01-18
SUZUKI,SPACIA CUSTOM,2017,650.0,AUTOMATIC,PETROL,88000.0,USED,69.85,2025-01-24
SUZUKI,SPACIA CUSTOM,2017,650.0,AUTOMATIC,PETROL,88000.0,USED,69.0,2025-01-22
SUZUKI,SPACIA CUSTOM,2017,660.0,AUTOMATIC,HYBRID,88000.0,USED,72.5,2024-12-24
SUZUKI,SPACIA CUSTOM,2018,650.0,AUTOMATIC,PETROL,77000.0,USED,83.0,2025-02-02
SUZUKI,SPACIA CUSTOM,2018,650.0,AUTOMATIC,PETROL,77000.0,USED,79.64285714285714,2025-01-31
SUZUKI,SPACIA CUSTOM,2018,650.0,AUTOMATIC,HYBRID,77000.0,USED,81.0,2025-01-31
SUZUKI,SPACIA CUSTOM,2018,650.0,AUTOMATIC,PETROL,77000.0,USED,81.0,2025-01-08
SUZUKI,SPACIA CUSTOM,2018,650.0,AUTOMATIC,PETROL,77000.0,USED,85.0,2025-01-05
SUZUKI,SPACIA CUSTOM,2018,650.0,AUTOMATIC,HYBRID,77000.0,USED,67.0,2025-01-25
SUZUKI,SPACIA CUSTOM,2018,650.0,AUTOMATIC,HYBRID,77000.0,USED,82.5,2024-12-28
SUZUKI,SPACIA CUSTOM,2018,650.0,AUTOMATIC,PETROL,77000.0,USED,78.0,2024-12-22
SUZUKI,SPACIA CUSTOM TURBO,2015,650.0,AUTOMATIC,HYBRID,110000.0,USED,66.9,2025-02-04
SUZUKI,SPACIA CUSTOM XS,2018,650.0,AUTOMATIC,HYBRID,77000.0,USED,83.5,2025-01-14
SUZUKI,SPACIA CUSTOM XS SAFETY,2018,650.0,AUTOMATIC,HYBRID,77000.0,USED,84.9,2025-02-02
SUZUKI,SPACIA CUSTOM Z,2016,650.0,AUTOMATIC,HYBRID,99000.0,USED,64.5,2025-01-20
SUZUKI,SPACIA CUSTOM Z,2017,650.0,AUTOMATIC,HYBRID,88000.0,USED,62.9,2025-02-05
SUZUKI,SPACIA CUSTOM Z,2017,1500.0,AUTOMATIC,HYBRID,88000.0,USED,69.9,2025-02-02
SUZUKI,SPACIA CUSTOM Z,2017,650.0,AUTOMATIC,HYBRID,88000.0,USED,66.0,2025-02-01
SUZUKI,SPACIA CUSTOM Z,2017,650.0,AUTOMATIC,HYBRID,88000.0,USED,61.96666666666667,2025-01-31
SUZUKI,SPACIA CUSTOM Z,2017,650.0,AUTOMATIC,HYBRID,88000.0,USED,61.96666666666667,2025-01-29
SUZUKI,SPACIA CUSTOM Z,2017,650.0,AUTOMATIC,PETROL,88000.0,USED,71.5,2025-01-08
SUZUKI,SPACIA CUSTOM Z,2017,650.0,AUTOMATIC,HYBRID,88000.0,USED,61.96666666666667,2025-01-08
SUZUKI,SPACIA CUSTOM Z,2017,718.0,AUTOMATIC,PETROL,88000.0,USED,49.16666666666667,2025-01-07
SUZUKI,SPACIA CUSTOM Z,2017,658.0,AUTOMATIC,PETROL,88000.0,USED,72.5,2024-12-22
SUZUKI,SPACIA CUSTOM Z,2017,660.0,AUTOMATIC,PETROL,88000.0,USED,61.96666666666667,2024-12-05
SUZUKI,SPACIA CUSTOM Z,2018,600.0,AUTOMATIC,HYBRID,77000.0,USED,83.3,2025-01-07
SUZUKI,SPACIA CUSTOM Z,2018,650.0,AUTOMATIC,PETROL,77000.0,USED,70.5,2024-12-14
SUZUKI,SPACIA CUSTOM Z SAFETY TURBO,2017,650.0,AUTOMATIC,HYBRID,88000.0,USED,69.75,2025-01-30
SUZUKI,SPACIA G GRADE,2015,650.0,AUTOMATIC,HYBRID,110000.0,USED,57.0,2025-01-10
SUZUKI,SPACIA TURBO,2018,650.0,AUTOMATIC,PETROL,77000.0,USED,68.75,2024-12-27
SUZUKI,SPACIA XS CUSTOM,2018,650.0,AUTOMATIC,HYBRID,77000.0,USED,86.0,2025-02-01
SUZUKI,SPACIA XS CUSTOM,2018,660.0,AUTOMATIC,HYBRID,77000.0,USED,79.8,2024-12-22
SUZUKI,SPACIA XS CUSTOM SAFETY EDITION,2018,650.0,AUTOMATIC,HYBRID,77000.0,USED,80.0,2025-01-23
SUZUKI,SPACIA XS CUSTOM TURBO,2018,650.0,AUTOMATIC,PETROL,77000.0,USED,25.0,2025-01-19
SUZUKI,SUZUKI,1988,850.0,MANUAL,PETROL,407000.0,USED,6.5,2025-01-03
SUZUKI,SUZUKI,2006,1000.0,MANUAL,PETROL,209000.0,USED,24.8,2024-12-17
SUZUKI,SUZUKI,2018,650.0,AUTOMATIC,PETROL,77000.0,USED,64.75,2025-02-02
SUZUKI,SWIFT,2000,1300.0,MANUAL,PETROL,275000.0,USED,19.90625,2024-12-24
SUZUKI,SWIFT,2001,1300.0,MANUAL,PETROL,264000.0,USED,32.0,2025-02-02
SUZUKI,SWIFT,2001,1300.0,MANUAL,PETROL,264000.0,USED,32.0,2025-01-11
SUZUKI,SWIFT,2001,1300.0,MANUAL,PETROL,264000.0,USED,32.0,2024-12-20
SUZUKI,SWIFT,2002,1300.0,AUTOMATIC,PETROL,253000.0,USED,38.5,2025-02-03
SUZUKI,SWIFT,2002,1320.0,AUTOMATIC,PETROL,253000.0,USED,41.0,2025-02-03
SUZUKI,SWIFT,2002,1300.0,AUTOMATIC,PETROL,253000.0,USED,38.18125,2025-01-18
SUZUKI,SWIFT,2002,1300.0,AUTOMATIC,PETROL,253000.0,USED,36.0,2025-01-17
SUZUKI,SWIFT,2002,1300.0,AUTOMATIC,PETROL,253000.0,USED,34.95,2025-01-20
SUZUKI,SWIFT,2002,1300.0,AUTOMATIC,PETROL,253000.0,USED,38.25,2025-01-19
SUZUKI,SWIFT,2002,1300.0,AUTOMATIC,PETROL,253000.0,USED,42.0,2025-01-19
SUZUKI,SWIFT,2002,1320.0,AUTOMATIC,PETROL,253000.0,USED,36.75,2024-12-31
SUZUKI,SWIFT,2002,1300.0,AUTOMATIC,PETROL,253000.0,USED,38.0,2024-12-27
SUZUKI,SWIFT,2003,1320.0,AUTOMATIC,PETROL,242000.0,USED,43.9,2025-02-05
SUZUKI,SWIFT,2003,1300.0,AUTOMATIC,PETROL,242000.0,USED,43.0,2025-02-05
SUZUKI,SWIFT,2003,1300.0,MANUAL,PETROL,242000.0,USED,19.90625,2025-02-05
SUZUKI,SWIFT,2003,1300.0,AUTOMATIC,PETROL,242000.0,USED,37.5,2025-02-04
SUZUKI,SWIFT,2003,1500.0,MANUAL,PETROL,242000.0,USED,19.90625,2025-02-03
SUZUKI,SWIFT,2003,1320.0,AUTOMATIC,PETROL,242000.0,USED,40.0,2025-02-02
SUZUKI,SWIFT,2003,1360.0,MANUAL,PETROL,242000.0,USED,19.90625,2025-02-02
SUZUKI,SWIFT,2003,1320.0,AUTOMATIC,PETROL,242000.0,USED,41.0,2025-01-31
SUZUKI,SWIFT,2003,1300.0,AUTOMATIC,PETROL,242000.0,USED,44.0,2025-01-31
SUZUKI,SWIFT,2003,1320.0,AUTOMATIC,PETROL,242000.0,USED,39.0,2025-01-30
SUZUKI,SWIFT,2003,1300.0,AUTOMATIC,PETROL,242000.0,USED,37.9,2025-01-29
SUZUKI,SWIFT,2003,1320.0,AUTOMATIC,PETROL,242000.0,USED,40.5,2025-01-15
SUZUKI,SWIFT,2003,1300.0,AUTOMATIC,PETROL,242000.0,USED,39.5,2025-01-09
SUZUKI,SWIFT,2003,1320.0,AUTOMATIC,PETROL,242000.0,USED,40.75,2025-01-07
SUZUKI,SWIFT,2003,1300.0,AUTOMATIC,PETROL,242000.0,USED,39.5,2025-01-06
SUZUKI,SWIFT,2003,1320.0,AUTOMATIC,PETROL,242000.0,USED,39.85,2025-01-28
SUZUKI,SWIFT,2003,1360.0,AUTOMATIC,PETROL,242000.0,USED,38.5,2025-01-28
SUZUKI,SWIFT,2003,1300.0,AUTOMATIC,PETROL,242000.0,USED,41.75,2025-01-26
SUZUKI,SWIFT,2003,1300.0,AUTOMATIC,PETROL,242000.0,USED,40.25,2025-01-21
SUZUKI,SWIFT,2003,1300.0,AUTOMATIC,PETROL,242000.0,USED,37.594117647058816,2025-01-20
SUZUKI,SWIFT,2003,1300.0,AUTOMATIC,PETROL,242000.0,USED,37.594117647058816,2025-01-19
SUZUKI,SWIFT,2003,1360.0,AUTOMATIC,PETROL,242000.0,USED,39.9,2025-01-19
SUZUKI,SWIFT,2003,1300.0,AUTOMATIC,PETROL,242000.0,USED,38.25,2024-12-31
SUZUKI,SWIFT,2003,1330.0,MANUAL,PETROL,242000.0,USED,34.0,2024-12-31
SUZUKI,SWIFT,2003,1300.0,AUTOMATIC,PETROL,242000.0,USED,38.5,2024-12-30
SUZUKI,SWIFT,2003,1300.0,AUTOMATIC,PETROL,242000.0,USED,37.594117647058816,2024-12-30
SUZUKI,SWIFT,2003,1300.0,AUTOMATIC,PETROL,242000.0,USED,38.75,2024-12-23
SUZUKI,SWIFT,2003,1300.0,AUTOMATIC,PETROL,242000.0,USED,42.5,2024-12-20
SUZUKI,SWIFT,2003,1320.0,AUTOMATIC,PETROL,242000.0,USED,41.0,2024-12-20
SUZUKI,SWIFT,2003,1500.0,AUTOMATIC,PETROL,242000.0,USED,39.75,2024-12-20
SUZUKI,SWIFT,2003,1300.0,AUTOMATIC,PETROL,242000.0,USED,41.0,2024-12-19
SUZUKI,SWIFT,2003,1300.0,AUTOMATIC,PETROL,242000.0,USED,41.75,2024-12-19
SUZUKI,SWIFT,2003,1320.0,AUTOMATIC,PETROL,242000.0,USED,40.5,2024-12-16
SUZUKI,SWIFT,2003,1300.0,AUTOMATIC,PETROL,242000.0,USED,36.9,2024-12-13
SUZUKI,SWIFT,2003,1300.0,AUTOMATIC,PETROL,242000.0,USED,41.5,2024-12-10
SUZUKI,SWIFT,2003,1300.0,AUTOMATIC,PETROL,242000.0,USED,38.75,2024-12-09
SUZUKI,SWIFT,2003,1300.0,AUTOMATIC,PETROL,242000.0,USED,41.0,2024-12-08
SUZUKI,SWIFT,2003,1300.0,AUTOMATIC,PETROL,242000.0,USED,37.594117647058816,2024-12-08
SUZUKI,SWIFT,2004,1300.0,AUTOMATIC,PETROL,231000.0,USED,40.0,2025-02-05
SUZUKI,SWIFT,2004,1320.0,AUTOMATIC,PETROL,231000.0,USED,44.75,2025-02-05
SUZUKI,SWIFT,2004,1200.0,AUTOMATIC,DIESEL,231000.0,USED,39.85,2025-02-05
SUZUKI,SWIFT,2004,1300.0,AUTOMATIC,PETROL,231000.0,USED,46.25,2025-02-05
SUZUKI,SWIFT,2004,1300.0,AUTOMATIC,PETROL,231000.0,USED,41.5,2025-02-04
SUZUKI,SWIFT,2004,1300.0,AUTOMATIC,PETROL,231000.0,USED,42.75,2025-02-03
SUZUKI,SWIFT,2004,1300.0,AUTOMATIC,PETROL,231000.0,USED,38.75,2025-02-03
SUZUKI,SWIFT,2004,1300.0,AUTOMATIC,PETROL,231000.0,USED,43.0,2025-02-01
SUZUKI,SWIFT,2004,1300.0,AUTOMATIC,PETROL,231000.0,USED,39.5,2025-02-01
SUZUKI,SWIFT,2004,1300.0,AUTOMATIC,PETROL,231000.0,USED,44.75,2025-01-31
SUZUKI,SWIFT,2004,1300.0,AUTOMATIC,PETROL,231000.0,USED,41.5078125,2025-01-31
SUZUKI,SWIFT,2004,1300.0,AUTOMATIC,PETROL,231000.0,USED,40.5,2025-01-15
SUZUKI,SWIFT,2004,1300.0,AUTOMATIC,PETROL,231000.0,USED,42.0,2025-01-14
SUZUKI,SWIFT,2004,1300.0,AUTOMATIC,PETROL,231000.0,USED,42.75,2025-01-13
SUZUKI,SWIFT,2004,1300.0,AUTOMATIC,PETROL,231000.0,USED,42.5,2025-01-13
SUZUKI,SWIFT,2004,1300.0,AUTOMATIC,PETROL,231000.0,USED,38.5,2025-01-12
SUZUKI,SWIFT,2004,1300.0,AUTOMATIC,PETROL,231000.0,USED,41.0,2025-01-09
SUZUKI,SWIFT,2004,1300.0,MANUAL,PETROL,231000.0,USED,40.0,2025-01-09
SUZUKI,SWIFT,2004,1500.0,AUTOMATIC,PETROL,231000.0,USED,41.5078125,2025-01-09
SUZUKI,SWIFT,2004,1320.0,AUTOMATIC,PETROL,231000.0,USED,42.5,2025-01-25
SUZUKI,SWIFT,2004,1320.0,AUTOMATIC,PETROL,231000.0,USED,41.75,2025-01-22
SUZUKI,SWIFT,2004,1300.0,AUTOMATIC,PETROL,231000.0,USED,38.75,2025-01-05
SUZUKI,SWIFT,2004,1300.0,AUTOMATIC,PETROL,231000.0,USED,40.75,2025-01-04
SUZUKI,SWIFT,2004,1000.0,AUTOMATIC,PETROL,231000.0,USED,42.5,2024-12-31
SUZUKI,SWIFT,2004,1300.0,AUTOMATIC,PETROL,231000.0,USED,42.9,2024-12-27
SUZUKI,SWIFT,2004,1320.0,AUTOMATIC,PETROL,231000.0,USED,39.5,2024-12-27
SUZUKI,SWIFT,2004,1300.0,AUTOMATIC,PETROL,231000.0,USED,40.5,2024-12-26
SUZUKI,SWIFT,2004,1300.0,AUTOMATIC,PETROL,231000.0,USED,41.25,2024-12-25
SUZUKI,SWIFT,2004,1300.0,AUTOMATIC,PETROL,231000.0,USED,44.0,2024-12-21
SUZUKI,SWIFT,2004,1300.0,AUTOMATIC,PETROL,231000.0,USED,42.0,2024-12-18
SUZUKI,SWIFT,2004,1300.0,AUTOMATIC,PETROL,231000.0,USED,39.5,2024-12-18
SUZUKI,SWIFT,2004,1300.0,MANUAL,PETROL,231000.0,USED,41.5078125,2024-12-15
SUZUKI,SWIFT,2004,1300.0,AUTOMATIC,PETROL,231000.0,USED,43.5,2024-12-14
SUZUKI,SWIFT,2004,1300.0,AUTOMATIC,PETROL,231000.0,USED,40.75,2024-12-05
SUZUKI,SWIFT,2004,1300.0,AUTOMATIC,PETROL,231000.0,USED,39.75,2024-12-04
SUZUKI,SWIFT,2004,1300.0,AUTOMATIC,PETROL,170000.0,USED,39.75,2026-09-26
SUZUKI,SWIFT,2005,1500.0,AUTOMATIC,PETROL,220000.0,USED,44.25,2025-02-03
SUZUKI,SWIFT,2005,1300.0,AUTOMATIC,PETROL,220000.0,USED,48.5,2025-01-22
SUZUKI,SWIFT,2005,1300.0,AUTOMATIC,PETROL,220000.0,USED,39.5,2025-01-03
SUZUKI,SWIFT,2005,1300.0,AUTOMATIC,PETROL,220000.0,USED,39.75,2024-12-25
SUZUKI,SWIFT,2005,1300.0,AUTOMATIC,PETROL,220000.0,USED,45.0,2024-12-19
SUZUKI,SWIFT,2005,1300.0,AUTOMATIC,PETROL,220000.0,USED,48.5,2024-12-05
SUZUKI,SWIFT,2005,1320.0,AUTOMATIC,PETROL,121297.0,USED,46.0,2026-09-26
SUZUKI,SWIFT,2005,1300.0,AUTOMATIC,PETROL,172000.0,USED,41.5,2026-09-26
SUZUKI,SWIFT,2006,1300.0,AUTOMATIC,PETROL,209000.0,USED,51.95,2025-02-03
SUZUKI,SWIFT,2006,1500.0,AUTOMATIC,PETROL,209000.0,USED,59.0,2025-01-29
SUZUKI,SWIFT,2006,650.0,AUTOMATIC,PETROL,209000.0,USED,33.0,2025-01-10
SUZUKI,SWIFT,2006,1500.0,AUTOMATIC,PETROL,209000.0,USED,53.0,2025-01-07
SUZUKI,SWIFT,2006,1300.0,AUTOMATIC,PETROL,209000.0,USED,38.0,2025-01-06
SUZUKI,SWIFT,2007,1500.0,AUTOMATIC,PETROL,198000.0,USED,19.90625,2025-02-05
SUZUKI,SWIFT,2007,1300.0,AUTOMATIC,PETROL,198000.0,USED,49.5,2025-01-15
SUZUKI,SWIFT,2007,1300.0,AUTOMATIC,PETROL,198000.0,USED,51.5,2025-01-15
SUZUKI,SWIFT,2007,1240.0,AUTOMATIC,PETROL,198000.0,USED,55.0,2025-01-12
SUZUKI,SWIFT,2007,1298.0,MANUAL,PETROL,198000.0,USED,39.0,2025-01-10
SUZUKI,SWIFT,2007,1490.0,AUTOMATIC,PETROL,198000.0,USED,50.5,2025-01-23
SUZUKI,SWIFT,2007,1500.0,AUTOMATIC,PETROL,198000.0,USED,51.0,2024-12-16
SUZUKI,SWIFT,2007,1300.0,AUTOMATIC,PETROL,198000.0,USED,50.95,2024-12-15
SUZUKI,SWIFT,2007,1500.0,AUTOMATIC,PETROL,198000.0,USED,19.90625,2024-12-12
SUZUKI,SWIFT,2008,1240.0,AUTOMATIC,PETROL,187000.0,USED,49.5,2025-02-03
SUZUKI,SWIFT,2008,1300.0,AUTOMATIC,PETROL,187000.0,USED,48.27,2025-02-03
SUZUKI,SWIFT,2008,1300.0,MANUAL,PETROL,187000.0,USED,37.25,2025-02-02
SUZUKI,SWIFT,2008,1320.0,AUTOMATIC,PETROL,187000.0,USED,48.27,2025-01-29
SUZUKI,SWIFT,2008,1300.0,AUTOMATIC,PETROL,187000.0,USED,52.25,2025-01-29
SUZUKI,SWIFT,2008,1360.0,AUTOMATIC,PETROL,187000.0,USED,49.5,2025-01-15
SUZUKI,SWIFT,2008,1300.0,AUTOMATIC,PETROL,187000.0,USED,52.0,2025-01-14
SUZUKI,SWIFT,2008,1200.0,MANUAL,PETROL,187000.0,USED,38.5,2025-01-11
SUZUKI,SWIFT,2008,1250.0,AUTOMATIC,PETROL,187000.0,USED,55.0,2025-01-10
SUZUKI,SWIFT,2008,1500.0,AUTOMATIC,PETROL,187000.0,USED,47.5,2025-01-08
SUZUKI,SWIFT,2008,1300.0,AUTOMATIC,PETROL,187000.0,USED,51.9,2025-01-26
SUZUKI,SWIFT,2008,1240.0,AUTOMATIC,PETROL,187000.0,USED,48.27,2025-01-19
SUZUKI,SWIFT,2008,1300.0,MANUAL,PETROL,187000.0,USED,19.90625,2025-01-03
SUZUKI,SWIFT,2008,1300.0,AUTOMATIC,PETROL,187000.0,USED,48.27,2025-01-02
SUZUKI,SWIFT,2008,1240.0,AUTOMATIC,PETROL,187000.0,USED,52.0,2024-12-23
SUZUKI,SWIFT,2008,1300.0,AUTOMATIC,PETROL,187000.0,USED,58.5,2024-12-17
SUZUKI,SWIFT,2008,1240.0,AUTOMATIC,PETROL,187000.0,USED,52.0,2024-12-10
SUZUKI,SWIFT,2008,1300.0,AUTOMATIC,PETROL,187000.0,USED,59.9,2024-12-06
SUZUKI,SWIFT,2008,1300.0,AUTOMATIC,PETROL,187000.0,USED,51.25,2024-12-04
SUZUKI,SWIFT,2008,1490.0,AUTOMATIC,PETROL,229500.0,USED,55.0,2026-09-26
SUZUKI,SWIFT,2008,1300.0,AUTOMATIC,PETROL,123000.0,USED,55.9,2026-09-26
SUZUKI,SWIFT,2009,1300.0,AUTOMATIC,PETROL,176000.0,USED,55.5,2025-02-04
SUZUKI,SWIFT,2009,1240.0,AUTOMATIC,PETROL,176000.0,USED,55.0,2025-01-14
SUZUKI,SWIFT,2009,1500.0,AUTOMATIC,PETROL,176000.0,USED,58.75,2025-01-10
SUZUKI,SWIFT,2009,1300.0,AUTOMATIC,PETROL,176000.0,USED,57.0,2025-01-28
SUZUKI,SWIFT,2009,1240.0,AUTOMATIC,PETROL,176000.0,USED,49.0,2025-01-27
SUZUKI,SWIFT,2009,1300.0,AUTOMATIC,PETROL,176000.0,USED,58.25,2025-01-27
SUZUKI,SWIFT,2009,1240.0,AUTOMATIC,PETROL,176000.0,USED,57.5,2024-12-30
SUZUKI,SWIFT,2009,1300.0,AUTOMATIC,PETROL,176000.0,USED,54.0,2024-12-20
SUZUKI,SWIFT,2009,1300.0,AUTOMATIC,PETROL,176000.0,USED,54.5,2024-12-20
SUZUKI,SWIFT,2009,1300.0,AUTOMATIC,PETROL,176000.0,USED,61.5,2024-12-08
SUZUKI,SWIFT,2009,1300.0,AUTOMATIC,PETROL,176000.0,USED,54.75,2024-12-07
SUZUKI,SWIFT,2010,1300.0,AUTOMATIC,PETROL,165000.0,USED,61.75,2025-02-05
SUZUKI,SWIFT,2010,1300.0,AUTOMATIC,PETROL,165000.0,USED,42.0,2025-01-12
SUZUKI,SWIFT,2010,1200.0,AUTOMATIC,PETROL,165000.0,USED,62.5,2025-01-24
SUZUKI,SWIFT,2010,1300.0,AUTOMATIC,PETROL,165000.0,USED,58.75,2025-01-22
SUZUKI,SWIFT,2010,1300.0,AUTOMATIC,PETROL,165000.0,USED,62.0,2025-01-21
SUZUKI,SWIFT,2010,1300.0,MANUAL,PETROL,165000.0,USED,23.0,2024-12-12
SUZUKI,SWIFT,2010,1300.0,AUTOMATIC,PETROL,165000.0,USED,54.0,2024-12-06
SUZUKI,SWIFT,2011,1400.0,AUTOMATIC,PETROL,154000.0,USED,62.5,2025-02-04
SUZUKI,SWIFT,2011,1360.0,MANUAL,PETROL,154000.0,USED,53.625,2025-02-03
SUZUKI,SWIFT,2011,1300.0,MANUAL,PETROL,154000.0,USED,44.75,2025-01-10
SUZUKI,SWIFT,2012,1300.0,AUTOMATIC,PETROL,143000.0,USED,61.0,2024-12-14
SUZUKI,SWIFT,2017,1000.0,AUTOMATIC,PETROL,88000.0,USED,71.15625,2025-01-14
SUZUKI,SWIFT,2017,650.0,AUTOMATIC,PETROL,88000.0,USED,71.15625,2025-01-27
SUZUKI,SWIFT,2017,1500.0,AUTOMATIC,PETROL,88000.0,USED,71.15625,2025-01-26
SUZUKI,SWIFT,2017,1300.0,AUTOMATIC,PETROL,88000.0,USED,71.15625,2025-01-21
SUZUKI,SWIFT,2017,1242.0,AUTOMATIC,HYBRID,88000.0,USED,71.15625,2024-12-28
SUZUKI,SWIFT,2017,1240.0,AUTOMATIC,HYBRID,88000.0,USED,71.15625,2024-12-28
SUZUKI,SWIFT,2017,998.0,AUTOMATIC,PETROL,88000.0,USED,71.15625,2024-12-23
SUZUKI,SWIFT,2017,1000.0,AUTOMATIC,PETROL,88000.0,USED,71.15625,2024-12-08
SUZUKI,SWIFT,2017,1500.0,AUTOMATIC,PETROL,88000.0,USED,71.15625,2024-12-07
SUZUKI,SWIFT,2017,1000.0,AUTOMATIC,PETROL,90000.0,USED,84.5,2026-09-26
SUZUKI,SWIFT,2017,1200.0,AUTOMATIC,HYBRID,152000.0,USED,83.0,2026-09-26
SUZUKI,SWIFT,2017,1240.0,AUTOMATIC,PETROL,103600.0,USED,78.5,2026-09-27
SUZUKI,SWIFT,2017,1000.0,AUTOMATIC,PETROL,108000.0,USED,79.9,2026-09-26
SUZUKI,SWIFT,2018,1000.0,AUTOMATIC,PETROL,77000.0,USED,71.15625,2025-01-09
SUZUKI,SWIFT,2018,1000.0,AUTOMATIC,PETROL,74200.0,USED,82.75,2026-09-26
SUZUKI,SWIFT,2019,1000.0,AUTOMATIC,PETROL,66000.0,USED,71.15625,2025-02-03
SUZUKI,SWIFT,2024,1200.0,AUTOMATIC,HYBRID,19000.0,USED,115.5,2026-09-26
SUZUKI,SWIFT BEETLE,2004,1300.0,AUTOMATIC,PETROL,231000.0,USED,47.5,2025-01-30
SUZUKI,SWIFT BEETLE,2004,1300.0,AUTOMATIC,PETROL,231000.0,USED,49.9,2024-12-19
SUZUKI,SWIFT BEETLE,2007,1300.0,AUTOMATIC,PETROL,198000.0,USED,50.5,2025-02-04
SUZUKI,SWIFT BEETLE,2009,1300.0,AUTOMATIC,PETROL,176000.0,USED,53.5,2024-12-22
SUZUKI,SWIFT BEETLE,2010,1197.0,MANUAL,PETROL,165000.0,USED,36.9,2025-02-03
SUZUKI,SWIFT BEETLE,2011,1200.0,MANUAL,PETROL,154000.0,USED,41.0,2025-01-29
SUZUKI,SWIFT BEETLE JAPAN,2005,1300.0,AUTOMATIC,PETROL,220000.0,USED,51.5,2024-12-31
SUZUKI,SWIFT BEETLE JAPAN,2006,1300.0,AUTOMATIC,PETROL,209000.0,USED,46.5,2025-01-28
SUZUKI,SWIFT BEETLE LIMITED EDITION,2004,1350.0,AUTOMATIC,PETROL,231000.0,USED,45.0,2025-01-07
SUZUKI,SWIFT BEETLE SPECIAL EDITION,2010,1300.0,AUTOMATIC,PETROL,165000.0,USED,58.9,2025-01-21
SUZUKI,SWIFT CENTER ANTENNA,2003,1300.0,AUTOMATIC,PETROL,242000.0,USED,40.725,2025-02-03
SUZUKI,SWIFT CENTER ANTENNA,2003,1300.0,AUTOMATIC,PETROL,242000.0,USED,40.725,2025-01-28
SUZUKI,SWIFT CENTER ANTENNA,2003,1300.0,AUTOMATIC,PETROL,242000.0,USED,40.725,2024-12-28
SUZUKI,SWIFT CENTER ANTENNA,2003,1300.0,AUTOMATIC,PETROL,242000.0,USED,40.7,2024-12-21
SUZUKI,SWIFT CENTER ANTENNA,2003,1300.0,AUTOMATIC,PETROL,242000.0,USED,40.75,2024-12-19
SUZUKI,SWIFT CENTER ANTENNA,2004,1300.0,AUTOMATIC,PETROL,231000.0,USED,38.95,2025-02-05
SUZUKI,SWIFT CENTER ANTENNA,2004,1300.0,AUTOMATIC,PETROL,231000.0,USED,39.9,2025-02-04
SUZUKI,SWIFT CENTER ANTENNA,2004,1300.0,AUTOMATIC,PETROL,231000.0,USED,39.535714285714285,2025-02-04
SUZUKI,SWIFT CENTER ANTENNA,2004,1300.0,AUTOMATIC,PETROL,231000.0,USED,39.5,2025-02-01
SUZUKI,SWIFT CENTER ANTENNA,2004,1300.0,AUTOMATIC,PETROL,231000.0,USED,39.5,2025-01-31
SUZUKI,SWIFT CENTER ANTENNA,2004,1320.0,AUTOMATIC,PETROL,231000.0,USED,40.0,2025-01-11
SUZUKI,SWIFT CENTER ANTENNA,2004,1320.0,AUTOMATIC,PETROL,231000.0,USED,38.9,2024-12-24
SUZUKI,SWIFT CENTER ANTENNA,2004,1300.0,AUTOMATIC,PETROL,231000.0,USED,40.0,2024-12-20
SUZUKI,SWIFT CENTER ANTENNA,2005,1300.0,AUTOMATIC,PETROL,220000.0,USED,39.766666666666666,2025-02-04
SUZUKI,SWIFT CENTER ANTENNA,2005,1300.0,MANUAL,PETROL,220000.0,USED,39.75,2025-02-02
SUZUKI,SWIFT CENTER ANTENNA,2005,1300.0,AUTOMATIC,PETROL,220000.0,USED,40.8,2025-01-08
SUZUKI,SWIFT CENTER ANTENNA,2005,1300.0,AUTOMATIC,PETROL,220000.0,USED,38.75,2025-01-08
SUZUKI,SWIFT CENTER ANTENNA,2005,1300.0,AUTOMATIC,PETROL,220000.0,USED,39.766666666666666,2025-01-26
SUZUKI,SWIFT CENTER ANTENNA,2006,1300.0,AUTOMATIC,PETROL,209000.0,USED,42.53571428571429,2025-02-05
SUZUKI,SWIFT CENTER ANTENNA MODEL,2004,1300.0,AUTOMATIC,PETROL,231000.0,USED,40.5,2025-01-11
SUZUKI,SWIFT CENTER ANTERNNA JEEP MODEL,2004,1300.0,AUTOMATIC,PETROL,231000.0,USED,42.95,2025-02-05
SUZUKI,SWIFT DIZER,2010,1300.0,MANUAL,PETROL,165000.0,USED,38.9,2025-02-05
SUZUKI,SWIFT JAPAN,1998,1000.0,MANUAL,PETROL,297000.0,USED,20.65,2025-02-05
SUZUKI,SWIFT JAPAN,2002,1300.0,AUTOMATIC,PETROL,253000.0,USED,37.75,2025-02-04
SUZUKI,SWIFT JAPAN,2002,1300.0,AUTOMATIC,PETROL,253000.0,USED,37.75,2024-12-09
SUZUKI,SWIFT JAPAN,2003,1300.0,AUTOMATIC,PETROL,242000.0,USED,42.0,2025-01-22
SUZUKI,SWIFT JAPAN,2004,1300.0,AUTOMATIC,PETROL,231000.0,USED,38.9,2025-02-04
SUZUKI,SWIFT JAPAN,2005,1300.0,AUTOMATIC,PETROL,220000.0,USED,46.75,2025-02-04
SUZUKI,SWIFT JAPAN,2005,1000.0,AUTOMATIC,PETROL,220000.0,USED,46.75,2025-01-22
SUZUKI,SWIFT JAPAN,2006,1500.0,AUTOMATIC,PETROL,209000.0,USED,48.75,2025-02-02
SUZUKI,SWIFT JAPAN,2007,1500.0,AUTOMATIC,PETROL,198000.0,USED,54.5,2025-01-29
SUZUKI,SWIFT JAPAN,2007,1500.0,AUTOMATIC,PETROL,198000.0,USED,51.75,2025-01-19
SUZUKI,SWIFT JAPAN,2007,1319.0,AUTOMATIC,PETROL,198000.0,USED,48.75,2025-01-04
SUZUKI,SWIFT JAPAN,2010,1650.0,AUTOMATIC,PETROL,165000.0,USED,61.5,2025-01-31
SUZUKI,SWIFT JAPAN,2010,1240.0,AUTOMATIC,PETROL,165000.0,USED,58.75,2024-12-08
SUZUKI,SWIFT JAPAN,2012,1300.0,AUTOMATIC,PETROL,143000.0,USED,68.0,2025-02-04
SUZUKI,SWIFT JAPAN SPORT,2010,1300.0,AUTOMATIC,PETROL,165000.0,USED,52.75,2025-02-03
SUZUKI,SWIFT JEEP,2003,1300.0,MANUAL,PETROL,242000.0,USED,34.0,2025-01-10
SUZUKI,SWIFT JEEP MODEL,2002,1320.0,AUTOMATIC,PETROL,253000.0,USED,36.75,2024-12-08
SUZUKI,SWIFT JEEP MODEL,2004,1300.0,AUTOMATIC,PETROL,231000.0,USED,42.5,2024-12-06
SUZUKI,SWIFT JEEP MODEL,2005,1300.0,AUTOMATIC,PETROL,220000.0,USED,45.0,2025-01-15
SUZUKI,SWIFT KEI,2003,650.0,AUTOMATIC,PETROL,242000.0,USED,34.95,2025-02-05
SUZUKI,SWIFT KEI,2004,650.0,AUTOMATIC,PETROL,231000.0,USED,32.8,2025-02-03
SUZUKI,SWIFT KEI,2008,650.0,AUTOMATIC,PETROL,187000.0,USED,40.0,2025-01-19
SUZUKI,SWIFT LIANA,2006,1300.0,MANUAL,PETROL,209000.0,USED,29.9,2025-01-19
SUZUKI,SWIFT RS,2017,1300.0,AUTOMATIC,PETROL,88000.0,USED,83.0,2025-02-04
SUZUKI,SWIFT RS,2017,1000.0,AUTOMATIC,PETROL,88000.0,USED,87.375,2025-02-02
SUZUKI,SWIFT RS,2017,1200.0,AUTOMATIC,PETROL,88000.0,USED,81.75,2025-02-02
SUZUKI,SWIFT RS,2017,1000.0,AUTOMATIC,PETROL,88000.0,USED,85.0,2025-01-15
SUZUKI,SWIFT RS,2017,1000.0,AUTOMATIC,PETROL,88000.0,USED,87.375,2025-01-27
SUZUKI,SWIFT RS,2017,1300.0,AUTOMATIC,HYBRID,88000.0,USED,96.5,2024-12-25
SUZUKI,SWIFT RS,2017,1000.0,AUTOMATIC,PETROL,88000.0,USED,88.75,2024-12-24
SUZUKI,SWIFT RS,2017,1300.0,AUTOMATIC,PETROL,88000.0,USED,89.25,2024-12-08
SUZUKI,SWIFT RS,2018,1000.0,AUTOMATIC,PETROL,77000.0,USED,103.5,2025-02-05
SUZUKI,SWIFT RS,2018,1000.0,AUTOMATIC,PETROL,77000.0,USED,92.4,2025-02-05
SUZUKI,SWIFT RS,2018,1000.0,AUTOMATIC,PETROL,77000.0,USED,90.5,2025-02-02
SUZUKI,SWIFT RS,2018,1300.0,AUTOMATIC,HYBRID,77000.0,USED,92.5,2025-01-31
SUZUKI,SWIFT RS,2018,1000.0,AUTOMATIC,PETROL,77000.0,USED,95.0,2025-01-20
SUZUKI,SWIFT RS,2019,1000.0,AUTOMATIC,PETROL,66000.0,USED,98.0,2025-02-01
SUZUKI,SWIFT RS,2019,1000.0,AUTOMATIC,PETROL,66000.0,USED,98.0,2025-01-28
SUZUKI,SWIFT RS,2019,1000.0,AUTOMATIC,PETROL,66000.0,USED,98.0,2025-01-23
SUZUKI,SWIFT RS SPORT ZC72S,2012,1300.0,AUTOMATIC,PETROL,143000.0,USED,65.5,2025-01-31
SUZUKI,SWIFT RS TURBO,2017,1000.0,AUTOMATIC,PETROL,88000.0,USED,88.625,2025-01-05
SUZUKI,SWIFT RS TURBO,2017,1000.0,AUTOMATIC,PETROL,88000.0,USED,81.5,2025-01-28
SUZUKI,SWIFT RS TURBO,2017,1000.0,AUTOMATIC,PETROL,88000.0,USED,95.75,2025-01-02
SUZUKI,SWIFT RS TURBO,2017,1000.0,AUTOMATIC,PETROL,88000.0,USED,88.625,2024-12-07
SUZUKI,SWIFT RS TURBO,2018,1000.0,AUTOMATIC,PETROL,77000.0,USED,94.9,2024-12-30
SUZUKI,SWIFT RS TURBO SAFETY,2017,1000.0,AUTOMATIC,PETROL,88000.0,USED,89.5,2025-01-28
SUZUKI,SWIFT RS TURBO SAFETY,2017,1000.0,AUTOMATIC,PETROL,88000.0,USED,89.5,2024-12-30
SUZUKI,SWIFT RS TURBO SAFETY,2019,1000.0,AUTOMATIC,PETROL,66000.0,USED,96.75,2024-12-30
SUZUKI,SWIFT RS TURBO ZC13S,2017,990.0,AUTOMATIC,PETROL,88000.0,USED,94.75,2025-01-28
SUZUKI,SWIFT SPORTS,2004,1500.0,MANUAL,PETROL,231000.0,USED,43.0,2025-01-25
SUZUKI,SWIFT VXI,2010,1300.0,MANUAL,PETROL,165000.0,USED,38.5,2025-02-05
SUZUKI,SWIFT ZXI,2006,1300.0,MANUAL,PETROL,209000.0,USED,41.0,2025-02-01
SUZUKI,SWIFT ZXI,2006,1300.0,MANUAL,PETROL,209000.0,USED,35.5,2025-01-31
SUZUKI,SWIFT ZXI,2015,1200.0,MANUAL,PETROL,110000.0,USED,51.0,2024-12-15
SUZUKI,SX4,2007,1590.0,AUTOMATIC,PETROL,198000.0,USED,49.75,2025-01-07
SUZUKI,SX4,2007,1590.0,AUTOMATIC,PETROL,198000.0,USED,52.75,2024-12-20
SUZUKI,SX4,2009,1500.0,AUTOMATIC,PETROL,176000.0,USED,56.5,2025-02-05
SUZUKI,SX4,2010,1500.0,AUTOMATIC,PETROL,165000.0,USED,57.5,2025-01-27
SUZUKI,SX4 CROSS,2009,1500.0,AUTOMATIC,PETROL,176000.0,USED,56.5,2025-02-03
SUZUKI,SX4 JAPAN,2011,1490.0,AUTOMATIC,PETROL,154000.0,USED,55.0,2025-01-14
SUZUKI,SX4 SEDAN,2010,1490.0,AUTOMATIC,PETROL,165000.0,USED,57.9,2025-02-03
SUZUKI,SX4 SEDEN,2010,1490.0,AUTOMATIC,PETROL,165000.0,USED,57.9,2025-02-05
SUZUKI,VITARA,2019,1000.0,AUTOMATIC,PETROL,56000.0,USED,97.0,2026-09-25
SUZUKI,VITARA,2019,1000.0,AUTOMATIC,PETROL,95500.0,USED,92.95,2026-09-26
SUZUKI,WAGON R,2002,660.0,AUTOMATIC,PETROL,253000.0,USED,38.5,2024-12-15
SUZUKI,WAGON R,2003,630.0,AUTOMATIC,PETROL,242000.0,USED,37.4375,2025-02-02
SUZUKI,WAGON R,2003,1000.0,MANUAL,PETROL,242000.0,USED,37.4375,2025-01-14
SUZUKI,WAGON R,2004,1061.0,MANUAL,PETROL,231000.0,USED,37.4375,2025-01-28
SUZUKI,WAGON R,2004,1061.0,MANUAL,PETROL,231000.0,USED,37.4375,2024-12-19
SUZUKI,WAGON R,2004,650.0,MANUAL,PETROL,231000.0,USED,37.4375,2024-12-13
SUZUKI,WAGON R,2005,1000.0,MANUAL,PETROL,220000.0,USED,37.4375,2025-02-04
SUZUKI,WAGON R,2005,1061.0,MANUAL,PETROL,220000.0,USED,37.4375,2025-01-19
SUZUKI,WAGON R,2005,1000.0,MANUAL,PETROL,220000.0,USED,37.4375,2024-12-22
SUZUKI,WAGON R,2005,1100.0,AUTOMATIC,PETROL,92000.0,USED,35.75,2026-09-23
SUZUKI,WAGON R,2006,1061.0,MANUAL,PETROL,209000.0,USED,37.4375,2025-02-01
SUZUKI,WAGON R,2006,1000.0,MANUAL,PETROL,209000.0,USED,37.4375,2025-01-14
SUZUKI,WAGON R,2006,1000.0,MANUAL,PETROL,209000.0,USED,37.4375,2024-12-14
SUZUKI,WAGON R,2006,1005.0,MANUAL,PETROL,209000.0,USED,37.4375,2024-12-05
SUZUKI,WAGON R,2007,1061.0,MANUAL,PETROL,198000.0,USED,37.4375,2025-02-03
SUZUKI,WAGON R,2007,1061.0,MANUAL,PETROL,198000.0,USED,37.4375,2025-01-31
SUZUKI,WAGON R,2007,1000.0,MANUAL,PETROL,198000.0,USED,37.4375,2025-01-30
SUZUKI,WAGON R,2007,1000.0,MANUAL,PETROL,198000.0,USED,37.4375,2025-01-25
SUZUKI,WAGON R,2007,1063.0,MANUAL,PETROL,198000.0,USED,37.4375,2024-12-15
SUZUKI,WAGON R,2008,1000.0,MANUAL,PETROL,187000.0,USED,37.4375,2025-02-05
SUZUKI,WAGON R,2008,1000.0,MANUAL,PETROL,187000.0,USED,37.4375,2025-02-02
SUZUKI,WAGON R,2008,1000.0,MANUAL,PETROL,187000.0,USED,37.4375,2025-01-29
SUZUKI,WAGON R,2008,996.0,MANUAL,PETROL,187000.0,USED,37.4375,2025-01-18
SUZUKI,WAGON R,2008,1000.0,MANUAL,PETROL,187000.0,USED,37.4375,2024-12-31
SUZUKI,WAGON R,2008,1000.0,MANUAL,PETROL,187000.0,USED,37.4375,2024-12-23
SUZUKI,WAGON R,2010,1000.0,MANUAL,PETROL,165000.0,USED,37.4375,2025-01-31
SUZUKI,WAGON R,2010,1000.0,MANUAL,PETROL,165000.0,USED,37.4375,2025-01-09
SUZUKI,WAGON R,2010,1000.0,MANUAL,PETROL,165000.0,USED,37.4375,2025-01-08
SUZUKI,WAGON R,2010,1000.0,MANUAL,PETROL,165000.0,USED,37.4375,2024-12-27
SUZUKI,WAGON R,2010,1000.0,MANUAL,PETROL,165000.0,USED,37.4375,2024-12-13
SUZUKI,WAGON R,2011,1000.0,MANUAL,PETROL,154000.0,USED,39.95,2025-01-31
SUZUKI,WAGON R,2012,1000.0,MANUAL,PETROL,143000.0,USED,37.4375,2025-02-01
SUZUKI,WAGON R,2012,1000.0,MANUAL,PETROL,143000.0,USED,37.4375,2025-01-28
SUZUKI,WAGON R,2012,1000.0,MANUAL,PETROL,143000.0,USED,37.4375,2025-01-22
SUZUKI,WAGON R,2013,650.0,AUTOMATIC,HYBRID,132000.0,USED,54.5,2025-02-04
SUZUKI,WAGON R,2014,650.0,AUTOMATIC,PETROL,121000.0,USED,56.5,2025-02-05
SUZUKI,WAGON R,2014,660.0,AUTOMATIC,PETROL,121000.0,USED,58.5,2025-02-05
SUZUKI,WAGON R,2014,650.0,AUTOMATIC,PETROL,121000.0,USED,55.0,2025-02-02
SUZUKI,WAGON R,2014,660.0,AUTOMATIC,HYBRID,121000.0,USED,54.31,2025-02-02
SUZUKI,WAGON R,2014,768.0,AUTOMATIC,PETROL,121000.0,USED,52.5,2025-01-31
SUZUKI,WAGON R,2014,650.0,AUTOMATIC,HYBRID,121000.0,USED,52.9,2025-01-30
SUZUKI,WAGON R,2014,650.0,AUTOMATIC,PETROL,121000.0,USED,53.9,2025-01-13
SUZUKI,WAGON R,2014,768.0,AUTOMATIC,HYBRID,121000.0,USED,55.0,2025-01-08
SUZUKI,WAGON R,2014,660.0,AUTOMATIC,HYBRID,121000.0,USED,53.9,2025-01-06
SUZUKI,WAGON R,2014,650.0,AUTOMATIC,HYBRID,121000.0,USED,52.75,2025-01-06
SUZUKI,WAGON R,2014,650.0,AUTOMATIC,PETROL,121000.0,USED,51.75,2025-01-06
SUZUKI,WAGON R,2014,650.0,AUTOMATIC,HYBRID,121000.0,USED,58.9,2025-01-26
SUZUKI,WAGON R,2014,660.0,AUTOMATIC,HYBRID,121000.0,USED,54.31,2025-01-25
SUZUKI,WAGON R,2014,650.0,AUTOMATIC,PETROL,121000.0,USED,53.5,2025-01-21
SUZUKI,WAGON R,2014,650.0,AUTOMATIC,HYBRID,121000.0,USED,54.31,2025-01-21
SUZUKI,WAGON R,2014,660.0,AUTOMATIC,HYBRID,121000.0,USED,53.25,2025-01-19
SUZUKI,WAGON R,2014,660.0,AUTOMATIC,PETROL,121000.0,USED,54.31,2025-01-05
SUZUKI,WAGON R,2014,660.0,AUTOMATIC,PETROL,121000.0,USED,53.8,2025-01-05
SUZUKI,WAGON R,2014,650.0,AUTOMATIC,PETROL,121000.0,USED,51.5,2024-12-29
SUZUKI,WAGON R,2014,660.0,AUTOMATIC,HYBRID,121000.0,USED,53.9,2024-12-26
SUZUKI,WAGON R,2014,660.0,AUTOMATIC,PETROL,121000.0,USED,54.31,2024-12-25
SUZUKI,WAGON R,2014,650.0,AUTOMATIC,PETROL,121000.0,USED,54.31,2024-12-22
SUZUKI,WAGON R,2014,660.0,AUTOMATIC,PETROL,121000.0,USED,54.31,2024-12-21
SUZUKI,WAGON R,2014,660.0,AUTOMATIC,PETROL,121000.0,USED,53.0,2024-12-20
SUZUKI,WAGON R,2014,650.0,AUTOMATIC,PETROL,121000.0,USED,52.5,2024-12-20
SUZUKI,WAGON R,2014,650.0,AUTOMATIC,PETROL,121000.0,USED,54.31,2024-12-17
SUZUKI,WAGON R,2014,660.0,AUTOMATIC,PETROL,121000.0,USED,54.31,2024-12-14
SUZUKI,WAGON R,2014,660.0,AUTOMATIC,HYBRID,121000.0,USED,56.65,2024-12-09
SUZUKI,WAGON R,2014,650.0,AUTOMATIC,HYBRID,121000.0,USED,56.5,2024-12-05
SUZUKI,WAGON R,2014,660.0,AUTOMATIC,PETROL,91000.0,USED,60.5,2026-09-23
SUZUKI,WAGON R,2014,658.0,AUTOMATIC,PETROL,179642.0,USED,60.0,2026-09-26
SUZUKI,WAGON R,2014,650.0,AUTOMATIC,PETROL,127327.0,USED,62.5,2026-09-26
SUZUKI,WAGON R,2014,650.0,AUTOMATIC,PETROL,139322.0,USED,627.5,2026-09-26
SUZUKI,WAGON R,2015,768.0,AUTOMATIC,HYBRID,110000.0,USED,53.8,2025-02-03
SUZUKI,WAGON R,2015,660.0,AUTOMATIC,PETROL,110000.0,USED,58.0,2025-02-02
SUZUKI,WAGON R,2015,650.0,AUTOMATIC,HYBRID,110000.0,USED,55.25,2025-01-18
SUZUKI,WAGON R,2015,1000.0,AUTOMATIC,PETROL,110000.0,USED,52.74666666666667,2025-01-18
SUZUKI,WAGON R,2015,700.0,AUTOMATIC,HYBRID,110000.0,USED,52.75,2025-01-09
SUZUKI,WAGON R,2015,650.0,AUTOMATIC,PETROL,110000.0,USED,54.0,2025-01-27
SUZUKI,WAGON R,2015,650.0,AUTOMATIC,PETROL,110000.0,USED,52.74666666666667,2025-01-23
SUZUKI,WAGON R,2015,660.0,AUTOMATIC,PETROL,110000.0,USED,56.5,2025-01-21
SUZUKI,WAGON R,2015,650.0,AUTOMATIC,HYBRID,110000.0,USED,37.4375,2025-01-03
SUZUKI,WAGON R,2015,650.0,AUTOMATIC,PETROL,110000.0,USED,53.9,2025-01-03
SUZUKI,WAGON R,2015,650.0,AUTOMATIC,HYBRID,110000.0,USED,52.0,2024-12-30
SUZUKI,WAGON R,2015,1000.0,MANUAL,PETROL,110000.0,USED,52.74666666666667,2024-12-28
SUZUKI,WAGON R,2015,650.0,AUTOMATIC,HYBRID,110000.0,USED,56.0,2024-12-21
SUZUKI,WAGON R,2015,650.0,AUTOMATIC,PETROL,110000.0,USED,52.74666666666667,2024-12-19
SUZUKI,WAGON R,2015,650.0,AUTOMATIC,HYBRID,110000.0,USED,53.75,2024-12-19
SUZUKI,WAGON R,2015,650.0,AUTOMATIC,PETROL,110000.0,USED,56.0,2024-12-17
SUZUKI,WAGON R,2015,650.0,AUTOMATIC,PETROL,110000.0,USED,57.0,2024-12-15
SUZUKI,WAGON R,2015,650.0,AUTOMATIC,PETROL,110000.0,USED,58.5,2024-12-10
SUZUKI,WAGON R,2015,660.0,AUTOMATIC,PETROL,110000.0,USED,56.0,2024-12-06
SUZUKI,WAGON R,2015,660.0,AUTOMATIC,HYBRID,92000.0,USED,58.9,2026-09-26
SUZUKI,WAGON R,2015,650.0,AUTOMATIC,HYBRID,117000.0,USED,59.9,2026-09-26
SUZUKI,WAGON R,2016,650.0,AUTOMATIC,PETROL,99000.0,USED,54.25,2025-02-04
SUZUKI,WAGON R,2016,650.0,AUTOMATIC,HYBRID,99000.0,USED,56.5,2025-02-04
SUZUKI,WAGON R,2016,650.0,AUTOMATIC,HYBRID,99000.0,USED,56.79444444444444,2025-02-02
SUZUKI,WAGON R,2016,660.0,AUTOMATIC,PETROL,99000.0,USED,54.0,2025-02-01
SUZUKI,WAGON R,2016,650.0,AUTOMATIC,HYBRID,99000.0,USED,57.0,2025-01-31
SUZUKI,WAGON R,2016,660.0,AUTOMATIC,PETROL,99000.0,USED,61.0,2025-01-30
SUZUKI,WAGON R,2016,660.0,AUTOMATIC,HYBRID,99000.0,USED,54.0,2025-01-29
SUZUKI,WAGON R,2016,650.0,AUTOMATIC,HYBRID,99000.0,USED,56.79444444444444,2025-01-17
SUZUKI,WAGON R,2016,1000.0,AUTOMATIC,HYBRID,99000.0,USED,53.75,2025-01-11
SUZUKI,WAGON R,2016,650.0,AUTOMATIC,HYBRID,99000.0,USED,54.75,2025-01-08
SUZUKI,WAGON R,2016,660.0,AUTOMATIC,HYBRID,99000.0,USED,54.9,2025-01-05
SUZUKI,WAGON R,2016,660.0,AUTOMATIC,PETROL,99000.0,USED,56.79444444444444,2025-01-24
SUZUKI,WAGON R,2016,650.0,AUTOMATIC,PETROL,99000.0,USED,59.5,2025-01-03
SUZUKI,WAGON R,2016,660.0,AUTOMATIC,HYBRID,99000.0,USED,56.79444444444444,2025-01-02
SUZUKI,WAGON R,2016,660.0,AUTOMATIC,HYBRID,99000.0,USED,54.0,2024-12-30
SUZUKI,WAGON R,2016,650.0,AUTOMATIC,PETROL,99000.0,USED,59.0,2024-12-29
SUZUKI,WAGON R,2016,680.0,AUTOMATIC,PETROL,99000.0,USED,56.79444444444444,2024-12-28
SUZUKI,WAGON R,2016,768.0,AUTOMATIC,HYBRID,99000.0,USED,59.9,2024-12-24
SUZUKI,WAGON R,2016,660.0,AUTOMATIC,PETROL,99000.0,USED,62.0,2024-12-24
SUZUKI,WAGON R,2016,998.0,AUTOMATIC,PETROL,99000.0,USED,56.79444444444444,2024-12-23
SUZUKI,WAGON R,2016,650.0,AUTOMATIC,PETROL,99000.0,USED,58.75,2024-12-22
SUZUKI,WAGON R,2016,650.0,AUTOMATIC,PETROL,99000.0,USED,56.79444444444444,2024-12-19
SUZUKI,WAGON R,2016,1000.0,MANUAL,PETROL,99000.0,USED,56.79444444444444,2024-12-17
SUZUKI,WAGON R,2016,660.0,AUTOMATIC,HYBRID,99000.0,USED,58.75,2024-12-17
SUZUKI,WAGON R,2016,660.0,AUTOMATIC,PETROL,99000.0,USED,53.75,2024-12-11
SUZUKI,WAGON R,2016,650.0,AUTOMATIC,HYBRID,99000.0,USED,56.5,2024-12-04
SUZUKI,WAGON R,2016,650.0,AUTOMATIC,PETROL,85585.0,USED,65.0,2026-09-24
SUZUKI,WAGON R,2017,660.0,AUTOMATIC,PETROL,88000.0,USED,60.0,2025-02-05
SUZUKI,WAGON R,2017,650.0,AUTOMATIC,PETROL,88000.0,USED,65.75,2025-02-05
SUZUKI,WAGON R,2017,650.0,AUTOMATIC,PETROL,88000.0,USED,71.75,2025-02-05
SUZUKI,WAGON R,2017,660.0,AUTOMATIC,HYBRID,88000.0,USED,60.64038461538462,2025-02-05
SUZUKI,WAGON R,2017,660.0,AUTOMATIC,HYBRID,88000.0,USED,58.5,2025-02-04
SUZUKI,WAGON R,2017,768.0,AUTOMATIC,PETROL,88000.0,USED,70.0,2025-02-04
SUZUKI,WAGON R,2017,660.0,AUTOMATIC,HYBRID,88000.0,USED,59.0,2025-02-03
SUZUKI,WAGON R,2017,650.0,AUTOMATIC,PETROL,88000.0,USED,57.25,2025-02-02
SUZUKI,WAGON R,2017,660.0,AUTOMATIC,HYBRID,88000.0,USED,63.0,2025-02-01
SUZUKI,WAGON R,2017,650.0,AUTOMATIC,HYBRID,88000.0,USED,60.64038461538462,2025-01-31
SUZUKI,WAGON R,2017,650.0,AUTOMATIC,PETROL,88000.0,USED,60.64038461538462,2025-01-18
SUZUKI,WAGON R,2017,600.0,AUTOMATIC,HYBRID,88000.0,USED,60.64038461538462,2025-01-18
SUZUKI,WAGON R,2017,600.0,AUTOMATIC,HYBRID,88000.0,USED,60.64038461538462,2025-01-16
SUZUKI,WAGON R,2017,659.0,AUTOMATIC,HYBRID,88000.0,USED,60.64038461538462,2025-01-14
SUZUKI,WAGON R,2017,650.0,AUTOMATIC,HYBRID,88000.0,USED,60.64038461538462,2025-01-12
SUZUKI,WAGON R,2017,660.0,AUTOMATIC,HYBRID,88000.0,USED,64.5,2025-01-12
SUZUKI,WAGON R,2017,650.0,AUTOMATIC,HYBRID,88000.0,USED,58.75,2025-01-07
SUZUKI,WAGON R,2017,650.0,AUTOMATIC,HYBRID,88000.0,USED,58.0,2025-01-06
SUZUKI,WAGON R,2017,660.0,AUTOMATIC,PETROL,88000.0,USED,60.64038461538462,2025-01-27
SUZUKI,WAGON R,2017,650.0,AUTOMATIC,HYBRID,88000.0,USED,60.64038461538462,2025-01-23
SUZUKI,WAGON R,2017,768.0,AUTOMATIC,HYBRID,88000.0,USED,58.5,2025-01-21
SUZUKI,WAGON R,2017,650.0,AUTOMATIC,PETROL,88000.0,USED,60.64038461538462,2025-01-20
SUZUKI,WAGON R,2017,650.0,AUTOMATIC,PETROL,88000.0,USED,60.64038461538462,2025-01-19
SUZUKI,WAGON R,2017,660.0,AUTOMATIC,PETROL,88000.0,USED,60.64038461538462,2025-01-05
SUZUKI,WAGON R,2017,768.0,AUTOMATIC,PETROL,88000.0,USED,60.64038461538462,2025-01-04
SUZUKI,WAGON R,2017,650.0,AUTOMATIC,PETROL,88000.0,USED,64.0,2025-01-03
SUZUKI,WAGON R,2017,650.0,AUTOMATIC,PETROL,88000.0,USED,60.64038461538462,2024-12-30
SUZUKI,WAGON R,2017,650.0,AUTOMATIC,PETROL,88000.0,USED,58.0,2024-12-26
SUZUKI,WAGON R,2017,650.0,AUTOMATIC,PETROL,88000.0,USED,60.64038461538462,2024-12-26
SUZUKI,WAGON R,2017,850.0,AUTOMATIC,HYBRID,88000.0,USED,54.75,2024-12-25
SUZUKI,WAGON R,2017,768.0,AUTOMATIC,PETROL,88000.0,USED,60.0,2024-12-25
SUZUKI,WAGON R,2017,650.0,AUTOMATIC,HYBRID,88000.0,USED,65.75,2024-12-24
SUZUKI,WAGON R,2017,650.0,AUTOMATIC,PETROL,88000.0,USED,64.0,2024-12-24
SUZUKI,WAGON R,2017,650.0,AUTOMATIC,PETROL,88000.0,USED,63.5,2024-12-21
SUZUKI,WAGON R,2017,800.0,AUTOMATIC,HYBRID,88000.0,USED,60.64038461538462,2024-12-19
SUZUKI,WAGON R,2017,660.0,AUTOMATIC,PETROL,88000.0,USED,63.5,2024-12-19
SUZUKI,WAGON R,2017,650.0,AUTOMATIC,PETROL,88000.0,USED,62.9,2024-12-18
SUZUKI,WAGON R,2017,660.0,AUTOMATIC,PETROL,88000.0,USED,59.75,2024-12-15
SUZUKI,WAGON R,2017,658.0,AUTOMATIC,HYBRID,88000.0,USED,64.75,2024-12-14
SUZUKI,WAGON R,2017,660.0,AUTOMATIC,HYBRID,88000.0,NEW,64.0,2024-12-13
SUZUKI,WAGON R,2017,650.0,AUTOMATIC,HYBRID,88000.0,USED,60.64038461538462,2024-12-10
SUZUKI,WAGON R,2017,1500.0,AUTOMATIC,PETROL,88000.0,USED,60.64038461538462,2024-12-10
SUZUKI,WAGON R,2017,1500.0,AUTOMATIC,PETROL,88000.0,USED,37.4375,2024-12-10
SUZUKI,WAGON R,2017,650.0,AUTOMATIC,PETROL,88000.0,USED,60.64038461538462,2024-12-05
SUZUKI,WAGON R,2017,660.0,AUTOMATIC,HYBRID,88000.0,USED,58.75,2024-12-05
SUZUKI,WAGON R,2017,650.0,AUTOMATIC,HYBRID,88000.0,USED,60.64038461538462,2024-12-04
SUZUKI,WAGON R,2017,650.0,AUTOMATIC,PETROL,132283.0,USED,64.9,2026-09-26
SUZUKI,WAGON R,2017,660.0,AUTOMATIC,HYBRID,92000.0,USED,65.0,2026-09-25
SUZUKI,WAGON R,2017,660.0,AUTOMATIC,HYBRID,67000.0,USED,73.9,2026-09-25
SUZUKI,WAGON R,2017,660.0,AUTOMATIC,PETROL,103900.0,USED,69.0,2026-09-26
SUZUKI,WAGON R,2017,660.0,AUTOMATIC,HYBRID,90000.0,USED,75.0,2026-09-24
SUZUKI,WAGON R,2017,650.0,AUTOMATIC,HYBRID,110000.0,USED,61.75,2026-09-26
SUZUKI,WAGON R,2018,650.0,AUTOMATIC,PETROL,77000.0,USED,69.56041666666667,2025-02-05
SUZUKI,WAGON R,2018,658.0,AUTOMATIC,PETROL,77000.0,USED,69.75,2025-02-05
SUZUKI,WAGON R,2018,650.0,AUTOMATIC,PETROL,77000.0,USED,62.75,2025-02-04
SUZUKI,WAGON R,2018,660.0,AUTOMATIC,PETROL,77000.0,USED,69.56041666666667,2025-02-04
SUZUKI,WAGON R,2018,660.0,AUTOMATIC,HYBRID,77000.0,USED,67.5,2025-02-04
SUZUKI,WAGON R,2018,650.0,AUTOMATIC,PETROL,77000.0,USED,71.75,2025-02-03
SUZUKI,WAGON R,2018,660.0,AUTOMATIC,PETROL,77000.0,USED,69.56041666666667,2025-02-02
SUZUKI,WAGON R,2018,650.0,AUTOMATIC,PETROL,77000.0,USED,69.56041666666667,2025-02-01
SUZUKI,WAGON R,2018,650.0,AUTOMATIC,HYBRID,77000.0,USED,69.56041666666667,2025-02-01
SUZUKI,WAGON R,2018,660.0,AUTOMATIC,HYBRID,77000.0,USED,69.56041666666667,2025-01-30
SUZUKI,WAGON R,2018,650.0,AUTOMATIC,PETROL,77000.0,USED,69.56041666666667,2025-01-30
SUZUKI,WAGON R,2018,650.0,AUTOMATIC,HYBRID,77000.0,USED,69.56041666666667,2025-01-29
SUZUKI,WAGON R,2018,650.0,AUTOMATIC,PETROL,77000.0,USED,68.5,2025-01-29
SUZUKI,WAGON R,2018,650.0,AUTOMATIC,PETROL,77000.0,USED,69.56041666666667,2025-01-18
SUZUKI,WAGON R,2018,650.0,AUTOMATIC,HYBRID,77000.0,USED,69.95,2025-01-18
SUZUKI,WAGON R,2018,990.0,AUTOMATIC,PETROL,77000.0,USED,68.25,2025-01-16
SUZUKI,WAGON R,2018,650.0,AUTOMATIC,PETROL,77000.0,USED,69.56041666666667,2025-01-16
SUZUKI,WAGON R,2018,650.0,AUTOMATIC,PETROL,77000.0,USED,73.0,2025-01-16
SUZUKI,WAGON R,2018,660.0,AUTOMATIC,HYBRID,77000.0,USED,69.56041666666667,2025-01-14
SUZUKI,WAGON R,2018,660.0,AUTOMATIC,HYBRID,77000.0,USED,69.56041666666667,2025-01-12
SUZUKI,WAGON R,2018,800.0,AUTOMATIC,HYBRID,77000.0,USED,69.56041666666667,2025-01-28
SUZUKI,WAGON R,2018,650.0,AUTOMATIC,PETROL,77000.0,USED,69.56041666666667,2025-01-28
SUZUKI,WAGON R,2018,650.0,AUTOMATIC,PETROL,77000.0,USED,69.56041666666667,2025-01-26
SUZUKI,WAGON R,2018,600.0,AUTOMATIC,HYBRID,77000.0,USED,68.5,2025-01-25
SUZUKI,WAGON R,2018,650.0,AUTOMATIC,PETROL,77000.0,USED,69.56041666666667,2025-01-24
SUZUKI,WAGON R,2018,650.0,AUTOMATIC,PETROL,77000.0,USED,69.56041666666667,2025-01-22
SUZUKI,WAGON R,2018,650.0,AUTOMATIC,PETROL,77000.0,USED,69.75,2025-01-21
SUZUKI,WAGON R,2018,660.0,AUTOMATIC,HYBRID,77000.0,USED,69.5,2025-01-21
SUZUKI,WAGON R,2018,768.0,AUTOMATIC,HYBRID,77000.0,USED,69.56041666666667,2025-01-19
SUZUKI,WAGON R,2018,650.0,AUTOMATIC,PETROL,77000.0,USED,69.56041666666667,2025-01-19
SUZUKI,WAGON R,2018,650.0,AUTOMATIC,PETROL,77000.0,USED,67.5,2025-01-19
SUZUKI,WAGON R,2018,768.0,AUTOMATIC,PETROL,77000.0,USED,69.56041666666667,2025-01-02
SUZUKI,WAGON R,2018,650.0,AUTOMATIC,HYBRID,77000.0,USED,60.75,2024-12-30
SUZUKI,WAGON R,2018,660.0,AUTOMATIC,HYBRID,77000.0,USED,67.5,2024-12-30
SUZUKI,WAGON R,2018,650.0,AUTOMATIC,PETROL,77000.0,USED,69.5,2024-12-27
SUZUKI,WAGON R,2018,650.0,AUTOMATIC,PETROL,77000.0,USED,75.75,2024-12-27
SUZUKI,WAGON R,2018,650.0,AUTOMATIC,PETROL,77000.0,USED,71.5,2024-12-26
SUZUKI,WAGON R,2018,650.0,AUTOMATIC,PETROL,77000.0,USED,74.95,2024-12-25
SUZUKI,WAGON R,2018,660.0,AUTOMATIC,HYBRID,77000.0,USED,69.0,2024-12-18
SUZUKI,WAGON R,2018,650.0,AUTOMATIC,PETROL,77000.0,USED,73.9,2024-12-18
SUZUKI,WAGON R,2018,700.0,AUTOMATIC,PETROL,77000.0,USED,71.9,2024-12-18
SUZUKI,WAGON R,2018,658.0,AUTOMATIC,PETROL,77000.0,USED,76.0,2024-12-16
SUZUKI,WAGON R,2018,658.0,AUTOMATIC,HYBRID,77000.0,USED,66.5,2024-12-13
SUZUKI,WAGON R,2018,660.0,AUTOMATIC,PETROL,77000.0,USED,69.56041666666667,2024-12-10
SUZUKI,WAGON R,2018,650.0,AUTOMATIC,HYBRID,77000.0,USED,65.5,2024-12-09
SUZUKI,WAGON R,2018,650.0,AUTOMATIC,PETROL,77000.0,USED,69.56041666666667,2024-12-09
SUZUKI,WAGON R,2018,660.0,AUTOMATIC,PETROL,150000.0,USED,70.0,2026-09-26
SUZUKI,WAGON R,2018,660.0,AUTOMATIC,PETROL,97941.0,USED,66.5,2026-09-26
SUZUKI,WAGON R,2018,660.0,AUTOMATIC,HYBRID,72000.0,USED,73.0,2026-09-26
SUZUKI,WAGON R,2018,660.0,AUTOMATIC,HYBRID,94100.0,USED,68.75,2026-09-25
SUZUKI,WAGON R,2018,660.0,AUTOMATIC,HYBRID,106000.0,USED,68.0,2026-09-24
SUZUKI,WAGON R,2018,655.0,AUTOMATIC,PETROL,88100.0,USED,70.0,2026-09-24
SUZUKI,WAGON R,2018,660.0,AUTOMATIC,HYBRID,88000.0,USED,72.0,2026-09-23
SUZUKI,WAGON R,2018,660.0,AUTOMATIC,HYBRID,91000.0,USED,69.0,2026-09-26
SUZUKI,WAGON R,2019,800.0,AUTOMATIC,HYBRID,66000.0,USED,70.0,2024-12-22
SUZUKI,WAGON R,2019,1000.0,AUTOMATIC,PETROL,60640.0,USED,55.75,2026-09-26
SUZUKI,WAGON R,2020,800.0,AUTOMATIC,PETROL,55000.0,USED,58.5,2025-01-22
SUZUKI,WAGON R,2024,650.0,AUTOMATIC,PETROL,2500.0,USED,77.5,2026-09-24
SUZUKI,WAGON R,2024,658.0,AUTOMATIC,HYBRID,13488.0,USED,86.9,2026-09-24
SUZUKI,WAGON R,2024,660.0,AUTOMATIC,PETROL,65000.0,USED,75.0,2026-09-24
SUZUKI,WAGON R,2024,660.0,AUTOMATIC,PETROL,5000.0,USED,76.9,2026-09-24
SUZUKI,WAGON R,2024,660.0,AUTOMATIC,HYBRID,17500.0,USED,75.95,2026-09-23
SUZUKI,WAGON R,2024,650.0,AUTOMATIC,PETROL,8500.0,USED,77.5,2026-09-24
SUZUKI,WAGON R,2024,660.0,AUTOMATIC,PETROL,5000.0,USED,74.9,2026-09-23
SUZUKI,WAGON R,2024,600.0,AUTOMATIC,HYBRID,20000.0,USED,79.0,2026-09-26
SUZUKI,WAGON R,2024,660.0,AUTOMATIC,PETROL,2900.0,USED,69.9,2026-09-26
SUZUKI,WAGON R,2024,650.0,AUTOMATIC,HYBRID,100.0,NEW,80.95,2026-09-25
SUZUKI,WAGON R,2025,660.0,AUTOMATIC,PETROL,11830.0,USED,76.5,2026-09-26
SUZUKI,WAGON R,2025,660.0,AUTOMATIC,PETROL,3000.0,USED,76.0,2026-09-26
SUZUKI,WAGON R,2025,660.0,AUTOMATIC,PETROL,11590.0,USED,75.5,2026-09-26
SUZUKI,WAGON R,2025,660.0,AUTOMATIC,PETROL,11000.0,USED,74.9,2026-09-26
SUZUKI,WAGON R,2025,660.0,AUTOMATIC,PETROL,20.0,NEW,94.9,2026-09-26
SUZUKI,WAGON R,2025,660.0,AUTOMATIC,PETROL,5000.0,USED,94.9,2026-09-26
SUZUKI,WAGON R,2025,660.0,AUTOMATIC,HYBRID,2326.0,USED,89.5,2026-09-25
SUZUKI,WAGON R,2025,660.0,AUTOMATIC,PETROL,3000.0,USED,76.0,2026-09-23
SUZUKI,WAGON R,2025,660.0,AUTOMATIC,PETROL,3000.0,USED,76.5,2026-09-23
SUZUKI,WAGON R,2025,660.0,AUTOMATIC,PETROL,4000.0,USED,88.5,2026-09-26
SUZUKI,WAGON R,2025,650.0,AUTOMATIC,PETROL,2000.0,USED,77.0,2026-09-23
SUZUKI,WAGON R,2025,660.0,AUTOMATIC,PETROL,2000.0,USED,76.9,2026-09-23
SUZUKI,WAGON R,2025,660.0,AUTOMATIC,HYBRID,5075.0,USED,89.5,2026-09-26
SUZUKI,WAGON R,2025,660.0,AUTOMATIC,PETROL,580.0,NEW,74.0,2026-09-26
SUZUKI,WAGON R,2025,658.0,AUTOMATIC,PETROL,11670.0,USED,87.9,2026-09-26
SUZUKI,WAGON R,2025,660.0,AUTOMATIC,HYBRID,3106.0,USED,88.9,2026-09-26
SUZUKI,WAGON R,2025,660.0,AUTOMATIC,PETROL,4000.0,USED,76.0,2026-09-26
SUZUKI,WAGON R,2026,660.0,AUTOMATIC,HYBRID,10.0,NEW,91.0,2026-09-26
SUZUKI,WAGON R,2026,660.0,AUTOMATIC,HYBRID,0.0,NEW,90.0,2026-09-26
SUZUKI,WAGON R,2026,660.0,AUTOMATIC,PETROL,0.0,NEW,85.0,2026-09-26
SUZUKI,WAGON R,2026,660.0,AUTOMATIC,HYBRID,50.0,NEW,91.95,2026-09-25
SUZUKI,WAGON R,2026,650.0,AUTOMATIC,PETROL,6.0,NEW,85.9,2026-09-25
SUZUKI,WAGON R,2026,660.0,AUTOMATIC,PETROL,0.0,NEW,84.5,2026-09-25
SUZUKI,WAGON R,2026,660.0,AUTOMATIC,HYBRID,4.0,NEW,92.75,2026-09-25
SUZUKI,WAGON R,2026,660.0,AUTOMATIC,HYBRID,0.0,NEW,92.95,2026-09-26
SUZUKI,WAGON R,2026,660.0,AUTOMATIC,PETROL,4.0,NEW,82.75,2026-09-24
SUZUKI,WAGON R,2026,660.0,AUTOMATIC,PETROL,0.0,NEW,79.48,2026-09-23
SUZUKI,WAGON R,2026,650.0,AUTOMATIC,PETROL,0.0,NEW,82.5,2026-09-23
SUZUKI,WAGON R,2026,660.0,AUTOMATIC,PETROL,3.0,NEW,83.75,2026-09-26
SUZUKI,WAGON R,2026,660.0,AUTOMATIC,HYBRID,0.0,NEW,90.75,2026-09-26
SUZUKI,WAGON R,2026,660.0,AUTOMATIC,HYBRID,0.0,NEW,89.5,2026-09-26
SUZUKI,WAGON R,2026,660.0,AUTOMATIC,PETROL,5500.0,USED,74.65,2026-09-26
SUZUKI,WAGON R,2026,650.0,AUTOMATIC,PETROL,0.0,NEW,82.6,2026-09-16
SUZUKI,WAGON R 44S,2015,650.0,AUTOMATIC,PETROL,110000.0,USED,51.75,2025-01-07
SUZUKI,WAGON R CUSTOM Z TURBO,2024,660.0,AUTOMATIC,HYBRID,11000.0,USED,93.0,2025-02-02
SUZUKI,WAGON R FX,2015,650.0,AUTOMATIC,HYBRID,110000.0,USED,54.79375,2025-02-04
SUZUKI,WAGON R FX,2016,660.0,AUTOMATIC,PETROL,99000.0,USED,54.79375,2025-02-01
SUZUKI,WAGON R FX,2016,660.0,AUTOMATIC,PETROL,99000.0,USED,54.79375,2025-01-30
SUZUKI,WAGON R FX,2016,650.0,AUTOMATIC,PETROL,99000.0,USED,54.79375,2024-12-23
SUZUKI,WAGON R FX,2016,660.0,AUTOMATIC,PETROL,99000.0,USED,55.0,2024-12-20
SUZUKI,WAGON R FX,2016,660.0,AUTOMATIC,PETROL,99000.0,USED,54.95,2024-12-20
SUZUKI,WAGON R FX,2016,650.0,AUTOMATIC,HYBRID,130000.0,USED,57.9,2026-09-26
SUZUKI,WAGON R FX,2017,660.0,AUTOMATIC,HYBRID,88000.0,USED,59.5,2025-02-05
SUZUKI,WAGON R FX,2017,660.0,AUTOMATIC,HYBRID,88000.0,USED,59.31190476190475,2025-02-05
SUZUKI,WAGON R FX,2017,650.0,AUTOMATIC,PETROL,88000.0,USED,59.9,2025-02-03
SUZUKI,WAGON R FX,2017,650.0,AUTOMATIC,HYBRID,88000.0,USED,58.0,2025-02-02
SUZUKI,WAGON R FX,2017,650.0,AUTOMATIC,PETROL,88000.0,USED,58.0,2025-02-02
SUZUKI,WAGON R FX,2017,650.0,AUTOMATIC,PETROL,88000.0,USED,58.0,2025-02-01
SUZUKI,WAGON R FX,2017,650.0,AUTOMATIC,HYBRID,88000.0,USED,59.31190476190475,2025-02-01
SUZUKI,WAGON R FX,2017,650.0,AUTOMATIC,PETROL,88000.0,USED,59.31190476190475,2025-01-31
SUZUKI,WAGON R FX,2017,650.0,AUTOMATIC,PETROL,88000.0,USED,54.79375,2025-01-29
SUZUKI,WAGON R FX,2017,660.0,AUTOMATIC,PETROL,88000.0,USED,58.75,2025-01-18
SUZUKI,WAGON R FX,2017,660.0,AUTOMATIC,HYBRID,88000.0,USED,61.5,2025-01-11
SUZUKI,WAGON R FX,2017,660.0,AUTOMATIC,PETROL,88000.0,USED,60.5,2025-01-28
SUZUKI,WAGON R FX,2017,660.0,AUTOMATIC,HYBRID,88000.0,USED,57.5,2025-01-28
SUZUKI,WAGON R FX,2017,650.0,AUTOMATIC,HYBRID,88000.0,USED,57.0,2025-01-23
SUZUKI,WAGON R FX,2017,660.0,AUTOMATIC,HYBRID,88000.0,USED,61.5,2025-01-23
SUZUKI,WAGON R FX,2017,660.0,AUTOMATIC,PETROL,88000.0,USED,58.75,2025-01-22
SUZUKI,WAGON R FX,2017,660.0,AUTOMATIC,HYBRID,88000.0,USED,58.9,2025-01-21
SUZUKI,WAGON R FX,2017,650.0,AUTOMATIC,HYBRID,88000.0,USED,59.31190476190475,2025-01-20
SUZUKI,WAGON R FX,2017,650.0,AUTOMATIC,HYBRID,88000.0,USED,58.5,2024-12-29
SUZUKI,WAGON R FX,2017,660.0,AUTOMATIC,HYBRID,88000.0,USED,59.31190476190475,2024-12-26
SUZUKI,WAGON R FX,2017,650.0,AUTOMATIC,PETROL,88000.0,USED,59.31190476190475,2024-12-23
SUZUKI,WAGON R FX,2017,660.0,AUTOMATIC,PETROL,88000.0,USED,57.75,2024-12-21
SUZUKI,WAGON R FX,2017,650.0,AUTOMATIC,HYBRID,88000.0,USED,63.34375000000001,2024-12-21
SUZUKI,WAGON R FX,2017,650.0,AUTOMATIC,PETROL,88000.0,USED,58.75,2024-12-16
SUZUKI,WAGON R FX,2017,650.0,AUTOMATIC,HYBRID,88000.0,USED,59.25,2024-12-16
SUZUKI,WAGON R FX,2017,660.0,AUTOMATIC,PETROL,88000.0,USED,60.5,2024-12-13
SUZUKI,WAGON R FX,2017,650.0,AUTOMATIC,HYBRID,88000.0,USED,63.34375000000001,2024-12-05
SUZUKI,WAGON R FX,2017,650.0,AUTOMATIC,HYBRID,83000.0,USED,63.25,2026-09-25
SUZUKI,WAGON R FX,2017,650.0,AUTOMATIC,HYBRID,110000.0,USED,57.5,2026-09-25
SUZUKI,WAGON R FX,2017,650.0,AUTOMATIC,HYBRID,114000.0,USED,68.5,2026-09-26
SUZUKI,WAGON R FX,2017,650.0,AUTOMATIC,HYBRID,82738.0,USED,66.5,2026-09-26
SUZUKI,WAGON R FX,2018,650.0,AUTOMATIC,HYBRID,77000.0,USED,60.1375,2025-02-05
SUZUKI,WAGON R FX,2018,650.0,AUTOMATIC,HYBRID,77000.0,USED,58.0,2025-02-04
SUZUKI,WAGON R FX,2018,660.0,AUTOMATIC,PETROL,77000.0,USED,60.1375,2025-02-03
SUZUKI,WAGON R FX,2018,660.0,AUTOMATIC,HYBRID,77000.0,USED,59.95,2025-01-18
SUZUKI,WAGON R FX,2018,650.0,AUTOMATIC,HYBRID,77000.0,USED,60.0,2025-01-14
SUZUKI,WAGON R FX,2018,660.0,AUTOMATIC,HYBRID,77000.0,USED,60.1375,2025-01-27
SUZUKI,WAGON R FX,2018,600.0,AUTOMATIC,HYBRID,77000.0,USED,58.5,2025-01-27
SUZUKI,WAGON R FX,2018,660.0,AUTOMATIC,HYBRID,77000.0,USED,58.0,2025-01-03
SUZUKI,WAGON R FX,2018,650.0,AUTOMATIC,HYBRID,77000.0,USED,57.75,2024-12-27
SUZUKI,WAGON R FX,2018,650.0,AUTOMATIC,PETROL,77000.0,USED,60.1375,2024-12-25
SUZUKI,WAGON R FX,2018,650.0,AUTOMATIC,HYBRID,77000.0,USED,60.1375,2024-12-23
SUZUKI,WAGON R FX,2018,660.0,AUTOMATIC,PETROL,77000.0,USED,63.34375000000001,2024-12-20
SUZUKI,WAGON R FX,2018,650.0,AUTOMATIC,HYBRID,77000.0,USED,60.1375,2024-12-06
SUZUKI,WAGON R FX,2018,650.0,AUTOMATIC,PETROL,77000.0,USED,63.34375000000001,2024-12-04
SUZUKI,WAGON R FX,2018,650.0,AUTOMATIC,HYBRID,108452.0,USED,62.9,2026-09-23
SUZUKI,WAGON R FX,2018,650.0,AUTOMATIC,HYBRID,91184.0,USED,66.5,2026-09-26
SUZUKI,WAGON R FX,2018,650.0,AUTOMATIC,HYBRID,110802.0,USED,66.5,2026-09-26
SUZUKI,WAGON R FX,2018,660.0,AUTOMATIC,HYBRID,116000.0,USED,63.0,2026-09-26
SUZUKI,WAGON R FX,2023,658.0,AUTOMATIC,PETROL,8737.0,USED,75.9,2026-09-25
SUZUKI,WAGON R FX,2023,660.0,MANUAL,PETROL,23000.0,USED,72.9,2026-09-26
SUZUKI,WAGON R FX,2024,650.0,AUTOMATIC,PETROL,6900.0,NEW,83.9,2026-09-26
SUZUKI,WAGON R FX,2024,650.0,AUTOMATIC,PETROL,7900.0,NEW,84.0,2026-09-26
SUZUKI,WAGON R FX,2024,660.0,AUTOMATIC,HYBRID,20000.0,USED,79.5,2026-09-25
SUZUKI,WAGON R FX,2024,660.0,AUTOMATIC,PETROL,8000.0,USED,76.0,2026-09-25
SUZUKI,WAGON R FX,2024,660.0,AUTOMATIC,HYBRID,3000.0,USED,78.9,2026-09-25
SUZUKI,WAGON R FX,2024,660.0,AUTOMATIC,PETROL,2008.0,USED,75.5,2026-09-26
SUZUKI,WAGON R FX,2024,658.0,AUTOMATIC,PETROL,3855.0,USED,76.9,2026-09-24
SUZUKI,WAGON R FX,2024,650.0,AUTOMATIC,PETROL,10000.0,USED,74.5,2026-09-23
SUZUKI,WAGON R FX,2024,650.0,AUTOMATIC,HYBRID,8000.0,USED,85.5,2026-09-25
SUZUKI,WAGON R FX,2024,650.0,AUTOMATIC,PETROL,4500.0,USED,74.5,2026-09-26
SUZUKI,WAGON R FX,2024,660.0,AUTOMATIC,HYBRID,13000.0,USED,77.0,2026-09-26
SUZUKI,WAGON R FX,2024,660.0,AUTOMATIC,HYBRID,20000.0,USED,77.0,2026-09-25
SUZUKI,WAGON R FX,2025,660.0,AUTOMATIC,PETROL,3000.0,USED,76.5,2026-09-26
SUZUKI,WAGON R FX,2025,660.0,AUTOMATIC,PETROL,3532.0,USED,75.9,2026-09-26
SUZUKI,WAGON R FX,2025,650.0,AUTOMATIC,PETROL,810.0,USED,78.5,2026-09-26
SUZUKI,WAGON R FX,2025,660.0,AUTOMATIC,PETROL,0.0,NEW,78.5,2026-09-25
SUZUKI,WAGON R FX,2025,650.0,AUTOMATIC,HYBRID,6380.0,USED,84.5,2026-09-24
SUZUKI,WAGON R FX,2025,660.0,AUTOMATIC,PETROL,17000.0,USED,77.9,2026-09-24
SUZUKI,WAGON R FX,2025,650.0,AUTOMATIC,PETROL,13000.0,USED,74.5,2026-09-23
SUZUKI,WAGON R FX,2025,650.0,AUTOMATIC,PETROL,11000.0,USED,74.5,2026-09-23
SUZUKI,WAGON R FX,2025,660.0,AUTOMATIC,PETROL,3000.0,USED,78.9,2026-09-26
SUZUKI,WAGON R FX,2025,660.0,AUTOMATIC,HYBRID,0.0,NEW,82.9,2026-09-26
SUZUKI,WAGON R FX,2025,650.0,AUTOMATIC,PETROL,1900.0,USED,72.75,2026-09-26
SUZUKI,WAGON R FX,2025,660.0,AUTOMATIC,PETROL,2000.0,USED,72.5,2026-09-26
SUZUKI,WAGON R FX,2025,660.0,AUTOMATIC,PETROL,270.0,NEW,76.5,2026-09-26
SUZUKI,WAGON R FX,2025,660.0,AUTOMATIC,PETROL,4774.0,NEW,76.5,2026-09-26
SUZUKI,WAGON R FX,2025,660.0,AUTOMATIC,HYBRID,0.0,NEW,79.5,2026-09-26
SUZUKI,WAGON R FX,2025,660.0,AUTOMATIC,PETROL,5000.0,USED,77.5,2026-09-25
SUZUKI,WAGON R FX,2025,650.0,AUTOMATIC,PETROL,11780.0,USED,79.9,2026-09-25
SUZUKI,WAGON R FX SAFETY,2016,660.0,AUTOMATIC,HYBRID,99000.0,USED,55.4375,2024-12-31
SUZUKI,WAGON R FX SAFETY,2017,650.0,AUTOMATIC,PETROL,88000.0,USED,60.5,2025-02-05
SUZUKI,WAGON R FX SAFETY,2017,600.0,AUTOMATIC,HYBRID,88000.0,USED,58.25,2025-01-16
SUZUKI,WAGON R FX SAFETY,2017,680.0,AUTOMATIC,PETROL,88000.0,USED,59.45555555555556,2025-01-13
SUZUKI,WAGON R FX SAFETY,2017,650.0,AUTOMATIC,HYBRID,88000.0,USED,60.75,2025-01-28
SUZUKI,WAGON R FX SAFETY,2017,650.0,AUTOMATIC,HYBRID,88000.0,USED,59.0,2025-01-28
SUZUKI,WAGON R FX SAFETY,2017,650.0,AUTOMATIC,PETROL,88000.0,USED,57.5,2025-01-26
SUZUKI,WAGON R FX SAFETY,2017,650.0,AUTOMATIC,HYBRID,88000.0,USED,59.45555555555556,2025-01-26
SUZUKI,WAGON R FX SAFETY,2017,600.0,AUTOMATIC,HYBRID,88000.0,USED,58.25,2025-01-21
SUZUKI,WAGON R FX SAFETY,2017,650.0,AUTOMATIC,PETROL,88000.0,USED,59.45555555555556,2025-01-21
SUZUKI,WAGON R FX SAFETY,2017,650.0,MANUAL,HYBRID,88000.0,USED,59.75,2024-12-31
SUZUKI,WAGON R FX SAFETY,2017,650.0,AUTOMATIC,HYBRID,88000.0,USED,59.6,2024-12-15
SUZUKI,WAGON R FX SAFETY,2017,650.0,AUTOMATIC,HYBRID,88000.0,USED,61.5,2024-12-12
SUZUKI,WAGON R FX SAFETY,2018,660.0,AUTOMATIC,PETROL,77000.0,USED,58.5,2025-02-05
SUZUKI,WAGON R FX SAFETY,2018,650.0,AUTOMATIC,PETROL,77000.0,USED,58.75,2025-02-02
SUZUKI,WAGON R FX SAFETY,2018,660.0,AUTOMATIC,PETROL,77000.0,USED,57.0,2025-01-06
SUZUKI,WAGON R FX SAFETY,2018,660.0,AUTOMATIC,PETROL,77000.0,USED,62.5,2025-01-06
SUZUKI,WAGON R FX SAFETY,2018,660.0,AUTOMATIC,HYBRID,77000.0,USED,56.5,2024-12-24
SUZUKI,WAGON R FX SAFETY,2018,660.0,AUTOMATIC,HYBRID,77000.0,USED,61.5,2024-12-23
SUZUKI,WAGON R FZ,2014,660.0,AUTOMATIC,HYBRID,121000.0,USED,56.5,2025-02-05
SUZUKI,WAGON R FZ,2014,660.0,AUTOMATIC,HYBRID,121000.0,USED,54.29272727272728,2025-02-05
SUZUKI,WAGON R FZ,2014,660.0,AUTOMATIC,HYBRID,121000.0,USED,53.25,2025-02-04
SUZUKI,WAGON R FZ,2014,650.0,AUTOMATIC,HYBRID,121000.0,USED,53.5,2025-02-04
SUZUKI,WAGON R FZ,2014,650.0,AUTOMATIC,PETROL,121000.0,USED,54.9,2025-02-04
SUZUKI,WAGON R FZ,2014,650.0,MANUAL,PETROL,121000.0,USED,54.29272727272728,2025-02-04
SUZUKI,WAGON R FZ,2014,660.0,AUTOMATIC,HYBRID,121000.0,USED,54.75,2025-02-03
SUZUKI,WAGON R FZ,2014,650.0,AUTOMATIC,HYBRID,121000.0,USED,54.29272727272728,2025-02-02
SUZUKI,WAGON R FZ,2014,650.0,AUTOMATIC,PETROL,121000.0,USED,54.29272727272728,2025-02-02
SUZUKI,WAGON R FZ,2014,650.0,AUTOMATIC,PETROL,121000.0,USED,54.29272727272728,2025-02-01
SUZUKI,WAGON R FZ,2014,650.0,AUTOMATIC,PETROL,121000.0,USED,55.5,2025-02-01
SUZUKI,WAGON R FZ,2014,650.0,AUTOMATIC,HYBRID,121000.0,USED,54.29272727272728,2025-01-31
SUZUKI,WAGON R FZ,2014,650.0,AUTOMATIC,HYBRID,121000.0,USED,54.5,2025-01-29
SUZUKI,WAGON R FZ,2014,660.0,AUTOMATIC,HYBRID,121000.0,USED,55.75,2025-01-29
SUZUKI,WAGON R FZ,2014,660.0,AUTOMATIC,PETROL,121000.0,USED,56.75,2025-01-14
SUZUKI,WAGON R FZ,2014,657.0,AUTOMATIC,PETROL,121000.0,USED,54.29272727272728,2025-01-14
SUZUKI,WAGON R FZ,2014,657.0,AUTOMATIC,PETROL,121000.0,USED,54.5,2025-01-13
SUZUKI,WAGON R FZ,2014,650.0,AUTOMATIC,HYBRID,121000.0,USED,51.5,2025-01-26
SUZUKI,WAGON R FZ,2014,600.0,AUTOMATIC,PETROL,121000.0,USED,54.29272727272728,2025-01-26
SUZUKI,WAGON R FZ,2014,660.0,AUTOMATIC,HYBRID,121000.0,USED,54.99,2025-01-20
SUZUKI,WAGON R FZ,2014,650.0,AUTOMATIC,HYBRID,121000.0,USED,53.75,2025-01-04
SUZUKI,WAGON R FZ,2014,660.0,AUTOMATIC,PETROL,121000.0,USED,53.5,2024-12-31
SUZUKI,WAGON R FZ,2014,660.0,AUTOMATIC,HYBRID,121000.0,USED,53.0,2024-12-24
SUZUKI,WAGON R FZ,2014,660.0,AUTOMATIC,HYBRID,121000.0,USED,54.29272727272728,2024-12-22
SUZUKI,WAGON R FZ,2014,660.0,AUTOMATIC,PETROL,121000.0,USED,54.9,2024-12-22
SUZUKI,WAGON R FZ,2014,660.0,AUTOMATIC,PETROL,121000.0,USED,53.5,2024-12-21
SUZUKI,WAGON R FZ,2014,650.0,AUTOMATIC,HYBRID,121000.0,USED,52.5,2024-12-21
SUZUKI,WAGON R FZ,2014,660.0,AUTOMATIC,PETROL,121000.0,USED,53.5,2024-12-19
SUZUKI,WAGON R FZ,2014,660.0,AUTOMATIC,PETROL,121000.0,USED,55.0,2024-12-19
SUZUKI,WAGON R FZ,2014,660.0,AUTOMATIC,HYBRID,121000.0,USED,53.9,2024-12-18
SUZUKI,WAGON R FZ,2014,650.0,AUTOMATIC,PETROL,121000.0,USED,54.5,2024-12-06
SUZUKI,WAGON R FZ,2014,660.0,AUTOMATIC,PETROL,103687.0,USED,57.5,2026-09-26
SUZUKI,WAGON R FZ,2014,660.0,AUTOMATIC,HYBRID,120000.0,USED,56.0,2026-09-24
SUZUKI,WAGON R FZ,2014,660.0,AUTOMATIC,HYBRID,143200.0,USED,55.0,2026-09-25
SUZUKI,WAGON R FZ,2015,660.0,AUTOMATIC,PETROL,110000.0,USED,54.25,2025-02-04
SUZUKI,WAGON R FZ,2015,650.0,AUTOMATIC,PETROL,110000.0,USED,55.41666666666667,2025-02-03
SUZUKI,WAGON R FZ,2015,650.0,AUTOMATIC,HYBRID,110000.0,USED,55.41666666666667,2025-02-01
SUZUKI,WAGON R FZ,2015,650.0,AUTOMATIC,HYBRID,110000.0,USED,56.5,2025-01-29
SUZUKI,WAGON R FZ,2015,650.0,AUTOMATIC,HYBRID,110000.0,USED,55.5,2025-01-16
SUZUKI,WAGON R FZ,2016,650.0,AUTOMATIC,PETROL,99000.0,USED,55.0,2025-02-03
SUZUKI,WAGON R FZ,2016,600.0,AUTOMATIC,HYBRID,99000.0,USED,57.08,2025-02-02
SUZUKI,WAGON R FZ,2016,690.0,AUTOMATIC,PETROL,99000.0,USED,55.9,2025-01-15
SUZUKI,WAGON R FZ,2016,660.0,AUTOMATIC,PETROL,99000.0,USED,60.0,2025-01-19
SUZUKI,WAGON R FZ,2016,660.0,AUTOMATIC,PETROL,99000.0,USED,57.08,2025-01-02
SUZUKI,WAGON R FZ,2016,650.0,AUTOMATIC,PETROL,99000.0,USED,58.5,2024-12-30
SUZUKI,WAGON R FZ,2016,660.0,AUTOMATIC,HYBRID,99000.0,USED,56.0,2024-12-06
SUZUKI,WAGON R FZ,2016,650.0,AUTOMATIC,PETROL,106039.0,USED,61.75,2026-09-26
SUZUKI,WAGON R FZ,2017,650.0,AUTOMATIC,HYBRID,88000.0,USED,65.5,2025-02-05
SUZUKI,WAGON R FZ,2017,650.0,AUTOMATIC,HYBRID,88000.0,USED,62.0,2025-02-04
SUZUKI,WAGON R FZ,2017,660.0,AUTOMATIC,PETROL,88000.0,USED,62.5,2025-02-03
SUZUKI,WAGON R FZ,2017,660.0,AUTOMATIC,HYBRID,88000.0,USED,65.9,2025-02-03
SUZUKI,WAGON R FZ,2017,650.0,AUTOMATIC,HYBRID,88000.0,USED,64.32631578947368,2025-02-03
SUZUKI,WAGON R FZ,2017,660.0,AUTOMATIC,HYBRID,88000.0,USED,64.9,2025-02-02
SUZUKI,WAGON R FZ,2017,660.0,AUTOMATIC,PETROL,88000.0,USED,66.5,2025-02-01
SUZUKI,WAGON R FZ,2017,650.0,AUTOMATIC,HYBRID,88000.0,USED,64.5,2025-02-01
SUZUKI,WAGON R FZ,2017,650.0,AUTOMATIC,HYBRID,88000.0,USED,64.32631578947368,2025-02-01
SUZUKI,WAGON R FZ,2017,650.0,AUTOMATIC,PETROL,88000.0,USED,64.32631578947368,2025-01-30
SUZUKI,WAGON R FZ,2017,660.0,AUTOMATIC,HYBRID,88000.0,USED,61.0,2025-01-29
SUZUKI,WAGON R FZ,2017,650.0,AUTOMATIC,PETROL,88000.0,USED,63.0,2025-01-18
SUZUKI,WAGON R FZ,2017,660.0,AUTOMATIC,PETROL,88000.0,USED,60.0,2025-01-18
SUZUKI,WAGON R FZ,2017,650.0,AUTOMATIC,HYBRID,88000.0,USED,64.32631578947368,2025-01-10
SUZUKI,WAGON R FZ,2017,660.0,AUTOMATIC,HYBRID,88000.0,USED,64.32631578947368,2025-01-09
SUZUKI,WAGON R FZ,2017,660.0,AUTOMATIC,PETROL,88000.0,USED,64.25,2025-01-07
SUZUKI,WAGON R FZ,2017,650.0,AUTOMATIC,HYBRID,88000.0,USED,62.75,2025-01-06
SUZUKI,WAGON R FZ,2017,690.0,AUTOMATIC,PETROL,88000.0,USED,60.5,2025-01-02
SUZUKI,WAGON R FZ,2017,660.0,AUTOMATIC,PETROL,88000.0,USED,61.5,2024-12-30
SUZUKI,WAGON R FZ,2017,660.0,AUTOMATIC,HYBRID,88000.0,USED,68.0,2024-12-29
SUZUKI,WAGON R FZ,2017,650.0,AUTOMATIC,PETROL,88000.0,USED,64.5,2024-12-26
SUZUKI,WAGON R FZ,2017,660.0,AUTOMATIC,PETROL,88000.0,USED,67.5,2024-12-26
SUZUKI,WAGON R FZ,2017,650.0,AUTOMATIC,PETROL,88000.0,USED,64.32631578947368,2024-12-11
SUZUKI,WAGON R FZ,2017,660.0,AUTOMATIC,HYBRID,88000.0,USED,67.9,2024-12-08
SUZUKI,WAGON R FZ,2017,660.0,AUTOMATIC,HYBRID,88000.0,USED,69.5,2024-12-06
SUZUKI,WAGON R FZ,2017,650.0,AUTOMATIC,HYBRID,104000.0,USED,68.0,2026-09-25
SUZUKI,WAGON R FZ,2017,650.0,AUTOMATIC,PETROL,77978.0,USED,62.75,2026-09-24
SUZUKI,WAGON R FZ,2018,660.0,AUTOMATIC,PETROL,77000.0,USED,63.9,2025-02-05
SUZUKI,WAGON R FZ,2018,660.0,AUTOMATIC,HYBRID,77000.0,USED,69.85,2025-02-05
SUZUKI,WAGON R FZ,2018,660.0,AUTOMATIC,HYBRID,77000.0,USED,68.0,2025-02-04
SUZUKI,WAGON R FZ,2018,660.0,AUTOMATIC,HYBRID,77000.0,USED,66.2388888888889,2025-02-03
SUZUKI,WAGON R FZ,2018,660.0,AUTOMATIC,HYBRID,77000.0,USED,68.9,2025-02-03
SUZUKI,WAGON R FZ,2018,650.0,AUTOMATIC,PETROL,77000.0,USED,66.9,2025-02-03
SUZUKI,WAGON R FZ,2018,650.0,AUTOMATIC,PETROL,77000.0,USED,64.75,2025-02-02
SUZUKI,WAGON R FZ,2018,660.0,AUTOMATIC,HYBRID,77000.0,USED,64.95,2025-02-02
SUZUKI,WAGON R FZ,2018,660.0,AUTOMATIC,HYBRID,77000.0,USED,65.0,2025-02-01
SUZUKI,WAGON R FZ,2018,650.0,AUTOMATIC,PETROL,77000.0,USED,67.0,2025-02-01
SUZUKI,WAGON R FZ,2018,650.0,AUTOMATIC,PETROL,77000.0,USED,66.2388888888889,2025-01-31
SUZUKI,WAGON R FZ,2018,660.0,AUTOMATIC,PETROL,77000.0,USED,65.9,2025-01-29
SUZUKI,WAGON R FZ,2018,650.0,AUTOMATIC,PETROL,77000.0,USED,65.75,2025-01-18
SUZUKI,WAGON R FZ,2018,660.0,AUTOMATIC,HYBRID,77000.0,USED,65.5,2025-01-17
SUZUKI,WAGON R FZ,2018,660.0,AUTOMATIC,HYBRID,77000.0,USED,65.0,2025-01-17
SUZUKI,WAGON R FZ,2018,660.0,AUTOMATIC,HYBRID,77000.0,USED,65.0,2025-01-16
SUZUKI,WAGON R FZ,2018,660.0,AUTOMATIC,HYBRID,77000.0,USED,66.25,2025-01-11
SUZUKI,WAGON R FZ,2018,650.0,AUTOMATIC,PETROL,77000.0,USED,65.0,2025-01-11
SUZUKI,WAGON R FZ,2018,650.0,AUTOMATIC,HYBRID,77000.0,USED,65.0,2025-01-10
SUZUKI,WAGON R FZ,2018,650.0,AUTOMATIC,PETROL,77000.0,USED,62.0,2025-01-08
SUZUKI,WAGON R FZ,2018,650.0,AUTOMATIC,PETROL,77000.0,USED,66.2388888888889,2025-01-24
SUZUKI,WAGON R FZ,2018,660.0,AUTOMATIC,PETROL,77000.0,USED,68.9,2025-01-22
SUZUKI,WAGON R FZ,2018,650.0,AUTOMATIC,PETROL,77000.0,USED,67.5,2025-01-21
SUZUKI,WAGON R FZ,2018,650.0,AUTOMATIC,PETROL,77000.0,USED,64.5,2025-01-20
SUZUKI,WAGON R FZ,2018,660.0,AUTOMATIC,PETROL,77000.0,USED,68.0,2025-01-05
SUZUKI,WAGON R FZ,2018,660.0,AUTOMATIC,PETROL,77000.0,USED,66.2388888888889,2025-01-05
SUZUKI,WAGON R FZ,2018,880.0,AUTOMATIC,PETROL,77000.0,USED,65.0,2025-01-02
SUZUKI,WAGON R FZ,2018,660.0,AUTOMATIC,PETROL,77000.0,USED,62.75,2024-12-29
SUZUKI,WAGON R FZ,2018,650.0,AUTOMATIC,HYBRID,77000.0,USED,67.75,2024-12-28
SUZUKI,WAGON R FZ,2018,650.0,AUTOMATIC,PETROL,77000.0,USED,66.2388888888889,2024-12-27
SUZUKI,WAGON R FZ,2018,660.0,AUTOMATIC,HYBRID,77000.0,USED,69.9,2024-12-16
SUZUKI,WAGON R FZ,2018,657.0,AUTOMATIC,PETROL,77000.0,USED,69.5,2024-12-07
SUZUKI,WAGON R FZ,2018,658.0,AUTOMATIC,PETROL,97141.0,USED,69.95,2026-09-26
SUZUKI,WAGON R FZ,2018,658.0,AUTOMATIC,PETROL,79453.0,USED,70.9,2026-09-26
SUZUKI,WAGON R FZ,2019,650.0,AUTOMATIC,HYBRID,66000.0,USED,65.0,2025-01-30
SUZUKI,WAGON R FZ CAM,2018,650.0,AUTOMATIC,HYBRID,77000.0,USED,64.5,2025-02-03
SUZUKI,WAGON R FZ JAPAN,2015,650.0,AUTOMATIC,PETROL,110000.0,USED,53.0,2025-01-03
SUZUKI,WAGON R FZ PREMIUM,2018,650.0,AUTOMATIC,HYBRID,77000.0,USED,65.9,2025-02-05
SUZUKI,WAGON R FZ PREMIUM,2018,640.0,AUTOMATIC,PETROL,77000.0,USED,64.09375000000003,2025-02-04
SUZUKI,WAGON R FZ PREMIUM,2018,660.0,AUTOMATIC,HYBRID,77000.0,USED,66.75,2025-02-02
SUZUKI,WAGON R FZ PREMIUM,2018,650.0,AUTOMATIC,HYBRID,77000.0,USED,66.5,2025-01-28
SUZUKI,WAGON R FZ PREMIUM,2018,651.0,AUTOMATIC,PETROL,77000.0,USED,66.25,2025-01-02
SUZUKI,WAGON R FZ PREMIUM,2018,660.0,AUTOMATIC,HYBRID,77000.0,USED,65.5,2024-12-07
SUZUKI,WAGON R FZ PREMIUM,2018,650.0,AUTOMATIC,HYBRID,77000.0,USED,67.5,2024-12-06
SUZUKI,WAGON R FZ PREMIUM,2019,650.0,AUTOMATIC,HYBRID,66000.0,USED,68.64374999999998,2025-02-03
SUZUKI,WAGON R FZ SAFETY,2014,650.0,AUTOMATIC,HYBRID,121000.0,USED,52.75,2025-02-04
SUZUKI,WAGON R FZ SAFETY,2014,660.0,AUTOMATIC,HYBRID,121000.0,USED,53.75,2025-02-02
SUZUKI,WAGON R FZ SAFETY,2014,650.0,AUTOMATIC,HYBRID,121000.0,USED,56.75,2025-02-02
SUZUKI,WAGON R FZ SAFETY,2014,660.0,AUTOMATIC,HYBRID,121000.0,USED,54.25714285714285,2025-02-01
SUZUKI,WAGON R FZ SAFETY,2014,650.0,AUTOMATIC,PETROL,121000.0,USED,53.9,2025-01-16
SUZUKI,WAGON R FZ SAFETY,2014,660.0,AUTOMATIC,PETROL,121000.0,USED,55.0,2025-01-26
SUZUKI,WAGON R FZ SAFETY,2014,660.0,AUTOMATIC,HYBRID,121000.0,USED,53.75,2025-01-20
SUZUKI,WAGON R FZ SAFETY,2014,650.0,AUTOMATIC,PETROL,121000.0,USED,53.9,2024-12-18
SUZUKI,WAGON R FZ SAFETY,2015,660.0,AUTOMATIC,HYBRID,110000.0,USED,55.5,2025-02-05
SUZUKI,WAGON R FZ SAFETY,2015,650.0,AUTOMATIC,PETROL,110000.0,USED,57.0,2025-01-31
SUZUKI,WAGON R FZ SAFETY,2015,650.0,AUTOMATIC,PETROL,110000.0,USED,55.5,2025-01-29
SUZUKI,WAGON R FZ SAFETY,2015,658.0,AUTOMATIC,PETROL,110000.0,USED,56.0,2025-01-13
SUZUKI,WAGON R FZ SAFETY,2016,660.0,AUTOMATIC,HYBRID,99000.0,USED,56.75,2025-02-02
SUZUKI,WAGON R FZ SAFETY,2016,650.0,AUTOMATIC,HYBRID,99000.0,USED,56.9,2025-01-31
SUZUKI,WAGON R FZ SAFETY,2016,650.0,AUTOMATIC,HYBRID,99000.0,USED,56.9,2025-01-30
SUZUKI,WAGON R FZ SAFETY,2016,650.0,AUTOMATIC,PETROL,99000.0,USED,56.5,2025-01-21
SUZUKI,WAGON R FZ SAFETY,2016,650.0,AUTOMATIC,PETROL,99000.0,USED,57.0,2024-12-21
SUZUKI,WAGON R FZ SAFETY,2016,660.0,AUTOMATIC,HYBRID,99000.0,USED,57.95,2024-12-20
SUZUKI,WAGON R FZ SAFETY,2017,650.0,AUTOMATIC,HYBRID,88000.0,USED,60.5,2025-02-05
SUZUKI,WAGON R FZ SAFETY,2017,650.0,AUTOMATIC,HYBRID,88000.0,USED,63.9,2025-02-05
SUZUKI,WAGON R FZ SAFETY,2017,660.0,AUTOMATIC,HYBRID,88000.0,USED,69.95,2025-02-03
SUZUKI,WAGON R FZ SAFETY,2017,660.0,AUTOMATIC,HYBRID,88000.0,USED,65.46153846153847,2025-02-03
SUZUKI,WAGON R FZ SAFETY,2017,660.0,AUTOMATIC,HYBRID,88000.0,USED,65.0,2025-02-01
SUZUKI,WAGON R FZ SAFETY,2017,650.0,AUTOMATIC,HYBRID,88000.0,USED,63.9,2025-01-26
SUZUKI,WAGON R FZ SAFETY,2017,660.0,AUTOMATIC,HYBRID,88000.0,USED,66.0,2025-01-21
SUZUKI,WAGON R FZ SAFETY,2017,660.0,AUTOMATIC,HYBRID,88000.0,USED,61.5,2025-01-03
SUZUKI,WAGON R FZ SAFETY,2017,800.0,AUTOMATIC,HYBRID,88000.0,USED,68.5,2024-12-23
SUZUKI,WAGON R FZ SAFETY,2017,660.0,AUTOMATIC,HYBRID,88000.0,USED,68.0,2024-12-18
SUZUKI,WAGON R FZ SAFETY,2017,660.0,AUTOMATIC,HYBRID,88000.0,USED,63.5,2024-12-12
SUZUKI,WAGON R FZ SAFETY,2017,660.0,AUTOMATIC,PETROL,88000.0,USED,66.75,2024-12-08
SUZUKI,WAGON R FZ SAFETY,2017,660.0,AUTOMATIC,PETROL,88000.0,USED,66.75,2024-12-05
SUZUKI,WAGON R FZ SAFETY,2018,660.0,AUTOMATIC,HYBRID,77000.0,USED,64.9,2025-02-04
SUZUKI,WAGON R FZ SAFETY,2018,650.0,AUTOMATIC,HYBRID,77000.0,USED,66.0,2025-02-03
SUZUKI,WAGON R FZ SAFETY,2018,660.0,AUTOMATIC,HYBRID,77000.0,USED,66.5,2025-02-02
SUZUKI,WAGON R FZ SAFETY,2018,660.0,AUTOMATIC,PETROL,77000.0,USED,68.0,2025-02-01
SUZUKI,WAGON R FZ SAFETY,2018,650.0,AUTOMATIC,HYBRID,77000.0,USED,66.38,2025-02-01
SUZUKI,WAGON R FZ SAFETY,2018,650.0,AUTOMATIC,PETROL,77000.0,USED,66.5,2024-12-11
SUZUKI,WAGON R FZ SAFETY,2021,650.0,AUTOMATIC,HYBRID,44000.0,USED,66.9,2024-12-21
SUZUKI,WAGON R FZ SAFETY MODEL,2017,650.0,AUTOMATIC,PETROL,88000.0,USED,65.95,2025-02-05
SUZUKI,WAGON R FZ SAFETY MODEL,2017,650.0,AUTOMATIC,HYBRID,88000.0,USED,62.5,2025-02-04
SUZUKI,WAGON R JAPAN,2002,650.0,AUTOMATIC,PETROL,253000.0,USED,37.9,2025-02-03
SUZUKI,WAGON R JAPAN,2006,660.0,MANUAL,PETROL,209000.0,USED,30.0,2025-02-03
SUZUKI,WAGON R MH44 FZ,2014,650.0,AUTOMATIC,HYBRID,121000.0,USED,55.0,2025-01-22
SUZUKI,WAGON R MH44S,2015,660.0,AUTOMATIC,PETROL,110000.0,USED,54.75,2025-02-03
SUZUKI,WAGON R MH55S FZ,2017,660.0,AUTOMATIC,PETROL,88000.0,USED,63.5,2024-12-21
SUZUKI,WAGON R PREMIUM,2018,660.0,AUTOMATIC,PETROL,77000.0,USED,67.8,2025-01-15
SUZUKI,WAGON R PREMIUM,2018,660.0,AUTOMATIC,HYBRID,77000.0,USED,65.75,2025-01-12
SUZUKI,WAGON R PREMIUM,2018,658.0,AUTOMATIC,PETROL,77000.0,USED,67.75,2025-01-28
SUZUKI,WAGON R PREMIUM,2018,660.0,AUTOMATIC,HYBRID,77000.0,USED,63.06249999999999,2025-01-05
SUZUKI,WAGON R PREMIUM,2018,658.0,AUTOMATIC,HYBRID,77000.0,USED,67.5,2024-12-23
SUZUKI,WAGON R PREMIUM,2018,659.0,AUTOMATIC,HYBRID,77000.0,USED,66.19166666666666,2024-12-16
SUZUKI,WAGON R PREMIUM,2018,660.0,AUTOMATIC,HYBRID,77000.0,USED,65.85,2024-12-05
SUZUKI,WAGON R PREMIUM FZ,2018,650.0,AUTOMATIC,HYBRID,77000.0,USED,68.5,2024-12-20
SUZUKI,WAGON R SAFETY,2014,650.0,AUTOMATIC,PETROL,121000.0,USED,53.5,2025-01-11
SUZUKI,WAGON R SAFETY,2014,650.0,AUTOMATIC,PETROL,121000.0,USED,53.9,2024-12-19
SUZUKI,WAGON R SAFETY,2016,650.0,AUTOMATIC,HYBRID,99000.0,USED,52.95,2025-01-31
SUZUKI,WAGON R STINGRAY,2014,650.0,AUTOMATIC,HYBRID,121000.0,USED,55.0,2025-02-05
SUZUKI,WAGON R STINGRAY,2014,660.0,AUTOMATIC,HYBRID,121000.0,USED,57.5,2025-02-05
SUZUKI,WAGON R STINGRAY,2014,650.0,AUTOMATIC,HYBRID,121000.0,USED,52.75,2025-02-05
SUZUKI,WAGON R STINGRAY,2014,650.0,AUTOMATIC,PETROL,121000.0,USED,51.75,2025-02-04
SUZUKI,WAGON R STINGRAY,2014,650.0,AUTOMATIC,PETROL,121000.0,USED,55.9,2025-02-04
SUZUKI,WAGON R STINGRAY,2014,660.0,AUTOMATIC,HYBRID,121000.0,USED,51.5,2025-02-04
SUZUKI,WAGON R STINGRAY,2014,650.0,AUTOMATIC,PETROL,121000.0,USED,55.34558823529412,2025-02-04
SUZUKI,WAGON R STINGRAY,2014,680.0,AUTOMATIC,HYBRID,121000.0,USED,55.34558823529412,2025-02-03
SUZUKI,WAGON R STINGRAY,2014,657.0,AUTOMATIC,PETROL,121000.0,USED,54.0,2025-02-03
SUZUKI,WAGON R STINGRAY,2014,660.0,AUTOMATIC,HYBRID,121000.0,USED,55.5,2025-02-02
SUZUKI,WAGON R STINGRAY,2014,650.0,AUTOMATIC,PETROL,121000.0,USED,58.25,2025-02-02
SUZUKI,WAGON R STINGRAY,2014,650.0,AUTOMATIC,PETROL,121000.0,USED,55.34558823529412,2025-02-01
SUZUKI,WAGON R STINGRAY,2014,650.0,AUTOMATIC,PETROL,121000.0,USED,57.0,2025-02-01
SUZUKI,WAGON R STINGRAY,2014,600.0,AUTOMATIC,HYBRID,121000.0,USED,56.5,2025-01-31
SUZUKI,WAGON R STINGRAY,2014,650.0,AUTOMATIC,PETROL,121000.0,USED,55.34558823529412,2025-01-29
SUZUKI,WAGON R STINGRAY,2014,650.0,AUTOMATIC,HYBRID,121000.0,USED,54.0,2025-01-28
SUZUKI,WAGON R STINGRAY,2014,660.0,AUTOMATIC,HYBRID,121000.0,USED,54.95,2025-01-13
SUZUKI,WAGON R STINGRAY,2014,660.0,AUTOMATIC,HYBRID,121000.0,USED,55.34558823529412,2025-01-12
SUZUKI,WAGON R STINGRAY,2014,650.0,AUTOMATIC,PETROL,121000.0,USED,54.0,2025-01-10
SUZUKI,WAGON R STINGRAY,2014,650.0,AUTOMATIC,PETROL,121000.0,USED,54.5,2025-01-07
SUZUKI,WAGON R STINGRAY,2014,650.0,AUTOMATIC,PETROL,121000.0,USED,52.75,2025-01-05
SUZUKI,WAGON R STINGRAY,2014,650.0,AUTOMATIC,HYBRID,121000.0,USED,55.9,2025-01-26
SUZUKI,WAGON R STINGRAY,2014,660.0,AUTOMATIC,PETROL,121000.0,USED,53.0,2025-01-19
SUZUKI,WAGON R STINGRAY,2014,660.0,AUTOMATIC,HYBRID,121000.0,USED,55.25,2025-01-02
SUZUKI,WAGON R STINGRAY,2014,660.0,AUTOMATIC,HYBRID,121000.0,USED,58.0,2025-01-01
SUZUKI,WAGON R STINGRAY,2014,657.0,AUTOMATIC,PETROL,121000.0,USED,54.0,2024-12-29
SUZUKI,WAGON R STINGRAY,2014,650.0,AUTOMATIC,PETROL,121000.0,USED,53.5,2024-12-27
SUZUKI,WAGON R STINGRAY,2014,660.0,AUTOMATIC,PETROL,121000.0,USED,55.34558823529412,2024-12-27
SUZUKI,WAGON R STINGRAY,2014,660.0,AUTOMATIC,PETROL,121000.0,USED,54.95,2024-12-24
SUZUKI,WAGON R STINGRAY,2014,657.0,AUTOMATIC,PETROL,121000.0,USED,57.0,2024-12-24
SUZUKI,WAGON R STINGRAY,2014,660.0,AUTOMATIC,PETROL,121000.0,USED,55.95,2024-12-22
SUZUKI,WAGON R STINGRAY,2014,660.0,AUTOMATIC,PETROL,121000.0,USED,56.75,2024-12-22
SUZUKI,WAGON R STINGRAY,2014,650.0,AUTOMATIC,PETROL,121000.0,USED,55.0,2024-12-16
SUZUKI,WAGON R STINGRAY,2014,660.0,AUTOMATIC,HYBRID,121000.0,USED,57.95,2024-12-14
SUZUKI,WAGON R STINGRAY,2014,650.0,AUTOMATIC,PETROL,121000.0,USED,58.0,2024-12-13
SUZUKI,WAGON R STINGRAY,2014,650.0,AUTOMATIC,PETROL,121000.0,USED,54.75,2024-12-08
SUZUKI,WAGON R STINGRAY,2014,650.0,AUTOMATIC,PETROL,121000.0,USED,55.75,2024-12-08
SUZUKI,WAGON R STINGRAY,2014,650.0,AUTOMATIC,HYBRID,121000.0,USED,58.75,2024-12-08
SUZUKI,WAGON R STINGRAY,2014,660.0,AUTOMATIC,HYBRID,121000.0,USED,55.9,2024-12-04
SUZUKI,WAGON R STINGRAY,2014,650.0,AUTOMATIC,HYBRID,92300.0,USED,61.5,2026-09-25
SUZUKI,WAGON R STINGRAY,2014,660.0,AUTOMATIC,PETROL,85541.0,USED,58.5,2026-09-26
SUZUKI,WAGON R STINGRAY,2014,650.0,AUTOMATIC,HYBRID,120000.0,NEW,58.5,2026-09-26
SUZUKI,WAGON R STINGRAY,2015,650.0,AUTOMATIC,PETROL,110000.0,USED,55.5,2025-02-05
SUZUKI,WAGON R STINGRAY,2015,660.0,AUTOMATIC,PETROL,110000.0,USED,58.5,2025-02-05
SUZUKI,WAGON R STINGRAY,2015,660.0,AUTOMATIC,PETROL,110000.0,USED,55.18870967741937,2025-02-05
SUZUKI,WAGON R STINGRAY,2015,650.0,AUTOMATIC,PETROL,110000.0,USED,58.0,2025-02-05
SUZUKI,WAGON R STINGRAY,2015,660.0,AUTOMATIC,PETROL,110000.0,USED,58.95,2025-02-05
SUZUKI,WAGON R STINGRAY,2015,650.0,AUTOMATIC,HYBRID,110000.0,USED,57.0,2025-02-05
SUZUKI,WAGON R STINGRAY,2015,660.0,AUTOMATIC,HYBRID,110000.0,USED,55.18870967741937,2025-02-04
SUZUKI,WAGON R STINGRAY,2015,650.0,AUTOMATIC,HYBRID,110000.0,USED,56.0,2025-02-04
SUZUKI,WAGON R STINGRAY,2015,650.0,AUTOMATIC,PETROL,110000.0,USED,55.8,2025-02-04
SUZUKI,WAGON R STINGRAY,2015,650.0,AUTOMATIC,PETROL,110000.0,USED,58.85,2025-02-03
SUZUKI,WAGON R STINGRAY,2015,650.0,AUTOMATIC,HYBRID,110000.0,USED,56.0,2025-02-02
SUZUKI,WAGON R STINGRAY,2015,660.0,AUTOMATIC,PETROL,110000.0,USED,58.5,2025-01-31
SUZUKI,WAGON R STINGRAY,2015,650.0,AUTOMATIC,PETROL,110000.0,USED,58.0,2025-01-13
SUZUKI,WAGON R STINGRAY,2015,680.0,AUTOMATIC,PETROL,110000.0,USED,55.18870967741937,2025-01-11
SUZUKI,WAGON R STINGRAY,2015,650.0,AUTOMATIC,HYBRID,110000.0,USED,55.18870967741937,2025-01-09
SUZUKI,WAGON R STINGRAY,2015,657.0,AUTOMATIC,PETROL,110000.0,USED,57.0,2025-01-09
SUZUKI,WAGON R STINGRAY,2015,660.0,AUTOMATIC,HYBRID,110000.0,USED,55.18870967741937,2025-01-27
SUZUKI,WAGON R STINGRAY,2015,660.0,AUTOMATIC,HYBRID,110000.0,USED,56.5,2025-01-25
SUZUKI,WAGON R STINGRAY,2015,650.0,AUTOMATIC,PETROL,110000.0,USED,53.9,2025-01-25
SUZUKI,WAGON R STINGRAY,2015,650.0,AUTOMATIC,PETROL,110000.0,USED,55.18870967741937,2025-01-24
SUZUKI,WAGON R STINGRAY,2015,650.0,AUTOMATIC,PETROL,110000.0,USED,55.18870967741937,2025-01-22
SUZUKI,WAGON R STINGRAY,2015,660.0,AUTOMATIC,HYBRID,110000.0,USED,55.18870967741937,2025-01-20
SUZUKI,WAGON R STINGRAY,2015,660.0,AUTOMATIC,HYBRID,110000.0,USED,54.5,2025-01-19
SUZUKI,WAGON R STINGRAY,2015,660.0,AUTOMATIC,HYBRID,110000.0,USED,56.9,2025-01-04
SUZUKI,WAGON R STINGRAY,2015,1500.0,AUTOMATIC,PETROL,110000.0,USED,53.75,2025-01-02
SUZUKI,WAGON R STINGRAY,2015,650.0,AUTOMATIC,HYBRID,110000.0,USED,55.9,2025-01-02
SUZUKI,WAGON R STINGRAY,2015,660.0,AUTOMATIC,PETROL,110000.0,USED,55.18870967741937,2025-01-01
SUZUKI,WAGON R STINGRAY,2015,650.0,AUTOMATIC,HYBRID,110000.0,USED,35.46585384146341,2024-12-29
SUZUKI,WAGON R STINGRAY,2015,660.0,AUTOMATIC,HYBRID,110000.0,USED,53.0,2024-12-28
SUZUKI,WAGON R STINGRAY,2015,650.0,AUTOMATIC,PETROL,110000.0,USED,57.0,2024-12-25
SUZUKI,WAGON R STINGRAY,2015,660.0,AUTOMATIC,HYBRID,110000.0,USED,54.0,2024-12-25
SUZUKI,WAGON R STINGRAY,2015,660.0,AUTOMATIC,PETROL,110000.0,USED,59.9,2024-12-25
SUZUKI,WAGON R STINGRAY,2015,650.0,AUTOMATIC,PETROL,110000.0,USED,55.9,2024-12-25
SUZUKI,WAGON R STINGRAY,2015,650.0,AUTOMATIC,HYBRID,110000.0,USED,58.25,2024-12-23
SUZUKI,WAGON R STINGRAY,2015,650.0,AUTOMATIC,HYBRID,110000.0,USED,58.9,2024-12-19
SUZUKI,WAGON R STINGRAY,2015,650.0,AUTOMATIC,HYBRID,110000.0,USED,57.75,2024-12-19
SUZUKI,WAGON R STINGRAY,2015,660.0,AUTOMATIC,PETROL,110000.0,USED,55.18870967741937,2024-12-15
SUZUKI,WAGON R STINGRAY,2015,650.0,AUTOMATIC,HYBRID,110000.0,USED,57.75,2024-12-14
SUZUKI,WAGON R STINGRAY,2015,650.0,AUTOMATIC,PETROL,110000.0,USED,55.18870967741937,2024-12-11
SUZUKI,WAGON R STINGRAY,2015,660.0,AUTOMATIC,HYBRID,110000.0,USED,55.18870967741937,2024-12-09
SUZUKI,WAGON R STINGRAY,2015,650.0,AUTOMATIC,PETROL,110000.0,USED,55.18870967741937,2024-12-09
SUZUKI,WAGON R STINGRAY,2015,1000.0,AUTOMATIC,PETROL,110000.0,USED,56.0,2024-12-05
SUZUKI,WAGON R STINGRAY,2015,660.0,AUTOMATIC,PETROL,110000.0,USED,55.18870967741937,2024-12-04
SUZUKI,WAGON R STINGRAY,2015,650.0,AUTOMATIC,HYBRID,142683.0,USED,62.85,2026-09-24
SUZUKI,WAGON R STINGRAY,2015,1000.0,AUTOMATIC,PETROL,123000.0,USED,52.5,2026-09-26
SUZUKI,WAGON R STINGRAY,2015,650.0,AUTOMATIC,HYBRID,116000.0,USED,61.9,2026-09-26
SUZUKI,WAGON R STINGRAY,2016,650.0,AUTOMATIC,PETROL,99000.0,USED,54.5,2025-02-04
SUZUKI,WAGON R STINGRAY,2016,660.0,AUTOMATIC,HYBRID,99000.0,USED,57.30714285714286,2025-02-04
SUZUKI,WAGON R STINGRAY,2016,1000.0,AUTOMATIC,PETROL,99000.0,USED,57.30714285714286,2025-01-30
SUZUKI,WAGON R STINGRAY,2016,660.0,AUTOMATIC,PETROL,99000.0,USED,59.9,2025-01-15
SUZUKI,WAGON R STINGRAY,2016,800.0,AUTOMATIC,PETROL,99000.0,USED,58.5,2025-01-13
SUZUKI,WAGON R STINGRAY,2016,650.0,AUTOMATIC,PETROL,99000.0,USED,55.75,2025-01-27
SUZUKI,WAGON R STINGRAY,2016,657.0,AUTOMATIC,PETROL,99000.0,USED,57.30714285714286,2025-01-26
SUZUKI,WAGON R STINGRAY,2016,650.0,AUTOMATIC,HYBRID,99000.0,USED,57.30714285714286,2025-01-25
SUZUKI,WAGON R STINGRAY,2016,620.0,AUTOMATIC,HYBRID,99000.0,USED,56.5,2024-12-18
SUZUKI,WAGON R STINGRAY,2016,650.0,AUTOMATIC,PETROL,99000.0,USED,56.5,2024-12-08
SUZUKI,WAGON R STINGRAY,2016,650.0,AUTOMATIC,HYBRID,99000.0,USED,59.5,2024-12-06
SUZUKI,WAGON R STINGRAY,2016,650.0,AUTOMATIC,HYBRID,119857.0,USED,62.5,2026-09-26
SUZUKI,WAGON R STINGRAY,2017,660.0,AUTOMATIC,PETROL,88000.0,USED,66.0,2025-02-05
SUZUKI,WAGON R STINGRAY,2017,650.0,AUTOMATIC,HYBRID,88000.0,USED,67.5,2025-02-05
SUZUKI,WAGON R STINGRAY,2017,660.0,AUTOMATIC,HYBRID,88000.0,USED,68.31290322580645,2025-02-05
SUZUKI,WAGON R STINGRAY,2017,650.0,AUTOMATIC,HYBRID,88000.0,USED,68.31290322580645,2025-02-04
SUZUKI,WAGON R STINGRAY,2017,660.0,AUTOMATIC,PETROL,88000.0,USED,64.9,2025-02-03
SUZUKI,WAGON R STINGRAY,2017,660.0,AUTOMATIC,HYBRID,88000.0,USED,67.5,2025-02-02
SUZUKI,WAGON R STINGRAY,2017,660.0,AUTOMATIC,HYBRID,88000.0,USED,68.31290322580645,2025-02-02
SUZUKI,WAGON R STINGRAY,2017,650.0,AUTOMATIC,PETROL,88000.0,USED,65.9,2025-01-31
SUZUKI,WAGON R STINGRAY,2017,665.0,AUTOMATIC,HYBRID,88000.0,USED,68.31290322580645,2025-01-30
SUZUKI,WAGON R STINGRAY,2017,660.0,AUTOMATIC,HYBRID,88000.0,USED,70.0,2025-01-18
SUZUKI,WAGON R STINGRAY,2017,650.0,AUTOMATIC,PETROL,88000.0,USED,68.31290322580645,2025-01-18
SUZUKI,WAGON R STINGRAY,2017,650.0,AUTOMATIC,PETROL,88000.0,USED,75.0,2025-01-17
SUZUKI,WAGON R STINGRAY,2017,660.0,AUTOMATIC,HYBRID,88000.0,USED,67.0,2025-01-17
SUZUKI,WAGON R STINGRAY,2017,650.0,AUTOMATIC,HYBRID,88000.0,USED,69.5,2025-01-17
SUZUKI,WAGON R STINGRAY,2017,650.0,AUTOMATIC,PETROL,88000.0,USED,68.31290322580645,2025-01-16
SUZUKI,WAGON R STINGRAY,2017,650.0,AUTOMATIC,HYBRID,88000.0,USED,68.31290322580645,2025-01-16
SUZUKI,WAGON R STINGRAY,2017,660.0,AUTOMATIC,PETROL,88000.0,USED,64.0,2025-01-14
SUZUKI,WAGON R STINGRAY,2017,650.0,AUTOMATIC,HYBRID,88000.0,USED,68.31290322580645,2025-01-12
SUZUKI,WAGON R STINGRAY,2017,650.0,AUTOMATIC,HYBRID,88000.0,USED,68.31290322580645,2025-01-28
SUZUKI,WAGON R STINGRAY,2017,650.0,AUTOMATIC,PETROL,88000.0,USED,68.31290322580645,2025-01-28
SUZUKI,WAGON R STINGRAY,2017,660.0,AUTOMATIC,HYBRID,88000.0,USED,66.75,2025-01-27
SUZUKI,WAGON R STINGRAY,2017,650.0,AUTOMATIC,HYBRID,88000.0,USED,65.75,2025-01-26
SUZUKI,WAGON R STINGRAY,2017,650.0,AUTOMATIC,HYBRID,88000.0,USED,66.9,2025-01-25
SUZUKI,WAGON R STINGRAY,2017,660.0,AUTOMATIC,HYBRID,88000.0,USED,68.31290322580645,2025-01-25
SUZUKI,WAGON R STINGRAY,2017,650.0,AUTOMATIC,PETROL,88000.0,USED,68.31290322580645,2025-01-23
SUZUKI,WAGON R STINGRAY,2017,660.0,AUTOMATIC,HYBRID,88000.0,USED,65.5,2025-01-21
SUZUKI,WAGON R STINGRAY,2017,650.0,AUTOMATIC,HYBRID,88000.0,USED,68.31290322580645,2025-01-05
SUZUKI,WAGON R STINGRAY,2017,650.0,AUTOMATIC,HYBRID,88000.0,USED,68.31290322580645,2025-01-04
SUZUKI,WAGON R STINGRAY,2017,657.0,AUTOMATIC,PETROL,88000.0,USED,69.95,2025-01-03
SUZUKI,WAGON R STINGRAY,2017,660.0,AUTOMATIC,HYBRID,88000.0,USED,67.75,2025-01-01
SUZUKI,WAGON R STINGRAY,2017,657.0,AUTOMATIC,HYBRID,88000.0,USED,66.5,2024-12-30
SUZUKI,WAGON R STINGRAY,2017,657.0,AUTOMATIC,PETROL,88000.0,USED,72.75,2024-12-29
SUZUKI,WAGON R STINGRAY,2017,650.0,MANUAL,HYBRID,88000.0,USED,68.31290322580645,2024-12-28
SUZUKI,WAGON R STINGRAY,2017,660.0,AUTOMATIC,PETROL,88000.0,USED,67.0,2024-12-28
SUZUKI,WAGON R STINGRAY,2017,650.0,AUTOMATIC,HYBRID,88000.0,USED,68.5,2024-12-27
SUZUKI,WAGON R STINGRAY,2017,660.0,AUTOMATIC,PETROL,88000.0,USED,66.3,2024-12-27
SUZUKI,WAGON R STINGRAY,2017,660.0,AUTOMATIC,PETROL,88000.0,USED,71.0,2024-12-25
SUZUKI,WAGON R STINGRAY,2017,650.0,AUTOMATIC,PETROL,88000.0,USED,69.5,2024-12-24
SUZUKI,WAGON R STINGRAY,2017,660.0,AUTOMATIC,PETROL,88000.0,USED,68.75,2024-12-23
SUZUKI,WAGON R STINGRAY,2017,650.0,AUTOMATIC,PETROL,88000.0,USED,66.75,2024-12-23
SUZUKI,WAGON R STINGRAY,2017,650.0,AUTOMATIC,PETROL,88000.0,USED,68.75,2024-12-23
SUZUKI,WAGON R STINGRAY,2017,660.0,AUTOMATIC,PETROL,88000.0,USED,69.5,2024-12-22
SUZUKI,WAGON R STINGRAY,2017,658.0,AUTOMATIC,HYBRID,88000.0,USED,69.0,2024-12-20
SUZUKI,WAGON R STINGRAY,2017,650.0,AUTOMATIC,PETROL,88000.0,USED,72.5,2024-12-19
SUZUKI,WAGON R STINGRAY,2017,657.0,AUTOMATIC,PETROL,88000.0,USED,70.5,2024-12-05
SUZUKI,WAGON R STINGRAY,2017,650.0,AUTOMATIC,PETROL,88000.0,USED,70.5,2024-12-04
SUZUKI,WAGON R STINGRAY,2017,660.0,AUTOMATIC,HYBRID,87000.0,USED,69.25,2026-09-26
SUZUKI,WAGON R STINGRAY,2018,660.0,AUTOMATIC,HYBRID,77000.0,USED,71.3560974390244,2025-02-05
SUZUKI,WAGON R STINGRAY,2018,660.0,AUTOMATIC,PETROL,77000.0,USED,70.0,2025-02-05
SUZUKI,WAGON R STINGRAY,2018,650.0,AUTOMATIC,HYBRID,77000.0,USED,69.9,2025-02-05
SUZUKI,WAGON R STINGRAY,2018,660.0,AUTOMATIC,HYBRID,77000.0,USED,73.95,2025-02-05
SUZUKI,WAGON R STINGRAY,2018,650.0,AUTOMATIC,PETROL,77000.0,USED,66.75,2025-02-05
SUZUKI,WAGON R STINGRAY,2018,660.0,AUTOMATIC,PETROL,77000.0,USED,69.5,2025-02-04
SUZUKI,WAGON R STINGRAY,2018,660.0,AUTOMATIC,HYBRID,77000.0,USED,68.0,2025-02-04
SUZUKI,WAGON R STINGRAY,2018,650.0,AUTOMATIC,HYBRID,77000.0,USED,69.5,2025-02-04
SUZUKI,WAGON R STINGRAY,2018,660.0,AUTOMATIC,PETROL,77000.0,USED,72.0,2025-02-04
SUZUKI,WAGON R STINGRAY,2018,660.0,AUTOMATIC,HYBRID,77000.0,USED,71.3560974390244,2025-02-04
SUZUKI,WAGON R STINGRAY,2018,650.0,AUTOMATIC,HYBRID,77000.0,USED,72.5,2025-02-04
SUZUKI,WAGON R STINGRAY,2018,650.0,AUTOMATIC,HYBRID,77000.0,USED,71.3560974390244,2025-02-04
SUZUKI,WAGON R STINGRAY,2018,650.0,AUTOMATIC,HYBRID,77000.0,USED,68.75,2025-02-04
SUZUKI,WAGON R STINGRAY,2018,660.0,AUTOMATIC,PETROL,77000.0,USED,66.0,2025-02-04
SUZUKI,WAGON R STINGRAY,2018,660.0,AUTOMATIC,PETROL,77000.0,USED,71.3560974390244,2025-02-03
SUZUKI,WAGON R STINGRAY,2018,660.0,AUTOMATIC,HYBRID,77000.0,USED,75.9,2025-02-03
SUZUKI,WAGON R STINGRAY,2018,650.0,AUTOMATIC,PETROL,77000.0,USED,71.3560974390244,2025-02-03
SUZUKI,WAGON R STINGRAY,2018,650.0,AUTOMATIC,HYBRID,77000.0,USED,72.5,2025-02-03
SUZUKI,WAGON R STINGRAY,2018,650.0,AUTOMATIC,HYBRID,77000.0,USED,71.3560974390244,2025-02-02
SUZUKI,WAGON R STINGRAY,2018,650.0,AUTOMATIC,PETROL,77000.0,USED,69.0,2025-02-02
SUZUKI,WAGON R STINGRAY,2018,650.0,AUTOMATIC,PETROL,77000.0,USED,69.99999,2025-02-02
SUZUKI,WAGON R STINGRAY,2018,650.0,AUTOMATIC,PETROL,77000.0,USED,71.3560974390244,2025-02-02
SUZUKI,WAGON R STINGRAY,2018,660.0,AUTOMATIC,PETROL,77000.0,USED,70.5,2025-02-02
SUZUKI,WAGON R STINGRAY,2018,650.0,AUTOMATIC,PETROL,77000.0,USED,69.75,2025-02-02
SUZUKI,WAGON R STINGRAY,2018,650.0,AUTOMATIC,PETROL,77000.0,USED,68.0,2025-02-02
SUZUKI,WAGON R STINGRAY,2018,650.0,AUTOMATIC,HYBRID,77000.0,USED,69.5,2025-02-02
SUZUKI,WAGON R STINGRAY,2018,650.0,AUTOMATIC,HYBRID,77000.0,USED,68.9,2025-02-02
SUZUKI,WAGON R STINGRAY,2018,660.0,AUTOMATIC,HYBRID,77000.0,USED,72.9,2025-02-01
SUZUKI,WAGON R STINGRAY,2018,650.0,AUTOMATIC,HYBRID,77000.0,USED,71.3560974390244,2025-02-01
SUZUKI,WAGON R STINGRAY,2018,660.0,AUTOMATIC,PETROL,77000.0,USED,71.3560974390244,2025-02-01
SUZUKI,WAGON R STINGRAY,2018,650.0,AUTOMATIC,PETROL,77000.0,USED,71.3560974390244,2025-01-31
SUZUKI,WAGON R STINGRAY,2018,650.0,AUTOMATIC,HYBRID,77000.0,USED,78.0,2025-01-30
SUZUKI,WAGON R STINGRAY,2018,650.0,AUTOMATIC,PETROL,77000.0,NEW,72.0,2025-01-30
SUZUKI,WAGON R STINGRAY,2018,630.0,AUTOMATIC,PETROL,77000.0,USED,71.3560974390244,2025-01-29
SUZUKI,WAGON R STINGRAY,2018,658.0,AUTOMATIC,PETROL,77000.0,USED,70.0,2025-01-29
SUZUKI,WAGON R STINGRAY,2018,650.0,AUTOMATIC,HYBRID,77000.0,USED,69.95,2025-01-29
SUZUKI,WAGON R STINGRAY,2018,657.0,AUTOMATIC,PETROL,77000.0,USED,69.75,2025-01-18
SUZUKI,WAGON R STINGRAY,2018,680.0,AUTOMATIC,PETROL,77000.0,USED,71.3560974390244,2025-01-18
SUZUKI,WAGON R STINGRAY,2018,650.0,AUTOMATIC,PETROL,77000.0,USED,67.5,2025-01-16
SUZUKI,WAGON R STINGRAY,2018,650.0,AUTOMATIC,PETROL,77000.0,USED,71.9,2025-01-16
SUZUKI,WAGON R STINGRAY,2018,650.0,AUTOMATIC,HYBRID,77000.0,USED,74.5,2025-01-15
SUZUKI,WAGON R STINGRAY,2018,650.0,AUTOMATIC,PETROL,77000.0,USED,71.3560974390244,2025-01-15
SUZUKI,WAGON R STINGRAY,2018,657.0,AUTOMATIC,HYBRID,77000.0,USED,71.3560974390244,2025-01-15
SUZUKI,WAGON R STINGRAY,2018,660.0,AUTOMATIC,HYBRID,77000.0,USED,69.0,2025-01-15
SUZUKI,WAGON R STINGRAY,2018,650.0,AUTOMATIC,DIESEL,77000.0,USED,66.5,2025-01-14
SUZUKI,WAGON R STINGRAY,2018,660.0,AUTOMATIC,PETROL,77000.0,USED,71.3560974390244,2025-01-14
SUZUKI,WAGON R STINGRAY,2018,650.0,AUTOMATIC,PETROL,77000.0,USED,71.3560974390244,2025-01-13
SUZUKI,WAGON R STINGRAY,2018,650.0,AUTOMATIC,HYBRID,77000.0,USED,71.3560974390244,2025-01-12
SUZUKI,WAGON R STINGRAY,2018,650.0,AUTOMATIC,HYBRID,77000.0,USED,68.0,2025-01-12
SUZUKI,WAGON R STINGRAY,2018,650.0,AUTOMATIC,PETROL,77000.0,USED,71.3560974390244,2025-01-11
SUZUKI,WAGON R STINGRAY,2018,690.0,AUTOMATIC,HYBRID,77000.0,USED,72.8,2025-01-10
SUZUKI,WAGON R STINGRAY,2018,650.0,AUTOMATIC,HYBRID,77000.0,USED,71.0,2025-01-09
SUZUKI,WAGON R STINGRAY,2018,650.0,AUTOMATIC,PETROL,77000.0,USED,71.3560974390244,2025-01-09
SUZUKI,WAGON R STINGRAY,2018,650.0,AUTOMATIC,PETROL,77000.0,USED,71.3560974390244,2025-01-08
SUZUKI,WAGON R STINGRAY,2018,650.0,AUTOMATIC,HYBRID,77000.0,USED,76.0,2025-01-07
SUZUKI,WAGON R STINGRAY,2018,660.0,AUTOMATIC,HYBRID,77000.0,USED,74.8,2025-01-07
SUZUKI,WAGON R STINGRAY,2018,660.0,AUTOMATIC,HYBRID,77000.0,USED,71.5,2025-01-07
SUZUKI,WAGON R STINGRAY,2018,660.0,AUTOMATIC,HYBRID,77000.0,USED,71.3560974390244,2025-01-07
SUZUKI,WAGON R STINGRAY,2018,660.0,AUTOMATIC,HYBRID,77000.0,USED,71.3560974390244,2025-01-06
SUZUKI,WAGON R STINGRAY,2018,660.0,AUTOMATIC,HYBRID,77000.0,USED,74.75,2025-01-06
SUZUKI,WAGON R STINGRAY,2018,660.0,AUTOMATIC,PETROL,77000.0,USED,68.5,2025-01-06
SUZUKI,WAGON R STINGRAY,2018,660.0,AUTOMATIC,HYBRID,77000.0,USED,69.0,2025-01-05
SUZUKI,WAGON R STINGRAY,2018,650.0,AUTOMATIC,PETROL,77000.0,USED,71.3560974390244,2025-01-28
SUZUKI,WAGON R STINGRAY,2018,680.0,AUTOMATIC,PETROL,77000.0,USED,71.3560974390244,2025-01-28
SUZUKI,WAGON R STINGRAY,2018,650.0,AUTOMATIC,HYBRID,77000.0,USED,71.5,2025-01-26
SUZUKI,WAGON R STINGRAY,2018,600.0,AUTOMATIC,HYBRID,77000.0,USED,71.3560974390244,2025-01-26
SUZUKI,WAGON R STINGRAY,2018,660.0,AUTOMATIC,PETROL,77000.0,USED,71.3560974390244,2025-01-26
SUZUKI,WAGON R STINGRAY,2018,660.0,AUTOMATIC,PETROL,77000.0,USED,74.9,2025-01-25
SUZUKI,WAGON R STINGRAY,2018,650.0,AUTOMATIC,HYBRID,77000.0,USED,75.9,2025-01-24
SUZUKI,WAGON R STINGRAY,2018,650.0,AUTOMATIC,HYBRID,77000.0,USED,76.5,2025-01-24
SUZUKI,WAGON R STINGRAY,2018,650.0,AUTOMATIC,HYBRID,77000.0,USED,71.3560974390244,2025-01-23
SUZUKI,WAGON R STINGRAY,2018,650.0,AUTOMATIC,PETROL,77000.0,USED,71.3560974390244,2025-01-23
SUZUKI,WAGON R STINGRAY,2018,680.0,AUTOMATIC,PETROL,77000.0,USED,71.3560974390244,2025-01-23
SUZUKI,WAGON R STINGRAY,2018,650.0,AUTOMATIC,PETROL,77000.0,USED,76.5,2025-01-21
SUZUKI,WAGON R STINGRAY,2018,650.0,AUTOMATIC,HYBRID,77000.0,USED,71.3560974390244,2025-01-21
SUZUKI,WAGON R STINGRAY,2018,650.0,AUTOMATIC,HYBRID,77000.0,USED,71.3560974390244,2025-01-20
SUZUKI,WAGON R STINGRAY,2018,660.0,AUTOMATIC,PETROL,77000.0,USED,70.0,2025-01-03
SUZUKI,WAGON R STINGRAY,2018,650.0,AUTOMATIC,PETROL,77000.0,USED,75.5,2025-01-03
SUZUKI,WAGON R STINGRAY,2018,650.0,AUTOMATIC,PETROL,77000.0,USED,71.3560974390244,2025-01-02
SUZUKI,WAGON R STINGRAY,2018,650.0,AUTOMATIC,HYBRID,77000.0,USED,70.0,2024-12-31
SUZUKI,WAGON R STINGRAY,2018,650.0,AUTOMATIC,PETROL,77000.0,USED,71.3560974390244,2024-12-30
SUZUKI,WAGON R STINGRAY,2018,660.0,AUTOMATIC,HYBRID,77000.0,USED,67.9,2024-12-29
SUZUKI,WAGON R STINGRAY,2018,650.0,AUTOMATIC,HYBRID,77000.0,USED,71.3560974390244,2024-12-28
SUZUKI,WAGON R STINGRAY,2018,650.0,AUTOMATIC,HYBRID,77000.0,USED,71.0,2024-12-28
SUZUKI,WAGON R STINGRAY,2018,660.0,AUTOMATIC,HYBRID,77000.0,USED,71.5,2024-12-26
SUZUKI,WAGON R STINGRAY,2018,660.0,AUTOMATIC,PETROL,77000.0,USED,72.0,2024-12-25
SUZUKI,WAGON R STINGRAY,2018,660.0,AUTOMATIC,PETROL,77000.0,USED,71.75,2024-12-25
SUZUKI,WAGON R STINGRAY,2018,660.0,AUTOMATIC,HYBRID,77000.0,USED,73.5,2024-12-25
SUZUKI,WAGON R STINGRAY,2018,650.0,AUTOMATIC,PETROL,77000.0,USED,70.0,2024-12-25
SUZUKI,WAGON R STINGRAY,2018,660.0,AUTOMATIC,PETROL,77000.0,USED,73.5,2024-12-24
SUZUKI,WAGON R STINGRAY,2018,650.0,AUTOMATIC,HYBRID,77000.0,USED,75.0,2024-12-24
SUZUKI,WAGON R STINGRAY,2018,1300.0,AUTOMATIC,PETROL,77000.0,USED,73.75,2024-12-24
SUZUKI,WAGON R STINGRAY,2018,650.0,AUTOMATIC,HYBRID,77000.0,USED,71.3560974390244,2024-12-24
SUZUKI,WAGON R STINGRAY,2018,650.0,AUTOMATIC,PETROL,77000.0,USED,73.75,2024-12-23
SUZUKI,WAGON R STINGRAY,2018,650.0,AUTOMATIC,PETROL,77000.0,USED,69.5,2024-12-23
SUZUKI,WAGON R STINGRAY,2018,660.0,AUTOMATIC,PETROL,77000.0,USED,71.3560974390244,2024-12-23
SUZUKI,WAGON R STINGRAY,2018,650.0,AUTOMATIC,HYBRID,77000.0,USED,71.3560974390244,2024-12-22
SUZUKI,WAGON R STINGRAY,2018,650.0,AUTOMATIC,HYBRID,77000.0,USED,67.0,2024-12-22
SUZUKI,WAGON R STINGRAY,2018,650.0,AUTOMATIC,PETROL,77000.0,USED,71.5,2024-12-21
SUZUKI,WAGON R STINGRAY,2018,600.0,AUTOMATIC,PETROL,77000.0,USED,70.5,2024-12-21
SUZUKI,WAGON R STINGRAY,2018,650.0,AUTOMATIC,HYBRID,77000.0,USED,67.0,2024-12-21
SUZUKI,WAGON R STINGRAY,2018,650.0,AUTOMATIC,PETROL,77000.0,USED,72.0,2024-12-20
SUZUKI,WAGON R STINGRAY,2018,660.0,AUTOMATIC,HYBRID,77000.0,USED,71.3560974390244,2024-12-20
SUZUKI,WAGON R STINGRAY,2018,660.0,AUTOMATIC,HYBRID,77000.0,USED,69.0,2024-12-19
SUZUKI,WAGON R STINGRAY,2018,650.0,AUTOMATIC,HYBRID,77000.0,USED,71.0,2024-12-18
SUZUKI,WAGON R STINGRAY,2018,657.0,AUTOMATIC,PETROL,77000.0,USED,71.3560974390244,2024-12-18
SUZUKI,WAGON R STINGRAY,2018,650.0,AUTOMATIC,HYBRID,77000.0,USED,73.75,2024-12-18
SUZUKI,WAGON R STINGRAY,2018,650.0,AUTOMATIC,HYBRID,77000.0,USED,69.0,2024-12-18
SUZUKI,WAGON R STINGRAY,2018,650.0,AUTOMATIC,HYBRID,77000.0,USED,71.3560974390244,2024-12-18
SUZUKI,WAGON R STINGRAY,2018,660.0,AUTOMATIC,HYBRID,77000.0,USED,71.75,2024-12-17
SUZUKI,WAGON R STINGRAY,2018,660.0,AUTOMATIC,HYBRID,77000.0,USED,71.5,2024-12-16
SUZUKI,WAGON R STINGRAY,2018,650.0,AUTOMATIC,HYBRID,77000.0,USED,71.3560974390244,2024-12-16
SUZUKI,WAGON R STINGRAY,2018,660.0,AUTOMATIC,HYBRID,77000.0,USED,73.85,2024-12-15
SUZUKI,WAGON R STINGRAY,2018,660.0,AUTOMATIC,HYBRID,77000.0,USED,70.5,2024-12-14
SUZUKI,WAGON R STINGRAY,2018,650.0,AUTOMATIC,PETROL,77000.0,USED,71.3560974390244,2024-12-13
SUZUKI,WAGON R STINGRAY,2018,660.0,AUTOMATIC,HYBRID,77000.0,USED,71.3560974390244,2024-12-13
SUZUKI,WAGON R STINGRAY,2018,650.0,AUTOMATIC,HYBRID,77000.0,USED,69.0,2024-12-13
SUZUKI,WAGON R STINGRAY,2018,650.0,AUTOMATIC,HYBRID,77000.0,USED,74.0,2024-12-12
SUZUKI,WAGON R STINGRAY,2018,650.0,AUTOMATIC,HYBRID,77000.0,USED,71.5,2024-12-12
SUZUKI,WAGON R STINGRAY,2018,750.0,AUTOMATIC,PETROL,77000.0,USED,75.0,2024-12-11
SUZUKI,WAGON R STINGRAY,2018,650.0,AUTOMATIC,HYBRID,77000.0,USED,71.3560974390244,2024-12-11
SUZUKI,WAGON R STINGRAY,2018,650.0,AUTOMATIC,HYBRID,77000.0,USED,71.5,2024-12-09
SUZUKI,WAGON R STINGRAY,2018,660.0,AUTOMATIC,HYBRID,77000.0,USED,72.5,2024-12-08
SUZUKI,WAGON R STINGRAY,2018,660.0,AUTOMATIC,PETROL,77000.0,USED,73.9,2024-12-08
SUZUKI,WAGON R STINGRAY,2018,650.0,AUTOMATIC,HYBRID,77000.0,USED,72.75,2024-12-05
SUZUKI,WAGON R STINGRAY,2018,660.0,AUTOMATIC,PETROL,77000.0,USED,71.3560974390244,2024-12-05
SUZUKI,WAGON R STINGRAY,2018,660.0,AUTOMATIC,HYBRID,85500.0,USED,72.5,2026-09-24
SUZUKI,WAGON R STINGRAY,2018,650.0,AUTOMATIC,HYBRID,85000.0,USED,75.0,2026-09-23
SUZUKI,WAGON R STINGRAY,2018,650.0,AUTOMATIC,PETROL,177000.0,USED,71.0,2026-09-23
SUZUKI,WAGON R STINGRAY,2018,650.0,AUTOMATIC,HYBRID,69000.0,USED,72.9,2026-09-26
SUZUKI,WAGON R STINGRAY,2018,660.0,AUTOMATIC,HYBRID,170000.0,USED,69.8,2026-09-26
SUZUKI,WAGON R STINGRAY,2018,650.0,AUTOMATIC,PETROL,27000.0,USED,76.5,2026-09-25
SUZUKI,WAGON R STINGRAY,2019,650.0,AUTOMATIC,HYBRID,66000.0,USED,68.0,2025-02-03
SUZUKI,WAGON R STINGRAY,2019,660.0,AUTOMATIC,HYBRID,66000.0,USED,78.5,2025-02-03
SUZUKI,WAGON R STINGRAY,2019,660.0,AUTOMATIC,HYBRID,66000.0,USED,69.0,2025-01-12
SUZUKI,WAGON R STINGRAY,2019,657.0,AUTOMATIC,HYBRID,66000.0,USED,71.0,2024-12-23
SUZUKI,WAGON R STINGRAY,2020,650.0,AUTOMATIC,PETROL,55000.0,USED,58.95,2025-02-02
SUZUKI,WAGON R STINGRAY,2025,650.0,AUTOMATIC,PETROL,0.0,NEW,99.0,2026-09-25
SUZUKI,WAGON R STINGRAY,2025,660.0,AUTOMATIC,PETROL,12500.0,USED,87.5,2026-09-24
SUZUKI,WAGON R STINGRAY J STYLE,2006,600.0,AUTOMATIC,HYBRID,209000.0,USED,58.395833333333336,2024-12-08
SUZUKI,WAGON R STINGRAY J STYLE,2014,660.0,AUTOMATIC,PETROL,121000.0,USED,56.69444444444444,2025-02-04
SUZUKI,WAGON R STINGRAY J STYLE,2014,660.0,AUTOMATIC,PETROL,121000.0,USED,55.67361111111111,2025-02-04
SUZUKI,WAGON R STINGRAY J STYLE,2014,660.0,AUTOMATIC,HYBRID,121000.0,USED,56.69444444444444,2025-01-31
SUZUKI,WAGON R STINGRAY J STYLE,2014,650.0,AUTOMATIC,HYBRID,121000.0,USED,56.69444444444444,2025-01-31
SUZUKI,WAGON R STINGRAY J STYLE,2014,650.0,AUTOMATIC,PETROL,121000.0,USED,56.0,2025-01-07
SUZUKI,WAGON R STINGRAY J STYLE,2014,680.0,AUTOMATIC,PETROL,121000.0,USED,56.69444444444444,2025-01-23
SUZUKI,WAGON R STINGRAY J STYLE,2014,660.0,AUTOMATIC,HYBRID,121000.0,USED,56.69444444444444,2024-12-28
SUZUKI,WAGON R STINGRAY J STYLE,2014,650.0,AUTOMATIC,PETROL,121000.0,USED,57.9,2024-12-26
SUZUKI,WAGON R STINGRAY J STYLE,2014,660.0,AUTOMATIC,HYBRID,121000.0,USED,57.75,2024-12-22
SUZUKI,WAGON R STINGRAY J STYLE,2014,650.0,AUTOMATIC,HYBRID,121000.0,USED,56.5,2024-12-19
SUZUKI,WAGON R STINGRAY J STYLE,2014,650.0,AUTOMATIC,HYBRID,121000.0,USED,56.5,2024-12-18
SUZUKI,WAGON R STINGRAY J STYLE,2014,650.0,AUTOMATIC,PETROL,121000.0,USED,57.0,2024-12-15
SUZUKI,WAGON R STINGRAY J STYLE,2014,660.0,AUTOMATIC,HYBRID,121000.0,USED,57.9,2024-12-15
SUZUKI,WAGON R STINGRAY J STYLE,2014,650.0,AUTOMATIC,PETROL,121000.0,USED,55.7,2024-12-04
SUZUKI,WAGON R STINGRAY J STYLE,2015,650.0,AUTOMATIC,PETROL,110000.0,USED,57.24545454545454,2025-02-05
SUZUKI,WAGON R STINGRAY J STYLE,2015,660.0,AUTOMATIC,PETROL,110000.0,USED,56.95,2025-02-05
SUZUKI,WAGON R STINGRAY J STYLE,2015,650.0,AUTOMATIC,HYBRID,110000.0,USED,57.24545454545454,2025-02-04
SUZUKI,WAGON R STINGRAY J STYLE,2015,680.0,AUTOMATIC,PETROL,110000.0,USED,57.24545454545454,2025-02-03
SUZUKI,WAGON R STINGRAY J STYLE,2015,640.0,AUTOMATIC,PETROL,110000.0,USED,57.0,2025-01-31
SUZUKI,WAGON R STINGRAY J STYLE,2015,660.0,AUTOMATIC,HYBRID,110000.0,USED,57.24545454545454,2025-01-18
SUZUKI,WAGON R STINGRAY J STYLE,2015,660.0,AUTOMATIC,HYBRID,110000.0,USED,57.24545454545454,2025-01-14
SUZUKI,WAGON R STINGRAY J STYLE,2015,680.0,AUTOMATIC,PETROL,110000.0,USED,57.24545454545454,2025-01-14
SUZUKI,WAGON R STINGRAY J STYLE,2015,660.0,AUTOMATIC,HYBRID,110000.0,USED,58.0,2025-01-13
SUZUKI,WAGON R STINGRAY J STYLE,2015,650.0,AUTOMATIC,HYBRID,110000.0,USED,57.5,2025-01-12
SUZUKI,WAGON R STINGRAY J STYLE,2015,800.0,AUTOMATIC,HYBRID,110000.0,USED,57.24545454545454,2025-01-11
SUZUKI,WAGON R STINGRAY J STYLE,2015,660.0,AUTOMATIC,HYBRID,110000.0,USED,55.9,2025-01-06
SUZUKI,WAGON R STINGRAY J STYLE,2015,600.0,AUTOMATIC,HYBRID,110000.0,USED,55.67361111111111,2025-01-25
SUZUKI,WAGON R STINGRAY J STYLE,2015,660.0,AUTOMATIC,PETROL,110000.0,USED,57.24545454545454,2025-01-19
SUZUKI,WAGON R STINGRAY J STYLE,2015,660.0,AUTOMATIC,PETROL,110000.0,USED,57.25,2024-12-29
SUZUKI,WAGON R STINGRAY J STYLE,2015,650.0,AUTOMATIC,PETROL,110000.0,USED,56.0,2024-12-23
SUZUKI,WAGON R STINGRAY J STYLE,2015,660.0,AUTOMATIC,HYBRID,110000.0,USED,58.395833333333336,2024-12-17
SUZUKI,WAGON R STINGRAY J STYLE,2015,650.0,AUTOMATIC,PETROL,110000.0,USED,58.395833333333336,2024-12-07
SUZUKI,WAGON R STINGRAY J STYLE,2015,660.0,AUTOMATIC,HYBRID,110000.0,USED,58.25,2024-12-04
SUZUKI,WAGON R STINGRAY J STYLE,2016,650.0,AUTOMATIC,HYBRID,99000.0,USED,57.0,2025-01-31
SUZUKI,WAGON R STINGRAY SAFETY,2014,650.0,AUTOMATIC,HYBRID,121000.0,USED,56.5,2024-12-29
SUZUKI,WAGON R STINGRAY SAFETY,2015,1500.0,AUTOMATIC,HYBRID,110000.0,USED,56.5,2025-01-31
SUZUKI,WAGON R STINGRAY SAFETY,2017,650.0,AUTOMATIC,HYBRID,88000.0,USED,65.95,2025-01-15
SUZUKI,WAGON R STINGRAY SAFETY,2019,660.0,AUTOMATIC,HYBRID,66000.0,USED,73.9,2025-01-30
SUZUKI,WAGON R STINGRAY TURBO,2017,660.0,AUTOMATIC,HYBRID,88000.0,USED,69.2,2025-02-04
SUZUKI,WAGON R STINGRAY TURBO,2017,660.0,AUTOMATIC,PETROL,88000.0,USED,69.2,2025-02-04
SUZUKI,WAGON R STINGRAY TURBO,2017,660.0,AUTOMATIC,PETROL,88000.0,USED,69.2,2025-02-03
SUZUKI,WAGON R STINGRAY TURBO,2017,660.0,AUTOMATIC,PETROL,88000.0,USED,69.2,2025-02-02
SUZUKI,WAGON R STINGRAY TURBO,2017,660.0,AUTOMATIC,HYBRID,88000.0,USED,69.2,2025-02-01
SUZUKI,WAGON R STINGRAY TURBO,2017,650.0,AUTOMATIC,HYBRID,88000.0,USED,69.2,2025-01-16
SUZUKI,WAGON R STINGRAY TURBO,2017,660.0,AUTOMATIC,PETROL,88000.0,USED,69.2,2024-12-22
SUZUKI,WAGON R TURBO,2017,650.0,AUTOMATIC,PETROL,88000.0,USED,72.95,2024-12-21
SUZUKI,WAGON R VXI,2008,1061.0,MANUAL,PETROL,187000.0,USED,29.5,2025-02-02
SUZUKI,WAGON R VXI,2008,1000.0,MANUAL,PETROL,187000.0,USED,34.5,2025-02-01
SUZUKI,WAGON R VXI,2011,1000.0,MANUAL,PETROL,154000.0,USED,34.75,2025-02-01
SUZUKI,WAGON R ZX,2023,660.0,AUTOMATIC,HYBRID,1900.0,USED,88.5,2026-09-26
SUZUKI,WAGON R ZX,2025,650.0,AUTOMATIC,HYBRID,1200.0,NEW,97.0,2026-09-26
SUZUKI,WAGON R ZX,2025,660.0,AUTOMATIC,HYBRID,10.0,NEW,91.9,2026-09-25
SUZUKI,WAGON R ZX,2025,660.0,AUTOMATIC,PETROL,1800.0,USED,81.5,2026-09-27
SUZUKI,WAGON R ZX,2025,660.0,AUTOMATIC,HYBRID,2856.0,USED,91.9,2026-09-26
SUZUKI,WAGON R ZX,2025,650.0,AUTOMATIC,HYBRID,2200.0,USED,90.0,2026-09-26
SUZUKI,WAGON R ZX,2026,650.0,AUTOMATIC,HYBRID,0.0,NEW,89.4,2026-09-26
SUZUKI,WAGON R ZX,2026,660.0,AUTOMATIC,HYBRID,0.0,NEW,91.75,2026-09-26
SUZUKI,WAGON R ZX,2026,660.0,AUTOMATIC,HYBRID,3.0,NEW,91.0,2026-09-25
SUZUKI,WAGON R ZX,2026,650.0,AUTOMATIC,HYBRID,0.0,NEW,92.0,2026-09-25
SUZUKI,WAGON R ZX,2026,660.0,AUTOMATIC,HYBRID,10.0,NEW,90.9,2026-09-25
SUZUKI,WAGON R ZX,2026,658.0,AUTOMATIC,HYBRID,0.0,NEW,91.8,2026-09-25
SUZUKI,WAGON R ZX,2026,660.0,AUTOMATIC,HYBRID,4.0,USED,93.9,2026-09-26
SUZUKI,WAGON R ZX,2026,650.0,AUTOMATIC,HYBRID,10.0,NEW,94.0,2026-09-24
SUZUKI,WAGON R ZX,2026,650.0,AUTOMATIC,HYBRID,0.0,NEW,91.75,2026-09-25
SUZUKI,WAGON R ZX,2026,650.0,AUTOMATIC,HYBRID,0.0,NEW,91.25,2026-09-23
SUZUKI,WAGON R ZX,2026,650.0,AUTOMATIC,HYBRID,10.0,NEW,917.5,2026-09-23
SUZUKI,WAGON R ZX,2026,660.0,AUTOMATIC,HYBRID,0.0,NEW,93.0,2026-09-23
SUZUKI,WAGON R ZX,2026,650.0,AUTOMATIC,HYBRID,10.0,NEW,94.0,2026-09-23
SUZUKI,WAGON R ZX,2026,660.0,AUTOMATIC,HYBRID,25.0,NEW,91.5,2026-09-26
SUZUKI,WAGON R ZX,2026,660.0,AUTOMATIC,HYBRID,0.0,NEW,92.25,2026-09-26
SUZUKI,WAGON R ZX,2026,660.0,AUTOMATIC,HYBRID,20.0,USED,92.0,2026-09-26
SUZUKI,WAGON R ZX,2026,650.0,AUTOMATIC,HYBRID,0.0,NEW,91.75,2026-09-26
SUZUKI,WAGON R ZX,2026,650.0,AUTOMATIC,HYBRID,0.0,NEW,91.5,2026-09-26
SUZUKI,WAGON R ZX,2026,660.0,AUTOMATIC,HYBRID,0.0,NEW,92.5,2026-09-26
SUZUKI,WAGON R ZX,2026,660.0,AUTOMATIC,HYBRID,0.0,NEW,89.5,2026-09-26
SUZUKI,WAGON R ZX,2026,660.0,AUTOMATIC,HYBRID,0.0,NEW,89.75,2026-09-26
SUZUKI,WAGON R ZX,2026,650.0,AUTOMATIC,HYBRID,4000.0,USED,88.4,2026-09-26
SUZUKI,WAGON R ZX,2026,650.0,AUTOMATIC,HYBRID,7.0,NEW,94.0,2026-09-25
SUZUKI,WAGON R ZX,2026,660.0,AUTOMATIC,HYBRID,0.0,NEW,91.95,2026-09-25
SUZUKI,WAGON R ZX MH95S,2023,660.0,AUTOMATIC,HYBRID,22000.0,NEW,75.8,2025-02-05
SUZUKI,WORKS,1998,700.0,MANUAL,PETROL,297000.0,USED,38.0,2024-12-08
SUZUKI,WORKS,2002,650.0,AUTOMATIC,PETROL,253000.0,USED,36.65,2024-12-07
SUZUKI,X 44,2008,1100.0,MANUAL,PETROL,187000.0,USED,36.75,2025-01-18
SUZUKI,XBEE,2018,990.0,AUTOMATIC,PETROL,133794.0,USED,78.5,2026-09-23
SUZUKI,XBEE,2025,990.0,AUTOMATIC,HYBRID,11800.0,USED,87.0,2026-09-25
SUZUKI,ZEN,2000,1000.0,MANUAL,PETROL,275000.0,USED,19.19375,2025-01-04
SUZUKI,ZEN,2002,993.0,MANUAL,PETROL,100000.0,USED,17.2,2026-09-26
SUZUKI,ZEN,2003,1000.0,AUTOMATIC,PETROL,242000.0,USED,24.5,2025-01-24
SUZUKI,ZEN,2004,1000.0,MANUAL,PETROL,231000.0,USED,22.0,2025-01-21
SUZUKI,ZEN,2005,1000.0,MANUAL,PETROL,220000.0,USED,23.216666666666665,2025-01-21
SUZUKI,ZEN,2005,1000.0,MANUAL,PETROL,220000.0,USED,23.75,2025-01-20
SUZUKI,ZEN,2005,1000.0,MANUAL,PETROL,220000.0,USED,19.9,2024-12-19
SUZUKI,ZEN,2005,998.0,MANUAL,PETROL,220000.0,USED,25.843749999999993,2024-12-08
SUZUKI,ZEN,2006,993.0,MANUAL,PETROL,209000.0,USED,21.5,2025-02-05
SUZUKI,ZEN,2006,1000.0,MANUAL,PETROL,209000.0,USED,21.75,2025-01-31
SUZUKI,ZEN,2006,1000.0,MANUAL,PETROL,209000.0,USED,22.0,2025-01-04
SUZUKI,ZEN,2006,1000.0,MANUAL,PETROL,209000.0,USED,21.75,2024-12-23
SUZUKI,ZEN,2006,990.0,MANUAL,PETROL,209000.0,USED,21.75,2024-12-21
SUZUKI,ZEN ESTILO,2008,1000.0,MANUAL,PETROL,187000.0,USED,29.25,2024-12-20
SUZUKI,ZEN ESTILO,2009,1000.0,MANUAL,PETROL,176000.0,USED,27.5,2025-02-04
SUZUKI,ZEN ESTILO,2010,1000.0,MANUAL,PETROL,165000.0,USED,32.5,2025-02-04
SUZUKI,ZEN ESTILO,2010,998.0,MANUAL,PETROL,165000.0,USED,35.25,2025-02-02
SUZUKI,ZEN ESTILO,2010,1000.0,MANUAL,PETROL,165000.0,USED,33.9,2025-01-09
SUZUKI,ZEN ESTILO,2010,1000.0,MANUAL,PETROL,165000.0,USED,35.0,2025-01-28
SUZUKI,ZEN ESTILO,2010,998.0,MANUAL,PETROL,165000.0,USED,31.5,2024-12-27
SUZUKI,ZEN ESTILO,2010,1000.0,MANUAL,PETROL,165000.0,USED,33.0,2024-12-06
SUZUKI,ZEN ESTILO,2011,1000.0,MANUAL,PETROL,154000.0,USED,33.5,2025-01-14
SUZUKI,ZEN ESTILO,2011,1000.0,MANUAL,PETROL,154000.0,USED,35.0,2025-01-11
SUZUKI,ZEN ESTILO,2011,1000.0,MANUAL,PETROL,154000.0,USED,36.5,2024-12-26
TATA,EV2 XETA,2015,1200.0,MANUAL,PETROL,110000.0,USED,21.85,2024-12-14
TATA,INDICA,2003,1400.0,MANUAL,PETROL,242000.0,USED,13.6,2025-01-31
TATA,INDICA,2003,1400.0,MANUAL,PETROL,242000.0,USED,13.5,2025-01-29
TATA,INDICA,2003,650.0,MANUAL,PETROL,242000.0,USED,15.0,2025-01-21
TATA,INDICA,2003,1300.0,MANUAL,PETROL,242000.0,USED,11.4,2025-01-02
TATA,INDICA,2004,1500.0,MANUAL,PETROL,231000.0,USED,7.5,2025-01-04
TATA,INDICA,2004,1000.0,MANUAL,PETROL,231000.0,USED,10.0,2024-12-30
TATA,INDICA,2004,1400.0,MANUAL,PETROL,231000.0,USED,14.35,2024-12-24
TATA,INDICA,2004,1500.0,MANUAL,PETROL,260000.0,USED,23.0,2026-09-24
TATA,INDICA,2005,1400.0,MANUAL,PETROL,220000.0,USED,15.25,2025-01-26
TATA,INDICA,2005,1499.0,MANUAL,PETROL,220000.0,USED,15.5,2025-01-25
TATA,INDICA,2005,1405.0,MANUAL,PETROL,220000.0,USED,14.0,2024-12-15
TATA,INDICA,2005,1400.0,MANUAL,PETROL,220000.0,USED,14.0,2024-12-10
TATA,INDICA,2005,1390.0,MANUAL,PETROL,135000.0,USED,19.5,2026-09-23
TATA,INDICA,2006,1400.0,MANUAL,PETROL,209000.0,USED,15.0,2025-01-05
TATA,INDICA,2006,1405.0,MANUAL,PETROL,209000.0,USED,17.0,2025-01-22
TATA,INDICA,2006,1489.0,MANUAL,PETROL,120000.0,USED,17.7,2026-09-24
TATA,INDICA,2007,1200.0,MANUAL,PETROL,198000.0,USED,15.0,2025-01-17
TATA,INDICA,2007,1396.0,MANUAL,PETROL,198000.0,USED,15.0,2025-01-25
TATA,INDICA,2011,1200.0,MANUAL,PETROL,154000.0,USED,19.9,2024-12-13
TATA,INDICA,2013,1300.0,MANUAL,PETROL,132000.0,USED,21.5,2025-01-06
TATA,INDICA,2014,1193.0,MANUAL,PETROL,121000.0,USED,24.85,2025-02-05
TATA,INDICA,2014,1300.0,MANUAL,PETROL,121000.0,USED,19.75,2025-02-04
TATA,INDICA,2014,1193.0,MANUAL,PETROL,121000.0,USED,24.85,2025-01-08
TATA,INDICA,2014,1200.0,MANUAL,PETROL,121000.0,USED,22.0,2024-12-18
TATA,INDICA,2014,1200.0,MANUAL,PETROL,182000.0,USED,25.0,2026-09-26
TATA,INDICA,2015,1193.0,MANUAL,PETROL,110000.0,USED,25.1,2025-01-07
TATA,INDICA,2015,1200.0,MANUAL,PETROL,110000.0,USED,27.3,2025-01-27
TATA,INDICA,2015,1180.0,MANUAL,PETROL,110000.0,USED,24.5,2025-01-03
TATA,INDICA,2015,1200.0,MANUAL,PETROL,110000.0,USED,23.5,2025-01-03
TATA,INDICA,2015,1100.0,MANUAL,PETROL,96000.0,USED,27.5,2026-09-27
TATA,INDICA,2015,1193.0,MANUAL,PETROL,62400.0,USED,29.5,2026-09-26
TATA,INDICA,2015,1198.0,MANUAL,PETROL,104344.0,USED,29.9,2026-09-26
TATA,INDICA EV2 GLX,2014,1193.0,MANUAL,PETROL,121000.0,USED,25.45,2025-01-05
TATA,INDICA GLX,2015,1200.0,MANUAL,PETROL,110000.0,USED,28.9,2025-02-05
TATA,INDICA GLX XETA,2006,1400.0,MANUAL,PETROL,209000.0,USED,16.9,2025-01-26
TATA,INDICA GLX XETA,2014,1200.0,MANUAL,PETROL,121000.0,USED,22.5,2025-01-01
TATA,INDICA LXI V2,2005,1405.0,MANUAL,PETROL,220000.0,USED,13.0,2024-12-08
TATA,INDICA V2,2005,1400.0,MANUAL,PETROL,220000.0,USED,16.8,2024-12-14
TATA,INDICA V2,2006,1300.0,MANUAL,PETROL,209000.0,USED,14.5,2025-01-24
TATA,INDICA V2 GLX XETA,2006,1398.0,MANUAL,PETROL,209000.0,USED,16.25,2025-02-05
TATA,INDICA V2 GLX XETA,2006,1398.0,MANUAL,PETROL,209000.0,USED,16.25,2025-01-31
TATA,INDICA V2 LSI,2003,1400.0,MANUAL,PETROL,242000.0,USED,14.75,2025-02-02
TATA,INDICA XETA GLX,2009,1400.0,MANUAL,PETROL,176000.0,USED,19.0,2025-01-23
TATA,INDICA XETA GLX,2015,1400.0,MANUAL,PETROL,110000.0,USED,27.0,2025-01-22
TATA,INDICA XETA GLX EV2,2015,1193.0,MANUAL,PETROL,110000.0,USED,25.75,2024-12-20
TATA,INDICA XETA GLX V2,2007,1400.0,MANUAL,PETROL,198000.0,USED,17.75,2025-02-05
TATA,INDIGO,2006,1500.0,MANUAL,PETROL,209000.0,USED,18.5,2025-02-01
TATA,INDIGO,2006,1405.0,MANUAL,PETROL,209000.0,USED,22.0,2024-12-25
TATA,INDIGO,2006,1390.0,MANUAL,PETROL,209000.0,USED,16.5,2024-12-25
TATA,INDIGO,2006,2448.0,MANUAL,PETROL,209000.0,USED,18.5625,2024-12-14
TATA,INDIGO,2006,1400.0,MANUAL,PETROL,209000.0,USED,17.25,2024-12-09
TATA,INDIGO,2008,1500.0,MANUAL,DIESEL,187000.0,USED,16.5,2025-02-04
TATA,INDIGO,2011,1300.0,MANUAL,PETROL,154000.0,USED,8.90625,2025-01-08
TATA,INDIGO,2015,1193.0,MANUAL,PETROL,110000.0,USED,28.5,2025-01-14
TATA,INDIGO,2015,1000.0,MANUAL,PETROL,110000.0,USED,21.5,2025-01-13
TATA,INDIGO,2016,1250.0,MANUAL,PETROL,99000.0,USED,29.65625,2025-01-16
TATA,INDIGO ECS,2015,1300.0,MANUAL,PETROL,110000.0,USED,28.5,2025-01-18
TATA,INDIGO GLX,2004,1400.0,MANUAL,PETROL,231000.0,USED,17.5,2025-02-01
TATA,INDIGO GLX,2004,1400.0,MANUAL,PETROL,231000.0,USED,17.9,2025-01-04
TATA,INDIGO GLX,2015,1193.0,AUTOMATIC,PETROL,110000.0,USED,29.0,2025-02-03
TATA,INDIGO GLX,2015,1200.0,MANUAL,PETROL,110000.0,USED,26.25,2025-01-03
TATA,INDIGO MARINA,2006,1400.0,MANUAL,PETROL,209000.0,USED,16.5,2025-02-03
TATA,INDIGO MARINA GLX,2005,1300.0,MANUAL,PETROL,220000.0,USED,18.5,2024-12-07
TATA,NANO,2011,600.0,MANUAL,PETROL,154000.0,USED,10.75,2025-02-04
TATA,NANO,2011,624.0,MANUAL,PETROL,154000.0,USED,10.9,2025-02-04
TATA,NANO,2011,650.0,MANUAL,PETROL,154000.0,USED,10.9,2025-02-02
TATA,NANO,2011,625.0,MANUAL,PETROL,154000.0,USED,12.25,2025-01-31
TATA,NANO,2011,660.0,MANUAL,PETROL,154000.0,USED,12.0,2025-01-08
TATA,NANO,2011,626.0,MANUAL,PETROL,154000.0,USED,10.0,2025-01-07
TATA,NANO,2011,600.0,MANUAL,PETROL,154000.0,USED,11.75,2025-01-26
TATA,NANO,2011,624.0,MANUAL,PETROL,154000.0,USED,11.133333333333333,2025-01-25
TATA,NANO,2011,659.0,MANUAL,DIESEL,154000.0,USED,10.9,2025-01-24
TATA,NANO,2011,624.0,MANUAL,PETROL,154000.0,USED,10.75,2024-12-25
TATA,NANO,2011,600.0,MANUAL,PETROL,154000.0,USED,11.133333333333333,2024-12-18
TATA,NANO,2011,624.0,MANUAL,PETROL,350000.0,USED,14.0,2026-09-25
TATA,NANO,2011,624.0,MANUAL,PETROL,144000.0,USED,13.5,2026-09-25
TATA,NANO,2012,660.0,MANUAL,PETROL,143000.0,USED,13.0,2025-02-04
TATA,NANO,2012,624.0,MANUAL,PETROL,143000.0,USED,12.458333333333332,2025-02-04
TATA,NANO,2012,600.0,MANUAL,PETROL,143000.0,USED,12.458333333333332,2025-01-24
TATA,NANO,2012,650.0,MANUAL,PETROL,143000.0,USED,11.75,2025-01-24
TATA,NANO,2012,659.0,MANUAL,PETROL,143000.0,USED,11.5,2025-01-03
TATA,NANO,2012,650.0,MANUAL,PETROL,143000.0,USED,12.75,2025-01-02
TATA,NANO,2012,624.0,MANUAL,PETROL,143000.0,USED,12.458333333333332,2024-12-30
TATA,NANO,2012,659.0,MANUAL,PETROL,143000.0,USED,12.25,2024-12-26
TATA,NANO,2012,600.0,MANUAL,PETROL,143000.0,USED,12.458333333333332,2024-12-26
TATA,NANO,2012,650.0,MANUAL,PETROL,143000.0,USED,13.5,2024-12-20
TATA,NANO,2012,624.0,MANUAL,PETROL,113000.0,USED,12.75,2026-09-26
TATA,NANO,2014,610.0,MANUAL,PETROL,121000.0,USED,15.79,2024-12-08
TATA,NANO,2015,650.0,MANUAL,PETROL,110000.0,USED,16.75,2025-02-05
TATA,NANO,2015,600.0,MANUAL,PETROL,110000.0,USED,17.25,2025-01-31
TATA,NANO,2015,650.0,MANUAL,PETROL,110000.0,USED,17.95,2025-01-17
TATA,NANO,2015,800.0,AUTOMATIC,PETROL,110000.0,USED,18.8,2025-01-03
TATA,NANO,2015,624.0,MANUAL,PETROL,110000.0,USED,16.0,2024-12-17
TATA,NANO,2015,650.0,MANUAL,PETROL,120000.0,USED,21.9,2026-09-25
TATA,NANO,2016,659.0,MANUAL,DIESEL,99000.0,USED,16.5,2025-02-05
TATA,NANO,2016,650.0,MANUAL,PETROL,99000.0,USED,16.25,2025-02-04
TATA,NANO,2016,629.0,MANUAL,PETROL,99000.0,USED,18.5,2025-01-24
TATA,NANO,2016,650.0,MANUAL,PETROL,99000.0,USED,19.5,2025-01-23
TATA,NANO,2016,650.0,MANUAL,PETROL,99000.0,USED,17.8,2025-01-21
TATA,NANO,2016,624.0,MANUAL,PETROL,99000.0,USED,18.258333333333333,2025-01-04
TATA,NANO,2016,624.0,AUTOMATIC,PETROL,99000.0,USED,18.258333333333333,2025-01-01
TATA,NANO,2016,650.0,AUTOMATIC,PETROL,99000.0,USED,21.0,2024-12-07
TATA,NANO,2016,660.0,AUTOMATIC,PETROL,99000.0,USED,18.258333333333333,2024-12-05
TATA,NANO,2016,624.0,MANUAL,PETROL,96000.0,USED,25.0,2026-09-26
TATA,NANO,2016,699.0,AUTOMATIC,PETROL,100000.0,USED,26.5,2026-09-26
TATA,NANO,2016,626.0,MANUAL,PETROL,114456.0,USED,18.5,2026-09-25
TATA,NANO,2017,650.0,AUTOMATIC,PETROL,88000.0,USED,21.0,2025-02-03
TATA,NANO,2017,800.0,AUTOMATIC,PETROL,88000.0,USED,19.9,2025-02-01
TATA,NANO,2017,750.0,AUTOMATIC,PETROL,88000.0,USED,20.5,2025-01-12
TATA,NANO,2017,650.0,MANUAL,PETROL,88000.0,USED,20.68,2024-12-29
TATA,NANO,2017,650.0,AUTOMATIC,PETROL,88000.0,USED,20.25,2024-12-21
TATA,NANO,2017,650.0,AUTOMATIC,PETROL,88000.0,USED,20.68,2024-12-19
TATA,NANO,2017,1234.0,AUTOMATIC,PETROL,88000.0,USED,20.68,2024-12-06
TATA,NANO,2017,629.0,AUTOMATIC,PETROL,88000.0,USED,21.75,2024-12-05
TATA,NANO CX,2012,645.0,MANUAL,PETROL,143000.0,USED,12.25,2025-02-01
TATA,NANO LX,2011,624.0,MANUAL,PETROL,154000.0,USED,11.75,2025-01-03
TATA,NANO LX,2011,624.0,MANUAL,PETROL,154000.0,USED,12.75,2024-12-17
TATA,NANO LX,2011,634.0,MANUAL,PETROL,154000.0,USED,12.25,2024-12-04
TATA,NANO LX,2012,625.0,MANUAL,PETROL,143000.0,USED,12.5,2025-02-05
TATA,NANO LX,2012,645.0,MANUAL,PETROL,143000.0,USED,12.95,2025-02-01
TATA,NANO LX,2012,630.0,MANUAL,PETROL,143000.0,USED,11.5,2025-01-28
TATA,NANO TWIST,2015,624.0,MANUAL,PETROL,110000.0,USED,18.1,2025-01-19
TATA,NANO TWIST,2015,624.0,MANUAL,PETROL,110000.0,USED,18.1,2024-12-28
TATA,NANO TWIST,2016,650.0,MANUAL,PETROL,99000.0,USED,18.5,2025-02-04
TATA,NANO TWIST,2016,670.0,MANUAL,PETROL,99000.0,USED,17.95,2025-01-16
TATA,NANO TWIST,2016,624.0,MANUAL,PETROL,99000.0,USED,18.75,2025-01-21
TATA,NANO TWIST,2017,624.0,AUTOMATIC,PETROL,88000.0,USED,19.56875,2024-12-16
TATA,NEXON,2018,1200.0,AUTOMATIC,PETROL,101000.0,USED,63.0,2026-09-26
TATA,SAFARI,2003,2000.0,MANUAL,DIESEL,90000.0,USED,26.0,2026-08-13
TATA,SUMO,2006,2000.0,MANUAL,DIESEL,160000.0,USED,35.5,2026-09-24
TATA,TATA,2005,1400.0,MANUAL,PETROL,220000.0,USED,17.5,2024-12-29
TOYOTA,110,1996,1500.0,MANUAL,PETROL,319000.0,USED,26.9,2025-02-02
TOYOTA,110,1996,1490.0,AUTOMATIC,PETROL,319000.0,USED,30.9,2025-02-01
TOYOTA,110,1996,1330.0,MANUAL,PETROL,319000.0,USED,27.85,2025-01-30
TOYOTA,110,1996,1330.0,AUTOMATIC,PETROL,319000.0,USED,29.25,2025-01-10
TOYOTA,110,1996,1450.0,AUTOMATIC,PETROL,319000.0,USED,33.0,2024-12-27
TOYOTA,110,1996,1490.0,AUTOMATIC,PETROL,319000.0,USED,33.8,2024-12-17
TOYOTA,110,1997,1970.0,AUTOMATIC,DIESEL,308000.0,USED,27.9,2025-02-04
TOYOTA,110,1997,1500.0,AUTOMATIC,PETROL,308000.0,USED,32.454166666666666,2025-02-03
TOYOTA,110,1997,1500.0,AUTOMATIC,PETROL,308000.0,USED,43.25,2025-01-30
TOYOTA,110,1997,2000.0,AUTOMATIC,DIESEL,308000.0,USED,45.0,2025-01-13
TOYOTA,110,1997,1500.0,AUTOMATIC,PETROL,308000.0,USED,39.75,2025-01-11
TOYOTA,110,1997,2000.0,MANUAL,DIESEL,308000.0,USED,27.95,2025-01-07
TOYOTA,110,1997,1500.0,MANUAL,PETROL,308000.0,USED,32.454166666666666,2025-01-27
TOYOTA,110,1997,1300.0,AUTOMATIC,PETROL,308000.0,USED,37.0,2025-01-25
TOYOTA,110,1997,1500.0,AUTOMATIC,DIESEL,308000.0,USED,29.5,2024-12-27
TOYOTA,110,1997,1800.0,MANUAL,DIESEL,308000.0,USED,16.5,2024-12-26
TOYOTA,110,1997,1970.0,AUTOMATIC,DIESEL,308000.0,USED,28.9,2024-12-23
TOYOTA,110,1997,1500.0,MANUAL,PETROL,308000.0,USED,25.2,2024-12-22
TOYOTA,110,1997,1536.0,AUTOMATIC,DIESEL,308000.0,USED,32.454166666666666,2024-12-19
TOYOTA,110,1997,1300.0,AUTOMATIC,PETROL,308000.0,USED,37.0,2024-12-17
TOYOTA,110,1997,1970.0,AUTOMATIC,DIESEL,308000.0,USED,31.5,2024-12-05
TOYOTA,110,1998,1500.0,AUTOMATIC,PETROL,297000.0,USED,39.5,2025-02-02
TOYOTA,110,1998,1330.0,AUTOMATIC,PETROL,297000.0,USED,38.5,2025-01-20
TOYOTA,110,1998,1300.0,MANUAL,PETROL,297000.0,USED,32.5,2024-12-29
TOYOTA,110,1999,2000.0,AUTOMATIC,DIESEL,286000.0,USED,26.25,2025-02-04
TOYOTA,110,1999,1450.0,AUTOMATIC,DIESEL,286000.0,USED,33.0,2024-12-27
TOYOTA,110,1999,1500.0,AUTOMATIC,PETROL,286000.0,USED,41.0,2024-12-23
TOYOTA,110,2000,1999.0,AUTOMATIC,DIESEL,275000.0,USED,23.95,2025-02-04
TOYOTA,110,2000,1500.0,AUTOMATIC,PETROL,275000.0,USED,42.75,2025-01-18
TOYOTA,110,2002,1536.0,AUTOMATIC,DIESEL,253000.0,USED,33.0,2025-01-08
TOYOTA,110,2008,1500.0,AUTOMATIC,PETROL,187000.0,USED,42.75,2024-12-25
TOYOTA,110 111,1997,1300.0,AUTOMATIC,PETROL,308000.0,USED,37.0,2025-01-31
TOYOTA,110 L EMPEROR,2008,1500.0,AUTOMATIC,PETROL,187000.0,USED,43.75,2024-12-12
TOYOTA,110 L GRADE LIMITED EDITION,1999,1500.0,AUTOMATIC,PETROL,286000.0,USED,36.0,2024-12-07
TOYOTA,110 LIMITED,2000,1500.0,AUTOMATIC,PETROL,275000.0,USED,45.5,2025-01-28
TOYOTA,110 SPRINTER,1996,2000.0,AUTOMATIC,DIESEL,319000.0,USED,27.85,2024-12-18
TOYOTA,110 SPRINTER,1997,1500.0,AUTOMATIC,PETROL,308000.0,USED,36.0,2024-12-09
TOYOTA,110 SPRINTER,2000,2000.0,AUTOMATIC,DIESEL,275000.0,USED,28.0,2024-12-18
TOYOTA,110 XE SALOON,1997,1500.0,AUTOMATIC,PETROL,308000.0,USED,35.9,2025-01-12
TOYOTA,121 G,2002,1800.0,AUTOMATIC,PETROL,253000.0,USED,63.5,2025-01-26
TOYOTA,121 HATCHBACK,2002,1397.0,MANUAL,PETROL,253000.0,USED,60.0,2024-12-30
TOYOTA,121 HATCHBACK,2002,1300.0,MANUAL,PETROL,253000.0,USED,59.25,2024-12-05
TOYOTA,141 GLI,2011,1600.0,AUTOMATIC,PETROL,154000.0,USED,88.5,2025-01-29
TOYOTA,AA60,1982,2000.0,MANUAL,DIESEL,473000.0,USED,6.5,2025-01-10
TOYOTA,AA60,1984,1500.0,MANUAL,PETROL,451000.0,USED,8.75,2025-02-05
TOYOTA,AA60,1984,1870.0,MANUAL,DIESEL,451000.0,USED,5.75,2024-12-08
TOYOTA,AA60,1985,1500.0,MANUAL,PETROL,440000.0,USED,8.75,2025-01-31
TOYOTA,AA60,1986,1400.0,MANUAL,PETROL,429000.0,USED,6.75,2025-01-14
TOYOTA,AE00 SPRINTER,1992,1500.0,MANUAL,PETROL,363000.0,USED,21.5,2025-01-25
TOYOTA,AE100 EE101,1991,1300.0,MANUAL,PETROL,374000.0,USED,20.0,2025-01-24
TOYOTA,AE100 LIMITED EDITION,1997,1330.0,MANUAL,PETROL,308000.0,USED,32.0,2025-02-04
TOYOTA,AE100 SALOON,1995,1330.0,MANUAL,PETROL,330000.0,NEW,24.75,2025-01-31
TOYOTA,AE100 SE LIMITED,1995,1500.0,MANUAL,PETROL,330000.0,USED,24.9,2025-01-31
TOYOTA,AE100 SPRINTER,1991,1330.0,MANUAL,PETROL,374000.0,USED,23.0,2025-02-02
TOYOTA,AE100 SPRINTER,1992,1490.0,MANUAL,PETROL,363000.0,USED,22.5,2025-02-05
TOYOTA,AE100 SPRINTER,1992,1500.0,MANUAL,PETROL,363000.0,USED,21.0,2025-01-06
TOYOTA,AE100 SPRINTER,1995,1480.0,MANUAL,PETROL,330000.0,USED,19.8,2025-02-05
TOYOTA,AE110 SE SALOON,1997,1500.0,AUTOMATIC,PETROL,308000.0,USED,36.0,2025-01-16
TOYOTA,AE110 SE SALOON VINTAGE,1996,1500.0,AUTOMATIC,PETROL,319000.0,USED,33.75,2025-02-04
TOYOTA,AE110 SPRINTER,1997,1500.0,AUTOMATIC,PETROL,308000.0,USED,30.75,2025-01-21
TOYOTA,AE111,1999,1600.0,MANUAL,PETROL,286000.0,USED,36.25,2025-01-23
TOYOTA,AE80,1983,1300.0,MANUAL,PETROL,462000.0,USED,9.65,2025-02-05
TOYOTA,AE80,1987,1300.0,MANUAL,PETROL,418000.0,USED,11.0,2025-01-16
TOYOTA,AE80,1988,1300.0,MANUAL,PETROL,407000.0,USED,7.6,2025-02-03
TOYOTA,AE80 COROLLA GL,1983,1300.0,MANUAL,PETROL,462000.0,USED,9.6,2025-02-05
TOYOTA,AE81,1985,1500.0,MANUAL,PETROL,440000.0,USED,8.95,2025-01-27
TOYOTA,AE81,1988,1500.0,MANUAL,PETROL,407000.0,USED,9.0,2025-01-01
TOYOTA,AE81,1989,1450.0,MANUAL,PETROL,396000.0,USED,10.26875,2025-01-02
TOYOTA,AE81,1989,1500.0,MANUAL,PETROL,396000.0,USED,9.0,2024-12-11
TOYOTA,AE91,1987,1490.0,MANUAL,PETROL,418000.0,USED,17.5,2025-02-05
TOYOTA,AE91,1987,1400.0,MANUAL,PETROL,418000.0,USED,17.5,2024-12-08
TOYOTA,AE91,1992,1500.0,MANUAL,PETROL,363000.0,USED,13.75,2025-01-17
TOYOTA,AE91,1992,1500.0,MANUAL,PETROL,363000.0,USED,13.75,2025-01-20
TOYOTA,AE91 SPRINTER,1987,1500.0,MANUAL,PETROL,418000.0,USED,16.5,2025-01-05
TOYOTA,AE91 SPRINTER,1987,1500.0,MANUAL,PETROL,418000.0,USED,14.7,2025-01-03
TOYOTA,AK12,2002,1300.0,AUTOMATIC,PETROL,253000.0,USED,32.75,2025-01-12
TOYOTA,ALLION,2002,1500.0,AUTOMATIC,PETROL,253000.0,USED,65.0,2025-02-05
TOYOTA,ALLION,2002,1800.0,AUTOMATIC,PETROL,253000.0,USED,65.0,2025-01-25
TOYOTA,ALLION,2002,1490.0,AUTOMATIC,PETROL,253000.0,USED,65.0,2024-12-29
TOYOTA,ALLION,2002,1800.0,AUTOMATIC,PETROL,253000.0,USED,65.0,2024-12-22
TOYOTA,ALLION,2002,1500.0,AUTOMATIC,PETROL,253000.0,USED,65.0,2024-12-12
TOYOTA,ALLION,2002,1500.0,AUTOMATIC,PETROL,253000.0,USED,65.0,2024-12-07
TOYOTA,ALLION,2002,1490.0,AUTOMATIC,PETROL,168000.0,USED,66.9,2026-09-25
TOYOTA,ALLION,2004,1500.0,AUTOMATIC,PETROL,224209.0,USED,69.9,2026-09-24
TOYOTA,ALLION,2005,1500.0,AUTOMATIC,PETROL,220000.0,USED,68.5,2025-01-18
TOYOTA,ALLION,2006,1490.0,AUTOMATIC,PETROL,209000.0,USED,78.0,2025-02-05
TOYOTA,ALLION,2006,1490.0,AUTOMATIC,PETROL,209000.0,NEW,78.0,2025-01-07
TOYOTA,ALLION,2006,1512.0,AUTOMATIC,PETROL,209000.0,USED,78.0,2025-01-24
TOYOTA,ALLION,2006,1500.0,AUTOMATIC,PETROL,209000.0,USED,78.0,2024-12-18
TOYOTA,ALLION,2006,1500.0,AUTOMATIC,PETROL,143000.0,USED,75.9,2026-09-26
TOYOTA,ALLION,2007,1500.0,AUTOMATIC,PETROL,198000.0,USED,93.0,2025-02-05
TOYOTA,ALLION,2007,1500.0,AUTOMATIC,PETROL,198000.0,USED,89.75,2025-02-05
TOYOTA,ALLION,2007,1500.0,AUTOMATIC,PETROL,198000.0,USED,90.0,2025-02-02
TOYOTA,ALLION,2007,1500.0,AUTOMATIC,PETROL,198000.0,USED,85.5,2025-02-01
TOYOTA,ALLION,2007,1800.0,AUTOMATIC,PETROL,198000.0,USED,87.0,2025-01-08
TOYOTA,ALLION,2007,1500.0,AUTOMATIC,PETROL,198000.0,USED,88.30909090909091,2025-01-27
TOYOTA,ALLION,2007,1500.0,AUTOMATIC,PETROL,198000.0,USED,86.0,2025-01-27
TOYOTA,ALLION,2007,1500.0,AUTOMATIC,PETROL,198000.0,USED,87.75,2025-01-25
TOYOTA,ALLION,2007,1500.0,AUTOMATIC,PETROL,198000.0,USED,92.5,2025-01-23
TOYOTA,ALLION,2007,1500.0,AUTOMATIC,PETROL,198000.0,USED,89.0,2025-01-21
TOYOTA,ALLION,2007,1490.0,AUTOMATIC,PETROL,198000.0,USED,88.30909090909091,2025-01-04
TOYOTA,ALLION,2007,1500.0,AUTOMATIC,PETROL,198000.0,USED,88.30909090909091,2024-12-27
TOYOTA,ALLION,2007,1500.0,AUTOMATIC,PETROL,198000.0,USED,85.9,2024-12-23
TOYOTA,ALLION,2007,1500.0,AUTOMATIC,PETROL,198000.0,USED,85.0,2024-12-21
TOYOTA,ALLION,2007,1500.0,AUTOMATIC,PETROL,122560.0,USED,79.5,2026-09-26
TOYOTA,ALLION,2008,1490.0,AUTOMATIC,PETROL,187000.0,USED,91.0,2025-02-05
TOYOTA,ALLION,2008,1500.0,AUTOMATIC,PETROL,187000.0,NEW,89.9,2025-01-13
TOYOTA,ALLION,2008,1500.0,AUTOMATIC,PETROL,187000.0,USED,88.36428571428571,2025-01-08
TOYOTA,ALLION,2008,1500.0,AUTOMATIC,PETROL,187000.0,USED,88.36428571428571,2025-01-27
TOYOTA,ALLION,2008,1490.0,AUTOMATIC,PETROL,187000.0,USED,88.36428571428571,2025-01-24
TOYOTA,ALLION,2008,1490.0,AUTOMATIC,PETROL,187000.0,USED,86.0,2025-01-23
TOYOTA,ALLION,2008,1500.0,AUTOMATIC,PETROL,187000.0,USED,89.9,2025-01-19
TOYOTA,ALLION,2008,1500.0,AUTOMATIC,PETROL,187000.0,USED,84.5,2024-12-29
TOYOTA,ALLION,2008,1490.0,AUTOMATIC,PETROL,187000.0,USED,89.75,2024-12-23
TOYOTA,ALLION,2008,1500.0,AUTOMATIC,PETROL,187000.0,USED,87.5,2024-12-07
TOYOTA,ALLION,2008,1500.0,AUTOMATIC,PETROL,225000.0,USED,84.0,2026-09-25
TOYOTA,ALLION,2008,1490.0,AUTOMATIC,PETROL,312000.0,USED,78.0,2026-09-26
TOYOTA,ALLION,2010,1500.0,AUTOMATIC,PETROL,165000.0,USED,105.0,2025-01-31
TOYOTA,ALLION,2010,1500.0,AUTOMATIC,PETROL,165000.0,USED,105.0,2025-01-18
TOYOTA,ALLION,2010,1500.0,AUTOMATIC,PETROL,165000.0,USED,103.5,2025-01-05
TOYOTA,ALLION,2010,1500.0,AUTOMATIC,PETROL,165000.0,USED,104.375,2025-01-25
TOYOTA,ALLION,2010,1500.0,AUTOMATIC,PETROL,165000.0,USED,102.0,2025-01-25
TOYOTA,ALLION,2010,1500.0,AUTOMATIC,PETROL,165000.0,USED,109.0,2025-01-21
TOYOTA,ALLION,2010,1500.0,AUTOMATIC,PETROL,165000.0,USED,105.0,2025-01-21
TOYOTA,ALLION,2010,1490.0,AUTOMATIC,PETROL,165000.0,USED,102.5,2024-12-29
TOYOTA,ALLION,2010,1500.0,AUTOMATIC,PETROL,165000.0,USED,104.375,2024-12-22
TOYOTA,ALLION,2010,1500.0,AUTOMATIC,PETROL,165000.0,USED,103.0,2024-12-16
TOYOTA,ALLION,2010,1500.0,AUTOMATIC,PETROL,188300.0,USED,99.0,2026-09-26
TOYOTA,ALLION,2010,1500.0,AUTOMATIC,PETROL,240000.0,USED,90.0,2026-09-24
TOYOTA,ALLION,2010,1500.0,AUTOMATIC,PETROL,230000.0,USED,92.0,2026-09-25
TOYOTA,ALLION,2011,1500.0,AUTOMATIC,PETROL,154000.0,USED,106.5,2025-01-30
TOYOTA,ALLION,2011,1500.0,AUTOMATIC,PETROL,154000.0,USED,106.0,2025-01-11
TOYOTA,ALLION,2011,1500.0,AUTOMATIC,PETROL,154000.0,USED,102.0,2025-01-05
TOYOTA,ALLION,2011,1500.0,AUTOMATIC,PETROL,154000.0,USED,113.5,2024-12-28
TOYOTA,ALLION,2011,1500.0,AUTOMATIC,PETROL,154000.0,USED,102.0,2024-12-07
TOYOTA,ALLION,2011,1500.0,AUTOMATIC,PETROL,115000.0,USED,98.9,2026-09-23
TOYOTA,ALLION,2012,1500.0,AUTOMATIC,PETROL,143000.0,USED,110.0,2024-12-20
TOYOTA,ALLION,2013,1500.0,AUTOMATIC,PETROL,132000.0,USED,120.0,2025-02-01
TOYOTA,ALLION,2013,1490.0,AUTOMATIC,PETROL,132000.0,USED,125.0,2025-01-13
TOYOTA,ALLION,2013,1500.0,AUTOMATIC,PETROL,132000.0,USED,118.0,2025-01-07
TOYOTA,ALLION,2013,1500.0,AUTOMATIC,PETROL,132000.0,USED,123.0,2025-01-26
TOYOTA,ALLION,2013,1500.0,AUTOMATIC,PETROL,132000.0,USED,123.92857142857144,2024-12-22
TOYOTA,ALLION,2013,1490.0,AUTOMATIC,PETROL,132000.0,USED,131.0,2024-12-19
TOYOTA,ALLION,2013,1500.0,AUTOMATIC,PETROL,132000.0,USED,131.5,2024-12-18
TOYOTA,ALLION,2013,1500.0,AUTOMATIC,PETROL,132000.0,USED,119.0,2024-12-08
TOYOTA,ALLION,2013,1500.0,AUTOMATIC,PETROL,160000.0,USED,96.5,2026-09-26
TOYOTA,ALLION,2013,1500.0,AUTOMATIC,PETROL,167500.0,USED,98.75,2026-09-26
TOYOTA,ALLION,2014,1500.0,AUTOMATIC,PETROL,121000.0,USED,125.9,2025-02-05
TOYOTA,ALLION,2014,1500.0,AUTOMATIC,PETROL,121000.0,USED,125.9,2024-12-26
TOYOTA,ALLION,2016,1500.0,AUTOMATIC,PETROL,99000.0,USED,138.8125,2025-02-02
TOYOTA,ALLION,2016,1500.0,AUTOMATIC,PETROL,111000.0,USED,135.0,2026-09-26
TOYOTA,ALLION,2017,1500.0,AUTOMATIC,PETROL,88000.0,USED,138.8125,2024-12-22
TOYOTA,ALLION,2018,1500.0,AUTOMATIC,PETROL,156000.0,USED,130.0,2026-09-25
TOYOTA,ALLION,2018,1500.0,AUTOMATIC,PETROL,66000.0,USED,134.5,2026-09-26
TOYOTA,ALLION,2019,1490.0,AUTOMATIC,PETROL,73736.0,USED,144.5,2026-09-26
TOYOTA,ALLION 240,2002,1500.0,AUTOMATIC,PETROL,253000.0,USED,65.53571428571428,2025-01-05
TOYOTA,ALLION 240,2002,1500.0,AUTOMATIC,PETROL,253000.0,USED,62.0,2025-01-28
TOYOTA,ALLION 240,2002,1500.0,AUTOMATIC,PETROL,253000.0,USED,65.0,2025-01-26
TOYOTA,ALLION 240,2002,1800.0,AUTOMATIC,PETROL,253000.0,USED,62.0,2025-01-22
TOYOTA,ALLION 240,2002,1500.0,AUTOMATIC,PETROL,253000.0,USED,65.5,2025-01-04
TOYOTA,ALLION 240,2002,1500.0,AUTOMATIC,PETROL,253000.0,USED,68.95,2024-12-25
TOYOTA,ALLION 240,2002,1500.0,AUTOMATIC,PETROL,253000.0,USED,69.5,2024-12-20
TOYOTA,ALLION 240,2002,1500.0,AUTOMATIC,PETROL,253000.0,USED,65.8,2024-12-14
TOYOTA,ALLION 240,2003,1500.0,AUTOMATIC,PETROL,242000.0,USED,69.0,2025-01-30
TOYOTA,ALLION 240,2003,1496.0,AUTOMATIC,PETROL,242000.0,USED,68.64,2025-01-17
TOYOTA,ALLION 240,2003,1490.0,AUTOMATIC,PETROL,242000.0,USED,70.0,2025-01-28
TOYOTA,ALLION 240,2003,1500.0,AUTOMATIC,PETROL,242000.0,USED,67.5,2025-01-28
TOYOTA,ALLION 240,2003,1500.0,AUTOMATIC,PETROL,242000.0,USED,68.64,2025-01-24
TOYOTA,ALLION 240,2003,1990.0,AUTOMATIC,PETROL,242000.0,USED,68.64,2025-01-23
TOYOTA,ALLION 240,2003,1495.0,AUTOMATIC,PETROL,242000.0,USED,68.64,2025-01-19
TOYOTA,ALLION 240,2003,1500.0,AUTOMATIC,PETROL,242000.0,USED,71.0,2025-01-04
TOYOTA,ALLION 240,2003,1500.0,AUTOMATIC,PETROL,242000.0,USED,69.9,2025-01-03
TOYOTA,ALLION 240,2003,1500.0,AUTOMATIC,PETROL,242000.0,USED,71.0,2024-12-28
TOYOTA,ALLION 240,2003,1500.0,AUTOMATIC,PETROL,242000.0,USED,67.5,2024-12-21
TOYOTA,ALLION 240,2003,1500.0,AUTOMATIC,PETROL,242000.0,USED,65.0,2024-12-10
TOYOTA,ALLION 240,2003,1500.0,AUTOMATIC,PETROL,242000.0,USED,68.0,2024-12-07
TOYOTA,ALLION 240,2004,1500.0,AUTOMATIC,PETROL,231000.0,USED,75.0,2025-02-05
TOYOTA,ALLION 240,2004,1500.0,AUTOMATIC,PETROL,231000.0,USED,70.81666666666666,2025-02-04
TOYOTA,ALLION 240,2004,1500.0,AUTOMATIC,PETROL,231000.0,USED,70.81666666666666,2025-01-12
TOYOTA,ALLION 240,2004,1490.0,AUTOMATIC,PETROL,231000.0,USED,70.81666666666666,2025-01-26
TOYOTA,ALLION 240,2004,1500.0,AUTOMATIC,PETROL,231000.0,USED,65.95,2024-12-27
TOYOTA,ALLION 240,2004,1483.0,AUTOMATIC,PETROL,231000.0,USED,70.81666666666666,2024-12-16
TOYOTA,ALLION 240,2004,1500.0,AUTOMATIC,PETROL,231000.0,USED,71.5,2024-12-09
TOYOTA,ALLION 240,2005,1490.0,AUTOMATIC,PETROL,220000.0,USED,77.25,2025-02-03
TOYOTA,ALLION 240,2005,1500.0,AUTOMATIC,PETROL,220000.0,USED,79.5,2025-01-30
TOYOTA,ALLION 240,2005,1500.0,AUTOMATIC,PETROL,220000.0,USED,77.25,2025-01-25
TOYOTA,ALLION 240,2005,1500.0,AUTOMATIC,PETROL,220000.0,USED,75.0,2025-01-23
TOYOTA,ALLION 240,2005,1500.0,AUTOMATIC,PETROL,220000.0,USED,77.25,2024-12-19
TOYOTA,ALLION 240,2006,1500.0,AUTOMATIC,PETROL,209000.0,USED,81.0,2025-02-05
TOYOTA,ALLION 240,2006,1500.0,AUTOMATIC,PETROL,209000.0,USED,78.75,2025-02-03
TOYOTA,ALLION 240,2006,1500.0,AUTOMATIC,PETROL,209000.0,USED,76.5,2025-01-08
TOYOTA,ALLION 240,2006,1500.0,AUTOMATIC,PETROL,209000.0,USED,78.75,2024-12-23
TOYOTA,ALLION 240,2007,1500.0,AUTOMATIC,PETROL,198000.0,USED,82.75,2025-01-28
TOYOTA,ALLION 240,2007,1500.0,AUTOMATIC,PETROL,198000.0,USED,81.0,2025-01-17
TOYOTA,ALLION 240,2007,1500.0,AUTOMATIC,PETROL,198000.0,USED,88.0,2025-01-10
TOYOTA,ALLION 240,2007,1500.0,AUTOMATIC,PETROL,198000.0,USED,83.91666666666666,2025-01-06
TOYOTA,ALLION 240,2007,1500.0,AUTOMATIC,PETROL,198000.0,USED,83.91666666666666,2025-01-21
TOYOTA,ALLION 240,2007,1500.0,AUTOMATIC,PETROL,198000.0,USED,83.91666666666666,2024-12-21
TOYOTA,ALLION 240,2007,1500.0,AUTOMATIC,PETROL,198000.0,USED,83.91666666666666,2024-12-20
TOYOTA,ALLION 240 ANNIVERSARY,2007,1500.0,AUTOMATIC,PETROL,198000.0,USED,85.625,2025-01-18
TOYOTA,ALLION 240 ANNIVERSARY,2007,1500.0,AUTOMATIC,PETROL,198000.0,USED,81.5,2025-01-26
TOYOTA,ALLION 240 ANNIVERSARY,2007,1500.0,AUTOMATIC,PETROL,198000.0,USED,85.625,2025-01-25
TOYOTA,ALLION 240 ANNIVERSARY,2007,1500.0,AUTOMATIC,PETROL,198000.0,USED,89.75,2025-01-23
TOYOTA,ALLION 240 G,2003,1500.0,AUTOMATIC,PETROL,242000.0,USED,66.75,2025-02-03
TOYOTA,ALLION 240 G,2003,1500.0,AUTOMATIC,PETROL,242000.0,USED,66.75,2025-01-19
TOYOTA,ALLION 240 G GRADE,2003,1500.0,AUTOMATIC,PETROL,242000.0,USED,69.95,2025-02-03
TOYOTA,ALLION 240 G GRADE,2004,1500.0,AUTOMATIC,PETROL,231000.0,USED,68.5,2024-12-18
TOYOTA,ALLION 260,2007,1800.0,AUTOMATIC,PETROL,198000.0,USED,87.5,2025-02-05
TOYOTA,ALLION 260,2007,1490.0,AUTOMATIC,PETROL,198000.0,USED,82.9,2025-02-04
TOYOTA,ALLION 260,2007,1500.0,AUTOMATIC,PETROL,198000.0,USED,86.25,2025-02-01
TOYOTA,ALLION 260,2007,1500.0,AUTOMATIC,PETROL,198000.0,USED,92.5,2025-01-31
TOYOTA,ALLION 260,2007,1500.0,AUTOMATIC,PETROL,198000.0,USED,80.0,2025-01-07
TOYOTA,ALLION 260,2007,1500.0,AUTOMATIC,PETROL,198000.0,USED,87.0,2025-01-02
TOYOTA,ALLION 260,2007,1500.0,AUTOMATIC,PETROL,198000.0,USED,85.865,2024-12-24
TOYOTA,ALLION 260,2007,1500.0,AUTOMATIC,PETROL,198000.0,USED,85.865,2024-12-18
TOYOTA,ALLION 260,2007,1490.0,AUTOMATIC,PETROL,198000.0,USED,88.0,2024-12-18
TOYOTA,ALLION 260,2007,1500.0,AUTOMATIC,PETROL,198000.0,USED,84.0,2024-12-15
TOYOTA,ALLION 260,2007,1500.0,AUTOMATIC,PETROL,198000.0,USED,85.865,2024-12-14
TOYOTA,ALLION 260,2007,1500.0,AUTOMATIC,PETROL,198000.0,USED,86.5,2024-12-11
TOYOTA,ALLION 260,2007,1500.0,AUTOMATIC,PETROL,198000.0,USED,84.0,2024-12-04
TOYOTA,ALLION 260,2008,1500.0,AUTOMATIC,PETROL,187000.0,USED,91.0,2025-02-05
TOYOTA,ALLION 260,2008,1500.0,AUTOMATIC,PETROL,187000.0,USED,87.9,2025-02-05
TOYOTA,ALLION 260,2008,1500.0,AUTOMATIC,PETROL,187000.0,USED,89.9,2025-02-03
TOYOTA,ALLION 260,2008,1500.0,AUTOMATIC,PETROL,187000.0,USED,88.5,2025-01-31
TOYOTA,ALLION 260,2008,1500.0,AUTOMATIC,PETROL,187000.0,USED,91.0,2025-01-18
TOYOTA,ALLION 260,2008,1500.0,AUTOMATIC,PETROL,187000.0,USED,86.5,2025-01-14
TOYOTA,ALLION 260,2008,1500.0,AUTOMATIC,PETROL,187000.0,USED,89.0,2025-01-28
TOYOTA,ALLION 260,2008,1500.0,AUTOMATIC,PETROL,187000.0,USED,88.0,2025-01-24
TOYOTA,ALLION 260,2008,1500.0,AUTOMATIC,PETROL,187000.0,USED,85.0,2024-12-22
TOYOTA,ALLION 260,2008,1500.0,AUTOMATIC,PETROL,187000.0,USED,88.0,2024-12-20
TOYOTA,ALLION 260,2008,1500.0,AUTOMATIC,PETROL,187000.0,USED,97.0,2024-12-19
TOYOTA,ALLION 260,2008,1500.0,AUTOMATIC,PETROL,187000.0,USED,89.4,2024-12-19
TOYOTA,ALLION 260,2008,1500.0,AUTOMATIC,PETROL,187000.0,USED,91.0,2024-12-08
TOYOTA,ALLION 260,2010,1500.0,AUTOMATIC,PETROL,165000.0,USED,103.15555555555557,2025-02-05
TOYOTA,ALLION 260,2010,1500.0,AUTOMATIC,PETROL,165000.0,USED,103.15555555555557,2025-02-03
TOYOTA,ALLION 260,2010,1500.0,AUTOMATIC,PETROL,165000.0,USED,102.5,2025-01-15
TOYOTA,ALLION 260,2010,1500.0,AUTOMATIC,PETROL,165000.0,USED,95.0,2025-01-13
TOYOTA,ALLION 260,2010,1500.0,AUTOMATIC,PETROL,165000.0,USED,105.0,2025-01-07
TOYOTA,ALLION 260,2010,1500.0,AUTOMATIC,PETROL,165000.0,USED,105.0,2025-01-27
TOYOTA,ALLION 260,2010,1500.0,AUTOMATIC,PETROL,165000.0,USED,105.5,2025-01-21
TOYOTA,ALLION 260,2010,1500.0,AUTOMATIC,PETROL,165000.0,USED,101.9,2024-12-30
TOYOTA,ALLION 260,2010,1500.0,AUTOMATIC,PETROL,165000.0,USED,103.15555555555557,2024-12-22
TOYOTA,ALLION 260,2010,1500.0,AUTOMATIC,PETROL,165000.0,USED,105.0,2024-12-22
TOYOTA,ALLION 260,2010,1500.0,AUTOMATIC,PETROL,165000.0,USED,105.0,2024-12-21
TOYOTA,ALLION 260,2010,1500.0,AUTOMATIC,PETROL,165000.0,USED,103.5,2024-12-18
TOYOTA,ALLION 260,2011,1500.0,AUTOMATIC,PETROL,154000.0,USED,97.5,2025-02-02
TOYOTA,ALLION 260,2011,1500.0,AUTOMATIC,PETROL,154000.0,USED,100.0,2025-01-31
TOYOTA,ALLION 260,2011,1500.0,AUTOMATIC,PETROL,154000.0,USED,102.5,2025-01-15
TOYOTA,ALLION 260,2011,1500.0,AUTOMATIC,PETROL,154000.0,USED,100.0,2025-01-26
TOYOTA,ALLION 260,2012,1500.0,AUTOMATIC,PETROL,143000.0,USED,104.75,2025-01-28
TOYOTA,ALLION 260,2013,1490.0,AUTOMATIC,PETROL,132000.0,USED,117.5,2025-02-03
TOYOTA,ALLION 260,2013,1500.0,AUTOMATIC,PETROL,132000.0,USED,124.5,2025-01-29
TOYOTA,ALLION 260,2013,1500.0,AUTOMATIC,PETROL,132000.0,USED,120.0,2025-01-14
TOYOTA,ALLION 260,2013,1490.0,AUTOMATIC,PETROL,132000.0,USED,125.0,2024-12-14
TOYOTA,ALLION 260,2013,1490.0,AUTOMATIC,PETROL,132000.0,USED,126.75,2024-12-10
TOYOTA,ALLION 260,2013,1500.0,AUTOMATIC,PETROL,132000.0,USED,120.0,2024-12-05
TOYOTA,ALLION 260,2013,1500.0,AUTOMATIC,PETROL,132000.0,USED,122.29166666666666,2024-12-04
TOYOTA,ALLION 260,2014,1500.0,AUTOMATIC,PETROL,121000.0,USED,130.61249999999998,2025-02-03
TOYOTA,ALLION 260,2014,1500.0,AUTOMATIC,PETROL,121000.0,USED,130.61249999999998,2024-12-22
TOYOTA,ALLION 260,2014,1490.0,AUTOMATIC,PETROL,121000.0,USED,126.0,2024-12-22
TOYOTA,ALLION 260,2019,1500.0,AUTOMATIC,PETROL,66000.0,USED,130.61249999999998,2025-01-15
TOYOTA,ALLION 260 A18,2007,1800.0,AUTOMATIC,PETROL,198000.0,USED,83.5,2024-12-23
TOYOTA,ALLION 260 G,2007,1490.0,AUTOMATIC,PETROL,198000.0,USED,86.75,2025-02-01
TOYOTA,ALLION 260 G,2007,1500.0,AUTOMATIC,PETROL,198000.0,USED,87.5,2025-01-31
TOYOTA,ALLION 260 G,2007,1500.0,AUTOMATIC,PETROL,198000.0,USED,88.5,2025-01-16
TOYOTA,ALLION 260 G,2008,1500.0,AUTOMATIC,PETROL,187000.0,USED,88.8,2024-12-04
TOYOTA,ALLION 260 G,2013,1490.0,AUTOMATIC,PETROL,132000.0,USED,120.0,2025-01-19
TOYOTA,ALLION 260 G,2013,1490.0,AUTOMATIC,PETROL,132000.0,USED,124.0,2025-01-19
TOYOTA,ALLION 260 G GRADE,2007,1500.0,AUTOMATIC,PETROL,198000.0,USED,84.5,2025-01-17
TOYOTA,ALLION 260 G GRADE,2007,1490.0,AUTOMATIC,PETROL,198000.0,USED,88.9,2025-01-22
TOYOTA,ALLION 260 G GRADE,2007,1500.0,AUTOMATIC,PETROL,198000.0,USED,84.0,2025-01-02
TOYOTA,ALLION 260 G GRADE,2008,1500.0,AUTOMATIC,PETROL,187000.0,USED,95.5,2025-02-02
TOYOTA,ALLION 260 G GRADE,2008,1500.0,AUTOMATIC,PETROL,187000.0,USED,86.5,2025-01-23
TOYOTA,ALLION 260 G GRADE,2010,1500.0,AUTOMATIC,PETROL,165000.0,USED,107.5,2025-02-05
TOYOTA,ALLION 260 G GRADE,2010,1490.0,AUTOMATIC,PETROL,165000.0,USED,107.5,2025-02-01
TOYOTA,ALLION 260 G GRADE,2010,1500.0,AUTOMATIC,PETROL,165000.0,USED,107.5,2024-12-11
TOYOTA,ALLION 260 G GRADE,2011,1500.0,AUTOMATIC,PETROL,154000.0,USED,114.5,2025-02-05
TOYOTA,ALLION 260 G LIMITED,2013,1500.0,AUTOMATIC,PETROL,132000.0,USED,123.0,2024-12-23
TOYOTA,ALLION 260 G PLUS,2013,1490.0,AUTOMATIC,PETROL,132000.0,USED,123.5,2025-02-03
TOYOTA,ALLION 260 G PLUS,2013,1500.0,AUTOMATIC,PETROL,132000.0,USED,128.75,2025-02-03
TOYOTA,ALLION 260 G PLUS,2013,1500.0,AUTOMATIC,PETROL,132000.0,USED,127.5,2025-02-03
TOYOTA,ALLION 260 G PLUS,2013,1500.0,AUTOMATIC,PETROL,132000.0,USED,126.58333333333334,2025-01-30
TOYOTA,ALLION 260 G PLUS,2016,1500.0,AUTOMATIC,PETROL,99000.0,USED,132.0,2025-01-03
TOYOTA,ALLION 260 NZT,2007,1500.0,AUTOMATIC,PETROL,198000.0,USED,93.75,2024-12-21
TOYOTA,ALLION 260G LIMITED,2013,1500.0,AUTOMATIC,PETROL,132000.0,USED,118.0,2025-01-03
TOYOTA,ALLION 260G REAR WIPER,2011,1500.0,AUTOMATIC,PETROL,154000.0,USED,110.0,2025-02-05
TOYOTA,ALLION A15,2007,1500.0,AUTOMATIC,PETROL,198000.0,USED,82.5,2025-01-04
TOYOTA,ALLION ANNIVERSARY,2007,1800.0,AUTOMATIC,PETROL,198000.0,USED,88.5,2025-01-31
TOYOTA,ALLION G,2013,1500.0,AUTOMATIC,PETROL,132000.0,USED,115.0,2025-02-03
TOYOTA,ALLION G GRADE,2007,1500.0,AUTOMATIC,PETROL,198000.0,USED,86.5,2025-01-31
TOYOTA,ALLION G GRADE,2007,1500.0,AUTOMATIC,PETROL,198000.0,USED,84.0,2025-01-05
TOYOTA,ALLION G GRADE,2013,1500.0,AUTOMATIC,PETROL,132000.0,USED,127.0,2025-01-18
TOYOTA,ALLION G GRADE,2013,1500.0,AUTOMATIC,PETROL,132000.0,USED,127.0,2025-01-25
TOYOTA,ALLION G GRADE,2014,1500.0,AUTOMATIC,PETROL,121000.0,USED,120.0,2025-01-23
TOYOTA,ALLION G GRADE,2014,1500.0,AUTOMATIC,PETROL,121000.0,USED,120.0,2025-01-22
TOYOTA,ALLION NZE240,2003,1500.0,AUTOMATIC,PETROL,242000.0,USED,67.5,2025-02-01
TOYOTA,ALLION NZT240 ANNIVERSARY,2006,1500.0,AUTOMATIC,PETROL,209000.0,USED,76.5,2024-12-04
TOYOTA,ALLION NZT260,2007,1500.0,AUTOMATIC,PETROL,198000.0,USED,92.5,2025-01-23
TOYOTA,ALLION NZT260,2012,1500.0,AUTOMATIC,PETROL,143000.0,USED,120.0,2024-12-23
TOYOTA,ALPHARD,2013,2500.0,AUTOMATIC,HYBRID,118432.0,USED,265.5,2026-09-25
TOYOTA,ALPHARD,2015,1820.0,AUTOMATIC,PETROL,110000.0,USED,95.0,2025-01-11
TOYOTA,ALPHARD,2019,2490.0,AUTOMATIC,PETROL,50400.0,USED,395.0,2026-09-24
TOYOTA,ALPHARD,2024,2480.0,AUTOMATIC,PETROL,3300.0,USED,645.0,2026-09-24
TOYOTA,ALPHARD,2024,2500.0,AUTOMATIC,HYBRID,1000.0,USED,674.5,2026-09-24
TOYOTA,AQUA,2012,1460.0,AUTOMATIC,HYBRID,143000.0,USED,70.95,2025-02-05
TOYOTA,AQUA,2012,1500.0,AUTOMATIC,HYBRID,143000.0,USED,68.5,2025-02-02
TOYOTA,AQUA,2012,1500.0,AUTOMATIC,HYBRID,143000.0,USED,69.25,2025-02-02
TOYOTA,AQUA,2012,1350.0,AUTOMATIC,HYBRID,143000.0,USED,69.5,2025-02-02
TOYOTA,AQUA,2012,1500.0,AUTOMATIC,HYBRID,143000.0,USED,70.0,2025-02-02
TOYOTA,AQUA,2012,1500.0,AUTOMATIC,HYBRID,143000.0,USED,70.95,2025-02-02
TOYOTA,AQUA,2012,1500.0,AUTOMATIC,PETROL,143000.0,USED,66.5,2025-02-01
TOYOTA,AQUA,2012,1500.0,AUTOMATIC,HYBRID,143000.0,USED,69.75,2025-02-01
TOYOTA,AQUA,2012,1500.0,AUTOMATIC,HYBRID,143000.0,USED,70.95,2025-01-31
TOYOTA,AQUA,2012,1500.0,AUTOMATIC,HYBRID,143000.0,USED,67.75,2025-01-29
TOYOTA,AQUA,2012,1500.0,AUTOMATIC,PETROL,143000.0,USED,68.0,2025-01-18
TOYOTA,AQUA,2012,1490.0,AUTOMATIC,HYBRID,143000.0,USED,68.0,2025-01-16
TOYOTA,AQUA,2012,1500.0,AUTOMATIC,PETROL,143000.0,USED,65.8,2025-01-12
TOYOTA,AQUA,2012,1500.0,AUTOMATIC,PETROL,143000.0,USED,71.0,2025-01-09
TOYOTA,AQUA,2012,1500.0,AUTOMATIC,HYBRID,143000.0,USED,73.5,2025-01-27
TOYOTA,AQUA,2012,1500.0,AUTOMATIC,HYBRID,143000.0,USED,72.5,2025-01-23
TOYOTA,AQUA,2012,1499.0,AUTOMATIC,HYBRID,143000.0,USED,72.5,2025-01-22
TOYOTA,AQUA,2012,1500.0,AUTOMATIC,PETROL,143000.0,USED,70.95,2025-01-05
TOYOTA,AQUA,2012,1500.0,AUTOMATIC,HYBRID,143000.0,USED,70.0,2025-01-04
TOYOTA,AQUA,2012,1500.0,AUTOMATIC,HYBRID,143000.0,USED,70.95,2025-01-03
TOYOTA,AQUA,2012,1500.0,AUTOMATIC,HYBRID,143000.0,USED,69.9,2025-01-03
TOYOTA,AQUA,2012,1500.0,AUTOMATIC,PETROL,143000.0,USED,70.95,2024-12-31
TOYOTA,AQUA,2012,1500.0,AUTOMATIC,HYBRID,143000.0,USED,70.95,2024-12-30
TOYOTA,AQUA,2012,1500.0,AUTOMATIC,HYBRID,143000.0,USED,75.0,2024-12-30
TOYOTA,AQUA,2012,1500.0,AUTOMATIC,PETROL,143000.0,USED,74.0,2024-12-29
TOYOTA,AQUA,2012,1500.0,AUTOMATIC,HYBRID,143000.0,USED,70.95,2024-12-27
TOYOTA,AQUA,2012,1500.0,AUTOMATIC,HYBRID,143000.0,USED,68.9,2024-12-26
TOYOTA,AQUA,2012,1490.0,AUTOMATIC,HYBRID,143000.0,USED,68.0,2024-12-24
TOYOTA,AQUA,2012,1500.0,AUTOMATIC,HYBRID,143000.0,USED,73.0,2024-12-23
TOYOTA,AQUA,2012,1500.0,AUTOMATIC,PETROL,143000.0,USED,72.5,2024-12-23
TOYOTA,AQUA,2012,1500.0,AUTOMATIC,PETROL,143000.0,USED,72.5,2024-12-22
TOYOTA,AQUA,2012,1500.0,AUTOMATIC,HYBRID,143000.0,USED,70.95,2024-12-22
TOYOTA,AQUA,2012,1500.0,AUTOMATIC,HYBRID,143000.0,USED,70.0,2024-12-21
TOYOTA,AQUA,2012,1500.0,AUTOMATIC,HYBRID,143000.0,USED,69.95,2024-12-20
TOYOTA,AQUA,2012,1500.0,AUTOMATIC,HYBRID,143000.0,USED,67.75,2024-12-19
TOYOTA,AQUA,2012,1500.0,AUTOMATIC,HYBRID,143000.0,USED,73.0,2024-12-19
TOYOTA,AQUA,2012,1500.0,AUTOMATIC,PETROL,143000.0,USED,71.9,2024-12-19
TOYOTA,AQUA,2012,1496.0,AUTOMATIC,HYBRID,143000.0,USED,68.3,2024-12-19
TOYOTA,AQUA,2012,1500.0,AUTOMATIC,HYBRID,143000.0,USED,70.95,2024-12-18
TOYOTA,AQUA,2012,1490.0,AUTOMATIC,HYBRID,143000.0,USED,75.0,2024-12-18
TOYOTA,AQUA,2012,1490.0,AUTOMATIC,HYBRID,143000.0,USED,77.0,2024-12-14
TOYOTA,AQUA,2012,1500.0,AUTOMATIC,HYBRID,143000.0,USED,77.5,2024-12-11
TOYOTA,AQUA,2012,1500.0,AUTOMATIC,PETROL,143000.0,USED,74.5,2024-12-06
TOYOTA,AQUA,2012,1500.0,AUTOMATIC,PETROL,143000.0,USED,72.0,2024-12-04
TOYOTA,AQUA,2012,1500.0,AUTOMATIC,HYBRID,143000.0,USED,70.0,2024-12-04
TOYOTA,AQUA,2012,1500.0,AUTOMATIC,HYBRID,242000.0,USED,69.75,2026-09-26
TOYOTA,AQUA,2012,1500.0,AUTOMATIC,HYBRID,185000.0,USED,74.75,2026-09-24
TOYOTA,AQUA,2012,1490.0,AUTOMATIC,PETROL,128958.0,USED,76.9,2026-09-26
TOYOTA,AQUA,2012,1500.0,AUTOMATIC,HYBRID,151900.0,USED,72.85,2026-09-26
TOYOTA,AQUA,2013,1500.0,AUTOMATIC,HYBRID,132000.0,USED,77.5,2025-02-05
TOYOTA,AQUA,2013,1500.0,AUTOMATIC,PETROL,132000.0,USED,74.75,2025-02-04
TOYOTA,AQUA,2013,1500.0,AUTOMATIC,PETROL,132000.0,USED,73.25,2025-02-04
TOYOTA,AQUA,2013,1500.0,AUTOMATIC,HYBRID,132000.0,USED,72.25,2025-02-04
TOYOTA,AQUA,2013,1500.0,AUTOMATIC,PETROL,132000.0,USED,70.0,2025-02-04
TOYOTA,AQUA,2013,1490.0,AUTOMATIC,HYBRID,132000.0,USED,75.0,2025-02-04
TOYOTA,AQUA,2013,1500.0,AUTOMATIC,HYBRID,132000.0,USED,73.75,2025-02-04
TOYOTA,AQUA,2013,1500.0,AUTOMATIC,HYBRID,132000.0,USED,72.9,2025-02-03
TOYOTA,AQUA,2013,1500.0,AUTOMATIC,HYBRID,132000.0,USED,72.0,2025-02-02
TOYOTA,AQUA,2013,1500.0,AUTOMATIC,PETROL,132000.0,USED,74.0,2025-02-01
TOYOTA,AQUA,2013,1500.0,AUTOMATIC,HYBRID,132000.0,USED,74.0725,2025-01-30
TOYOTA,AQUA,2013,1200.0,AUTOMATIC,HYBRID,132000.0,USED,78.5,2025-01-29
TOYOTA,AQUA,2013,1500.0,AUTOMATIC,HYBRID,132000.0,USED,78.5,2025-01-29
TOYOTA,AQUA,2013,1500.0,AUTOMATIC,PETROL,132000.0,USED,74.0725,2025-01-18
TOYOTA,AQUA,2013,1500.0,AUTOMATIC,HYBRID,132000.0,USED,74.0725,2025-01-15
TOYOTA,AQUA,2013,1490.0,AUTOMATIC,HYBRID,132000.0,USED,74.0,2025-01-13
TOYOTA,AQUA,2013,1500.0,AUTOMATIC,PETROL,132000.0,USED,72.9,2025-01-11
TOYOTA,AQUA,2013,1500.0,AUTOMATIC,PETROL,132000.0,USED,78.0,2025-01-11
TOYOTA,AQUA,2013,1490.0,AUTOMATIC,HYBRID,132000.0,USED,71.95,2025-01-11
TOYOTA,AQUA,2013,1500.0,AUTOMATIC,HYBRID,132000.0,USED,69.0,2025-01-10
TOYOTA,AQUA,2013,1490.0,AUTOMATIC,PETROL,132000.0,USED,74.0725,2025-01-10
TOYOTA,AQUA,2013,1490.0,AUTOMATIC,HYBRID,132000.0,USED,74.0725,2025-01-07
TOYOTA,AQUA,2013,1490.0,AUTOMATIC,PETROL,132000.0,USED,76.5,2025-01-28
TOYOTA,AQUA,2013,1490.0,AUTOMATIC,PETROL,132000.0,USED,75.0,2025-01-28
TOYOTA,AQUA,2013,1500.0,AUTOMATIC,PETROL,132000.0,USED,75.0,2025-01-27
TOYOTA,AQUA,2013,1500.0,AUTOMATIC,PETROL,132000.0,USED,74.0725,2025-01-27
TOYOTA,AQUA,2013,1500.0,AUTOMATIC,HYBRID,132000.0,USED,75.0,2025-01-26
TOYOTA,AQUA,2013,1500.0,AUTOMATIC,PETROL,132000.0,USED,72.0,2025-01-26
TOYOTA,AQUA,2013,1500.0,AUTOMATIC,HYBRID,132000.0,USED,75.5,2025-01-25
TOYOTA,AQUA,2013,1500.0,AUTOMATIC,HYBRID,132000.0,USED,74.5,2025-01-22
TOYOTA,AQUA,2013,1500.0,AUTOMATIC,PETROL,132000.0,USED,74.0725,2025-01-19
TOYOTA,AQUA,2013,1500.0,AUTOMATIC,HYBRID,132000.0,USED,74.75,2025-01-04
TOYOTA,AQUA,2013,1500.0,AUTOMATIC,HYBRID,132000.0,USED,69.75,2024-12-28
TOYOTA,AQUA,2013,1500.0,AUTOMATIC,PETROL,132000.0,USED,73.15,2024-12-27
TOYOTA,AQUA,2013,1500.0,AUTOMATIC,HYBRID,132000.0,USED,69.8,2024-12-26
TOYOTA,AQUA,2013,1500.0,AUTOMATIC,HYBRID,132000.0,USED,69.8,2024-12-25
TOYOTA,AQUA,2013,1500.0,AUTOMATIC,HYBRID,132000.0,USED,69.5,2024-12-25
TOYOTA,AQUA,2013,1500.0,AUTOMATIC,PETROL,132000.0,USED,74.0725,2024-12-24
TOYOTA,AQUA,2013,1660.0,AUTOMATIC,PETROL,132000.0,USED,74.0725,2024-12-24
TOYOTA,AQUA,2013,1500.0,AUTOMATIC,PETROL,132000.0,USED,76.5,2024-12-24
TOYOTA,AQUA,2013,1500.0,AUTOMATIC,HYBRID,132000.0,USED,74.0725,2024-12-22
TOYOTA,AQUA,2013,1500.0,AUTOMATIC,HYBRID,132000.0,USED,73.5,2024-12-21
TOYOTA,AQUA,2013,1500.0,AUTOMATIC,HYBRID,132000.0,USED,74.0725,2024-12-19
TOYOTA,AQUA,2013,1496.0,AUTOMATIC,HYBRID,132000.0,USED,76.75,2024-12-19
TOYOTA,AQUA,2013,1500.0,AUTOMATIC,HYBRID,132000.0,USED,71.65,2024-12-19
TOYOTA,AQUA,2013,1500.0,AUTOMATIC,HYBRID,132000.0,USED,74.0725,2024-12-17
TOYOTA,AQUA,2013,1500.0,AUTOMATIC,PETROL,132000.0,USED,76.75,2024-12-16
TOYOTA,AQUA,2013,1490.0,AUTOMATIC,HYBRID,132000.0,USED,77.25,2024-12-12
TOYOTA,AQUA,2013,1490.0,AUTOMATIC,PETROL,132000.0,USED,76.5,2024-12-11
TOYOTA,AQUA,2013,1500.0,AUTOMATIC,HYBRID,132000.0,USED,76.0,2024-12-06
TOYOTA,AQUA,2013,1500.0,AUTOMATIC,HYBRID,132000.0,USED,74.0725,2024-12-06
TOYOTA,AQUA,2013,1500.0,AUTOMATIC,HYBRID,132000.0,USED,74.5,2024-12-04
TOYOTA,AQUA,2013,1500.0,AUTOMATIC,HYBRID,166500.0,USED,77.0,2026-09-26
TOYOTA,AQUA,2013,1490.0,AUTOMATIC,HYBRID,152000.0,USED,77.0,2026-09-26
TOYOTA,AQUA,2013,1500.0,AUTOMATIC,HYBRID,123000.0,USED,75.95,2026-09-25
TOYOTA,AQUA,2014,1500.0,AUTOMATIC,HYBRID,121000.0,USED,82.5,2025-02-05
TOYOTA,AQUA,2014,1490.0,AUTOMATIC,HYBRID,121000.0,USED,78.5,2025-02-05
TOYOTA,AQUA,2014,1500.0,AUTOMATIC,HYBRID,121000.0,USED,82.0,2025-02-05
TOYOTA,AQUA,2014,1490.0,AUTOMATIC,PETROL,121000.0,USED,79.75,2025-02-05
TOYOTA,AQUA,2014,1500.0,AUTOMATIC,HYBRID,121000.0,USED,76.98434782608696,2025-02-04
TOYOTA,AQUA,2014,1500.0,AUTOMATIC,HYBRID,121000.0,USED,77.5,2025-02-04
TOYOTA,AQUA,2014,1500.0,MANUAL,PETROL,121000.0,USED,78.0,2025-02-01
TOYOTA,AQUA,2014,1500.0,AUTOMATIC,HYBRID,121000.0,USED,81.5,2025-02-01
TOYOTA,AQUA,2014,1500.0,AUTOMATIC,HYBRID,121000.0,USED,76.98434782608696,2025-02-01
TOYOTA,AQUA,2014,1490.0,AUTOMATIC,HYBRID,121000.0,USED,76.98434782608696,2025-02-01
TOYOTA,AQUA,2014,1500.0,AUTOMATIC,PETROL,121000.0,USED,75.64,2025-01-14
TOYOTA,AQUA,2014,1490.0,AUTOMATIC,PETROL,121000.0,USED,72.75,2025-01-08
TOYOTA,AQUA,2014,1500.0,AUTOMATIC,HYBRID,121000.0,USED,76.5,2025-01-05
TOYOTA,AQUA,2014,1490.0,AUTOMATIC,HYBRID,121000.0,USED,76.98434782608696,2025-01-27
TOYOTA,AQUA,2014,1500.0,AUTOMATIC,HYBRID,121000.0,USED,81.0,2025-01-26
TOYOTA,AQUA,2014,1500.0,AUTOMATIC,HYBRID,121000.0,USED,79.5,2025-01-24
TOYOTA,AQUA,2014,1500.0,AUTOMATIC,HYBRID,121000.0,USED,76.0,2025-01-20
TOYOTA,AQUA,2014,1500.0,AUTOMATIC,HYBRID,121000.0,USED,76.0,2025-01-19
TOYOTA,AQUA,2014,1500.0,AUTOMATIC,PETROL,121000.0,USED,73.5,2025-01-05
TOYOTA,AQUA,2014,1500.0,AUTOMATIC,HYBRID,121000.0,USED,76.98434782608696,2025-01-01
TOYOTA,AQUA,2014,1500.0,AUTOMATIC,HYBRID,121000.0,USED,73.5,2024-12-30
TOYOTA,AQUA,2014,1490.0,AUTOMATIC,PETROL,121000.0,USED,79.0,2024-12-30
TOYOTA,AQUA,2014,1490.0,AUTOMATIC,HYBRID,121000.0,USED,75.0,2024-12-29
TOYOTA,AQUA,2014,1490.0,AUTOMATIC,HYBRID,121000.0,USED,72.0,2024-12-28
TOYOTA,AQUA,2014,1500.0,AUTOMATIC,HYBRID,121000.0,USED,76.75,2024-12-27
TOYOTA,AQUA,2014,1500.0,AUTOMATIC,HYBRID,121000.0,USED,76.98434782608696,2024-12-25
TOYOTA,AQUA,2014,1500.0,AUTOMATIC,HYBRID,121000.0,USED,76.98434782608696,2024-12-23
TOYOTA,AQUA,2014,1500.0,AUTOMATIC,HYBRID,121000.0,USED,72.75,2024-12-21
TOYOTA,AQUA,2014,1500.0,AUTOMATIC,HYBRID,121000.0,USED,75.0,2024-12-21
TOYOTA,AQUA,2014,1660.0,AUTOMATIC,HYBRID,121000.0,USED,76.98434782608696,2024-12-20
TOYOTA,AQUA,2014,1490.0,AUTOMATIC,HYBRID,121000.0,USED,76.98434782608696,2024-12-08
TOYOTA,AQUA,2014,1500.0,AUTOMATIC,HYBRID,121000.0,USED,76.0,2024-12-05
TOYOTA,AQUA,2014,1660.0,AUTOMATIC,HYBRID,121000.0,USED,76.98434782608696,2024-12-04
TOYOTA,AQUA,2014,1496.0,AUTOMATIC,HYBRID,157500.0,USED,79.5,2026-09-26
TOYOTA,AQUA,2014,1500.0,AUTOMATIC,HYBRID,134000.0,USED,78.5,2026-09-24
TOYOTA,AQUA,2014,1490.0,AUTOMATIC,HYBRID,134000.0,USED,79.9,2026-09-23
TOYOTA,AQUA,2014,1496.0,AUTOMATIC,HYBRID,124387.0,USED,79.9,2026-09-26
TOYOTA,AQUA,2014,1500.0,AUTOMATIC,HYBRID,177000.0,USED,88.0,2026-09-26
TOYOTA,AQUA,2015,1500.0,AUTOMATIC,HYBRID,110000.0,USED,85.5,2025-02-04
TOYOTA,AQUA,2015,1500.0,AUTOMATIC,HYBRID,110000.0,USED,87.5,2025-02-04
TOYOTA,AQUA,2015,1500.0,AUTOMATIC,PETROL,110000.0,USED,88.1657894736842,2025-02-03
TOYOTA,AQUA,2015,1500.0,AUTOMATIC,HYBRID,110000.0,USED,88.25,2025-01-30
TOYOTA,AQUA,2015,1500.0,AUTOMATIC,HYBRID,110000.0,USED,85.0,2025-01-30
TOYOTA,AQUA,2015,1500.0,AUTOMATIC,HYBRID,110000.0,USED,85.5,2025-01-18
TOYOTA,AQUA,2015,1490.0,AUTOMATIC,PETROL,110000.0,USED,88.1657894736842,2025-01-26
TOYOTA,AQUA,2015,1500.0,AUTOMATIC,HYBRID,110000.0,USED,88.25,2025-01-26
TOYOTA,AQUA,2015,1500.0,AUTOMATIC,HYBRID,110000.0,USED,84.5,2025-01-25
TOYOTA,AQUA,2015,1500.0,AUTOMATIC,HYBRID,110000.0,USED,88.25,2025-01-24
TOYOTA,AQUA,2015,1490.0,AUTOMATIC,PETROL,110000.0,USED,88.25,2025-01-23
TOYOTA,AQUA,2015,1499.0,AUTOMATIC,PETROL,110000.0,USED,88.1657894736842,2025-01-21
TOYOTA,AQUA,2015,1500.0,AUTOMATIC,HYBRID,110000.0,USED,87.5,2025-01-04
TOYOTA,AQUA,2015,1500.0,AUTOMATIC,HYBRID,110000.0,USED,86.0,2024-12-31
TOYOTA,AQUA,2015,1500.0,AUTOMATIC,PETROL,110000.0,USED,83.75,2024-12-31
TOYOTA,AQUA,2015,1500.0,AUTOMATIC,PETROL,110000.0,USED,88.25,2024-12-29
TOYOTA,AQUA,2015,1490.0,AUTOMATIC,PETROL,110000.0,USED,84.5,2024-12-26
TOYOTA,AQUA,2015,1500.0,AUTOMATIC,PETROL,110000.0,USED,88.25,2024-12-25
TOYOTA,AQUA,2015,1500.0,AUTOMATIC,HYBRID,110000.0,USED,88.1657894736842,2024-12-22
TOYOTA,AQUA,2015,1500.0,AUTOMATIC,PETROL,110000.0,USED,88.25,2024-12-20
TOYOTA,AQUA,2015,1490.0,AUTOMATIC,PETROL,110000.0,USED,87.25,2024-12-13
TOYOTA,AQUA,2015,1500.0,AUTOMATIC,HYBRID,110000.0,USED,88.1657894736842,2024-12-13
TOYOTA,AQUA,2015,1500.0,AUTOMATIC,HYBRID,110000.0,USED,88.1657894736842,2024-12-08
TOYOTA,AQUA,2015,1500.0,AUTOMATIC,HYBRID,110000.0,USED,85.5,2024-12-07
TOYOTA,AQUA,2015,1500.0,AUTOMATIC,HYBRID,110000.0,USED,88.0,2024-12-07
TOYOTA,AQUA,2015,1500.0,AUTOMATIC,HYBRID,142000.0,USED,73.25,2026-09-26
TOYOTA,AQUA,2015,1500.0,AUTOMATIC,HYBRID,148000.0,USED,85.5,2026-09-26
TOYOTA,AQUA,2016,1500.0,AUTOMATIC,HYBRID,99000.0,USED,86.5,2025-01-08
TOYOTA,AQUA,2016,1500.0,AUTOMATIC,PETROL,99000.0,USED,71.25,2025-01-01
TOYOTA,AQUA,2016,1500.0,AUTOMATIC,HYBRID,99000.0,USED,80.0,2024-12-23
TOYOTA,AQUA,2017,1500.0,AUTOMATIC,HYBRID,88000.0,USED,88.25,2025-02-04
TOYOTA,AQUA,2017,1500.0,AUTOMATIC,PETROL,88000.0,USED,88.25,2025-02-02
TOYOTA,AQUA,2017,1490.0,AUTOMATIC,HYBRID,88000.0,USED,88.25,2025-02-02
TOYOTA,AQUA,2017,1500.0,AUTOMATIC,HYBRID,88000.0,USED,88.25,2025-01-23
TOYOTA,AQUA,2017,1660.0,AUTOMATIC,PETROL,88000.0,USED,88.25,2025-01-19
TOYOTA,AQUA,2017,1500.0,AUTOMATIC,HYBRID,88000.0,USED,88.25,2024-12-25
TOYOTA,AQUA,2018,1500.0,AUTOMATIC,HYBRID,77000.0,USED,88.25,2024-12-14
TOYOTA,AQUA,2026,1500.0,AUTOMATIC,HYBRID,0.0,NEW,154.0,2026-09-24
TOYOTA,AQUA G,2012,1500.0,AUTOMATIC,HYBRID,143000.0,USED,66.0,2025-01-27
TOYOTA,AQUA G,2012,1500.0,AUTOMATIC,HYBRID,143000.0,USED,66.0,2024-12-10
TOYOTA,AQUA G,2013,1400.0,AUTOMATIC,HYBRID,132000.0,USED,77.25,2025-02-05
TOYOTA,AQUA G,2013,1500.0,AUTOMATIC,HYBRID,132000.0,USED,78.5,2025-02-01
TOYOTA,AQUA G,2013,1500.0,AUTOMATIC,HYBRID,132000.0,USED,75.4,2025-01-17
TOYOTA,AQUA G,2013,1500.0,AUTOMATIC,PETROL,132000.0,USED,71.0,2025-01-10
TOYOTA,AQUA G,2013,1000.0,AUTOMATIC,PETROL,132000.0,USED,75.4,2025-01-25
TOYOTA,AQUA G,2013,1496.0,AUTOMATIC,HYBRID,132000.0,USED,74.85,2024-12-20
TOYOTA,AQUA G,2014,1500.0,AUTOMATIC,HYBRID,121000.0,USED,78.5,2025-01-02
TOYOTA,AQUA G,2015,1500.0,AUTOMATIC,HYBRID,110000.0,USED,87.0,2025-02-05
TOYOTA,AQUA G GRADE,2012,1500.0,AUTOMATIC,HYBRID,143000.0,USED,70.0,2025-02-05
TOYOTA,AQUA G GRADE,2012,1500.0,AUTOMATIC,HYBRID,143000.0,USED,67.9,2025-02-04
TOYOTA,AQUA G GRADE,2012,1500.0,AUTOMATIC,HYBRID,143000.0,USED,70.0,2025-02-04
TOYOTA,AQUA G GRADE,2012,1500.0,AUTOMATIC,PETROL,143000.0,USED,72.5,2025-02-04
TOYOTA,AQUA G GRADE,2012,1500.0,AUTOMATIC,HYBRID,143000.0,USED,73.5,2025-01-18
TOYOTA,AQUA G GRADE,2012,1500.0,AUTOMATIC,HYBRID,143000.0,USED,72.0,2025-01-17
TOYOTA,AQUA G GRADE,2012,1500.0,AUTOMATIC,HYBRID,143000.0,USED,70.42777777777778,2025-01-09
TOYOTA,AQUA G GRADE,2012,1500.0,AUTOMATIC,HYBRID,143000.0,USED,70.42777777777778,2025-01-27
TOYOTA,AQUA G GRADE,2012,1490.0,AUTOMATIC,HYBRID,143000.0,USED,70.42777777777778,2025-01-24
TOYOTA,AQUA G GRADE,2012,1842.0,AUTOMATIC,HYBRID,143000.0,USED,66.5,2024-12-22
TOYOTA,AQUA G GRADE,2012,1500.0,AUTOMATIC,HYBRID,143000.0,USED,71.95,2024-12-17
TOYOTA,AQUA G GRADE,2012,1490.0,AUTOMATIC,PETROL,143000.0,USED,69.5,2024-12-15
TOYOTA,AQUA G GRADE,2013,1500.0,AUTOMATIC,PETROL,132000.0,USED,74.95,2025-02-05
TOYOTA,AQUA G GRADE,2013,1500.0,AUTOMATIC,HYBRID,132000.0,USED,72.5,2025-02-05
TOYOTA,AQUA G GRADE,2013,1500.0,AUTOMATIC,HYBRID,132000.0,USED,75.61153846153846,2025-02-04
TOYOTA,AQUA G GRADE,2013,1500.0,AUTOMATIC,PETROL,132000.0,USED,75.61153846153846,2025-02-04
TOYOTA,AQUA G GRADE,2013,1400.0,AUTOMATIC,HYBRID,132000.0,USED,76.5,2025-02-03
TOYOTA,AQUA G GRADE,2013,1500.0,AUTOMATIC,PETROL,132000.0,USED,77.25,2025-02-03
TOYOTA,AQUA G GRADE,2013,1500.0,AUTOMATIC,HYBRID,132000.0,USED,77.0,2025-02-02
TOYOTA,AQUA G GRADE,2013,1500.0,AUTOMATIC,HYBRID,132000.0,USED,75.25,2025-01-30
TOYOTA,AQUA G GRADE,2013,1500.0,AUTOMATIC,HYBRID,132000.0,USED,78.5,2025-01-29
TOYOTA,AQUA G GRADE,2013,1500.0,AUTOMATIC,HYBRID,132000.0,USED,76.25,2025-01-09
TOYOTA,AQUA G GRADE,2013,1500.0,AUTOMATIC,HYBRID,132000.0,USED,75.61153846153846,2025-01-07
TOYOTA,AQUA G GRADE,2013,1500.0,AUTOMATIC,HYBRID,132000.0,USED,75.61153846153846,2025-01-05
TOYOTA,AQUA G GRADE,2013,1500.0,AUTOMATIC,HYBRID,132000.0,USED,78.5,2025-01-20
TOYOTA,AQUA G GRADE,2013,1500.0,AUTOMATIC,PETROL,132000.0,USED,72.0,2024-12-29
TOYOTA,AQUA G GRADE,2013,1500.0,AUTOMATIC,HYBRID,132000.0,USED,73.5,2024-12-28
TOYOTA,AQUA G GRADE,2013,1499.0,AUTOMATIC,PETROL,132000.0,USED,78.75,2024-12-24
TOYOTA,AQUA G GRADE,2013,1500.0,AUTOMATIC,HYBRID,132000.0,USED,75.61153846153846,2024-12-06
TOYOTA,AQUA G GRADE,2013,1490.0,AUTOMATIC,HYBRID,132000.0,USED,72.0,2024-12-05
TOYOTA,AQUA G GRADE,2014,1490.0,AUTOMATIC,HYBRID,121000.0,USED,82.0,2025-02-04
TOYOTA,AQUA G GRADE,2014,1500.0,AUTOMATIC,HYBRID,121000.0,USED,76.125,2025-02-03
TOYOTA,AQUA G GRADE,2014,1500.0,AUTOMATIC,HYBRID,121000.0,USED,76.125,2025-01-31
TOYOTA,AQUA G GRADE,2014,1500.0,AUTOMATIC,HYBRID,121000.0,USED,72.75,2025-01-29
TOYOTA,AQUA G GRADE,2014,1490.0,AUTOMATIC,HYBRID,121000.0,USED,75.0,2025-01-16
TOYOTA,AQUA G GRADE,2014,1842.0,AUTOMATIC,PETROL,121000.0,USED,76.125,2025-01-08
TOYOTA,AQUA G GRADE,2014,1500.0,AUTOMATIC,HYBRID,121000.0,USED,76.125,2025-01-07
TOYOTA,AQUA G GRADE,2014,1842.0,AUTOMATIC,HYBRID,121000.0,USED,76.125,2025-01-24
TOYOTA,AQUA G GRADE,2014,1500.0,AUTOMATIC,HYBRID,121000.0,USED,75.75,2025-01-22
TOYOTA,AQUA G GRADE,2014,1500.0,AUTOMATIC,HYBRID,121000.0,USED,71.75,2025-01-04
TOYOTA,AQUA G GRADE,2014,1500.0,AUTOMATIC,HYBRID,121000.0,USED,79.5,2024-12-27
TOYOTA,AQUA G LIMITED,2012,1500.0,AUTOMATIC,PETROL,143000.0,USED,69.0,2025-01-07
TOYOTA,AQUA G LIMITED,2012,1500.0,AUTOMATIC,PETROL,143000.0,USED,72.475,2024-12-28
TOYOTA,AQUA G LIMITED,2012,1500.0,AUTOMATIC,HYBRID,143000.0,USED,76.0,2024-12-24
TOYOTA,AQUA G LIMITED,2012,1500.0,AUTOMATIC,HYBRID,143000.0,USED,76.0,2024-12-23
TOYOTA,AQUA G LIMITED,2012,1500.0,AUTOMATIC,PETROL,143000.0,USED,68.9,2024-12-08
TOYOTA,AQUA G LIMITED,2013,1500.0,AUTOMATIC,HYBRID,132000.0,USED,79.9,2025-01-25
TOYOTA,AQUA G LIMITED,2013,1500.0,AUTOMATIC,HYBRID,132000.0,USED,73.5,2025-01-23
TOYOTA,AQUA G LIMITED,2013,1500.0,AUTOMATIC,HYBRID,132000.0,USED,76.7,2024-12-25
TOYOTA,AQUA G LIMITED,2014,1500.0,AUTOMATIC,HYBRID,121000.0,USED,73.6,2025-01-16
TOYOTA,AQUA G LIMITED,2017,1500.0,AUTOMATIC,HYBRID,88000.0,USED,82.21562500000003,2024-12-25
TOYOTA,AQUA GS,2015,1500.0,AUTOMATIC,HYBRID,110000.0,USED,89.0,2025-01-14
TOYOTA,AQUA LIMITED EDITION,2012,1490.0,AUTOMATIC,PETROL,143000.0,USED,69.85,2024-12-05
TOYOTA,AQUA LIMITED EDITION,2013,1500.0,AUTOMATIC,HYBRID,132000.0,USED,76.5,2025-01-14
TOYOTA,AQUA S,2012,1500.0,AUTOMATIC,PETROL,143000.0,USED,70.75,2025-01-04
TOYOTA,AQUA S,2013,1500.0,AUTOMATIC,HYBRID,132000.0,USED,72.5,2025-02-04
TOYOTA,AQUA S,2013,1490.0,AUTOMATIC,PETROL,132000.0,USED,75.34375,2025-02-02
TOYOTA,AQUA S,2013,1500.0,AUTOMATIC,HYBRID,132000.0,USED,72.5,2025-01-20
TOYOTA,AQUA S GRADE,2012,1500.0,AUTOMATIC,PETROL,143000.0,USED,70.04,2025-02-05
TOYOTA,AQUA S GRADE,2012,1490.0,AUTOMATIC,PETROL,143000.0,USED,69.9,2025-02-03
TOYOTA,AQUA S GRADE,2012,1490.0,AUTOMATIC,HYBRID,143000.0,USED,73.0,2025-01-31
TOYOTA,AQUA S GRADE,2012,1500.0,AUTOMATIC,HYBRID,143000.0,USED,70.9,2025-01-06
TOYOTA,AQUA S GRADE,2012,1500.0,AUTOMATIC,HYBRID,143000.0,USED,70.5,2025-01-28
TOYOTA,AQUA S GRADE,2012,1500.0,AUTOMATIC,HYBRID,143000.0,USED,65.9,2024-12-23
TOYOTA,AQUA S GRADE,2013,1495.0,AUTOMATIC,HYBRID,132000.0,USED,74.85,2025-02-04
TOYOTA,AQUA S GRADE,2013,1500.0,AUTOMATIC,PETROL,132000.0,USED,75.92,2025-02-04
TOYOTA,AQUA S GRADE,2013,1500.0,AUTOMATIC,HYBRID,132000.0,USED,75.92,2025-02-02
TOYOTA,AQUA S GRADE,2013,1500.0,AUTOMATIC,HYBRID,132000.0,USED,74.75,2025-02-02
TOYOTA,AQUA S GRADE,2013,1500.0,AUTOMATIC,HYBRID,132000.0,USED,79.75,2025-01-16
TOYOTA,AQUA S GRADE,2013,1500.0,AUTOMATIC,HYBRID,132000.0,USED,75.92,2025-01-07
TOYOTA,AQUA S GRADE,2013,1500.0,AUTOMATIC,HYBRID,132000.0,USED,70.5,2025-01-28
TOYOTA,AQUA S GRADE,2013,1500.0,AUTOMATIC,HYBRID,132000.0,USED,79.75,2025-01-22
TOYOTA,AQUA S GRADE,2014,1450.0,AUTOMATIC,PETROL,121000.0,USED,75.0,2025-02-05
TOYOTA,AQUA S GRADE,2014,1490.0,AUTOMATIC,HYBRID,121000.0,USED,78.9,2025-02-05
TOYOTA,AQUA S GRADE,2014,1490.0,AUTOMATIC,HYBRID,121000.0,USED,77.58,2025-02-04
TOYOTA,AQUA S GRADE,2014,1500.0,AUTOMATIC,HYBRID,121000.0,USED,75.0,2025-01-15
TOYOTA,AQUA S GRADE,2014,1500.0,AUTOMATIC,PETROL,121000.0,USED,81.5,2024-12-31
TOYOTA,AQUA S GRADE,2014,1500.0,AUTOMATIC,HYBRID,121000.0,USED,77.58,2024-12-21
TOYOTA,AQUA S GRADE,2014,1500.0,AUTOMATIC,HYBRID,121000.0,USED,77.58,2024-12-18
TOYOTA,AQUA S GRADE,2014,1500.0,AUTOMATIC,HYBRID,121000.0,USED,77.5,2024-12-10
TOYOTA,AQUA S GRADE,2015,1500.0,AUTOMATIC,PETROL,110000.0,USED,86.5,2025-01-30
TOYOTA,AQUA S GRADE,2015,1000.0,AUTOMATIC,HYBRID,110000.0,USED,86.5,2025-01-20
TOYOTA,AQUA S GRADE,2015,1500.0,AUTOMATIC,PETROL,110000.0,USED,86.33333333333334,2025-01-03
TOYOTA,AQUA S GRADE,2015,1500.0,AUTOMATIC,PETROL,110000.0,USED,86.33333333333334,2024-12-29
TOYOTA,AQUA S GRADE,2015,1490.0,AUTOMATIC,HYBRID,110000.0,USED,86.0,2024-12-27
TOYOTA,AQUA S GRADE,2015,1500.0,AUTOMATIC,HYBRID,110000.0,USED,86.33333333333334,2024-12-24
TOYOTA,AQUA S GRADE LIMITED,2013,1500.0,AUTOMATIC,HYBRID,132000.0,USED,70.0,2025-01-19
TOYOTA,AQUA S LIMITED,2012,1500.0,AUTOMATIC,HYBRID,143000.0,USED,73.25,2025-02-05
TOYOTA,AQUA S LIMITED,2012,1500.0,AUTOMATIC,HYBRID,143000.0,USED,67.5,2025-01-28
TOYOTA,AQUA S LIMITED,2012,1500.0,AUTOMATIC,HYBRID,143000.0,USED,71.0,2025-01-21
TOYOTA,AQUA S LIMITED,2012,1500.0,AUTOMATIC,HYBRID,143000.0,USED,72.0625,2025-01-19
TOYOTA,AQUA S LIMITED,2012,1890.0,AUTOMATIC,PETROL,143000.0,USED,72.0625,2024-12-23
TOYOTA,AQUA S LIMITED,2012,1500.0,AUTOMATIC,PETROL,143000.0,USED,76.5,2024-12-10
TOYOTA,AQUA S LIMITED,2012,1500.0,AUTOMATIC,HYBRID,143000.0,USED,72.0625,2024-12-10
TOYOTA,AQUA S LIMITED,2013,1500.0,AUTOMATIC,HYBRID,132000.0,USED,79.0,2025-01-31
TOYOTA,AQUA S LIMITED,2013,1500.0,AUTOMATIC,PETROL,132000.0,USED,76.0,2025-01-29
TOYOTA,AQUA S LIMITED,2013,1500.0,AUTOMATIC,HYBRID,132000.0,USED,73.5,2025-01-12
TOYOTA,AQUA S LIMITED,2013,1500.0,AUTOMATIC,HYBRID,132000.0,USED,72.5,2025-01-27
TOYOTA,AQUA S LIMITED,2013,1500.0,AUTOMATIC,PETROL,132000.0,USED,79.0,2024-12-27
TOYOTA,AQUA S LIMITED,2014,1500.0,AUTOMATIC,HYBRID,121000.0,USED,76.5,2025-02-01
TOYOTA,AQUA S LIMITED,2014,1498.0,AUTOMATIC,PETROL,121000.0,USED,76.5,2025-01-14
TOYOTA,AQUA S LIMITED,2014,1500.0,AUTOMATIC,HYBRID,121000.0,USED,76.5,2025-01-22
TOYOTA,AQUA S LIMITED,2014,1500.0,AUTOMATIC,HYBRID,121000.0,USED,76.5,2025-01-04
TOYOTA,AQUA S LIMITED EDITION,2012,1490.0,AUTOMATIC,PETROL,143000.0,USED,69.85,2024-12-05
TOYOTA,AQUA URBAN,2015,1500.0,AUTOMATIC,HYBRID,110000.0,USED,87.2,2025-02-05
TOYOTA,AQUA URBAN,2015,1500.0,AUTOMATIC,PETROL,110000.0,USED,87.2,2025-02-04
TOYOTA,AQUA URBAN,2015,1500.0,AUTOMATIC,HYBRID,110000.0,USED,87.2,2025-02-03
TOYOTA,AQUA URBAN,2015,1500.0,AUTOMATIC,HYBRID,110000.0,USED,87.2,2025-01-18
TOYOTA,AQUA URBAN,2015,1500.0,AUTOMATIC,PETROL,110000.0,USED,87.2,2024-12-28
TOYOTA,AQUA URBAN LIMITED,2015,1500.0,AUTOMATIC,HYBRID,110000.0,USED,87.75,2025-01-30
TOYOTA,AQUA URBAN S LIMITED,2015,1500.0,AUTOMATIC,HYBRID,110000.0,USED,83.75,2025-01-31
TOYOTA,AQUA X,2015,1300.0,AUTOMATIC,PETROL,110000.0,USED,92.5,2024-12-28
TOYOTA,AQUA X URBAN,2015,1500.0,AUTOMATIC,HYBRID,110000.0,USED,86.0,2025-02-05
TOYOTA,AQUA X URBAN,2015,1500.0,AUTOMATIC,PETROL,110000.0,USED,93.8,2025-02-05
TOYOTA,AQUA X URBAN,2015,1500.0,AUTOMATIC,HYBRID,110000.0,USED,89.27272727272727,2025-02-03
TOYOTA,AQUA X URBAN,2015,1500.0,AUTOMATIC,HYBRID,110000.0,USED,88.9,2025-02-02
TOYOTA,AQUA X URBAN,2015,1500.0,AUTOMATIC,HYBRID,110000.0,USED,86.0,2025-02-01
TOYOTA,AQUA X URBAN,2015,1500.0,AUTOMATIC,HYBRID,110000.0,USED,89.27272727272727,2025-02-01
TOYOTA,AQUA X URBAN,2015,1500.0,AUTOMATIC,HYBRID,110000.0,USED,89.9,2025-01-30
TOYOTA,AQUA X URBAN,2015,1500.0,AUTOMATIC,HYBRID,110000.0,USED,93.5,2025-01-18
TOYOTA,AQUA X URBAN,2015,1500.0,AUTOMATIC,HYBRID,110000.0,USED,92.0,2025-01-06
TOYOTA,AQUA X URBAN,2015,1500.0,AUTOMATIC,HYBRID,110000.0,USED,89.75,2025-01-25
TOYOTA,AQUA X URBAN,2015,1500.0,AUTOMATIC,HYBRID,110000.0,USED,89.27272727272727,2025-01-20
TOYOTA,AQUA X URBAN,2015,1500.0,AUTOMATIC,PETROL,110000.0,USED,84.80000000000001,2025-01-19
TOYOTA,AQUA X URBAN,2015,1500.0,AUTOMATIC,HYBRID,110000.0,USED,85.0,2024-12-20
TOYOTA,AQUA X URBAN,2015,1500.0,AUTOMATIC,HYBRID,110000.0,USED,89.27272727272727,2024-12-16
TOYOTA,AQUA X URBAN,2015,1500.0,AUTOMATIC,PETROL,110000.0,USED,92.5,2024-12-16
TOYOTA,AQUA X URBAN,2015,1500.0,AUTOMATIC,HYBRID,110000.0,USED,89.27272727272727,2024-12-11
TOYOTA,AT 150,1990,1300.0,MANUAL,PETROL,385000.0,USED,4.75,2025-01-01
TOYOTA,AT 170,1992,1500.0,MANUAL,PETROL,363000.0,USED,17.75,2025-01-24
TOYOTA,AT150,1985,1400.0,MANUAL,PETROL,440000.0,USED,9.5,2025-01-29
TOYOTA,AT150,1985,1500.0,MANUAL,PETROL,440000.0,USED,7.2,2025-01-01
TOYOTA,AT150,1987,1500.0,MANUAL,PETROL,418000.0,USED,10.25,2024-12-20
TOYOTA,AT170,1989,1490.0,MANUAL,PETROL,396000.0,USED,16.5,2025-02-01
TOYOTA,AT170 CORONA,1989,1500.0,MANUAL,PETROL,396000.0,USED,16.5,2025-01-29
TOYOTA,AURIS,2007,1500.0,AUTOMATIC,PETROL,198000.0,USED,73.0,2025-01-25
TOYOTA,AVANZA,2008,1300.0,MANUAL,PETROL,187000.0,USED,69.0,2025-02-05
TOYOTA,AVANZA,2008,1298.0,MANUAL,PETROL,187000.0,USED,58.75,2025-01-08
TOYOTA,AVANZA,2008,1300.0,MANUAL,PETROL,187000.0,USED,56.49999,2024-12-24
TOYOTA,AVANZA,2009,1300.0,MANUAL,PETROL,176000.0,USED,53.9,2025-02-05
TOYOTA,AVANZA,2010,1300.0,MANUAL,PETROL,165000.0,USED,62.5,2025-01-09
TOYOTA,AVANZA,2011,1300.0,MANUAL,PETROL,154000.0,USED,56.1125,2025-02-02
TOYOTA,AVANZA,2011,1300.0,MANUAL,PETROL,154000.0,USED,37.9374875,2025-01-07
TOYOTA,AVANZA,2011,1500.0,MANUAL,PETROL,154000.0,USED,62.5,2025-01-23
TOYOTA,AVANZA,2011,1300.0,MANUAL,PETROL,154000.0,USED,68.5,2025-01-04
TOYOTA,AVANZA,2011,1300.0,MANUAL,PETROL,154000.0,USED,64.5,2024-12-29
TOYOTA,AVANZA,2011,1500.0,MANUAL,PETROL,154000.0,USED,62.5,2024-12-25
TOYOTA,AVANZA,2011,1500.0,AUTOMATIC,PETROL,154000.0,USED,72.5,2024-12-12
TOYOTA,AVANZA,2011,1300.0,MANUAL,PETROL,190000.0,USED,65.5,2026-09-26
TOYOTA,AVANZA,2012,1298.0,MANUAL,PETROL,143000.0,USED,82.45,2025-02-03
TOYOTA,AVANZA,2012,1300.0,MANUAL,PETROL,143000.0,USED,74.9,2025-01-25
TOYOTA,AVANZA,2012,1500.0,AUTOMATIC,PETROL,143000.0,USED,90.0,2024-12-22
TOYOTA,AVANZA,2012,1300.0,AUTOMATIC,PETROL,220000.0,USED,70.0,2026-09-26
TOYOTA,AVANZA BODY,2012,1300.0,MANUAL,PETROL,143000.0,USED,66.9,2025-02-03
TOYOTA,AVANZA G GRADE,2008,1298.0,MANUAL,PETROL,187000.0,USED,55.9,2025-02-03
TOYOTA,AXIO,2007,1500.0,AUTOMATIC,PETROL,198000.0,USED,75.0,2025-02-05
TOYOTA,AXIO,2007,1500.0,AUTOMATIC,PETROL,198000.0,USED,73.5,2025-02-04
TOYOTA,AXIO,2007,1500.0,AUTOMATIC,PETROL,198000.0,USED,74.5,2025-02-04
TOYOTA,AXIO,2007,1490.0,AUTOMATIC,PETROL,198000.0,USED,79.85,2025-02-03
TOYOTA,AXIO,2007,1500.0,AUTOMATIC,PETROL,198000.0,USED,73.5,2025-02-02
TOYOTA,AXIO,2007,1500.0,AUTOMATIC,PETROL,198000.0,USED,73.12384615384615,2025-02-02
TOYOTA,AXIO,2007,1500.0,AUTOMATIC,PETROL,198000.0,USED,74.5,2025-01-30
TOYOTA,AXIO,2007,1500.0,AUTOMATIC,PETROL,198000.0,USED,69.5,2025-01-13
TOYOTA,AXIO,2007,1490.0,AUTOMATIC,PETROL,198000.0,USED,69.5,2025-01-27
TOYOTA,AXIO,2007,1500.0,AUTOMATIC,PETROL,198000.0,USED,75.32,2025-01-26
TOYOTA,AXIO,2007,1499.0,AUTOMATIC,PETROL,198000.0,USED,69.5,2025-01-25
TOYOTA,AXIO,2007,1500.0,AUTOMATIC,PETROL,198000.0,USED,71.5,2025-01-04
TOYOTA,AXIO,2007,1500.0,AUTOMATIC,PETROL,198000.0,USED,73.0,2025-01-03
TOYOTA,AXIO,2007,1500.0,AUTOMATIC,PETROL,198000.0,USED,73.5,2024-12-31
TOYOTA,AXIO,2007,1500.0,AUTOMATIC,PETROL,198000.0,USED,69.9,2024-12-31
TOYOTA,AXIO,2007,1500.0,AUTOMATIC,PETROL,198000.0,USED,69.0,2024-12-30
TOYOTA,AXIO,2007,1500.0,AUTOMATIC,PETROL,198000.0,USED,71.5,2024-12-28
TOYOTA,AXIO,2007,1500.0,AUTOMATIC,PETROL,198000.0,USED,73.9,2024-12-26
TOYOTA,AXIO,2007,1500.0,AUTOMATIC,PETROL,198000.0,USED,73.12384615384615,2024-12-25
TOYOTA,AXIO,2007,1490.0,AUTOMATIC,PETROL,198000.0,USED,71.0,2024-12-24
TOYOTA,AXIO,2007,1500.0,AUTOMATIC,PETROL,198000.0,USED,70.25,2024-12-23
TOYOTA,AXIO,2007,1500.0,AUTOMATIC,PETROL,198000.0,USED,73.12384615384615,2024-12-22
TOYOTA,AXIO,2007,1500.0,AUTOMATIC,PETROL,198000.0,USED,71.5,2024-12-21
TOYOTA,AXIO,2007,1500.0,AUTOMATIC,PETROL,198000.0,USED,73.12384615384615,2024-12-21
TOYOTA,AXIO,2007,1500.0,AUTOMATIC,PETROL,198000.0,USED,76.5,2024-12-20
TOYOTA,AXIO,2007,1500.0,AUTOMATIC,PETROL,198000.0,USED,76.5,2024-12-19
TOYOTA,AXIO,2007,1490.0,AUTOMATIC,PETROL,198000.0,USED,74.0,2024-12-10
TOYOTA,AXIO,2007,1500.0,AUTOMATIC,PETROL,198000.0,USED,72.5,2024-12-09
TOYOTA,AXIO,2007,1490.0,AUTOMATIC,PETROL,198000.0,USED,73.12384615384615,2024-12-08
TOYOTA,AXIO,2007,1500.0,AUTOMATIC,PETROL,198000.0,USED,73.12384615384615,2024-12-05
TOYOTA,AXIO,2007,1500.0,AUTOMATIC,PETROL,198000.0,USED,75.0,2024-12-04
TOYOTA,AXIO,2007,1490.0,AUTOMATIC,PETROL,198000.0,USED,77.0,2024-12-04
TOYOTA,AXIO,2007,1500.0,AUTOMATIC,PETROL,134000.0,USED,70.5,2026-09-26
TOYOTA,AXIO,2007,1500.0,AUTOMATIC,PETROL,200000.0,USED,75.0,2026-09-26
TOYOTA,AXIO,2007,1500.0,AUTOMATIC,PETROL,176000.0,USED,70.5,2026-09-26
TOYOTA,AXIO,2008,1500.0,AUTOMATIC,PETROL,187000.0,USED,75.0,2025-02-04
TOYOTA,AXIO,2008,1500.0,AUTOMATIC,PETROL,187000.0,USED,74.73333333333333,2025-02-03
TOYOTA,AXIO,2008,1500.0,AUTOMATIC,PETROL,187000.0,USED,73.75,2025-01-28
TOYOTA,AXIO,2008,1500.0,AUTOMATIC,PETROL,187000.0,USED,78.0,2025-01-11
TOYOTA,AXIO,2008,1500.0,AUTOMATIC,PETROL,187000.0,USED,74.0,2025-01-10
TOYOTA,AXIO,2008,1500.0,AUTOMATIC,PETROL,187000.0,USED,78.0,2025-01-09
TOYOTA,AXIO,2008,1500.0,AUTOMATIC,PETROL,187000.0,USED,73.0,2025-01-09
TOYOTA,AXIO,2008,1450.0,AUTOMATIC,PETROL,187000.0,USED,70.9,2025-01-05
TOYOTA,AXIO,2008,1490.0,AUTOMATIC,PETROL,187000.0,USED,72.75,2025-01-04
TOYOTA,AXIO,2008,1500.0,AUTOMATIC,PETROL,187000.0,USED,79.0,2024-12-30
TOYOTA,AXIO,2008,1500.0,AUTOMATIC,PETROL,187000.0,USED,74.73333333333333,2024-12-29
TOYOTA,AXIO,2008,1500.0,AUTOMATIC,PETROL,187000.0,USED,72.5,2024-12-15
TOYOTA,AXIO,2008,1500.0,AUTOMATIC,PETROL,187000.0,USED,73.75,2024-12-12
TOYOTA,AXIO,2008,1500.0,MANUAL,PETROL,187000.0,USED,74.73333333333333,2024-12-10
TOYOTA,AXIO,2008,1500.0,AUTOMATIC,PETROL,187000.0,USED,75.5,2024-12-10
TOYOTA,AXIO,2008,1500.0,AUTOMATIC,PETROL,187000.0,USED,75.0,2024-12-10
TOYOTA,AXIO,2008,1500.0,AUTOMATIC,PETROL,187000.0,USED,74.85,2024-12-06
TOYOTA,AXIO,2008,1500.0,AUTOMATIC,PETROL,193000.0,USED,75.0,2026-09-26
TOYOTA,AXIO,2009,1490.0,AUTOMATIC,PETROL,176000.0,USED,75.5,2025-02-05
TOYOTA,AXIO,2009,1500.0,AUTOMATIC,PETROL,176000.0,USED,74.5,2025-02-03
TOYOTA,AXIO,2009,1500.0,AUTOMATIC,PETROL,176000.0,USED,74.5,2025-01-16
TOYOTA,AXIO,2009,1500.0,AUTOMATIC,PETROL,176000.0,USED,79.5,2025-01-20
TOYOTA,AXIO,2009,1500.0,AUTOMATIC,PETROL,176000.0,USED,78.0,2024-12-30
TOYOTA,AXIO,2009,1500.0,AUTOMATIC,PETROL,176000.0,USED,76.4,2024-12-26
TOYOTA,AXIO,2010,1500.0,AUTOMATIC,PETROL,165000.0,USED,85.0,2025-02-03
TOYOTA,AXIO,2010,1490.0,AUTOMATIC,PETROL,165000.0,USED,75.5,2025-02-01
TOYOTA,AXIO,2010,1500.0,AUTOMATIC,PETROL,165000.0,USED,80.0,2025-01-21
TOYOTA,AXIO,2010,1500.0,AUTOMATIC,PETROL,165000.0,USED,80.0,2025-01-03
TOYOTA,AXIO,2010,1500.0,AUTOMATIC,PETROL,165000.0,USED,80.0,2025-01-01
TOYOTA,AXIO,2010,1500.0,AUTOMATIC,PETROL,165000.0,USED,77.0,2024-12-23
TOYOTA,AXIO,2010,1499.0,AUTOMATIC,PETROL,165000.0,USED,82.5,2024-12-17
TOYOTA,AXIO,2010,1500.0,AUTOMATIC,PETROL,160000.0,USED,73.0,2026-09-23
TOYOTA,AXIO,2011,1500.0,AUTOMATIC,PETROL,154000.0,USED,84.35,2025-02-04
TOYOTA,AXIO,2011,1500.0,AUTOMATIC,PETROL,154000.0,USED,84.35,2025-02-03
TOYOTA,AXIO,2011,1500.0,AUTOMATIC,PETROL,154000.0,USED,82.5,2025-01-30
TOYOTA,AXIO,2011,1500.0,AUTOMATIC,PETROL,154000.0,USED,83.5,2025-01-18
TOYOTA,AXIO,2011,1500.0,AUTOMATIC,PETROL,154000.0,USED,87.5,2025-01-10
TOYOTA,AXIO,2011,1500.0,AUTOMATIC,PETROL,154000.0,USED,88.75,2025-01-21
TOYOTA,AXIO,2011,1500.0,AUTOMATIC,PETROL,154000.0,USED,79.5,2024-12-20
TOYOTA,AXIO,2012,1500.0,AUTOMATIC,PETROL,143000.0,USED,84.0,2025-01-02
TOYOTA,AXIO,2013,1500.0,AUTOMATIC,HYBRID,132000.0,USED,89.5,2025-02-04
TOYOTA,AXIO,2013,1500.0,AUTOMATIC,HYBRID,132000.0,USED,92.0,2025-02-02
TOYOTA,AXIO,2013,1490.0,MANUAL,PETROL,132000.0,USED,95.75,2025-02-02
TOYOTA,AXIO,2013,1500.0,AUTOMATIC,HYBRID,132000.0,USED,98.0,2025-02-01
TOYOTA,AXIO,2013,1490.0,AUTOMATIC,HYBRID,132000.0,USED,95.0,2024-12-31
TOYOTA,AXIO,2013,1500.0,AUTOMATIC,PETROL,132000.0,USED,95.5,2024-12-09
TOYOTA,AXIO,2013,1500.0,AUTOMATIC,PETROL,132000.0,USED,91.0,2024-12-04
TOYOTA,AXIO,2014,1500.0,AUTOMATIC,HYBRID,121000.0,USED,96.5,2025-01-31
TOYOTA,AXIO,2014,1500.0,AUTOMATIC,HYBRID,121000.0,USED,97.125,2025-01-30
TOYOTA,AXIO,2014,1500.0,AUTOMATIC,HYBRID,121000.0,USED,96.5,2025-01-15
TOYOTA,AXIO,2014,1500.0,AUTOMATIC,HYBRID,121000.0,USED,97.125,2025-01-14
TOYOTA,AXIO,2014,1490.0,AUTOMATIC,PETROL,121000.0,USED,97.0,2025-01-10
TOYOTA,AXIO,2014,1500.0,AUTOMATIC,PETROL,121000.0,USED,97.0,2025-01-09
TOYOTA,AXIO,2014,1500.0,AUTOMATIC,HYBRID,121000.0,USED,93.5,2025-01-07
TOYOTA,AXIO,2014,1490.0,AUTOMATIC,HYBRID,121000.0,USED,99.75,2025-01-27
TOYOTA,AXIO,2014,1500.0,AUTOMATIC,HYBRID,121000.0,USED,102.0,2025-01-27
TOYOTA,AXIO,2014,1500.0,AUTOMATIC,PETROL,121000.0,USED,95.0,2025-01-25
TOYOTA,AXIO,2014,1500.0,AUTOMATIC,HYBRID,121000.0,USED,97.125,2025-01-24
TOYOTA,AXIO,2014,1500.0,AUTOMATIC,HYBRID,121000.0,USED,97.125,2025-01-19
TOYOTA,AXIO,2014,1490.0,AUTOMATIC,HYBRID,121000.0,USED,97.125,2024-12-29
TOYOTA,AXIO,2014,1490.0,AUTOMATIC,HYBRID,121000.0,USED,99.0,2024-12-26
TOYOTA,AXIO,2014,1500.0,AUTOMATIC,PETROL,121000.0,USED,95.0,2024-12-21
TOYOTA,AXIO,2014,1500.0,AUTOMATIC,HYBRID,220558.0,USED,93.95,2026-09-25
TOYOTA,AXIO,2014,1500.0,AUTOMATIC,HYBRID,111000.0,USED,85.0,2026-09-26
TOYOTA,AXIO,2015,1500.0,AUTOMATIC,PETROL,110000.0,USED,110.0,2025-02-04
TOYOTA,AXIO,2015,1500.0,AUTOMATIC,PETROL,110000.0,USED,112.63636363636364,2025-02-04
TOYOTA,AXIO,2015,1500.0,AUTOMATIC,HYBRID,110000.0,USED,112.63636363636364,2025-02-03
TOYOTA,AXIO,2015,1500.0,AUTOMATIC,HYBRID,110000.0,USED,115.0,2025-02-03
TOYOTA,AXIO,2015,1500.0,AUTOMATIC,PETROL,110000.0,USED,112.63636363636364,2025-02-01
TOYOTA,AXIO,2015,1500.0,AUTOMATIC,HYBRID,110000.0,USED,112.63636363636364,2025-01-31
TOYOTA,AXIO,2015,1490.0,AUTOMATIC,PETROL,110000.0,USED,112.63636363636364,2025-01-28
TOYOTA,AXIO,2015,1500.0,AUTOMATIC,PETROL,110000.0,USED,112.63636363636364,2025-01-17
TOYOTA,AXIO,2015,1500.0,AUTOMATIC,HYBRID,110000.0,USED,112.63636363636364,2025-01-17
TOYOTA,AXIO,2015,1500.0,AUTOMATIC,HYBRID,110000.0,USED,118.0,2025-01-11
TOYOTA,AXIO,2015,1500.0,AUTOMATIC,HYBRID,110000.0,USED,112.0,2025-01-09
TOYOTA,AXIO,2015,1460.0,AUTOMATIC,HYBRID,110000.0,USED,112.63636363636364,2025-01-06
TOYOTA,AXIO,2015,1500.0,AUTOMATIC,HYBRID,110000.0,USED,112.63636363636364,2025-01-28
TOYOTA,AXIO,2015,1500.0,AUTOMATIC,HYBRID,110000.0,USED,108.5,2025-01-24
TOYOTA,AXIO,2015,1000.0,AUTOMATIC,PETROL,110000.0,USED,115.0,2025-01-20
TOYOTA,AXIO,2015,1500.0,AUTOMATIC,HYBRID,110000.0,USED,112.63636363636364,2025-01-19
TOYOTA,AXIO,2015,1500.0,AUTOMATIC,PETROL,110000.0,USED,112.63636363636364,2025-01-04
TOYOTA,AXIO,2015,1500.0,AUTOMATIC,PETROL,110000.0,USED,112.63636363636364,2025-01-03
TOYOTA,AXIO,2015,1500.0,AUTOMATIC,HYBRID,110000.0,USED,112.63636363636364,2025-01-03
TOYOTA,AXIO,2015,1500.0,AUTOMATIC,HYBRID,110000.0,USED,112.63636363636364,2025-01-02
TOYOTA,AXIO,2015,1500.0,AUTOMATIC,HYBRID,110000.0,USED,112.63636363636364,2024-12-30
TOYOTA,AXIO,2015,1800.0,AUTOMATIC,HYBRID,110000.0,NEW,112.63636363636364,2024-12-29
TOYOTA,AXIO,2015,1500.0,AUTOMATIC,HYBRID,110000.0,USED,112.63636363636364,2024-12-23
TOYOTA,AXIO,2015,1500.0,AUTOMATIC,HYBRID,110000.0,USED,112.63636363636364,2024-12-22
TOYOTA,AXIO,2015,1500.0,AUTOMATIC,HYBRID,110000.0,USED,112.63636363636364,2024-12-21
TOYOTA,AXIO,2015,1490.0,AUTOMATIC,HYBRID,110000.0,USED,113.5,2024-12-21
TOYOTA,AXIO,2015,1500.0,AUTOMATIC,HYBRID,110000.0,USED,112.63636363636364,2024-12-20
TOYOTA,AXIO,2015,1500.0,AUTOMATIC,PETROL,110000.0,USED,112.0,2024-12-10
TOYOTA,AXIO,2015,1500.0,AUTOMATIC,HYBRID,110000.0,USED,112.63636363636364,2024-12-08
TOYOTA,AXIO,2015,1500.0,AUTOMATIC,HYBRID,110000.0,USED,110.0,2024-12-08
TOYOTA,AXIO,2015,1300.0,AUTOMATIC,PETROL,110000.0,USED,115.0,2024-12-07
TOYOTA,AXIO,2015,1500.0,AUTOMATIC,PETROL,110000.0,USED,112.63636363636364,2024-12-06
TOYOTA,AXIO,2015,1500.0,AUTOMATIC,HYBRID,110000.0,USED,112.63636363636364,2024-12-04
TOYOTA,AXIO,2015,1500.0,AUTOMATIC,HYBRID,140000.0,USED,98.5,2026-09-27
TOYOTA,AXIO,2015,1456.0,AUTOMATIC,HYBRID,156000.0,USED,104.0,2026-09-26
TOYOTA,AXIO,2015,1500.0,AUTOMATIC,HYBRID,123000.0,USED,106.5,2026-09-25
TOYOTA,AXIO,2015,1500.0,AUTOMATIC,HYBRID,118800.0,USED,89.0,2026-09-23
TOYOTA,AXIO,2015,1500.0,AUTOMATIC,HYBRID,182243.0,USED,94.0,2026-09-26
TOYOTA,AXIO,2015,1490.0,AUTOMATIC,PETROL,156018.0,USED,102.0,2026-09-26
TOYOTA,AXIO,2015,1340.0,AUTOMATIC,PETROL,49000.0,USED,897.5,2026-09-26
TOYOTA,AXIO,2016,1500.0,AUTOMATIC,HYBRID,99000.0,USED,120.0,2025-02-05
TOYOTA,AXIO,2016,1500.0,AUTOMATIC,PETROL,99000.0,USED,120.0,2025-02-05
TOYOTA,AXIO,2016,1500.0,AUTOMATIC,HYBRID,99000.0,USED,118.0,2025-02-04
TOYOTA,AXIO,2016,1500.0,AUTOMATIC,HYBRID,99000.0,USED,120.0,2025-02-04
TOYOTA,AXIO,2016,1500.0,AUTOMATIC,HYBRID,99000.0,USED,120.0,2025-01-17
TOYOTA,AXIO,2016,1499.0,AUTOMATIC,HYBRID,99000.0,USED,122.0,2025-01-28
TOYOTA,AXIO,2016,1500.0,AUTOMATIC,HYBRID,99000.0,USED,120.0,2024-12-12
TOYOTA,AXIO,2016,1300.0,AUTOMATIC,PETROL,99000.0,USED,120.0,2024-12-09
TOYOTA,AXIO,2016,1500.0,AUTOMATIC,HYBRID,99000.0,USED,120.0,2024-12-08
TOYOTA,AXIO,2016,1500.0,AUTOMATIC,HYBRID,180000.0,USED,105.0,2026-09-27
TOYOTA,AXIO,2016,1500.0,AUTOMATIC,HYBRID,143000.0,USED,124.0,2026-09-23
TOYOTA,AXIO,2017,1500.0,AUTOMATIC,HYBRID,88000.0,USED,138.0,2025-01-18
TOYOTA,AXIO,2017,1490.0,AUTOMATIC,PETROL,88000.0,USED,138.0,2025-01-11
TOYOTA,AXIO,2017,1490.0,AUTOMATIC,PETROL,88000.0,USED,138.0,2025-01-09
TOYOTA,AXIO,2017,1500.0,AUTOMATIC,PETROL,88000.0,USED,138.0,2025-01-26
TOYOTA,AXIO,2017,1500.0,AUTOMATIC,PETROL,88000.0,USED,144.0,2025-01-23
TOYOTA,AXIO,2017,1500.0,AUTOMATIC,PETROL,88000.0,USED,132.0,2025-01-02
TOYOTA,AXIO,2017,1490.0,AUTOMATIC,PETROL,88000.0,USED,138.0,2024-12-31
TOYOTA,AXIO,2017,1500.0,AUTOMATIC,HYBRID,96000.0,USED,112.0,2026-09-26
TOYOTA,AXIO,2017,1500.0,AUTOMATIC,PETROL,129000.0,USED,118.6,2026-09-26
TOYOTA,AXIO,2018,1500.0,AUTOMATIC,HYBRID,159000.0,USED,123.5,2026-09-26
TOYOTA,AXIO,2018,1490.0,AUTOMATIC,PETROL,130000.0,USED,125.0,2026-09-25
TOYOTA,AXIO,2018,1500.0,AUTOMATIC,HYBRID,132697.0,USED,132.0,2026-09-25
TOYOTA,AXIO,2019,1330.0,AUTOMATIC,PETROL,66000.0,USED,138.0,2025-02-02
TOYOTA,AXIO,2019,1300.0,AUTOMATIC,PETROL,66000.0,USED,132.0,2025-01-30
TOYOTA,AXIO,2019,1500.0,AUTOMATIC,HYBRID,66000.0,USED,147.5,2025-01-12
TOYOTA,AXIO,2019,1500.0,AUTOMATIC,HYBRID,94000.0,USED,132.0,2026-09-25
TOYOTA,AXIO,2020,1500.0,AUTOMATIC,HYBRID,55000.0,USED,125.0,2025-02-03
TOYOTA,AXIO,2020,1500.0,AUTOMATIC,PETROL,108500.0,USED,116.5,2026-09-26
TOYOTA,AXIO,2020,1500.0,AUTOMATIC,HYBRID,138100.0,USED,122.75,2026-09-26
TOYOTA,AXIO,2020,1500.0,AUTOMATIC,HYBRID,76500.0,USED,139.75,2026-09-26
TOYOTA,AXIO,2023,1500.0,AUTOMATIC,PETROL,14000.0,USED,153.5,2026-09-24
TOYOTA,AXIO,2024,1500.0,AUTOMATIC,PETROL,15000.0,USED,150.9,2026-09-26
TOYOTA,AXIO 141,2007,1500.0,AUTOMATIC,PETROL,198000.0,USED,73.0,2025-01-13
TOYOTA,AXIO 141,2007,1500.0,AUTOMATIC,PETROL,198000.0,USED,80.0,2024-12-27
TOYOTA,AXIO 141,2007,1496.0,AUTOMATIC,PETROL,198000.0,USED,73.9,2024-12-15
TOYOTA,AXIO 141,2008,1500.0,AUTOMATIC,PETROL,187000.0,USED,80.0,2025-01-31
TOYOTA,AXIO 141,2008,1300.0,AUTOMATIC,PETROL,187000.0,USED,80.0,2025-01-19
TOYOTA,AXIO 141,2008,1500.0,AUTOMATIC,PETROL,187000.0,USED,74.75,2024-12-19
TOYOTA,AXIO 141,2010,1500.0,AUTOMATIC,PETROL,165000.0,USED,78.0,2025-01-02
TOYOTA,AXIO 141 G GRADE,2007,1490.0,AUTOMATIC,PETROL,198000.0,USED,79.3,2025-01-20
TOYOTA,AXIO 160,2013,1300.0,AUTOMATIC,PETROL,132000.0,USED,90.0,2025-01-05
TOYOTA,AXIO 161,2013,1500.0,AUTOMATIC,PETROL,132000.0,USED,94.8125,2025-02-04
TOYOTA,AXIO 161,2013,1500.0,AUTOMATIC,PETROL,132000.0,USED,95.0,2025-02-03
TOYOTA,AXIO 161,2013,1490.0,MANUAL,PETROL,132000.0,USED,95.0,2025-01-29
TOYOTA,AXIO 161,2013,1500.0,AUTOMATIC,PETROL,132000.0,USED,95.0,2025-01-15
TOYOTA,AXIO 161,2013,1500.0,AUTOMATIC,PETROL,132000.0,USED,95.0,2025-01-05
TOYOTA,AXIO 161,2013,1500.0,AUTOMATIC,PETROL,132000.0,USED,95.25,2025-01-01
TOYOTA,AXIO 161,2013,1500.0,AUTOMATIC,PETROL,132000.0,USED,95.3125,2024-12-19
TOYOTA,AXIO FIELDER,2013,1490.0,AUTOMATIC,HYBRID,132000.0,USED,98.0,2024-12-30
TOYOTA,AXIO FIELDER,2014,1500.0,AUTOMATIC,HYBRID,121000.0,USED,99.0,2024-12-30
TOYOTA,AXIO FIELDER,2014,1500.0,AUTOMATIC,HYBRID,121000.0,USED,99.0,2024-12-25
TOYOTA,AXIO FIELDER WXB,2015,1500.0,AUTOMATIC,HYBRID,110000.0,USED,109.0,2025-01-22
TOYOTA,AXIO FIELDER WXB,2017,1500.0,AUTOMATIC,HYBRID,88000.0,USED,129.0,2025-01-30
TOYOTA,AXIO G,2007,1490.0,AUTOMATIC,PETROL,198000.0,USED,79.0,2024-12-13
TOYOTA,AXIO G,2007,1490.0,AUTOMATIC,PETROL,198000.0,USED,79.0,2024-12-04
TOYOTA,AXIO G,2012,1500.0,AUTOMATIC,PETROL,143000.0,USED,92.5,2025-01-27
TOYOTA,AXIO G,2014,1500.0,AUTOMATIC,HYBRID,121000.0,USED,89.85,2025-02-03
TOYOTA,AXIO G,2014,1500.0,AUTOMATIC,HYBRID,121000.0,USED,99.0,2025-01-10
TOYOTA,AXIO G,2015,1500.0,AUTOMATIC,HYBRID,110000.0,USED,109.5,2025-02-03
TOYOTA,AXIO G,2015,1550.0,AUTOMATIC,HYBRID,110000.0,USED,109.5,2024-12-19
TOYOTA,AXIO G GRADE,2006,1500.0,AUTOMATIC,PETROL,209000.0,USED,76.0,2025-02-05
TOYOTA,AXIO G GRADE,2007,1500.0,AUTOMATIC,PETROL,198000.0,USED,75.9,2025-02-05
TOYOTA,AXIO G GRADE,2007,1500.0,AUTOMATIC,PETROL,198000.0,USED,73.5,2025-02-05
TOYOTA,AXIO G GRADE,2007,1500.0,AUTOMATIC,PETROL,198000.0,USED,74.5,2025-02-04
TOYOTA,AXIO G GRADE,2007,1490.0,AUTOMATIC,PETROL,198000.0,USED,74.63333333333333,2025-01-16
TOYOTA,AXIO G GRADE,2007,1500.0,AUTOMATIC,PETROL,198000.0,USED,74.63333333333333,2025-01-06
TOYOTA,AXIO G GRADE,2007,1500.0,AUTOMATIC,PETROL,198000.0,USED,74.5,2025-01-25
TOYOTA,AXIO G GRADE,2007,1490.0,AUTOMATIC,PETROL,198000.0,USED,74.63333333333333,2025-01-23
TOYOTA,AXIO G GRADE,2007,1500.0,AUTOMATIC,PETROL,198000.0,USED,75.9,2024-12-26
TOYOTA,AXIO G GRADE,2007,1500.0,AUTOMATIC,PETROL,198000.0,USED,73.5,2024-12-22
TOYOTA,AXIO G GRADE,2008,1500.0,AUTOMATIC,PETROL,187000.0,USED,79.5,2025-01-18
TOYOTA,AXIO G GRADE,2008,1500.0,AUTOMATIC,PETROL,187000.0,USED,79.5,2025-01-26
TOYOTA,AXIO G GRADE,2008,1498.0,AUTOMATIC,PETROL,187000.0,USED,79.5,2025-01-25
TOYOTA,AXIO G GRADE,2008,1500.0,AUTOMATIC,PETROL,187000.0,USED,80.0,2025-01-25
TOYOTA,AXIO G GRADE,2008,1500.0,AUTOMATIC,PETROL,187000.0,USED,82.0,2025-01-24
TOYOTA,AXIO G GRADE,2008,1500.0,AUTOMATIC,PETROL,187000.0,USED,76.5,2025-01-21
TOYOTA,AXIO G GRADE,2008,1500.0,AUTOMATIC,PETROL,187000.0,USED,79.5,2024-12-22
TOYOTA,AXIO G GRADE,2009,1500.0,AUTOMATIC,PETROL,176000.0,USED,82.5,2025-01-04
TOYOTA,AXIO G GRADE,2012,1500.0,AUTOMATIC,PETROL,143000.0,USED,92.5,2025-02-02
TOYOTA,AXIO G GRADE,2013,1500.0,AUTOMATIC,HYBRID,132000.0,USED,97.5,2025-02-04
TOYOTA,AXIO G GRADE,2013,1500.0,AUTOMATIC,HYBRID,132000.0,USED,97.5,2025-01-30
TOYOTA,AXIO G GRADE,2014,1500.0,AUTOMATIC,PETROL,121000.0,USED,96.5,2025-01-28
TOYOTA,AXIO G GRADE,2015,1500.0,AUTOMATIC,HYBRID,110000.0,USED,104.9,2025-02-05
TOYOTA,AXIO G GRADE,2015,1490.0,AUTOMATIC,HYBRID,110000.0,USED,111.93333333333334,2025-02-05
TOYOTA,AXIO G GRADE,2015,1500.0,AUTOMATIC,HYBRID,110000.0,USED,98.5,2025-02-04
TOYOTA,AXIO G GRADE,2015,1500.0,AUTOMATIC,HYBRID,110000.0,USED,110.0,2025-02-03
TOYOTA,AXIO G GRADE,2015,1500.0,AUTOMATIC,HYBRID,110000.0,USED,111.93333333333334,2025-02-02
TOYOTA,AXIO G GRADE,2015,1500.0,AUTOMATIC,HYBRID,110000.0,USED,115.0,2025-02-02
TOYOTA,AXIO G GRADE,2015,1500.0,AUTOMATIC,HYBRID,110000.0,USED,116.0,2025-01-31
TOYOTA,AXIO G GRADE,2015,1500.0,AUTOMATIC,HYBRID,110000.0,USED,111.93333333333334,2025-01-31
TOYOTA,AXIO G GRADE,2015,1500.0,AUTOMATIC,HYBRID,110000.0,USED,117.0,2025-01-30
TOYOTA,AXIO G GRADE,2015,1490.0,AUTOMATIC,HYBRID,110000.0,USED,118.0,2025-01-07
TOYOTA,AXIO G GRADE,2015,1500.0,AUTOMATIC,HYBRID,110000.0,USED,111.93333333333334,2025-01-27
TOYOTA,AXIO G GRADE,2015,1500.0,AUTOMATIC,HYBRID,110000.0,USED,116.0,2025-01-24
TOYOTA,AXIO G GRADE,2015,1500.0,AUTOMATIC,HYBRID,110000.0,USED,112.0,2025-01-21
TOYOTA,AXIO G GRADE,2015,1490.0,AUTOMATIC,HYBRID,110000.0,USED,111.93333333333334,2024-12-28
TOYOTA,AXIO G GRADE,2015,1500.0,AUTOMATIC,HYBRID,110000.0,USED,111.93333333333334,2024-12-20
TOYOTA,AXIO G GRADE,2016,1500.0,AUTOMATIC,PETROL,99000.0,USED,122.0,2025-01-29
TOYOTA,AXIO G LIMITED,2007,1500.0,AUTOMATIC,PETROL,198000.0,USED,76.0,2025-01-19
TOYOTA,AXIO G SAFETY,2016,1500.0,AUTOMATIC,HYBRID,99000.0,USED,120.0,2025-01-30
TOYOTA,AXIO G SAFETY,2016,1500.0,AUTOMATIC,HYBRID,99000.0,USED,120.0,2025-01-26
TOYOTA,AXIO HID EXTRA LIMITED,2012,1500.0,AUTOMATIC,PETROL,143000.0,USED,82.0,2025-01-09
TOYOTA,AXIO LIMITED,2008,1500.0,AUTOMATIC,PETROL,187000.0,USED,75.5,2025-01-14
TOYOTA,AXIO S GRADE,2014,1500.0,AUTOMATIC,HYBRID,121000.0,USED,96.9,2025-02-05
TOYOTA,AXIO WXB,2016,1500.0,AUTOMATIC,HYBRID,99000.0,USED,128.0,2025-02-03
TOYOTA,AXIO WXB,2016,1500.0,AUTOMATIC,HYBRID,99000.0,USED,126.5,2025-01-31
TOYOTA,AXIO WXB,2016,1500.0,AUTOMATIC,HYBRID,99000.0,USED,134.0,2025-01-15
TOYOTA,AXIO WXB,2016,1500.0,AUTOMATIC,HYBRID,99000.0,USED,126.0,2025-01-08
TOYOTA,AXIO WXB,2016,1500.0,AUTOMATIC,HYBRID,99000.0,USED,127.5,2024-12-26
TOYOTA,AXIO WXB,2016,1490.0,AUTOMATIC,HYBRID,99000.0,USED,131.0,2024-12-21
TOYOTA,AXIO WXB,2017,1500.0,AUTOMATIC,HYBRID,88000.0,USED,143.5,2025-02-05
TOYOTA,AXIO WXB,2017,1500.0,AUTOMATIC,HYBRID,88000.0,USED,138.66333333333333,2025-02-05
TOYOTA,AXIO WXB,2017,1490.0,AUTOMATIC,HYBRID,88000.0,USED,138.5,2025-02-04
TOYOTA,AXIO WXB,2017,1490.0,AUTOMATIC,HYBRID,88000.0,USED,146.95,2025-02-04
TOYOTA,AXIO WXB,2017,1490.0,AUTOMATIC,HYBRID,88000.0,USED,138.66333333333333,2025-02-04
TOYOTA,AXIO WXB,2017,1500.0,AUTOMATIC,HYBRID,88000.0,USED,136.0,2025-02-02
TOYOTA,AXIO WXB,2017,1498.0,AUTOMATIC,PETROL,88000.0,USED,139.0,2025-02-02
TOYOTA,AXIO WXB,2017,1500.0,AUTOMATIC,HYBRID,88000.0,USED,139.0,2025-02-01
TOYOTA,AXIO WXB,2017,1500.0,AUTOMATIC,HYBRID,88000.0,USED,138.66333333333333,2025-02-01
TOYOTA,AXIO WXB,2017,1500.0,AUTOMATIC,HYBRID,88000.0,USED,135.5,2025-01-30
TOYOTA,AXIO WXB,2017,1500.0,AUTOMATIC,HYBRID,88000.0,USED,138.0,2025-01-30
TOYOTA,AXIO WXB,2017,1490.0,AUTOMATIC,HYBRID,88000.0,USED,138.66333333333333,2025-01-28
TOYOTA,AXIO WXB,2017,1490.0,AUTOMATIC,HYBRID,88000.0,USED,127.9,2025-01-20
TOYOTA,AXIO WXB,2017,1500.0,AUTOMATIC,HYBRID,88000.0,USED,138.66333333333333,2025-01-20
TOYOTA,AXIO WXB,2017,1500.0,AUTOMATIC,HYBRID,88000.0,USED,138.66333333333333,2025-01-05
TOYOTA,AXIO WXB,2017,1500.0,AUTOMATIC,PETROL,88000.0,USED,142.0,2025-01-03
TOYOTA,AXIO WXB,2017,1498.0,AUTOMATIC,PETROL,88000.0,USED,139.0,2025-01-03
TOYOTA,AXIO WXB,2017,1500.0,AUTOMATIC,HYBRID,88000.0,USED,135.1,2024-12-25
TOYOTA,AXIO WXB,2017,1500.0,AUTOMATIC,HYBRID,88000.0,USED,137.5,2024-12-21
TOYOTA,AXIO WXB,2017,1490.0,AUTOMATIC,HYBRID,88000.0,USED,139.5,2024-12-15
TOYOTA,AXIO WXB,2017,1500.0,AUTOMATIC,HYBRID,88000.0,USED,142.5,2024-12-04
TOYOTA,AXIO WXB,2018,1500.0,AUTOMATIC,HYBRID,77000.0,USED,158.0,2025-02-03
TOYOTA,AXIO WXB,2018,1500.0,AUTOMATIC,HYBRID,77000.0,USED,157.05,2025-01-29
TOYOTA,AXIO WXB,2018,1500.0,AUTOMATIC,HYBRID,77000.0,USED,155.0,2025-01-17
TOYOTA,AXIO WXB,2018,1500.0,AUTOMATIC,HYBRID,77000.0,USED,157.05,2025-01-14
TOYOTA,AXIO WXB,2018,1500.0,AUTOMATIC,PETROL,77000.0,USED,156.0,2025-01-08
TOYOTA,AXIO WXB,2018,1500.0,AUTOMATIC,HYBRID,77000.0,USED,158.75,2025-01-25
TOYOTA,AXIO WXB,2018,1500.0,AUTOMATIC,HYBRID,77000.0,USED,155.0,2025-01-25
TOYOTA,AXIO WXB,2018,1500.0,AUTOMATIC,HYBRID,77000.0,USED,157.05,2025-01-19
TOYOTA,AXIO WXB,2018,1500.0,AUTOMATIC,HYBRID,77000.0,USED,155.0,2024-12-19
TOYOTA,AXIO WXB,2018,1499.0,AUTOMATIC,PETROL,77000.0,USED,158.75,2024-12-10
TOYOTA,AXIO WXB,2018,1500.0,AUTOMATIC,HYBRID,77000.0,USED,159.9,2024-12-04
TOYOTA,AXIO WXB,2019,1500.0,AUTOMATIC,HYBRID,66000.0,USED,159.0,2025-01-11
TOYOTA,AXIO X,2007,1500.0,AUTOMATIC,PETROL,198000.0,USED,69.5,2025-02-03
TOYOTA,AXIO X,2007,1500.0,AUTOMATIC,PETROL,198000.0,USED,69.5,2024-12-30
TOYOTA,AXIO X GRADE,2001,1490.0,AUTOMATIC,PETROL,264000.0,USED,72.95,2025-01-21
TOYOTA,AXIO X GRADE,2007,1500.0,AUTOMATIC,PETROL,198000.0,USED,72.4,2025-01-30
TOYOTA,AXIO X GRADE,2007,1500.0,AUTOMATIC,PETROL,198000.0,USED,69.5,2025-01-17
TOYOTA,AXIO X GRADE,2007,1500.0,AUTOMATIC,PETROL,198000.0,USED,71.25,2025-01-17
TOYOTA,AXIO X GRADE,2007,1500.0,AUTOMATIC,PETROL,198000.0,USED,72.75,2025-01-28
TOYOTA,AXIO X GRADE,2007,1490.0,AUTOMATIC,PETROL,198000.0,USED,71.0,2025-01-03
TOYOTA,AXIO X GRADE,2007,1500.0,AUTOMATIC,PETROL,198000.0,USED,71.38,2024-12-11
TOYOTA,AXIO X GRADE,2008,1500.0,AUTOMATIC,PETROL,187000.0,USED,74.5,2025-02-04
TOYOTA,AXIO X GRADE,2008,1500.0,AUTOMATIC,PETROL,187000.0,USED,73.3249925,2025-01-29
TOYOTA,AXIO X GRADE,2008,1500.0,AUTOMATIC,PETROL,187000.0,USED,73.9,2025-01-11
TOYOTA,AXIO X GRADE,2008,1500.0,AUTOMATIC,PETROL,187000.0,USED,72.0,2025-01-08
TOYOTA,AXIO X GRADE,2008,1500.0,AUTOMATIC,PETROL,187000.0,USED,72.89997,2024-12-17
TOYOTA,AXIO X GRADE,2010,1500.0,AUTOMATIC,PETROL,165000.0,USED,77.0881203125,2024-12-19
TOYOTA,AXIO X GRADE,2013,1500.0,AUTOMATIC,PETROL,132000.0,USED,77.0881203125,2025-01-28
TOYOTA,AXIO X LIMITED,2008,1500.0,AUTOMATIC,PETROL,187000.0,USED,74.35,2025-01-13
TOYOTA,AXIO X LIMITED,2008,1500.0,AUTOMATIC,PETROL,187000.0,USED,73.75,2025-01-09
TOYOTA,AXIO X LIMITED,2008,1500.0,AUTOMATIC,PETROL,187000.0,USED,76.0,2025-01-28
TOYOTA,AXIO X LIMITED,2008,1500.0,AUTOMATIC,PETROL,187000.0,USED,73.0,2025-01-27
TOYOTA,AXIO X LIMITED,2008,1500.0,AUTOMATIC,PETROL,187000.0,USED,76.5,2025-01-25
TOYOTA,AXIO X LIMITED,2008,1500.0,AUTOMATIC,PETROL,187000.0,USED,72.5,2024-12-12
TOYOTA,AXIO X LIMITED,2010,1500.0,AUTOMATIC,PETROL,165000.0,USED,76.0,2025-02-05
TOYOTA,AXIO X LIMITED,2010,1300.0,AUTOMATIC,PETROL,165000.0,USED,78.0,2025-01-03
TOYOTA,AXIO X LIMITED,2010,1500.0,AUTOMATIC,PETROL,165000.0,USED,83.21249999999999,2024-12-19
TOYOTA,AXIO X LIMITED,2012,1500.0,AUTOMATIC,DIESEL,143000.0,USED,83.21249999999999,2024-12-05
TOYOTA,BB,2008,1297.0,AUTOMATIC,PETROL,187000.0,USED,48.75,2025-01-24
TOYOTA,BELTA,2006,1000.0,AUTOMATIC,PETROL,209000.0,USED,56.5,2025-01-29
TOYOTA,BELTA,2006,1000.0,AUTOMATIC,PETROL,209000.0,USED,58.0,2025-01-19
TOYOTA,BELTA,2007,1300.0,AUTOMATIC,PETROL,198000.0,USED,60.0,2025-02-04
TOYOTA,BELTA,2007,1000.0,AUTOMATIC,PETROL,198000.0,USED,58.5,2025-02-04
TOYOTA,BELTA,2007,1300.0,AUTOMATIC,PETROL,198000.0,USED,66.0,2025-02-04
TOYOTA,BELTA,2007,1300.0,AUTOMATIC,PETROL,198000.0,USED,65.5,2025-02-03
TOYOTA,BELTA,2007,1000.0,AUTOMATIC,PETROL,198000.0,USED,60.9,2025-02-02
TOYOTA,BELTA,2007,1300.0,AUTOMATIC,PETROL,198000.0,USED,64.5,2025-02-02
TOYOTA,BELTA,2007,1300.0,AUTOMATIC,PETROL,198000.0,USED,68.0,2025-01-31
TOYOTA,BELTA,2007,1000.0,AUTOMATIC,PETROL,198000.0,USED,63.78684210526316,2025-01-31
TOYOTA,BELTA,2007,1000.0,AUTOMATIC,PETROL,198000.0,USED,59.95,2025-01-28
TOYOTA,BELTA,2007,1300.0,AUTOMATIC,PETROL,198000.0,USED,63.5,2025-01-12
TOYOTA,BELTA,2007,1297.0,AUTOMATIC,PETROL,198000.0,USED,67.9,2025-01-11
TOYOTA,BELTA,2007,1000.0,AUTOMATIC,PETROL,198000.0,USED,63.0,2025-01-21
TOYOTA,BELTA,2007,1000.0,AUTOMATIC,PETROL,198000.0,USED,62.5,2024-12-30
TOYOTA,BELTA,2007,1300.0,AUTOMATIC,PETROL,198000.0,USED,66.75,2024-12-29
TOYOTA,BELTA,2007,1300.0,AUTOMATIC,PETROL,198000.0,USED,61.25,2024-12-28
TOYOTA,BELTA,2007,1300.0,AUTOMATIC,PETROL,198000.0,USED,63.78684210526316,2024-12-27
TOYOTA,BELTA,2007,1300.0,AUTOMATIC,PETROL,198000.0,USED,64.9,2024-12-24
TOYOTA,BELTA,2007,1000.0,AUTOMATIC,PETROL,198000.0,USED,67.0,2024-12-23
TOYOTA,BELTA,2007,1300.0,AUTOMATIC,PETROL,198000.0,USED,63.78684210526316,2024-12-19
TOYOTA,BELTA,2007,1300.0,AUTOMATIC,PETROL,198000.0,USED,63.5,2024-12-19
TOYOTA,BELTA,2007,1300.0,AUTOMATIC,PETROL,198000.0,USED,63.8,2024-12-18
TOYOTA,BELTA,2007,1300.0,AUTOMATIC,PETROL,198000.0,USED,64.5,2024-12-11
TOYOTA,BELTA,2007,1000.0,AUTOMATIC,PETROL,132702.0,USED,63.5,2026-09-24
TOYOTA,BELTA,2007,1000.0,AUTOMATIC,PETROL,180000.0,USED,57.75,2026-09-26
TOYOTA,BELTA,2008,1300.0,AUTOMATIC,PETROL,187000.0,USED,64.5,2025-02-05
TOYOTA,BELTA,2008,1000.0,AUTOMATIC,PETROL,187000.0,USED,62.9,2025-02-05
TOYOTA,BELTA,2008,1000.0,AUTOMATIC,PETROL,187000.0,USED,57.95,2025-02-03
TOYOTA,BELTA,2008,1300.0,AUTOMATIC,PETROL,187000.0,USED,67.5,2025-02-02
TOYOTA,BELTA,2008,1000.0,AUTOMATIC,PETROL,187000.0,USED,63.5,2025-02-02
TOYOTA,BELTA,2008,1000.0,AUTOMATIC,PETROL,187000.0,USED,57.0,2025-01-31
TOYOTA,BELTA,2008,1000.0,AUTOMATIC,PETROL,187000.0,USED,58.5,2025-01-13
TOYOTA,BELTA,2008,1000.0,MANUAL,PETROL,187000.0,USED,57.5,2025-01-27
TOYOTA,BELTA,2008,1300.0,AUTOMATIC,PETROL,187000.0,USED,64.0,2025-01-25
TOYOTA,BELTA,2008,1000.0,AUTOMATIC,PETROL,187000.0,USED,61.5,2025-01-24
TOYOTA,BELTA,2008,1300.0,AUTOMATIC,PETROL,187000.0,USED,68.75,2024-12-30
TOYOTA,BELTA,2008,1000.0,AUTOMATIC,PETROL,187000.0,USED,62.5,2024-12-19
TOYOTA,BELTA,2008,1000.0,AUTOMATIC,PETROL,187000.0,USED,61.0,2024-12-18
TOYOTA,BELTA,2008,1300.0,AUTOMATIC,PETROL,187000.0,USED,65.9,2024-12-18
TOYOTA,BELTA,2008,1000.0,AUTOMATIC,PETROL,187000.0,USED,57.9,2024-12-14
TOYOTA,BELTA,2008,1000.0,AUTOMATIC,PETROL,187000.0,USED,61.5,2024-12-04
TOYOTA,BELTA,2008,1000.0,AUTOMATIC,PETROL,173000.0,USED,61.9,2026-09-26
TOYOTA,BELTA,2008,1300.0,AUTOMATIC,PETROL,136000.0,USED,67.5,2026-09-25
TOYOTA,BELTA,2009,1000.0,AUTOMATIC,PETROL,176000.0,USED,65.0,2025-02-04
TOYOTA,BELTA,2009,1000.0,AUTOMATIC,PETROL,176000.0,USED,62.5,2025-02-04
TOYOTA,BELTA,2009,1300.0,AUTOMATIC,PETROL,176000.0,USED,66.5,2025-01-17
TOYOTA,BELTA,2009,1000.0,AUTOMATIC,PETROL,176000.0,USED,65.0,2025-01-14
TOYOTA,BELTA,2009,1000.0,AUTOMATIC,PETROL,176000.0,USED,63.5,2025-01-11
TOYOTA,BELTA,2009,1000.0,AUTOMATIC,PETROL,176000.0,USED,64.5,2025-01-08
TOYOTA,BELTA,2009,1000.0,AUTOMATIC,PETROL,176000.0,USED,64.0,2025-01-03
TOYOTA,BELTA,2009,1000.0,AUTOMATIC,PETROL,176000.0,USED,64.0,2024-12-21
TOYOTA,BELTA,2009,1000.0,AUTOMATIC,PETROL,176000.0,USED,64.0,2024-12-19
TOYOTA,BELTA,2009,1000.0,AUTOMATIC,PETROL,176000.0,USED,64.33333333333333,2024-12-08
TOYOTA,BELTA,2010,1000.0,AUTOMATIC,PETROL,165000.0,USED,66.5,2025-02-04
TOYOTA,BELTA,2010,1000.0,AUTOMATIC,PETROL,165000.0,USED,66.5,2025-01-30
TOYOTA,BELTA,2010,1300.0,AUTOMATIC,PETROL,165000.0,USED,69.5,2025-01-13
TOYOTA,BELTA,2010,1000.0,AUTOMATIC,PETROL,165000.0,USED,63.5,2025-01-21
TOYOTA,BELTA,2010,1000.0,AUTOMATIC,PETROL,121000.0,USED,67.25,2026-09-26
TOYOTA,BELTA,2011,1000.0,AUTOMATIC,PETROL,154000.0,USED,71.5,2025-01-31
TOYOTA,BELTA,2011,1000.0,AUTOMATIC,PETROL,154000.0,USED,60.0,2025-01-27
TOYOTA,BELTA,2012,1000.0,AUTOMATIC,PETROL,143000.0,USED,66.0,2025-01-17
TOYOTA,BELTA,2012,1000.0,AUTOMATIC,PETROL,143000.0,USED,68.0,2024-12-19
TOYOTA,BELTA SPC92,2012,1300.0,AUTOMATIC,PETROL,143000.0,USED,83.5,2025-01-05
TOYOTA,CALDINA,1996,2000.0,AUTOMATIC,DIESEL,319000.0,USED,23.0,2025-01-20
TOYOTA,CALDINA,1997,1970.0,AUTOMATIC,DIESEL,308000.0,USED,24.9,2025-02-03
TOYOTA,CAMI,2001,1300.0,AUTOMATIC,PETROL,152000.0,USED,44.9,2026-09-26
TOYOTA,CAMRY,1991,2000.0,AUTOMATIC,DIESEL,374000.0,USED,20.75,2025-01-27
TOYOTA,CAMRY,1991,2000.0,MANUAL,DIESEL,374000.0,USED,13.5,2024-12-17
TOYOTA,CAMRY,1991,1990.0,MANUAL,PETROL,374000.0,USED,18.0,2024-12-06
TOYOTA,CAMRY,1994,1997.0,MANUAL,DIESEL,341000.0,USED,17.0,2024-12-25
TOYOTA,CAMRY,1994,1990.0,MANUAL,DIESEL,341000.0,USED,19.0,2024-12-23
TOYOTA,CAMRY,2002,2000.0,AUTOMATIC,PETROL,253000.0,USED,54.0,2025-02-01
TOYOTA,CAMRY,2004,2400.0,AUTOMATIC,PETROL,231000.0,USED,55.0,2025-01-31
TOYOTA,CAMRY,2004,2400.0,AUTOMATIC,PETROL,231000.0,USED,54.75,2025-01-11
TOYOTA,CAMRY,2004,2400.0,AUTOMATIC,PETROL,231000.0,USED,53.5,2025-01-08
TOYOTA,CAMRY,2004,2400.0,AUTOMATIC,PETROL,231000.0,USED,55.0,2025-01-04
TOYOTA,CAMRY,2004,2360.0,AUTOMATIC,PETROL,231000.0,USED,55.4,2024-12-23
TOYOTA,CAMRY,2006,2362.0,AUTOMATIC,PETROL,209000.0,USED,77.5,2025-02-05
TOYOTA,CAMRY,2006,2360.0,AUTOMATIC,PETROL,209000.0,USED,79.0,2025-01-29
TOYOTA,CAMRY,2006,2360.0,AUTOMATIC,PETROL,209000.0,USED,85.0,2025-01-15
TOYOTA,CAMRY,2007,2200.0,AUTOMATIC,PETROL,198000.0,USED,75.5,2025-02-04
TOYOTA,CAMRY,2007,2350.0,AUTOMATIC,PETROL,198000.0,USED,73.0,2025-01-27
TOYOTA,CAMRY,2007,2362.0,AUTOMATIC,PETROL,198000.0,USED,85.0,2025-01-20
TOYOTA,CAMRY,2010,2400.0,AUTOMATIC,PETROL,165000.0,USED,132.25,2025-02-04
TOYOTA,CAMRY,2010,2362.0,AUTOMATIC,HYBRID,165000.0,USED,132.25,2025-01-08
TOYOTA,CAMRY,2011,2500.0,AUTOMATIC,PETROL,154000.0,USED,103.0,2025-01-14
TOYOTA,CAMRY,2013,2500.0,AUTOMATIC,HYBRID,132000.0,USED,125.0,2025-01-08
TOYOTA,CAMRY CV 30,1991,2000.0,MANUAL,DIESEL,374000.0,USED,17.75,2025-01-20
TOYOTA,CAMRY CV30,1994,1997.0,MANUAL,DIESEL,341000.0,USED,17.0,2024-12-14
TOYOTA,CAMRY G GRADE,2011,2400.0,AUTOMATIC,PETROL,154000.0,USED,95.0,2025-01-30
TOYOTA,CAMRY G LIMITED,2007,2400.0,AUTOMATIC,PETROL,198000.0,USED,79.0,2024-12-30
TOYOTA,CAMRY G LIMITED,2008,2400.0,AUTOMATIC,PETROL,187000.0,USED,91.0,2025-01-18
TOYOTA,CARIN AT192,1996,1490.0,AUTOMATIC,PETROL,319000.0,USED,28.0,2025-01-23
TOYOTA,CARINA,1983,1500.0,MANUAL,PETROL,462000.0,USED,7.5,2025-01-26
TOYOTA,CARINA,1984,1500.0,MANUAL,DIESEL,451000.0,USED,12.25,2025-01-08
TOYOTA,CARINA,1984,1800.0,MANUAL,PETROL,150000.0,USED,20.9,2026-09-26
TOYOTA,CARINA,1985,1450.0,MANUAL,PETROL,440000.0,USED,18.0,2025-01-18
TOYOTA,CARINA,1985,1500.0,MANUAL,PETROL,440000.0,USED,7.5,2025-01-15
TOYOTA,CARINA,1985,2000.0,MANUAL,DIESEL,440000.0,USED,10.25,2025-01-25
TOYOTA,CARINA,1985,1500.0,MANUAL,PETROL,440000.0,USED,11.3125,2024-12-21
TOYOTA,CARINA,1985,1900.0,MANUAL,DIESEL,440000.0,USED,9.5,2024-12-07
TOYOTA,CARINA,1986,1500.0,MANUAL,DIESEL,429000.0,USED,5.8,2025-01-01
TOYOTA,CARINA,1987,1300.0,MANUAL,PETROL,418000.0,USED,6.5,2025-02-05
TOYOTA,CARINA,1988,1500.0,MANUAL,PETROL,407000.0,USED,6.85,2025-02-05
TOYOTA,CARINA,1988,1500.0,MANUAL,PETROL,407000.0,USED,14.0,2025-01-25
TOYOTA,CARINA,1989,1500.0,MANUAL,PETROL,396000.0,NEW,18.75,2025-01-31
TOYOTA,CARINA,1989,1600.0,MANUAL,DIESEL,396000.0,USED,16.0,2025-01-28
TOYOTA,CARINA,1989,1800.0,MANUAL,PETROL,396000.0,USED,15.7,2024-12-31
TOYOTA,CARINA,1989,1490.0,MANUAL,PETROL,396000.0,USED,16.95,2024-12-26
TOYOTA,CARINA,1989,1970.0,MANUAL,DIESEL,396000.0,USED,15.5,2024-12-17
TOYOTA,CARINA,1989,1500.0,MANUAL,PETROL,396000.0,USED,11.3,2024-12-10
TOYOTA,CARINA,1990,1490.0,MANUAL,PETROL,385000.0,USED,16.75,2025-02-05
TOYOTA,CARINA,1991,1500.0,MANUAL,PETROL,374000.0,USED,20.5,2025-01-27
TOYOTA,CARINA,1991,2000.0,AUTOMATIC,DIESEL,374000.0,USED,24.0,2025-01-25
TOYOTA,CARINA,1992,1500.0,MANUAL,PETROL,363000.0,USED,8.75,2025-01-28
TOYOTA,CARINA,1992,1500.0,MANUAL,PETROL,363000.0,USED,9.75,2025-01-25
TOYOTA,CARINA,1993,1790.0,MANUAL,DIESEL,352000.0,USED,23.0,2025-01-26
TOYOTA,CARINA,1995,1760.0,MANUAL,PETROL,330000.0,USED,25.0,2025-01-30
TOYOTA,CARINA,1995,1500.0,AUTOMATIC,PETROL,330000.0,USED,30.0,2024-12-23
TOYOTA,CARINA,1996,2000.0,AUTOMATIC,DIESEL,319000.0,USED,35.5,2025-02-05
TOYOTA,CARINA,1996,1580.0,AUTOMATIC,PETROL,319000.0,USED,34.5,2024-12-26
TOYOTA,CARINA,1997,1920.0,AUTOMATIC,DIESEL,308000.0,USED,47.75,2025-02-05
TOYOTA,CARINA,1997,2000.0,AUTOMATIC,DIESEL,308000.0,USED,35.75,2025-02-05
TOYOTA,CARINA,1997,1970.0,AUTOMATIC,DIESEL,308000.0,USED,34.75,2025-02-04
TOYOTA,CARINA,1997,2000.0,AUTOMATIC,DIESEL,308000.0,USED,26.0,2025-02-01
TOYOTA,CARINA,1997,1974.0,AUTOMATIC,DIESEL,308000.0,USED,38.78888888888889,2025-02-01
TOYOTA,CARINA,1997,1970.0,MANUAL,DIESEL,308000.0,USED,42.75,2025-01-31
TOYOTA,CARINA,1997,1500.0,AUTOMATIC,PETROL,308000.0,USED,37.75,2025-01-22
TOYOTA,CARINA,1997,2000.0,AUTOMATIC,DIESEL,308000.0,USED,36.75,2025-01-19
TOYOTA,CARINA,1997,1500.0,AUTOMATIC,PETROL,308000.0,USED,48.0,2024-12-22
TOYOTA,CARINA,1997,1500.0,AUTOMATIC,PETROL,308000.0,USED,39.6,2024-12-04
TOYOTA,CARINA,1998,1500.0,AUTOMATIC,PETROL,297000.0,USED,35.0,2025-02-05
TOYOTA,CARINA,1998,1500.0,AUTOMATIC,PETROL,297000.0,USED,38.04,2025-02-04
TOYOTA,CARINA,1998,1500.0,MANUAL,PETROL,297000.0,USED,38.04,2025-01-18
TOYOTA,CARINA,1998,1400.0,MANUAL,PETROL,297000.0,USED,38.04,2025-01-07
TOYOTA,CARINA,1998,1500.0,MANUAL,PETROL,297000.0,USED,43.5,2025-01-06
TOYOTA,CARINA,1998,2000.0,MANUAL,DIESEL,297000.0,USED,37.0,2025-01-25
TOYOTA,CARINA,1998,1970.0,AUTOMATIC,DIESEL,297000.0,USED,39.7,2024-12-21
TOYOTA,CARINA,1998,1618.0,AUTOMATIC,DIESEL,297000.0,USED,35.0,2024-12-08
TOYOTA,CARINA,1998,1500.0,AUTOMATIC,PETROL,159000.0,USED,52.75,2026-09-25
TOYOTA,CARINA,1998,1500.0,AUTOMATIC,PETROL,165000.0,USED,52.5,2026-09-24
TOYOTA,CARINA,1999,1990.0,AUTOMATIC,DIESEL,286000.0,USED,35.0,2025-02-04
TOYOTA,CARINA,1999,1300.0,AUTOMATIC,PETROL,286000.0,USED,40.25,2025-02-04
TOYOTA,CARINA,1999,1500.0,AUTOMATIC,PETROL,286000.0,USED,51.5,2025-01-07
TOYOTA,CARINA,1999,1800.0,AUTOMATIC,PETROL,286000.0,USED,48.9,2025-01-27
TOYOTA,CARINA,1999,2000.0,AUTOMATIC,DIESEL,286000.0,USED,35.5,2024-12-15
TOYOTA,CARINA,2000,1500.0,AUTOMATIC,PETROL,275000.0,USED,50.75,2025-02-05
TOYOTA,CARINA,2000,1490.0,MANUAL,PETROL,275000.0,USED,8.75,2025-01-23
TOYOTA,CARINA,2000,2000.0,AUTOMATIC,DIESEL,275000.0,USED,29.75,2024-12-21
TOYOTA,CARINA,2006,1500.0,AUTOMATIC,PETROL,209000.0,USED,37.0,2025-01-14
TOYOTA,CARINA,2008,1500.0,AUTOMATIC,PETROL,187000.0,USED,45.0,2024-12-23
TOYOTA,CARINA 150,1989,1500.0,MANUAL,PETROL,396000.0,USED,6.35,2024-12-05
TOYOTA,CARINA 170,1991,1500.0,MANUAL,PETROL,374000.0,USED,10.5,2024-12-10
TOYOTA,CARINA 170,1991,1970.0,MANUAL,DIESEL,374000.0,USED,14.75,2024-12-04
TOYOTA,CARINA 170,1992,1735.0,AUTOMATIC,DIESEL,363000.0,USED,17.25,2025-01-19
TOYOTA,CARINA 192,1994,1500.0,MANUAL,PETROL,341000.0,USED,25.5,2024-12-27
TOYOTA,CARINA 192,1995,1500.0,AUTOMATIC,PETROL,330000.0,USED,25.8,2025-02-05
TOYOTA,CARINA 212,1996,1490.0,AUTOMATIC,PETROL,319000.0,USED,35.9,2025-02-05
TOYOTA,CARINA 212 TI MYROAD,1998,1500.0,AUTOMATIC,PETROL,297000.0,USED,43.5,2025-01-26
TOYOTA,CARINA AA60,1983,1400.0,MANUAL,DIESEL,462000.0,USED,6.5,2025-02-02
TOYOTA,CARINA AA60,1983,1450.0,MANUAL,DIESEL,462000.0,USED,8.1,2025-02-02
TOYOTA,CARINA AA60,1983,1500.0,MANUAL,PETROL,462000.0,USED,5.5,2024-12-16
TOYOTA,CARINA AA60,1984,1450.0,MANUAL,DIESEL,451000.0,USED,9.75,2024-12-28
TOYOTA,CARINA AA60,1985,1980.0,MANUAL,DIESEL,440000.0,USED,8.75,2025-01-22
TOYOTA,CARINA AA60,1986,1500.0,MANUAL,PETROL,429000.0,USED,5.9,2025-01-27
TOYOTA,CARINA AA60,1987,1450.0,MANUAL,DIESEL,418000.0,NEW,7.5,2025-01-15
TOYOTA,CARINA AT 150,1985,1500.0,MANUAL,PETROL,440000.0,USED,12.0,2024-12-18
TOYOTA,CARINA AT 150,1988,1500.0,MANUAL,PETROL,407000.0,USED,7.75,2025-01-12
TOYOTA,CARINA AT 170,1989,1490.0,MANUAL,PETROL,396000.0,USED,14.75,2024-12-27
TOYOTA,CARINA AT 170,1991,2000.0,MANUAL,DIESEL,374000.0,USED,17.5,2024-12-16
TOYOTA,CARINA AT 170,1992,1500.0,MANUAL,PETROL,363000.0,USED,17.5,2025-01-07
TOYOTA,CARINA AT 192,1994,1500.0,MANUAL,PETROL,341000.0,USED,26.5,2025-01-13
TOYOTA,CARINA AT 192,1996,1500.0,AUTOMATIC,PETROL,319000.0,USED,29.0,2025-01-27
TOYOTA,CARINA AT150,1985,1500.0,MANUAL,PETROL,440000.0,USED,10.5,2025-01-25
TOYOTA,CARINA AT150,1985,1500.0,MANUAL,PETROL,440000.0,USED,10.5,2025-01-21
TOYOTA,CARINA AT150,1987,1500.0,MANUAL,PETROL,418000.0,USED,7.25,2025-01-26
TOYOTA,CARINA AT150,1989,1500.0,MANUAL,PETROL,396000.0,USED,8.65,2025-02-05
TOYOTA,CARINA AT170,1988,1500.0,MANUAL,PETROL,407000.0,USED,16.0,2025-01-08
TOYOTA,CARINA AT170,1990,1500.0,MANUAL,PETROL,385000.0,USED,14.0,2024-12-12
TOYOTA,CARINA AT170,1991,1500.0,MANUAL,PETROL,374000.0,USED,15.5,2025-01-12
TOYOTA,CARINA AT170,1993,1500.0,MANUAL,PETROL,352000.0,USED,16.5,2025-01-06
TOYOTA,CARINA AT192,1993,1500.0,MANUAL,PETROL,352000.0,USED,25.75,2025-02-03
TOYOTA,CARINA AT192,1993,1500.0,MANUAL,PETROL,352000.0,USED,25.75,2025-01-30
TOYOTA,CARINA AT192,1994,1500.0,MANUAL,PETROL,341000.0,USED,25.5,2024-12-08
TOYOTA,CARINA AT192,1994,1499.0,MANUAL,PETROL,341000.0,USED,25.5,2024-12-04
TOYOTA,CARINA AT192 SX,1993,1500.0,MANUAL,PETROL,352000.0,USED,26.0,2024-12-04
TOYOTA,CARINA AT212 TI MY ROAD,1996,1500.0,AUTOMATIC,PETROL,319000.0,USED,38.95,2024-12-16
TOYOTA,CARINA CT210,1997,2000.0,AUTOMATIC,DIESEL,308000.0,USED,39.25,2025-02-03
TOYOTA,CARINA CT210,1997,2000.0,AUTOMATIC,DIESEL,308000.0,USED,35.75,2025-01-05
TOYOTA,CARINA ET176,1991,1450.0,MANUAL,PETROL,374000.0,USED,22.75,2025-01-21
TOYOTA,CARINA GT,1997,1600.0,MANUAL,PETROL,308000.0,USED,37.5,2025-01-15
TOYOTA,CARINA GT,1997,1580.0,MANUAL,PETROL,308000.0,USED,37.5,2025-01-20
TOYOTA,CARINA GT,2004,1600.0,MANUAL,PETROL,231000.0,USED,53.5,2025-02-03
TOYOTA,CARINA L KA67V,1987,1500.0,MANUAL,PETROL,418000.0,USED,16.0,2025-01-24
TOYOTA,CARINA SI MY ROAD,1999,1800.0,AUTOMATIC,PETROL,286000.0,USED,49.5,2025-01-26
TOYOTA,CARINA SI MY ROAD,1999,1800.0,AUTOMATIC,PETROL,286000.0,USED,53.25,2024-12-06
TOYOTA,CARINA SX AT192 ANNIVERSARY,1993,1600.0,MANUAL,PETROL,352000.0,USED,26.5,2025-01-24
TOYOTA,CARINA TI,1999,1500.0,MANUAL,PETROL,286000.0,USED,44.8,2025-01-23
TOYOTA,CARINA TI 212,1998,1500.0,AUTOMATIC,PETROL,297000.0,USED,42.0,2025-02-05
TOYOTA,CARINA TI MY ROAD,1997,1500.0,AUTOMATIC,PETROL,308000.0,USED,37.0,2025-02-04
TOYOTA,CARINA TI MY ROAD 212,1999,1500.0,AUTOMATIC,PETROL,286000.0,USED,48.75,2025-02-02
TOYOTA,CARINA TI MY ROAD 212,1999,1500.0,AUTOMATIC,PETROL,286000.0,USED,48.75,2024-12-16
TOYOTA,CARINA TI MY ROAD AT212,1996,1500.0,AUTOMATIC,PETROL,319000.0,USED,38.25,2025-01-21
TOYOTA,CARINA TI MYROAD,1999,1500.0,AUTOMATIC,PETROL,286000.0,USED,45.5,2025-02-02
TOYOTA,CARINA TI MYROAD,2007,1500.0,AUTOMATIC,PETROL,198000.0,USED,44.75,2024-12-28
TOYOTA,CARINA WAGON,1990,1450.0,MANUAL,PETROL,385000.0,USED,12.75,2025-01-20
TOYOTA,CARINATI MY ROAD CT 210,1997,2000.0,AUTOMATIC,DIESEL,308000.0,USED,37.5,2025-02-03
TOYOTA,CE100,1991,2000.0,MANUAL,DIESEL,374000.0,USED,23.5,2025-01-28
TOYOTA,CE100,1991,1500.0,MANUAL,DIESEL,374000.0,USED,21.5,2025-01-19
TOYOTA,CE100,1991,2000.0,MANUAL,DIESEL,374000.0,USED,18.5,2024-12-18
TOYOTA,CE100,1991,2000.0,AUTOMATIC,DIESEL,374000.0,USED,23.75,2024-12-12
TOYOTA,CE100,1992,2000.0,MANUAL,DIESEL,363000.0,USED,18.5,2025-01-23
TOYOTA,CE100,1992,1667.0,MANUAL,DIESEL,363000.0,USED,19.0,2024-12-26
TOYOTA,CE100,1992,2000.0,MANUAL,DIESEL,363000.0,USED,18.75,2024-12-19
TOYOTA,CE106,1992,2000.0,MANUAL,DIESEL,363000.0,USED,21.0,2025-01-11
TOYOTA,CE106 COROLLA WAGON ELEPHANTBACK,2000,2000.0,MANUAL,DIESEL,275000.0,USED,26.9,2025-02-05
TOYOTA,CE106 WAGON,2000,2000.0,AUTOMATIC,DIESEL,275000.0,USED,24.5,2024-12-21
TOYOTA,CE108,1997,1970.0,AUTOMATIC,DIESEL,308000.0,USED,28.5,2025-02-01
TOYOTA,CE110,1996,1800.0,AUTOMATIC,DIESEL,319000.0,USED,26.5,2025-02-05
TOYOTA,CE110,1996,1970.0,AUTOMATIC,DIESEL,319000.0,USED,27.9,2025-01-06
TOYOTA,CE110,1996,2000.0,AUTOMATIC,DIESEL,319000.0,USED,30.0,2025-01-26
TOYOTA,CE110,1996,1970.0,AUTOMATIC,DIESEL,319000.0,USED,28.3,2024-12-28
TOYOTA,CE110,1996,2000.0,AUTOMATIC,DIESEL,319000.0,USED,29.75,2024-12-26
TOYOTA,CE110,1996,2000.0,AUTOMATIC,DIESEL,319000.0,USED,29.7,2024-12-16
TOYOTA,CE110,1996,2000.0,AUTOMATIC,DIESEL,319000.0,USED,31.0,2024-12-05
TOYOTA,CE110,1997,1970.0,MANUAL,DIESEL,308000.0,USED,29.75,2025-02-05
TOYOTA,CE110,1997,2000.0,MANUAL,DIESEL,308000.0,USED,31.8,2025-02-02
TOYOTA,CE110,1997,2000.0,AUTOMATIC,DIESEL,308000.0,USED,28.75,2025-02-01
TOYOTA,CE110,1997,2000.0,AUTOMATIC,DIESEL,308000.0,USED,27.54285714285714,2025-01-16
TOYOTA,CE110,1997,2000.0,AUTOMATIC,DIESEL,308000.0,USED,28.5,2025-01-12
TOYOTA,CE110,1997,2000.0,AUTOMATIC,DIESEL,308000.0,USED,27.75,2025-01-04
TOYOTA,CE110,1997,1234.0,AUTOMATIC,DIESEL,308000.0,USED,23.249999999999996,2024-12-10
TOYOTA,CE110,1997,2000.0,AUTOMATIC,DIESEL,308000.0,USED,32.75,2024-12-08
TOYOTA,CE110,1998,1970.0,AUTOMATIC,DIESEL,297000.0,USED,34.75,2025-01-24
TOYOTA,CE110,1999,1800.0,MANUAL,DIESEL,286000.0,USED,31.75,2025-01-20
TOYOTA,CE110 CRYSTAL LIGHT,1997,2000.0,AUTOMATIC,DIESEL,308000.0,USED,28.25,2024-12-04
TOYOTA,CE110 SE SALOON LIMITED,1998,2000.0,AUTOMATIC,DIESEL,297000.0,USED,37.8,2025-02-04
TOYOTA,CE110 SE SALOON LIMITED,1998,2000.0,AUTOMATIC,DIESEL,297000.0,USED,36.6,2025-01-19
TOYOTA,CE110 XE SALOON,1997,1970.0,AUTOMATIC,DIESEL,308000.0,USED,33.25,2025-02-05
TOYOTA,CE90,1991,1500.0,MANUAL,DIESEL,374000.0,USED,17.25,2025-02-02
TOYOTA,CE90,1991,1980.0,MANUAL,DIESEL,374000.0,USED,15.75,2024-12-30
TOYOTA,CE90,1991,1500.0,MANUAL,DIESEL,374000.0,USED,18.5,2024-12-25
TOYOTA,CE90,1991,1500.0,MANUAL,DIESEL,374000.0,USED,18.5,2024-12-21
TOYOTA,CE90,1991,1850.0,MANUAL,DIESEL,374000.0,USED,15.75,2024-12-04
TOYOTA,CE96,1991,1809.0,MANUAL,DIESEL,374000.0,USED,14.5,2025-01-10
TOYOTA,CE96,1991,1890.0,MANUAL,DIESEL,374000.0,USED,162.5,2025-01-04
TOYOTA,CHR,2017,1200.0,AUTOMATIC,PETROL,85000.0,USED,124.75,2026-09-23
TOYOTA,CHR,2017,1200.0,AUTOMATIC,PETROL,110360.0,USED,136.0,2026-09-23
TOYOTA,CHR,2018,1200.0,AUTOMATIC,PETROL,98000.0,USED,130.0,2026-09-26
TOYOTA,CHR,2018,1200.0,AUTOMATIC,PETROL,118000.0,USED,119.0,2026-09-26
TOYOTA,CHR,2019,1500.0,AUTOMATIC,PETROL,67000.0,USED,145.0,2026-09-24
TOYOTA,CHR,2019,1200.0,AUTOMATIC,PETROL,60000.0,USED,143.0,2026-09-24
TOYOTA,CHR,2019,1200.0,AUTOMATIC,PETROL,80000.0,USED,139.0,2026-09-26
TOYOTA,CHR,2023,1200.0,AUTOMATIC,PETROL,12000.0,USED,164.5,2026-09-26
TOYOTA,COROLLA,1984,1300.0,MANUAL,PETROL,451000.0,USED,10.5,2025-02-01
TOYOTA,COROLLA,1985,1300.0,MANUAL,PETROL,440000.0,USED,13.5,2025-02-01
TOYOTA,COROLLA,1985,1300.0,MANUAL,PETROL,440000.0,USED,11.85,2024-12-23
TOYOTA,COROLLA,1985,1500.0,MANUAL,PETROL,205000.0,USED,15.0,2026-09-26
TOYOTA,COROLLA,1986,1300.0,MANUAL,PETROL,85000.0,USED,10.5,2026-09-23
TOYOTA,COROLLA,1987,1450.0,MANUAL,DIESEL,418000.0,USED,12.95,2025-02-05
TOYOTA,COROLLA,1987,1500.0,MANUAL,PETROL,418000.0,USED,10.375,2025-02-03
TOYOTA,COROLLA,1987,1300.0,MANUAL,PETROL,418000.0,USED,7.8,2025-02-02
TOYOTA,COROLLA,1987,2190.0,MANUAL,DIESEL,200000.0,USED,21.5,2026-09-26
TOYOTA,COROLLA,1987,2197.0,MANUAL,DIESEL,200000.0,USED,21.5,2026-09-26
TOYOTA,COROLLA,1987,1300.0,MANUAL,PETROL,62100.0,USED,5.5,2026-09-25
TOYOTA,COROLLA,1988,1300.0,MANUAL,PETROL,407000.0,USED,12.5,2025-02-01
TOYOTA,COROLLA,1988,1330.0,MANUAL,PETROL,407000.0,USED,14.55,2025-01-31
TOYOTA,COROLLA,1988,1970.0,AUTOMATIC,DIESEL,407000.0,USED,16.5,2024-12-30
TOYOTA,COROLLA,1988,1500.0,MANUAL,PETROL,407000.0,USED,13.3875,2024-12-17
TOYOTA,COROLLA,1988,1300.0,MANUAL,PETROL,407000.0,USED,10.0,2024-12-08
TOYOTA,COROLLA,1989,1830.0,MANUAL,DIESEL,396000.0,USED,16.0,2024-12-29
TOYOTA,COROLLA,1989,1500.0,MANUAL,DIESEL,396000.0,USED,16.0,2024-12-05
TOYOTA,COROLLA,1990,1800.0,MANUAL,DIESEL,385000.0,USED,20.0,2025-01-15
TOYOTA,COROLLA,1990,1000.0,MANUAL,DIESEL,385000.0,USED,17.5,2024-12-31
TOYOTA,COROLLA,1991,1997.0,MANUAL,DIESEL,374000.0,USED,22.9,2025-02-03
TOYOTA,COROLLA,1991,1280.0,MANUAL,PETROL,374000.0,USED,15.5,2025-01-25
TOYOTA,COROLLA,1991,1500.0,MANUAL,PETROL,374000.0,USED,16.0,2024-12-29
TOYOTA,COROLLA,1991,1300.0,MANUAL,PETROL,200000.0,USED,19.85,2026-09-24
TOYOTA,COROLLA,1992,1500.0,MANUAL,PETROL,363000.0,USED,13.75,2025-02-05
TOYOTA,COROLLA,1992,1500.0,MANUAL,DIESEL,363000.0,USED,13.9,2024-12-18
TOYOTA,COROLLA,1992,1300.0,MANUAL,PETROL,249029.0,USED,25.0,2026-09-26
TOYOTA,COROLLA,1993,1500.0,AUTOMATIC,DIESEL,352000.0,USED,19.95,2025-02-01
TOYOTA,COROLLA,1993,1299.0,MANUAL,PETROL,352000.0,USED,23.0,2025-01-02
TOYOTA,COROLLA,1993,1300.0,MANUAL,PETROL,352000.0,USED,19.0,2024-12-28
TOYOTA,COROLLA,1994,1500.0,AUTOMATIC,PETROL,341000.0,USED,26.5,2025-02-04
TOYOTA,COROLLA,1995,1300.0,MANUAL,PETROL,330000.0,USED,19.5,2025-01-12
TOYOTA,COROLLA,1996,1300.0,AUTOMATIC,PETROL,319000.0,USED,23.5,2024-12-23
TOYOTA,COROLLA,1996,2000.0,MANUAL,DIESEL,319000.0,USED,29.6,2024-12-23
TOYOTA,COROLLA,1996,1970.0,AUTOMATIC,DIESEL,319000.0,USED,35.0,2024-12-16
TOYOTA,COROLLA,1996,1970.0,AUTOMATIC,DIESEL,319000.0,USED,31.0,2024-12-15
TOYOTA,COROLLA,1996,2000.0,AUTOMATIC,DIESEL,319000.0,USED,28.9,2024-12-14
TOYOTA,COROLLA,1996,1500.0,AUTOMATIC,PETROL,145009.0,USED,34.25,2026-09-26
TOYOTA,COROLLA,1997,1490.0,AUTOMATIC,PETROL,308000.0,NEW,38.5,2025-01-28
TOYOTA,COROLLA,1997,1970.0,AUTOMATIC,DIESEL,308000.0,USED,33.5,2025-01-24
TOYOTA,COROLLA,1997,1930.0,AUTOMATIC,DIESEL,308000.0,USED,26.0,2024-12-31
TOYOTA,COROLLA,1997,1990.0,AUTOMATIC,DIESEL,308000.0,USED,27.0,2024-12-18
TOYOTA,COROLLA,1997,1500.0,AUTOMATIC,PETROL,308000.0,USED,31.5,2024-12-16
TOYOTA,COROLLA,1997,2000.0,AUTOMATIC,DIESEL,340000.0,USED,32.5,2026-09-24
TOYOTA,COROLLA,1997,1500.0,AUTOMATIC,PETROL,170043.0,USED,42.95,2026-09-24
TOYOTA,COROLLA,1998,1490.0,AUTOMATIC,PETROL,297000.0,USED,33.5,2025-02-03
TOYOTA,COROLLA,1998,2000.0,AUTOMATIC,DIESEL,389040.0,USED,44.25,2026-09-26
TOYOTA,COROLLA,1999,2000.0,MANUAL,DIESEL,286000.0,USED,6.25,2025-02-05
TOYOTA,COROLLA,1999,2000.0,AUTOMATIC,DIESEL,286000.0,USED,6.25,2025-01-31
TOYOTA,COROLLA,1999,1450.0,AUTOMATIC,PETROL,150000.0,USED,45.5,2026-09-24
TOYOTA,COROLLA,2000,1330.0,AUTOMATIC,PETROL,275000.0,USED,32.0,2025-01-20
TOYOTA,COROLLA,2000,1300.0,AUTOMATIC,PETROL,275000.0,USED,39.0,2024-12-09
TOYOTA,COROLLA,2000,2000.0,AUTOMATIC,DIESEL,413500.0,USED,34.5,2026-09-26
TOYOTA,COROLLA,2002,1500.0,AUTOMATIC,PETROL,253000.0,USED,58.5,2025-01-11
TOYOTA,COROLLA,2005,1500.0,AUTOMATIC,PETROL,246000.0,USED,61.9,2026-09-26
TOYOTA,COROLLA,2006,1975.0,AUTOMATIC,DIESEL,209000.0,USED,50.5,2025-01-24
TOYOTA,COROLLA,2006,1300.0,MANUAL,PETROL,186000.0,USED,60.0,2026-09-24
TOYOTA,COROLLA,2008,1600.0,AUTOMATIC,PETROL,187000.0,USED,62.95625,2025-02-04
TOYOTA,COROLLA,2008,1600.0,AUTOMATIC,PETROL,187000.0,USED,62.95625,2025-02-02
TOYOTA,COROLLA,2008,1600.0,AUTOMATIC,PETROL,187000.0,USED,62.95625,2025-01-29
TOYOTA,COROLLA,2008,1600.0,AUTOMATIC,PETROL,187000.0,USED,62.95625,2025-01-24
TOYOTA,COROLLA,2008,1800.0,AUTOMATIC,PETROL,187000.0,NEW,62.95625,2024-12-26
TOYOTA,COROLLA,2008,1600.0,AUTOMATIC,PETROL,162000.0,USED,63.9,2026-09-26
TOYOTA,COROLLA,2008,1580.0,AUTOMATIC,PETROL,145000.0,USED,65.9,2026-09-25
TOYOTA,COROLLA,2010,1600.0,AUTOMATIC,PETROL,200000.0,USED,72.75,2026-09-24
TOYOTA,COROLLA,2011,2000.0,MANUAL,DIESEL,154000.0,USED,62.95625,2024-12-26
TOYOTA,COROLLA,2012,1600.0,MANUAL,PETROL,89000.0,USED,78.9,2026-09-24
TOYOTA,COROLLA,2023,1500.0,AUTOMATIC,PETROL,10000.0,USED,160.0,2026-09-26
TOYOTA,COROLLA,2023,1496.0,AUTOMATIC,PETROL,3000.0,USED,187.0,2026-09-25
TOYOTA,COROLLA,2024,1800.0,AUTOMATIC,HYBRID,30000.0,USED,242.0,2026-09-23
TOYOTA,COROLLA,2024,1800.0,AUTOMATIC,HYBRID,30000.0,USED,265.0,2026-09-23
TOYOTA,COROLLA,2025,1500.0,AUTOMATIC,PETROL,24000.0,USED,185.0,2026-09-23
TOYOTA,COROLLA,2026,1800.0,AUTOMATIC,HYBRID,50.0,NEW,293.0,2026-09-25
TOYOTA,COROLLA,2026,1800.0,AUTOMATIC,HYBRID,0.0,NEW,295.0,2026-09-24
TOYOTA,COROLLA 102 ELEPHANT BACK,2000,1300.0,AUTOMATIC,PETROL,275000.0,USED,26.95,2025-02-05
TOYOTA,COROLLA 106 ELEPHANT BACK,2000,1500.0,AUTOMATIC,PETROL,275000.0,USED,31.0,2025-01-01
TOYOTA,COROLLA 106 WAGON ELEPHANT BACK,1993,1290.0,MANUAL,PETROL,352000.0,USED,20.9,2025-02-02
TOYOTA,COROLLA 108,1996,1970.0,AUTOMATIC,DIESEL,319000.0,USED,24.5,2025-01-07
TOYOTA,COROLLA 110,1995,1500.0,MANUAL,PETROL,330000.0,USED,26.5,2025-01-24
TOYOTA,COROLLA 110,1996,2000.0,AUTOMATIC,DIESEL,319000.0,USED,27.95,2025-02-05
TOYOTA,COROLLA 110,1996,1490.0,AUTOMATIC,PETROL,319000.0,USED,33.00008,2025-02-05
TOYOTA,COROLLA 110,1996,1990.0,AUTOMATIC,DIESEL,319000.0,USED,26.5,2025-02-03
TOYOTA,COROLLA 110,1996,1970.0,AUTOMATIC,DIESEL,319000.0,USED,29.7,2025-02-03
TOYOTA,COROLLA 110,1996,1330.0,AUTOMATIC,PETROL,319000.0,USED,29.95000727272727,2025-02-02
TOYOTA,COROLLA 110,1996,2000.0,AUTOMATIC,DIESEL,319000.0,USED,27.5,2025-01-28
TOYOTA,COROLLA 110,1996,1500.0,AUTOMATIC,PETROL,319000.0,USED,31.0,2025-01-25
TOYOTA,COROLLA 110,1996,1980.0,AUTOMATIC,DIESEL,319000.0,USED,27.5,2025-01-24
TOYOTA,COROLLA 110,1996,1970.0,AUTOMATIC,DIESEL,319000.0,USED,29.95000727272727,2025-01-20
TOYOTA,COROLLA 110,1996,1679.0,AUTOMATIC,PETROL,319000.0,USED,30.5,2024-12-28
TOYOTA,COROLLA 110,1996,1500.0,AUTOMATIC,PETROL,319000.0,USED,34.8,2024-12-21
TOYOTA,COROLLA 110,1996,1970.0,MANUAL,DIESEL,319000.0,USED,29.95000727272727,2024-12-20
TOYOTA,COROLLA 110,1996,1950.0,AUTOMATIC,DIESEL,319000.0,USED,28.5,2024-12-09
TOYOTA,COROLLA 110,1996,1970.0,AUTOMATIC,DIESEL,319000.0,USED,32.5,2024-12-04
TOYOTA,COROLLA 110,1997,1490.0,AUTOMATIC,PETROL,308000.0,USED,41.75,2025-01-31
TOYOTA,COROLLA 110,1997,1970.0,AUTOMATIC,DIESEL,308000.0,USED,28.9,2025-01-28
TOYOTA,COROLLA 110,1997,1330.0,AUTOMATIC,PETROL,308000.0,USED,35.5,2025-01-16
TOYOTA,COROLLA 110,1997,1300.0,MANUAL,PETROL,308000.0,USED,33.5,2024-12-26
TOYOTA,COROLLA 110,1997,1500.0,AUTOMATIC,PETROL,308000.0,USED,33.7,2024-12-13
TOYOTA,COROLLA 110,1997,1970.0,AUTOMATIC,DIESEL,308000.0,USED,35.0,2024-12-09
TOYOTA,COROLLA 110,1998,1490.0,AUTOMATIC,PETROL,297000.0,USED,33.75,2025-01-31
TOYOTA,COROLLA 110,1998,1500.0,MANUAL,PETROL,297000.0,USED,21.087499999999995,2025-01-13
TOYOTA,COROLLA 110,1998,2000.0,AUTOMATIC,DIESEL,297000.0,USED,34.75,2025-01-28
TOYOTA,COROLLA 110,1999,1300.0,MANUAL,PETROL,286000.0,USED,30.0,2024-12-30
TOYOTA,COROLLA 110,1999,1500.0,AUTOMATIC,PETROL,286000.0,USED,42.75,2024-12-20
TOYOTA,COROLLA 110,1999,1500.0,MANUAL,DIESEL,286000.0,USED,33.0,2024-12-17
TOYOTA,COROLLA 110,2000,1500.0,AUTOMATIC,PETROL,275000.0,USED,39.5,2025-01-21
TOYOTA,COROLLA 110,2000,1300.0,MANUAL,PETROL,275000.0,USED,34.9,2025-01-19
TOYOTA,COROLLA 110,2000,1679.0,MANUAL,DIESEL,275000.0,USED,33.0,2024-12-20
TOYOTA,COROLLA 110,2001,1500.0,MANUAL,PETROL,264000.0,USED,35.0,2024-12-25
TOYOTA,COROLLA 110 L GRADE,1999,1500.0,AUTOMATIC,PETROL,286000.0,USED,44.5,2025-02-02
TOYOTA,COROLLA 110 SPRINTER,2000,2000.0,AUTOMATIC,DIESEL,275000.0,USED,27.5,2025-01-20
TOYOTA,COROLLA 110 SPRINTER,2001,2000.0,AUTOMATIC,DIESEL,264000.0,USED,31.5,2025-02-01
TOYOTA,COROLLA 110 SPRINTER SE VINTAGE,1997,1500.0,MANUAL,PETROL,308000.0,USED,27.25,2025-01-07
TOYOTA,COROLLA 110 XE SALOON,1996,1500.0,AUTOMATIC,PETROL,319000.0,USED,37.85,2025-02-01
TOYOTA,COROLLA 110 XE SALOON,1998,1298.0,MANUAL,PETROL,297000.0,USED,32.75,2025-01-13
TOYOTA,COROLLA 111,1996,1300.0,MANUAL,PETROL,319000.0,USED,28.0,2025-01-26
TOYOTA,COROLLA 111,2000,1330.0,AUTOMATIC,PETROL,275000.0,USED,40.9,2025-02-05
TOYOTA,COROLLA 114,1998,1970.0,MANUAL,DIESEL,297000.0,USED,27.25,2024-12-28
TOYOTA,COROLLA 121,2000,1598.0,AUTOMATIC,PETROL,275000.0,USED,51.95,2025-02-05
TOYOTA,COROLLA 121,2000,1500.0,AUTOMATIC,PETROL,275000.0,USED,54.9,2025-02-04
TOYOTA,COROLLA 121,2000,1500.0,AUTOMATIC,PETROL,275000.0,USED,54.9,2025-01-29
TOYOTA,COROLLA 121,2000,1500.0,AUTOMATIC,PETROL,275000.0,USED,53.214285714285715,2025-01-12
TOYOTA,COROLLA 121,2000,1500.0,AUTOMATIC,PETROL,275000.0,USED,54.5,2025-01-07
TOYOTA,COROLLA 121,2000,1599.0,AUTOMATIC,PETROL,275000.0,USED,52.5,2025-01-27
TOYOTA,COROLLA 121,2000,2000.0,AUTOMATIC,DIESEL,275000.0,USED,52.25,2024-12-06
TOYOTA,COROLLA 121,2000,1598.0,AUTOMATIC,PETROL,275000.0,USED,51.5,2024-12-04
TOYOTA,COROLLA 121,2001,1773.0,AUTOMATIC,PETROL,264000.0,USED,55.5,2025-02-04
TOYOTA,COROLLA 121,2001,2200.0,AUTOMATIC,DIESEL,264000.0,USED,54.0,2025-02-01
TOYOTA,COROLLA 121,2001,1500.0,AUTOMATIC,PETROL,264000.0,USED,53.25,2025-01-30
TOYOTA,COROLLA 121,2001,2180.0,AUTOMATIC,DIESEL,264000.0,USED,54.0,2025-01-15
TOYOTA,COROLLA 121,2001,2200.0,AUTOMATIC,DIESEL,264000.0,USED,55.5,2025-01-11
TOYOTA,COROLLA 121,2001,1500.0,AUTOMATIC,PETROL,264000.0,USED,54.0,2024-12-24
TOYOTA,COROLLA 121,2001,1500.0,AUTOMATIC,PETROL,264000.0,USED,60.0,2024-12-09
TOYOTA,COROLLA 121,2002,1500.0,AUTOMATIC,PETROL,253000.0,USED,64.5,2025-02-02
TOYOTA,COROLLA 121,2002,1500.0,AUTOMATIC,PETROL,253000.0,USED,49.75,2025-01-14
TOYOTA,COROLLA 121,2002,1500.0,AUTOMATIC,PETROL,253000.0,USED,62.0,2025-01-13
TOYOTA,COROLLA 121,2002,1500.0,AUTOMATIC,PETROL,253000.0,USED,52.5,2025-01-26
TOYOTA,COROLLA 121,2002,1773.0,AUTOMATIC,PETROL,253000.0,USED,58.0,2024-12-31
TOYOTA,COROLLA 121,2002,1500.0,AUTOMATIC,PETROL,253000.0,USED,59.0,2024-12-28
TOYOTA,COROLLA 121,2002,1500.0,AUTOMATIC,PETROL,253000.0,USED,59.0,2024-12-26
TOYOTA,COROLLA 121,2002,1500.0,AUTOMATIC,PETROL,253000.0,USED,59.5,2024-12-12
TOYOTA,COROLLA 121,2003,1500.0,AUTOMATIC,PETROL,242000.0,USED,53.58333333333333,2025-02-04
TOYOTA,COROLLA 121,2003,1300.0,MANUAL,PETROL,242000.0,USED,52.5,2025-01-30
TOYOTA,COROLLA 121,2003,1500.0,AUTOMATIC,PETROL,242000.0,USED,55.0,2025-01-09
TOYOTA,COROLLA 121,2003,1500.0,AUTOMATIC,PETROL,242000.0,USED,53.58333333333333,2025-01-23
TOYOTA,COROLLA 121,2003,1300.0,MANUAL,PETROL,242000.0,USED,46.0,2025-01-23
TOYOTA,COROLLA 121,2003,1300.0,MANUAL,PETROL,242000.0,USED,47.0,2025-01-01
TOYOTA,COROLLA 121,2003,1500.0,AUTOMATIC,PETROL,242000.0,USED,69.0,2024-12-24
TOYOTA,COROLLA 121,2003,1300.0,MANUAL,PETROL,242000.0,USED,52.0,2024-12-04
TOYOTA,COROLLA 121,2004,1500.0,AUTOMATIC,PETROL,231000.0,USED,52.0,2025-02-03
TOYOTA,COROLLA 121,2004,1500.0,AUTOMATIC,PETROL,231000.0,USED,56.81428571428572,2025-02-02
TOYOTA,COROLLA 121,2004,1500.0,AUTOMATIC,PETROL,231000.0,USED,54.75,2025-02-01
TOYOTA,COROLLA 121,2004,1300.0,AUTOMATIC,PETROL,231000.0,USED,52.45,2025-01-31
TOYOTA,COROLLA 121,2004,1500.0,AUTOMATIC,PETROL,231000.0,USED,52.0,2025-01-29
TOYOTA,COROLLA 121,2004,1500.0,AUTOMATIC,PETROL,231000.0,USED,64.5,2025-01-29
TOYOTA,COROLLA 121,2004,1500.0,AUTOMATIC,PETROL,231000.0,USED,52.0,2025-01-01
TOYOTA,COROLLA 121,2004,1500.0,AUTOMATIC,PETROL,231000.0,USED,70.0,2024-12-20
TOYOTA,COROLLA 121,2005,1300.0,AUTOMATIC,PETROL,220000.0,USED,60.30714285714286,2025-01-30
TOYOTA,COROLLA 121,2005,1300.0,MANUAL,PETROL,220000.0,USED,56.5,2025-01-18
TOYOTA,COROLLA 121,2005,1500.0,AUTOMATIC,PETROL,220000.0,USED,58.75,2025-01-28
TOYOTA,COROLLA 121,2005,1300.0,MANUAL,PETROL,220000.0,USED,56.5,2024-12-29
TOYOTA,COROLLA 121,2005,1300.0,MANUAL,PETROL,220000.0,USED,54.5,2024-12-14
TOYOTA,COROLLA 121,2005,1300.0,AUTOMATIC,PETROL,220000.0,USED,58.5,2024-12-13
TOYOTA,COROLLA 121,2005,1500.0,AUTOMATIC,PETROL,220000.0,USED,71.63392857142856,2024-12-09
TOYOTA,COROLLA 121,2005,1500.0,AUTOMATIC,PETROL,220000.0,USED,63.5,2024-12-04
TOYOTA,COROLLA 121,2006,1500.0,AUTOMATIC,PETROL,209000.0,USED,61.1,2025-02-01
TOYOTA,COROLLA 121,2006,1290.0,AUTOMATIC,PETROL,209000.0,USED,60.0,2025-01-12
TOYOTA,COROLLA 121,2006,1975.0,MANUAL,DIESEL,209000.0,USED,62.0,2025-01-26
TOYOTA,COROLLA 121,2006,1300.0,AUTOMATIC,PETROL,209000.0,USED,61.1,2025-01-25
TOYOTA,COROLLA 121,2006,1500.0,AUTOMATIC,PETROL,209000.0,USED,65.5,2024-12-30
TOYOTA,COROLLA 121,2006,1300.0,MANUAL,PETROL,209000.0,USED,52.5,2024-12-29
TOYOTA,COROLLA 121,2006,1500.0,AUTOMATIC,PETROL,209000.0,USED,65.5,2024-12-20
TOYOTA,COROLLA 121,2007,1500.0,AUTOMATIC,PETROL,198000.0,USED,62.0,2025-01-24
TOYOTA,COROLLA 121 G,2001,1500.0,AUTOMATIC,PETROL,264000.0,USED,52.9,2025-01-16
TOYOTA,COROLLA 121 G,2002,1500.0,AUTOMATIC,PETROL,253000.0,USED,54.5,2025-02-04
TOYOTA,COROLLA 121 G,2003,1490.0,AUTOMATIC,PETROL,242000.0,USED,63.0,2025-02-05
TOYOTA,COROLLA 121 G,2003,1490.0,AUTOMATIC,PETROL,242000.0,USED,63.5,2025-01-29
TOYOTA,COROLLA 121 G,2004,1500.0,AUTOMATIC,PETROL,231000.0,USED,57.5,2025-02-03
TOYOTA,COROLLA 121 G GRADE,2001,1500.0,MANUAL,PETROL,264000.0,USED,50.0,2025-02-05
TOYOTA,COROLLA 121 G GRADE,2001,1500.0,AUTOMATIC,PETROL,264000.0,USED,49.95,2025-01-31
TOYOTA,COROLLA 121 G GRADE,2002,1500.0,AUTOMATIC,PETROL,253000.0,USED,60.0,2025-01-12
TOYOTA,COROLLA 121 G GRADE,2003,1500.0,AUTOMATIC,PETROL,242000.0,USED,62.75,2025-01-10
TOYOTA,COROLLA 121 G GRADE,2003,1500.0,AUTOMATIC,PETROL,242000.0,USED,62.0,2024-12-25
TOYOTA,COROLLA 121 G GRADE,2003,1500.0,AUTOMATIC,PETROL,242000.0,USED,61.0,2024-12-18
TOYOTA,COROLLA 121 G GRADE,2003,1500.0,AUTOMATIC,PETROL,242000.0,USED,67.5,2024-12-04
TOYOTA,COROLLA 121 G GRADE,2004,1500.0,AUTOMATIC,PETROL,231000.0,USED,64.5,2025-01-21
TOYOTA,COROLLA 121 G GRADE NZE121,2001,1490.0,AUTOMATIC,PETROL,264000.0,USED,58.75,2025-01-03
TOYOTA,COROLLA 121 G TYPE,2002,1500.0,AUTOMATIC,PETROL,253000.0,USED,59.0,2025-02-05
TOYOTA,COROLLA 121 GLI,2001,1600.0,AUTOMATIC,PETROL,264000.0,USED,58.5,2025-01-16
TOYOTA,COROLLA 121 LX,2005,1500.0,AUTOMATIC,PETROL,220000.0,USED,59.9,2024-12-18
TOYOTA,COROLLA 121 LX LIMITED,2005,1500.0,AUTOMATIC,PETROL,220000.0,USED,59.5,2025-02-01
TOYOTA,COROLLA 121 LXI LIMITED,2003,1500.0,AUTOMATIC,PETROL,242000.0,USED,57.9,2025-02-04
TOYOTA,COROLLA 121 X,2002,1495.0,AUTOMATIC,PETROL,253000.0,USED,58.9,2025-02-05
TOYOTA,COROLLA 121 X,2003,1500.0,AUTOMATIC,PETROL,242000.0,USED,62.0,2025-02-02
TOYOTA,COROLLA 141,2007,1600.0,AUTOMATIC,PETROL,198000.0,USED,61.0,2025-02-05
TOYOTA,COROLLA 141,2007,1590.0,AUTOMATIC,PETROL,198000.0,USED,64.75,2025-02-04
TOYOTA,COROLLA 141,2007,1600.0,AUTOMATIC,PETROL,198000.0,USED,68.75,2025-02-03
TOYOTA,COROLLA 141,2007,1600.0,AUTOMATIC,PETROL,198000.0,USED,72.5,2025-01-28
TOYOTA,COROLLA 141,2007,2000.0,MANUAL,DIESEL,198000.0,USED,66.5,2025-01-03
TOYOTA,COROLLA 141,2007,1600.0,AUTOMATIC,PETROL,198000.0,USED,63.9,2024-12-28
TOYOTA,COROLLA 141,2007,1600.0,AUTOMATIC,PETROL,198000.0,USED,64.0,2024-12-21
TOYOTA,COROLLA 141,2007,1600.0,AUTOMATIC,PETROL,198000.0,USED,64.75,2024-12-09
TOYOTA,COROLLA 141,2007,1500.0,AUTOMATIC,PETROL,198000.0,USED,68.5,2024-12-04
TOYOTA,COROLLA 141,2008,1590.0,AUTOMATIC,PETROL,187000.0,USED,68.5,2025-02-04
TOYOTA,COROLLA 141,2008,1590.0,AUTOMATIC,PETROL,187000.0,USED,70.9,2025-02-02
TOYOTA,COROLLA 141,2008,1600.0,AUTOMATIC,PETROL,187000.0,USED,68.75,2025-02-02
TOYOTA,COROLLA 141,2008,1590.0,AUTOMATIC,PETROL,187000.0,USED,64.77380952380952,2025-02-01
TOYOTA,COROLLA 141,2008,1500.0,AUTOMATIC,PETROL,187000.0,USED,64.25,2025-01-31
TOYOTA,COROLLA 141,2008,1500.0,AUTOMATIC,PETROL,187000.0,USED,63.95,2025-01-31
TOYOTA,COROLLA 141,2008,1598.0,AUTOMATIC,PETROL,187000.0,USED,62.0,2025-01-30
TOYOTA,COROLLA 141,2008,1600.0,AUTOMATIC,PETROL,187000.0,USED,64.77380952380952,2025-01-11
TOYOTA,COROLLA 141,2008,2000.0,MANUAL,DIESEL,187000.0,USED,60.0,2025-01-26
TOYOTA,COROLLA 141,2008,2000.0,MANUAL,DIESEL,187000.0,USED,62.0,2025-01-25
TOYOTA,COROLLA 141,2008,1600.0,AUTOMATIC,PETROL,187000.0,USED,66.25,2025-01-22
TOYOTA,COROLLA 141,2008,1600.0,AUTOMATIC,PETROL,187000.0,USED,69.0,2025-01-20
TOYOTA,COROLLA 141,2008,2000.0,MANUAL,DIESEL,187000.0,USED,58.0,2025-01-04
TOYOTA,COROLLA 141,2008,1600.0,AUTOMATIC,PETROL,187000.0,USED,67.0,2025-01-03
TOYOTA,COROLLA 141,2008,1600.0,AUTOMATIC,PETROL,187000.0,USED,64.77380952380952,2025-01-02
TOYOTA,COROLLA 141,2008,1600.0,AUTOMATIC,PETROL,187000.0,USED,68.0,2024-12-25
TOYOTA,COROLLA 141,2008,1589.0,AUTOMATIC,PETROL,187000.0,USED,64.77380952380952,2024-12-25
TOYOTA,COROLLA 141,2008,1600.0,AUTOMATIC,PETROL,187000.0,USED,62.0,2024-12-23
TOYOTA,COROLLA 141,2008,1500.0,MANUAL,DIESEL,187000.0,USED,57.25,2024-12-23
TOYOTA,COROLLA 141,2008,1600.0,AUTOMATIC,PETROL,187000.0,USED,59.0,2024-12-22
TOYOTA,COROLLA 141,2008,1600.0,AUTOMATIC,PETROL,187000.0,USED,68.5,2024-12-20
TOYOTA,COROLLA 141,2008,1900.0,AUTOMATIC,PETROL,187000.0,USED,66.85,2024-12-19
TOYOTA,COROLLA 141,2008,1600.0,AUTOMATIC,PETROL,187000.0,USED,65.5,2024-12-14
TOYOTA,COROLLA 141,2008,1600.0,AUTOMATIC,PETROL,187000.0,USED,68.3,2024-12-12
TOYOTA,COROLLA 141,2008,1600.0,AUTOMATIC,PETROL,187000.0,USED,66.5,2024-12-09
TOYOTA,COROLLA 141,2008,1600.0,AUTOMATIC,PETROL,187000.0,USED,64.77380952380952,2024-12-05
TOYOTA,COROLLA 141,2010,1598.0,AUTOMATIC,PETROL,165000.0,USED,75.25,2025-02-05
TOYOTA,COROLLA 141,2010,1500.0,MANUAL,PETROL,165000.0,USED,65.9,2025-02-04
TOYOTA,COROLLA 141,2010,1500.0,AUTOMATIC,PETROL,165000.0,USED,75.25,2025-01-01
TOYOTA,COROLLA 141,2011,1600.0,AUTOMATIC,PETROL,154000.0,USED,75.25,2025-01-17
TOYOTA,COROLLA 141,2012,2000.0,MANUAL,DIESEL,143000.0,USED,75.25,2025-02-04
TOYOTA,COROLLA 141,2012,2000.0,MANUAL,DIESEL,143000.0,USED,75.25,2025-01-26
TOYOTA,COROLLA 141 LX,2008,1600.0,AUTOMATIC,PETROL,187000.0,USED,68.0,2025-02-02
TOYOTA,COROLLA 141 LX,2010,1600.0,AUTOMATIC,PETROL,165000.0,USED,87.9,2025-02-03
TOYOTA,COROLLA 141 LX,2010,1600.0,MANUAL,PETROL,165000.0,USED,87.9,2025-01-27
TOYOTA,COROLLA 141 LX LIMITED,2008,1600.0,AUTOMATIC,PETROL,187000.0,USED,68.75,2025-02-02
TOYOTA,COROLLA 2,1987,1300.0,MANUAL,PETROL,418000.0,USED,11.75,2024-12-14
TOYOTA,COROLLA 2,1987,1450.0,MANUAL,PETROL,418000.0,USED,12.95,2024-12-11
TOYOTA,COROLLA 2,1988,1500.0,MANUAL,DIESEL,407000.0,USED,17.5,2025-02-04
TOYOTA,COROLLA 2,1988,1500.0,MANUAL,DIESEL,407000.0,USED,15.5,2025-02-01
TOYOTA,COROLLA 2,1988,1500.0,MANUAL,DIESEL,407000.0,USED,15.5,2025-01-18
TOYOTA,COROLLA 2,1990,1450.0,MANUAL,DIESEL,385000.0,USED,24.325000000000003,2025-02-05
TOYOTA,COROLLA 2,1990,1450.0,MANUAL,PETROL,385000.0,USED,24.325000000000003,2025-02-04
TOYOTA,COROLLA 2,1990,1300.0,MANUAL,PETROL,385000.0,USED,15.85,2025-01-18
TOYOTA,COROLLA 2,1990,1450.0,MANUAL,DIESEL,385000.0,USED,13.75,2025-01-19
TOYOTA,COROLLA 2,1993,1500.0,MANUAL,DIESEL,352000.0,USED,12.5,2025-02-04
TOYOTA,COROLLA 2,1993,1500.0,MANUAL,PETROL,352000.0,USED,12.5,2024-12-24
TOYOTA,COROLLA 2,1995,1400.0,MANUAL,PETROL,330000.0,USED,24.325000000000003,2025-01-31
TOYOTA,COROLLA 2,1996,1500.0,MANUAL,DIESEL,319000.0,USED,17.5,2025-01-03
TOYOTA,COROLLA 2 1N TURBO,1988,1500.0,MANUAL,DIESEL,407000.0,USED,14.0,2025-02-02
TOYOTA,COROLLA 2 CORSA EL51,1997,1300.0,AUTOMATIC,PETROL,308000.0,USED,32.5,2025-01-19
TOYOTA,COROLLA 2 EL 31 CORSA,1989,1500.0,MANUAL,PETROL,396000.0,USED,14.25,2025-02-01
TOYOTA,COROLLA 2 STARLET MODIFIED,1993,1300.0,MANUAL,PETROL,352000.0,USED,20.5,2024-12-20
TOYOTA,COROLLA 2 WINDY,1992,1300.0,MANUAL,PETROL,363000.0,USED,20.75,2025-01-26
TOYOTA,COROLLA 2 WINDY,1992,1300.0,AUTOMATIC,PETROL,363000.0,USED,24.25,2025-01-02
TOYOTA,COROLLA 2 WINDY,1996,1300.0,AUTOMATIC,PETROL,319000.0,USED,26.25,2025-02-05
TOYOTA,COROLLA AE100,1991,1500.0,MANUAL,PETROL,374000.0,USED,23.75,2025-02-03
TOYOTA,COROLLA AE100,1991,1500.0,MANUAL,PETROL,374000.0,USED,21.95,2025-01-31
TOYOTA,COROLLA AE100,1991,1500.0,MANUAL,PETROL,374000.0,USED,24.25,2025-01-28
TOYOTA,COROLLA AE100,1991,1500.0,AUTOMATIC,PETROL,374000.0,USED,22.5,2025-01-25
TOYOTA,COROLLA AE100,1991,1500.0,MANUAL,PETROL,374000.0,USED,21.65,2024-12-07
TOYOTA,COROLLA AE100,1992,1970.0,MANUAL,DIESEL,363000.0,USED,24.0,2025-02-05
TOYOTA,COROLLA AE100,1992,1970.0,MANUAL,DIESEL,363000.0,USED,19.75,2025-02-05
TOYOTA,COROLLA AE100,1992,1500.0,MANUAL,PETROL,363000.0,USED,25.8,2025-02-04
TOYOTA,COROLLA AE100,1992,1300.0,MANUAL,PETROL,363000.0,USED,22.75,2025-01-13
TOYOTA,COROLLA AE100,1992,1500.0,MANUAL,PETROL,363000.0,USED,27.0,2025-01-12
TOYOTA,COROLLA AE100,1992,1300.0,MANUAL,PETROL,363000.0,USED,19.0,2025-01-12
TOYOTA,COROLLA AE100,1992,1300.0,MANUAL,PETROL,363000.0,USED,20.7,2025-01-10
TOYOTA,COROLLA AE100,1992,1500.0,MANUAL,PETROL,363000.0,USED,26.5,2024-12-27
TOYOTA,COROLLA AE100,1993,1330.0,MANUAL,PETROL,352000.0,USED,24.0,2025-02-05
TOYOTA,COROLLA AE100,1993,1300.0,MANUAL,PETROL,352000.0,USED,19.5,2025-01-31
TOYOTA,COROLLA AE100,1993,1500.0,MANUAL,PETROL,352000.0,USED,24.5,2025-01-05
TOYOTA,COROLLA AE100,1993,2000.0,MANUAL,DIESEL,352000.0,USED,24.5,2025-01-25
TOYOTA,COROLLA AE100,1993,1500.0,MANUAL,PETROL,352000.0,USED,24.0,2024-12-08
TOYOTA,COROLLA AE100,1993,1500.0,MANUAL,PETROL,352000.0,USED,23.75,2024-12-05
TOYOTA,COROLLA AE100,1995,1500.0,MANUAL,PETROL,330000.0,USED,17.0,2025-02-03
TOYOTA,COROLLA AE100,1995,1500.0,MANUAL,PETROL,330000.0,USED,19.75,2024-12-20
TOYOTA,COROLLA AE100,1996,1490.0,MANUAL,PETROL,319000.0,USED,26.0,2025-01-20
TOYOTA,COROLLA AE100 G TOURING,2001,1500.0,AUTOMATIC,PETROL,264000.0,USED,34.0,2024-12-17
TOYOTA,COROLLA AE100 LX LIMITED,1991,1500.0,MANUAL,PETROL,374000.0,USED,23.75,2025-01-21
TOYOTA,COROLLA AE100 SE LIMITED,1992,1500.0,MANUAL,PETROL,363000.0,USED,12.3456792,2025-01-23
TOYOTA,COROLLA AE110,1995,1500.0,AUTOMATIC,PETROL,330000.0,USED,43.9,2025-02-05
TOYOTA,COROLLA AE110,1995,1490.0,AUTOMATIC,PETROL,330000.0,USED,36.95,2025-02-04
TOYOTA,COROLLA AE110,1995,1490.0,AUTOMATIC,PETROL,330000.0,USED,36.95,2025-01-07
TOYOTA,COROLLA AE110,1995,1500.0,MANUAL,PETROL,330000.0,USED,30.0,2024-12-13
TOYOTA,COROLLA AE110,1996,1500.0,AUTOMATIC,PETROL,319000.0,USED,32.75,2025-02-05
TOYOTA,COROLLA AE110,1996,1500.0,MANUAL,PETROL,319000.0,USED,28.0,2025-02-05
TOYOTA,COROLLA AE110,1997,1500.0,AUTOMATIC,PETROL,308000.0,USED,39.25,2025-02-05
TOYOTA,COROLLA AE110,1997,1500.0,AUTOMATIC,PETROL,308000.0,USED,31.75,2025-02-05
TOYOTA,COROLLA AE110,1997,1500.0,AUTOMATIC,PETROL,308000.0,USED,37.425,2025-01-31
TOYOTA,COROLLA AE110,1997,1500.0,AUTOMATIC,PETROL,308000.0,USED,39.75,2025-01-13
TOYOTA,COROLLA AE110,1997,1500.0,AUTOMATIC,PETROL,308000.0,USED,38.95,2024-12-21
TOYOTA,COROLLA AE110,1998,1500.0,AUTOMATIC,PETROL,297000.0,USED,47.0,2025-02-04
TOYOTA,COROLLA AE110,1998,1500.0,AUTOMATIC,PETROL,297000.0,USED,47.0,2025-01-01
TOYOTA,COROLLA AE110,1999,1500.0,AUTOMATIC,PETROL,286000.0,USED,47.0,2025-02-05
TOYOTA,COROLLA AE110,1999,1500.0,AUTOMATIC,PETROL,286000.0,USED,43.2875,2025-02-05
TOYOTA,COROLLA AE110,1999,1330.0,AUTOMATIC,PETROL,286000.0,USED,41.25,2025-02-02
TOYOTA,COROLLA AE110,1999,1490.0,MANUAL,PETROL,286000.0,USED,44.9,2025-02-01
TOYOTA,COROLLA AE110,1999,1500.0,AUTOMATIC,PETROL,286000.0,USED,40.0,2024-12-24
TOYOTA,COROLLA AE110,2000,1500.0,MANUAL,PETROL,275000.0,USED,44.5,2025-02-02
TOYOTA,COROLLA AE110,2003,1587.0,MANUAL,PETROL,242000.0,USED,37.5,2025-02-04
TOYOTA,COROLLA AE110,2008,1500.0,AUTOMATIC,PETROL,187000.0,USED,43.95,2025-02-01
TOYOTA,COROLLA AE110,2008,1500.0,AUTOMATIC,PETROL,187000.0,USED,43.95,2025-01-31
TOYOTA,COROLLA AE110 G GRADE,1997,1500.0,AUTOMATIC,PETROL,308000.0,USED,33.5,2025-02-01
TOYOTA,COROLLA AE110 L GRADE,2008,1500.0,AUTOMATIC,PETROL,187000.0,USED,47.5,2025-01-30
TOYOTA,COROLLA AE110 RIVIERE,1999,1500.0,AUTOMATIC,PETROL,286000.0,USED,47.5,2025-02-05
TOYOTA,COROLLA AE110 SE LIMITED,2008,1500.0,AUTOMATIC,PETROL,187000.0,USED,39.25,2025-01-11
TOYOTA,COROLLA AE110 XE SALOON,1995,1500.0,AUTOMATIC,PETROL,330000.0,USED,31.9,2025-02-05
TOYOTA,COROLLA AE110 XE SALOON,1997,1500.0,AUTOMATIC,PETROL,308000.0,USED,39.5,2025-01-27
TOYOTA,COROLLA AE80,1984,1300.0,MANUAL,PETROL,451000.0,USED,8.75,2025-01-12
TOYOTA,COROLLA AE80,1984,1300.0,MANUAL,PETROL,451000.0,USED,12.0,2025-01-11
TOYOTA,COROLLA AE80,1985,1290.0,MANUAL,PETROL,440000.0,USED,10.0,2025-02-05
TOYOTA,COROLLA AE80,1986,1300.0,MANUAL,PETROL,429000.0,USED,8.2,2025-01-15
TOYOTA,COROLLA AE80,1986,1300.0,MANUAL,PETROL,429000.0,USED,10.5,2025-01-05
TOYOTA,COROLLA AE81,1984,1450.0,MANUAL,PETROL,451000.0,USED,8.9,2025-01-11
TOYOTA,COROLLA AE81,1984,1500.0,MANUAL,PETROL,451000.0,USED,10.2,2024-12-17
TOYOTA,COROLLA AE81,1985,1500.0,MANUAL,PETROL,440000.0,USED,7.8,2025-02-03
TOYOTA,COROLLA AE82 GT,1986,1600.0,MANUAL,PETROL,429000.0,USED,32.0,2025-02-04
TOYOTA,COROLLA AE91,1987,1490.0,MANUAL,PETROL,418000.0,USED,16.5,2025-01-14
TOYOTA,COROLLA AE91,1988,1500.0,MANUAL,PETROL,407000.0,USED,10.65,2025-01-03
TOYOTA,COROLLA AE91,1989,1500.0,MANUAL,PETROL,396000.0,USED,14.7,2025-02-04
TOYOTA,COROLLA AE91 SE LIMITED G,1991,1500.0,MANUAL,PETROL,374000.0,USED,23.0,2025-01-11
TOYOTA,COROLLA CE 108 L EXTRA,1997,2000.0,AUTOMATIC,DIESEL,308000.0,USED,29.5,2025-01-24
TOYOTA,COROLLA CE100,1992,1995.0,MANUAL,DIESEL,363000.0,USED,26.9,2025-01-22
TOYOTA,COROLLA CE106,1996,2000.0,AUTOMATIC,DIESEL,319000.0,USED,23.5,2025-02-04
TOYOTA,COROLLA CE108,1998,1960.0,AUTOMATIC,DIESEL,297000.0,USED,29.75,2024-12-20
TOYOTA,COROLLA CE110,1996,2000.0,AUTOMATIC,DIESEL,319000.0,USED,27.5,2025-01-21
TOYOTA,COROLLA CE110,1997,2000.0,AUTOMATIC,DIESEL,308000.0,USED,31.9,2025-02-01
TOYOTA,COROLLA CE110,1997,2000.0,AUTOMATIC,DIESEL,308000.0,USED,28.75,2025-01-24
TOYOTA,COROLLA CE110,1999,2000.0,MANUAL,DIESEL,286000.0,USED,35.0,2025-02-03
TOYOTA,COROLLA CE110,2001,2000.0,MANUAL,DIESEL,264000.0,USED,31.5,2025-01-26
TOYOTA,COROLLA CE110 L GRADE,1998,2000.0,AUTOMATIC,DIESEL,297000.0,USED,39.0,2025-02-01
TOYOTA,COROLLA CE110 XE SALOON,1997,1970.0,AUTOMATIC,DIESEL,308000.0,USED,37.9,2025-02-05
TOYOTA,COROLLA CE110 XE SALOON,1997,1970.0,AUTOMATIC,DIESEL,308000.0,USED,37.9,2025-01-18
TOYOTA,COROLLA CE90,1990,1830.0,MANUAL,DIESEL,385000.0,USED,15.884375,2025-02-02
TOYOTA,COROLLA CE90,1990,1830.0,MANUAL,DIESEL,385000.0,USED,16.059375000000003,2025-02-01
TOYOTA,COROLLA CE90,1990,1500.0,MANUAL,DIESEL,385000.0,USED,15.95,2025-01-03
TOYOTA,COROLLA CE90,1991,1032.0,MANUAL,DIESEL,374000.0,USED,15.95,2025-01-29
TOYOTA,COROLLA CE90,1991,1500.0,MANUAL,DIESEL,374000.0,USED,15.975,2025-01-28
TOYOTA,COROLLA CE90,1991,1500.0,MANUAL,DIESEL,374000.0,USED,16.0,2024-12-09
TOYOTA,COROLLA CE96,1989,2000.0,MANUAL,DIESEL,396000.0,USED,16.9,2025-02-05
TOYOTA,COROLLA CE96 WAGON,1994,1850.0,MANUAL,DIESEL,341000.0,USED,16.8,2024-12-29
TOYOTA,COROLLA DX,1986,1300.0,MANUAL,PETROL,429000.0,USED,9.5,2024-12-20
TOYOTA,COROLLA DX,1991,1300.0,MANUAL,PETROL,374000.0,USED,14.0,2024-12-23
TOYOTA,COROLLA DX,1994,1500.0,MANUAL,PETROL,341000.0,USED,24.5,2025-02-05
TOYOTA,COROLLA DX,1996,1500.0,MANUAL,PETROL,319000.0,USED,24.5,2024-12-10
TOYOTA,COROLLA DX EE96 AC PS PM,1989,1300.0,MANUAL,PETROL,396000.0,USED,14.75,2025-02-03
TOYOTA,COROLLA DX KE72,1986,1300.0,MANUAL,PETROL,429000.0,USED,6.25,2025-01-17
TOYOTA,COROLLA DX KE74,1986,1480.0,MANUAL,PETROL,429000.0,USED,13.0,2025-02-02
TOYOTA,COROLLA DX WAGON,1984,1500.0,MANUAL,PETROL,451000.0,USED,9.5,2025-02-02
TOYOTA,COROLLA DX WAGON,1984,1300.0,MANUAL,PETROL,451000.0,USED,13.0,2025-01-26
TOYOTA,COROLLA DX WAGON,1986,1500.0,MANUAL,PETROL,429000.0,USED,10.4,2025-02-03
TOYOTA,COROLLA DX WAGON,1987,1300.0,MANUAL,PETROL,418000.0,USED,13.5,2025-02-05
TOYOTA,COROLLA DX WAGON,1987,1300.0,MANUAL,PETROL,418000.0,USED,12.8,2025-01-28
TOYOTA,COROLLA DX WAGON,1987,1500.0,MANUAL,PETROL,418000.0,USED,15.1,2025-01-13
TOYOTA,COROLLA DX WAGON,1987,1500.0,MANUAL,PETROL,418000.0,USED,15.1,2025-01-03
TOYOTA,COROLLA DX WAGON,1987,1420.0,MANUAL,PETROL,418000.0,USED,12.75,2024-12-13
TOYOTA,COROLLA DX WAGON,1987,1500.0,MANUAL,PETROL,418000.0,USED,9.125,2024-12-11
TOYOTA,COROLLA DX WAGON,1989,1300.0,MANUAL,PETROL,396000.0,USED,11.75,2025-02-02
TOYOTA,COROLLA DX WAGON,1989,1470.0,MANUAL,PETROL,396000.0,NEW,12.9,2025-01-13
TOYOTA,COROLLA DX WAGON,1989,1500.0,MANUAL,PETROL,396000.0,NEW,12.5,2025-01-25
TOYOTA,COROLLA DX WAGON,1996,1500.0,AUTOMATIC,PETROL,319000.0,USED,16.125,2024-12-17
TOYOTA,COROLLA DX WAGON EE106,1991,1300.0,AUTOMATIC,PETROL,374000.0,USED,22.0,2025-01-30
TOYOTA,COROLLA DX WAGON EE96,1989,1300.0,MANUAL,PETROL,396000.0,USED,15.0,2025-01-31
TOYOTA,COROLLA DX WAGON EE98,1991,1500.0,MANUAL,PETROL,374000.0,USED,20.75,2025-02-01
TOYOTA,COROLLA DX WAGON KE72 HIGH ROOF,1985,1200.0,MANUAL,PETROL,440000.0,USED,9.25,2025-01-31
TOYOTA,COROLLA DX WAGON KE74,1986,1500.0,MANUAL,PETROL,429000.0,USED,8.0,2024-12-08
TOYOTA,COROLLA E80,1996,1350.0,MANUAL,PETROL,319000.0,USED,10.0,2025-01-17
TOYOTA,COROLLA EE100R,1993,1300.0,MANUAL,PETROL,352000.0,USED,25.3,2025-01-12
TOYOTA,COROLLA EE102,1997,1500.0,MANUAL,PETROL,308000.0,USED,22.75,2025-01-24
TOYOTA,COROLLA EE110,1997,1300.0,MANUAL,PETROL,308000.0,USED,33.5,2024-12-05
TOYOTA,COROLLA EE111,1997,1330.0,AUTOMATIC,PETROL,308000.0,USED,33.0,2025-01-31
TOYOTA,COROLLA EE111,2000,1330.0,AUTOMATIC,PETROL,275000.0,USED,37.9,2025-02-03
TOYOTA,COROLLA EE90,1988,1330.0,MANUAL,PETROL,407000.0,USED,14.5,2024-12-10
TOYOTA,COROLLA EE90,1990,1300.0,MANUAL,PETROL,385000.0,USED,16.0,2024-12-28
TOYOTA,COROLLA EE96,1989,1300.0,MANUAL,PETROL,396000.0,USED,14.75,2025-02-01
TOYOTA,COROLLA EE96,1989,1300.0,MANUAL,PETROL,396000.0,USED,15.5,2025-01-28
TOYOTA,COROLLA EE96,1991,1300.0,MANUAL,PETROL,374000.0,USED,17.5,2025-01-12
TOYOTA,COROLLA EE96 DX WAGON,1988,1300.0,MANUAL,PETROL,407000.0,USED,16.5,2025-01-13
TOYOTA,COROLLA EE98,1997,1500.0,MANUAL,PETROL,308000.0,USED,14.75,2025-01-30
TOYOTA,COROLLA ELEPHANT BACK,1995,1500.0,MANUAL,PETROL,330000.0,USED,23.0,2024-12-12
TOYOTA,COROLLA ELEPHANT BACK CE 108,1997,1970.0,AUTOMATIC,DIESEL,308000.0,USED,31.4,2025-01-25
TOYOTA,COROLLA ELEPHANT BACK CE106,1996,2000.0,MANUAL,DIESEL,319000.0,USED,23.0,2024-12-27
TOYOTA,COROLLA ELEPHANT BACK EE103,1996,1500.0,MANUAL,PETROL,319000.0,USED,23.8,2025-02-04
TOYOTA,COROLLA ELEPHANT BACK EE103,2000,1500.0,AUTOMATIC,PETROL,275000.0,USED,31.9,2025-02-02
TOYOTA,COROLLA ELEPHANT BACK EE105,1993,1330.0,MANUAL,PETROL,352000.0,USED,19.8,2025-02-04
TOYOTA,COROLLA ELEPHANT BACK G TOURING,1998,2000.0,AUTOMATIC,DIESEL,297000.0,USED,25.5,2025-01-05
TOYOTA,COROLLA ELEPHANT BACK WAGON,1996,1300.0,AUTOMATIC,PETROL,319000.0,USED,26.0,2025-02-01
TOYOTA,COROLLA FIELDER,2013,1500.0,AUTOMATIC,HYBRID,132000.0,USED,84.5,2024-12-15
TOYOTA,COROLLA G EDITION,1991,1300.0,MANUAL,PETROL,374000.0,USED,16.9,2025-02-04
TOYOTA,COROLLA G TOURING,2002,1500.0,MANUAL,PETROL,253000.0,USED,32.0,2025-01-27
TOYOTA,COROLLA GL WAGON EE 98 V,1991,1500.0,MANUAL,PETROL,374000.0,USED,16.5,2024-12-04
TOYOTA,COROLLA KE 74,1985,1500.0,MANUAL,PETROL,440000.0,USED,7.0,2025-01-11
TOYOTA,COROLLA KE50,1976,1200.0,MANUAL,PETROL,539000.0,USED,12.7,2025-01-04
TOYOTA,COROLLA KE70,1979,1300.0,MANUAL,PETROL,506000.0,USED,7.5,2025-01-20
TOYOTA,COROLLA KE72,1983,1300.0,MANUAL,PETROL,462000.0,USED,8.45,2025-01-06
TOYOTA,COROLLA KE72,1984,1400.0,MANUAL,PETROL,451000.0,USED,7.95,2025-01-12
TOYOTA,COROLLA KE72,1984,1300.0,MANUAL,PETROL,451000.0,USED,7.95,2024-12-15
TOYOTA,COROLLA KE72,1986,1290.0,MANUAL,PETROL,429000.0,USED,11.0,2025-01-22
TOYOTA,COROLLA KE72,1988,1300.0,MANUAL,PETROL,407000.0,USED,12.5,2025-02-05
TOYOTA,COROLLA KE72 DX WAGON,1989,1300.0,MANUAL,PETROL,396000.0,USED,10.9,2025-02-04
TOYOTA,COROLLA KE74,1986,1500.0,MANUAL,PETROL,429000.0,USED,9.0,2024-12-09
TOYOTA,COROLLA LIMITED,1993,1980.0,AUTOMATIC,DIESEL,352000.0,USED,22.5,2025-01-21
TOYOTA,COROLLA LX,1997,1970.0,AUTOMATIC,DIESEL,308000.0,USED,26.0,2024-12-19
TOYOTA,COROLLA NZE121,2002,1490.0,AUTOMATIC,PETROL,253000.0,USED,56.0,2025-01-07
TOYOTA,COROLLA SAI,2010,2300.0,AUTOMATIC,HYBRID,165000.0,USED,89.5,2025-02-04
TOYOTA,COROLLA SPRINTER,1997,1500.0,MANUAL,PETROL,308000.0,USED,23.5,2025-01-17
TOYOTA,COROLLA SPRINTER,1997,2000.0,AUTOMATIC,DIESEL,308000.0,USED,34.5,2025-01-15
TOYOTA,COROLLA SPRINTER,1997,1330.0,AUTOMATIC,PETROL,308000.0,USED,30.75,2025-01-21
TOYOTA,COROLLA SPRINTER,2000,1300.0,AUTOMATIC,PETROL,275000.0,USED,43.0,2025-02-04
TOYOTA,COROLLA SPRINTER 110,1995,1400.0,AUTOMATIC,PETROL,330000.0,USED,30.9,2025-01-31
TOYOTA,COROLLA SPRINTER 110,1996,1300.0,AUTOMATIC,PETROL,319000.0,USED,28.9,2025-01-31
TOYOTA,COROLLA SPRINTER 110,1997,1500.0,AUTOMATIC,PETROL,308000.0,USED,30.9,2025-02-05
TOYOTA,COROLLA WAGON,1991,1300.0,MANUAL,PETROL,374000.0,USED,20.45,2025-01-28
TOYOTA,COROLLA WAGON,1991,1300.0,MANUAL,PETROL,374000.0,USED,17.75,2024-12-16
TOYOTA,COROLLA WAGON,1995,1970.0,AUTOMATIC,DIESEL,330000.0,USED,24.5,2025-01-29
TOYOTA,COROLLA WAGON,1996,1800.0,MANUAL,DIESEL,319000.0,USED,24.5,2025-01-04
TOYOTA,COROLLA WAGON,2000,2000.0,MANUAL,DIESEL,275000.0,USED,26.9,2025-02-02
TOYOTA,COROLLA WAGON 103,1997,1490.0,AUTOMATIC,PETROL,308000.0,USED,31.0,2024-12-04
TOYOTA,COROLLA WAGON CE 108,1998,2000.0,AUTOMATIC,DIESEL,297000.0,USED,25.9,2025-02-05
TOYOTA,COROLLA WAGON CE100,1997,2000.0,AUTOMATIC,DIESEL,308000.0,USED,33.75,2025-02-02
TOYOTA,COROLLA WAGON EE96,1992,1300.0,MANUAL,PETROL,363000.0,USED,15.9,2025-01-01
TOYOTA,COROLLA WAGON ELEPHANT BACK,2000,2000.0,MANUAL,DIESEL,275000.0,USED,26.9,2025-01-06
TOYOTA,COROLLA WAGON ELEPHANTBACK,2000,2000.0,MANUAL,DIESEL,275000.0,USED,26.9,2025-01-30
TOYOTA,COROLLA XE SALOON,1991,1500.0,MANUAL,PETROL,374000.0,USED,22.0,2025-01-30
TOYOTA,COROLLANZE121 G GRADE,2001,1500.0,AUTOMATIC,PETROL,264000.0,USED,53.95,2025-01-17
TOYOTA,CORONA,1977,1900.0,MANUAL,PETROL,528000.0,USED,11.0,2025-01-25
TOYOTA,CORONA,1984,1500.0,MANUAL,PETROL,24563.0,USED,9.5,2026-09-23
TOYOTA,CORONA,1985,1450.0,MANUAL,PETROL,440000.0,USED,10.5,2025-01-13
TOYOTA,CORONA,1985,1500.0,MANUAL,PETROL,440000.0,USED,5.5,2024-12-24
TOYOTA,CORONA,1986,1500.0,MANUAL,PETROL,429000.0,USED,8.8,2025-01-11
TOYOTA,CORONA,1986,1500.0,MANUAL,PETROL,429000.0,USED,7.0,2024-12-25
TOYOTA,CORONA,1987,1450.0,MANUAL,PETROL,418000.0,USED,10.25,2025-01-31
TOYOTA,CORONA,1987,1500.0,MANUAL,PETROL,418000.0,USED,8.5,2025-01-13
TOYOTA,CORONA,1987,1800.0,MANUAL,PETROL,418000.0,USED,8.75,2024-12-30
TOYOTA,CORONA,1988,1400.0,MANUAL,PETROL,407000.0,USED,6.0,2025-01-31
TOYOTA,CORONA,1990,1970.0,MANUAL,DIESEL,385000.0,USED,14.75,2025-02-05
TOYOTA,CORONA,1991,1490.0,MANUAL,PETROL,374000.0,USED,16.75,2025-02-02
TOYOTA,CORONA,1991,2000.0,MANUAL,DIESEL,374000.0,USED,17.5,2025-01-31
TOYOTA,CORONA,1992,2000.0,MANUAL,DIESEL,363000.0,USED,23.5,2025-01-18
TOYOTA,CORONA,1992,1970.0,MANUAL,DIESEL,363000.0,USED,22.75,2025-01-13
TOYOTA,CORONA,1993,1970.0,MANUAL,DIESEL,352000.0,USED,18.5,2025-02-04
TOYOTA,CORONA,1993,1500.0,MANUAL,PETROL,352000.0,USED,16.5,2025-01-17
TOYOTA,CORONA,1994,2000.0,AUTOMATIC,DIESEL,341000.0,USED,23.0,2025-01-26
TOYOTA,CORONA,1994,1970.0,MANUAL,DIESEL,341000.0,USED,23.0,2025-01-22
TOYOTA,CORONA,1996,1760.0,MANUAL,PETROL,319000.0,USED,37.5,2024-12-22
TOYOTA,CORONA,1996,1760.0,AUTOMATIC,PETROL,319000.0,USED,30.0,2024-12-20
TOYOTA,CORONA,1997,1300.0,MANUAL,PETROL,308000.0,USED,13.5,2025-02-04
TOYOTA,CORONA,1997,2000.0,AUTOMATIC,DIESEL,308000.0,USED,37.5,2024-12-19
TOYOTA,CORONA,1997,1720.0,AUTOMATIC,DIESEL,308000.0,USED,25.5,2024-12-18
TOYOTA,CORONA,1998,1900.0,AUTOMATIC,DIESEL,297000.0,USED,18.5,2024-12-09
TOYOTA,CORONA,2000,1970.0,MANUAL,DIESEL,275000.0,NEW,11.9,2025-01-04
TOYOTA,CORONA 190,1992,2000.0,MANUAL,DIESEL,363000.0,USED,23.5,2025-01-16
TOYOTA,CORONA 190,1993,2000.0,AUTOMATIC,DIESEL,352000.0,USED,26.5,2025-02-01
TOYOTA,CORONA AE170,1989,1500.0,MANUAL,PETROL,396000.0,USED,13.75,2025-01-12
TOYOTA,CORONA AT 150,1984,1452.0,MANUAL,PETROL,451000.0,USED,7.75,2025-01-29
TOYOTA,CORONA AT 170,1989,1490.0,MANUAL,PETROL,396000.0,USED,17.5,2025-02-03
TOYOTA,CORONA AT 190,1995,1600.0,MANUAL,PETROL,330000.0,USED,10.75,2024-12-30
TOYOTA,CORONA AT150,1985,1500.0,MANUAL,PETROL,440000.0,USED,10.5,2025-01-27
TOYOTA,CORONA AT150,1987,1500.0,MANUAL,PETROL,418000.0,USED,9.0,2024-12-22
TOYOTA,CORONA AT170,1989,1500.0,AUTOMATIC,PETROL,396000.0,USED,17.75,2025-02-04
TOYOTA,CORONA AT170,1989,1490.0,MANUAL,PETROL,396000.0,USED,17.75,2025-01-23
TOYOTA,CORONA AT170,1990,1500.0,MANUAL,PETROL,385000.0,USED,18.5,2025-01-22
TOYOTA,CORONA AT170,1991,1500.0,MANUAL,PETROL,374000.0,USED,18.5,2025-01-19
TOYOTA,CORONA CT 170,1989,1950.0,MANUAL,DIESEL,396000.0,USED,17.5,2025-02-05
TOYOTA,CORONA CT 170,1994,2000.0,AUTOMATIC,DIESEL,341000.0,USED,16.9,2025-01-11
TOYOTA,CORONA CT 190,1993,2000.0,AUTOMATIC,DIESEL,352000.0,USED,23.75,2025-01-29
TOYOTA,CORONA CT 190,1994,1970.0,AUTOMATIC,DIESEL,341000.0,USED,21.75,2025-02-02
TOYOTA,CORONA CT 190 JDM,1994,2000.0,AUTOMATIC,DIESEL,341000.0,USED,16.75,2025-02-05
TOYOTA,CORONA CT190,1992,2000.0,MANUAL,DIESEL,363000.0,USED,23.5,2025-02-03
TOYOTA,CORONA CT190,1994,2000.0,MANUAL,DIESEL,341000.0,USED,22.95,2024-12-14
TOYOTA,CORONA ET176V,1991,1450.0,MANUAL,PETROL,374000.0,USED,19.5,2025-01-30
TOYOTA,CORONA GX SALOON,1991,2000.0,MANUAL,DIESEL,374000.0,USED,20.75,2025-01-04
TOYOTA,CORONA PREMIO,1996,1970.0,AUTOMATIC,DIESEL,319000.0,USED,34.25,2025-01-18
TOYOTA,CORONA PREMIO,1996,2000.0,AUTOMATIC,DIESEL,319000.0,USED,32.5,2024-12-31
TOYOTA,CORONA PREMIO,1996,1970.0,AUTOMATIC,DIESEL,319000.0,USED,36.0,2024-12-16
TOYOTA,CORONA PREMIO,1997,1900.0,AUTOMATIC,DIESEL,308000.0,USED,42.0,2025-01-04
TOYOTA,CORONA PREMIO,1997,1970.0,AUTOMATIC,DIESEL,308000.0,USED,42.0,2024-12-16
TOYOTA,CORONA PREMIO,1999,1970.0,AUTOMATIC,DIESEL,286000.0,USED,31.75,2025-02-03
TOYOTA,CORONA PREMIO,1999,1800.0,AUTOMATIC,PETROL,286000.0,USED,45.0,2025-02-01
TOYOTA,CORONA PREMIO,1999,1800.0,AUTOMATIC,PETROL,286000.0,USED,38.375,2025-01-29
TOYOTA,CORONA PREMIO,1999,1898.0,AUTOMATIC,PETROL,286000.0,USED,38.375,2025-01-26
TOYOTA,CORONA PREMIO,2001,1800.0,AUTOMATIC,PETROL,264000.0,USED,44.8,2025-02-04
TOYOTA,CORONA PREMIO 1 8,1999,1760.0,AUTOMATIC,PETROL,286000.0,USED,42.75,2025-01-31
TOYOTA,CORONA PREMIO AT211,1999,1760.0,AUTOMATIC,PETROL,286000.0,USED,36.75,2024-12-31
TOYOTA,CORONA RX10,1972,1700.0,MANUAL,PETROL,583000.0,USED,10.75,2025-01-12
TOYOTA,CORSA,1985,1300.0,MANUAL,PETROL,440000.0,USED,8.9,2025-02-02
TOYOTA,CORSA,1986,1300.0,MANUAL,PETROL,429000.0,USED,9.5,2024-12-11
TOYOTA,CORSA,1987,1300.0,MANUAL,PETROL,418000.0,USED,8.75,2025-01-26
TOYOTA,CORSA,1990,1300.0,MANUAL,PETROL,385000.0,USED,8.75,2024-12-24
TOYOTA,CORSA,1990,1500.0,MANUAL,DIESEL,385000.0,USED,8.75,2024-12-08
TOYOTA,CORSA,1992,1200.0,MANUAL,DIESEL,363000.0,USED,14.5,2025-01-13
TOYOTA,CORSA,1996,1500.0,AUTOMATIC,DIESEL,319000.0,USED,30.95,2025-02-05
TOYOTA,CORSA,1996,1330.0,MANUAL,PETROL,319000.0,USED,24.8,2025-02-01
TOYOTA,CORSA,1996,1490.0,AUTOMATIC,PETROL,319000.0,USED,27.875,2025-01-25
TOYOTA,CORSA,1997,1300.0,MANUAL,PETROL,308000.0,USED,29.9,2025-02-02
TOYOTA,CORSA,1997,1300.0,AUTOMATIC,PETROL,308000.0,USED,26.9,2025-02-01
TOYOTA,CORSA,1997,1300.0,AUTOMATIC,PETROL,308000.0,USED,31.0,2025-01-29
TOYOTA,CORSA,1997,1347.0,MANUAL,PETROL,308000.0,USED,29.266666666666666,2025-01-18
TOYOTA,CORSA,1998,1500.0,AUTOMATIC,DIESEL,297000.0,USED,28.75,2025-01-17
TOYOTA,CORSA,1998,1300.0,AUTOMATIC,PETROL,297000.0,USED,25.5,2024-12-04
TOYOTA,CORSA,1999,1330.0,AUTOMATIC,PETROL,286000.0,USED,25.75,2025-02-05
TOYOTA,CORSA,1999,1300.0,AUTOMATIC,PETROL,286000.0,USED,35.9,2025-02-04
TOYOTA,CORSA,1999,1300.0,AUTOMATIC,PETROL,286000.0,USED,25.75,2025-02-02
TOYOTA,CORSA,1999,1300.0,AUTOMATIC,PETROL,286000.0,USED,29.13333333333333,2025-01-24
TOYOTA,CORSA,2000,1450.0,AUTOMATIC,DIESEL,275000.0,USED,36.75,2025-02-02
TOYOTA,CORSA COROLLA 2,1999,1330.0,AUTOMATIC,PETROL,286000.0,USED,25.75,2025-01-29
TOYOTA,CORSA EL51,1996,1330.0,AUTOMATIC,PETROL,319000.0,USED,34.75,2025-01-22
TOYOTA,CORSA EL51,1996,1300.0,MANUAL,PETROL,319000.0,USED,22.9,2024-12-29
TOYOTA,CORSA HATCH BACK,1987,1300.0,MANUAL,PETROL,418000.0,USED,15.25,2025-01-21
TOYOTA,CROWN,1981,2300.0,MANUAL,DIESEL,484000.0,USED,16.0,2025-01-06
TOYOTA,CROWN,1983,2200.0,AUTOMATIC,DIESEL,462000.0,USED,16.0,2025-01-22
TOYOTA,CROWN,1983,2970.0,MANUAL,DIESEL,462000.0,USED,17.5,2024-12-16
TOYOTA,CROWN,2007,3000.0,AUTOMATIC,PETROL,198000.0,USED,110.0,2025-01-07
TOYOTA,CROWN,2008,3500.0,AUTOMATIC,PETROL,187000.0,USED,145.0,2025-01-31
TOYOTA,CROWN,2010,2500.0,AUTOMATIC,PETROL,67000.0,USED,137.5,2026-09-24
TOYOTA,CROWN,2015,2500.0,AUTOMATIC,HYBRID,110000.0,USED,316.0625,2024-12-25
TOYOTA,CROWN,2025,2500.0,AUTOMATIC,PETROL,600.0,USED,495.0,2026-09-24
TOYOTA,CROWN,2026,2500.0,AUTOMATIC,HYBRID,0.0,NEW,510.0,2026-09-25
TOYOTA,CROWN LS110,1982,2200.0,MANUAL,DIESEL,473000.0,USED,19.5,2025-01-24
TOYOTA,CROWN MS132,1988,2480.0,AUTOMATIC,DIESEL,407000.0,USED,19.9,2025-02-02
TOYOTA,CT 190 CORONA,1993,2000.0,MANUAL,DIESEL,352000.0,USED,23.75,2025-01-04
TOYOTA,CT170,1990,2000.0,MANUAL,DIESEL,385000.0,USED,17.5,2024-12-11
TOYOTA,CT170,1991,1970.0,AUTOMATIC,DIESEL,374000.0,USED,19.25,2025-01-17
TOYOTA,CV30,1991,2000.0,AUTOMATIC,DIESEL,374000.0,USED,19.75,2025-02-03
TOYOTA,CV30 VISTA,1991,2000.0,AUTOMATIC,DIESEL,374000.0,USED,19.9,2024-12-26
TOYOTA,CYNOS,1992,1500.0,MANUAL,PETROL,363000.0,USED,29.5,2025-01-24
TOYOTA,DOLPHIN LH113,1994,2800.0,AUTOMATIC,DIESEL,341000.0,USED,58.5,2025-01-07
TOYOTA,DUET,2002,1000.0,MANUAL,PETROL,253000.0,USED,26.5,2025-01-25
TOYOTA,DUET,2003,1000.0,AUTOMATIC,PETROL,242000.0,USED,25.6,2025-02-05
TOYOTA,DUET,2003,1290.0,MANUAL,PETROL,242000.0,USED,28.5,2024-12-22
TOYOTA,DUET M100,1999,1000.0,AUTOMATIC,PETROL,286000.0,USED,26.75,2025-01-07
TOYOTA,DX,1985,1366.0,MANUAL,PETROL,440000.0,USED,8.0,2024-12-26
TOYOTA,DX,1988,1300.0,MANUAL,PETROL,407000.0,USED,8.9,2025-02-01
TOYOTA,DX 72,1985,1300.0,MANUAL,PETROL,440000.0,USED,8.4,2025-01-17
TOYOTA,DX COROLLA KE72 WAGON,1985,1300.0,MANUAL,PETROL,440000.0,USED,10.9,2025-01-14
TOYOTA,DX COROLLA WAGON,1984,1500.0,MANUAL,PETROL,451000.0,USED,9.5,2025-02-05
TOYOTA,DX KE72,1985,1300.0,MANUAL,PETROL,440000.0,USED,8.8,2025-01-02
TOYOTA,DX KE72,2016,1300.0,MANUAL,PETROL,99000.0,USED,15.75,2025-02-02
TOYOTA,DX WAGON,1982,1300.0,MANUAL,PETROL,473000.0,USED,5.0,2025-01-15
TOYOTA,DX WAGON,1985,1500.0,MANUAL,PETROL,440000.0,USED,7.45,2025-02-04
TOYOTA,DX WAGON,1985,1300.0,MANUAL,PETROL,440000.0,USED,7.45,2025-01-30
TOYOTA,DX WAGON,1985,1500.0,MANUAL,PETROL,440000.0,USED,7.45,2024-12-10
TOYOTA,DX WAGON,1986,1300.0,MANUAL,PETROL,429000.0,USED,11.0,2025-02-04
TOYOTA,DX WAGON,1986,1300.0,MANUAL,PETROL,429000.0,USED,13.25,2025-02-01
TOYOTA,DX WAGON,1986,1300.0,MANUAL,PETROL,429000.0,USED,11.9,2025-02-01
TOYOTA,DX WAGON,1986,1290.0,MANUAL,PETROL,429000.0,USED,8.9,2025-01-30
TOYOTA,DX WAGON,1986,1490.0,MANUAL,PETROL,429000.0,USED,11.25,2025-01-12
TOYOTA,DX WAGON,1986,1290.0,MANUAL,PETROL,429000.0,USED,16.5,2025-01-10
TOYOTA,DX WAGON,1986,1290.0,MANUAL,PETROL,429000.0,USED,13.25,2025-01-24
TOYOTA,DX WAGON,1987,1500.0,MANUAL,PETROL,418000.0,USED,15.75,2024-12-22
TOYOTA,DX WAGON,1987,1300.0,MANUAL,PETROL,418000.0,USED,9.0,2024-12-09
TOYOTA,DX WAGON,1988,1300.0,MANUAL,PETROL,407000.0,USED,9.5,2025-01-29
TOYOTA,DX WAGON,1988,1388.0,MANUAL,DIESEL,407000.0,USED,11.0,2025-01-12
TOYOTA,DX WAGON,1988,1500.0,MANUAL,PETROL,407000.0,USED,10.25,2024-12-10
TOYOTA,DX WAGON,1989,1500.0,MANUAL,PETROL,396000.0,NEW,11.75,2025-02-03
TOYOTA,DX WAGON,1989,1500.0,MANUAL,PETROL,396000.0,USED,11.85,2025-02-01
TOYOTA,DX WAGON,1989,1500.0,MANUAL,PETROL,396000.0,USED,12.75,2025-01-18
TOYOTA,DX WAGON,1994,1500.0,MANUAL,PETROL,341000.0,USED,9.5,2025-02-02
TOYOTA,DX WAGON KE72,1983,1300.0,MANUAL,PETROL,462000.0,USED,8.7,2024-12-15
TOYOTA,DX WAGON KE72,1984,1300.0,MANUAL,PETROL,451000.0,USED,7.9,2025-02-03
TOYOTA,DX WAGON KE72,1984,1300.0,MANUAL,PETROL,451000.0,USED,9.75,2025-01-07
TOYOTA,DX WAGON KE72,1985,1300.0,MANUAL,PETROL,440000.0,USED,8.85,2025-02-04
TOYOTA,DX WAGON KE72,1986,1300.0,MANUAL,PETROL,429000.0,USED,8.5,2025-01-31
TOYOTA,DX WAGON KE72,1986,1300.0,MANUAL,PETROL,429000.0,USED,12.0,2024-12-30
TOYOTA,DX WAGON KE72,1986,1300.0,MANUAL,PETROL,429000.0,USED,12.4875,2024-12-07
TOYOTA,DX WAGON KE72,1987,1300.0,MANUAL,PETROL,418000.0,USED,8.0,2025-02-04
TOYOTA,DX WAGON KE72,1987,1300.0,MANUAL,PETROL,418000.0,USED,10.25,2025-02-01
TOYOTA,DX WAGON KE72,1987,1300.0,MANUAL,PETROL,418000.0,USED,9.75,2024-12-15
TOYOTA,E AE91 COROLLA,1990,1500.0,AUTOMATIC,PETROL,385000.0,USED,16.95,2024-12-06
TOYOTA,E96,1989,1300.0,MANUAL,PETROL,396000.0,USED,16.25,2024-12-05
TOYOTA,EC96,1991,1870.0,MANUAL,DIESEL,374000.0,USED,15.5,2024-12-11
TOYOTA,EE 102 ELEPHANT BACK,1995,1300.0,MANUAL,PETROL,330000.0,USED,21.0,2025-01-21
TOYOTA,EE 102 WAGON,1997,1330.0,MANUAL,PETROL,308000.0,USED,22.75,2024-12-28
TOYOTA,EE 90,1989,1500.0,MANUAL,PETROL,396000.0,USED,13.25,2025-01-03
TOYOTA,EE100,1993,1300.0,MANUAL,PETROL,352000.0,USED,19.5,2024-12-25
TOYOTA,EE107 WAGON G TOURING,1992,1500.0,MANUAL,PETROL,363000.0,USED,22.0,2025-01-07
TOYOTA,EE111,1996,1300.0,MANUAL,PETROL,319000.0,USED,27.5,2025-01-15
TOYOTA,EE90,1987,1300.0,MANUAL,PETROL,418000.0,USED,15.768750000000002,2025-01-11
TOYOTA,EE90,1990,1300.0,MANUAL,PETROL,385000.0,USED,18.3,2025-02-03
TOYOTA,EE90,1990,1300.0,MANUAL,PETROL,385000.0,USED,18.3,2025-01-15
TOYOTA,EE90,1990,1300.0,MANUAL,PETROL,385000.0,USED,18.3,2024-12-29
TOYOTA,EE96,1987,1300.0,MANUAL,PETROL,418000.0,USED,12.5,2024-12-07
TOYOTA,EE96,1988,1300.0,MANUAL,PETROL,407000.0,USED,13.0,2025-02-01
TOYOTA,EE96,1990,1300.0,MANUAL,PETROL,385000.0,USED,8.874999999999998,2025-01-31
TOYOTA,EE96,1990,1290.0,MANUAL,PETROL,385000.0,USED,14.5,2025-01-12
TOYOTA,EE96 DX WAGON,1987,1300.0,MANUAL,PETROL,418000.0,USED,14.95,2025-01-14
TOYOTA,ELEPHANT BACK,1994,1300.0,MANUAL,PETROL,341000.0,USED,22.25,2025-02-05
TOYOTA,ELEPHANT BACK,1997,2000.0,AUTOMATIC,DIESEL,308000.0,USED,26.0,2025-01-31
TOYOTA,ELEPHANT BACK,1998,1330.0,MANUAL,PETROL,297000.0,USED,25.0,2024-12-08
TOYOTA,ELEPHANT BACK,1999,1300.0,AUTOMATIC,PETROL,286000.0,USED,31.0,2025-02-02
TOYOTA,ELEPHANT BACK 106,1997,2000.0,AUTOMATIC,DIESEL,308000.0,USED,26.0,2025-01-02
TOYOTA,ELEPHANT BACK CE106,1992,2000.0,MANUAL,DIESEL,363000.0,USED,19.5,2024-12-27
TOYOTA,EP71 GT GLANZA,1988,1300.0,MANUAL,PETROL,407000.0,USED,27.0,2024-12-06
TOYOTA,EP71 STARLET,1988,1290.0,MANUAL,PETROL,407000.0,USED,17.65,2025-01-07
TOYOTA,EP82,1993,1300.0,MANUAL,PETROL,352000.0,USED,26.75,2025-01-26
TOYOTA,EP82,1995,1330.0,MANUAL,PETROL,330000.0,USED,25.5,2025-01-05
TOYOTA,EP91,1997,1330.0,AUTOMATIC,PETROL,308000.0,USED,36.9,2025-01-11
TOYOTA,EP91,1997,1300.0,AUTOMATIC,PETROL,308000.0,USED,36.9,2025-01-06
TOYOTA,EXY 10 SERA,1992,1500.0,MANUAL,PETROL,363000.0,USED,78.0,2024-12-10
TOYOTA,FIAT BRAVA STARLET ENGINE,1996,1330.0,MANUAL,PETROL,319000.0,USED,15.0,2024-12-23
TOYOTA,FIELDER,2024,1500.0,AUTOMATIC,HYBRID,49000.0,USED,160.0,2026-09-23
TOYOTA,FORTUNER,2013,3000.0,AUTOMATIC,DIESEL,150000.0,USED,167.0,2026-09-26
TOYOTA,FORTUNER,2014,2988.0,AUTOMATIC,DIESEL,100000.0,USED,150.0,2026-09-25
TOYOTA,GLANZA,1997,1300.0,AUTOMATIC,PETROL,308000.0,USED,45.5,2025-02-04
TOYOTA,GLANZA,1997,1500.0,AUTOMATIC,DIESEL,308000.0,USED,32.75,2025-02-02
TOYOTA,GLANZA,1997,1300.0,MANUAL,PETROL,308000.0,USED,52.0,2025-01-10
TOYOTA,GLANZA,1997,1300.0,MANUAL,PETROL,308000.0,USED,43.41666666666667,2024-12-14
TOYOTA,GRACIA CAMRY,1999,2164.0,AUTOMATIC,PETROL,286000.0,USED,45.0,2025-02-01
TOYOTA,HARRIER,2014,2500.0,AUTOMATIC,HYBRID,80000.0,USED,179.5,2026-09-24
TOYOTA,HARRIER,2014,2400.0,AUTOMATIC,HYBRID,123000.0,USED,178.95,2026-09-24
TOYOTA,HARRIER,2017,2000.0,AUTOMATIC,PETROL,164000.0,USED,187.0,2026-09-25
TOYOTA,HARRIER,2017,1980.0,AUTOMATIC,PETROL,163327.0,USED,195.0,2026-09-23
TOYOTA,HARRIER,2017,2000.0,AUTOMATIC,PETROL,37700.0,USED,217.5,2026-09-26
TOYOTA,HARRIER,2023,2000.0,AUTOMATIC,PETROL,2120.0,USED,369.5,2026-09-25
TOYOTA,HARRIER,2025,2500.0,AUTOMATIC,PETROL,10.0,NEW,395.0,2026-09-25
TOYOTA,HILUX,1980,2188.0,MANUAL,DIESEL,460000.0,USED,22.0,2026-09-25
TOYOTA,HILUX,1991,3000.0,MANUAL,DIESEL,200000.0,USED,62.0,2026-09-26
TOYOTA,HILUX,2005,3000.0,MANUAL,DIESEL,210000.0,USED,75.0,2026-09-10
TOYOTA,HILUX,2006,2500.0,MANUAL,DIESEL,109315.0,USED,96.5,2026-09-25
TOYOTA,HILUX,2009,2500.0,MANUAL,DIESEL,136000.0,USED,85.5,2026-09-23
TOYOTA,HILUX,2010,3000.0,MANUAL,DIESEL,164913.0,USED,95.75,2026-09-24
TOYOTA,HILUX,2020,2800.0,AUTOMATIC,DIESEL,87000.0,USED,208.0,2026-09-23
TOYOTA,HILUX,2023,2400.0,AUTOMATIC,DIESEL,25000.0,USED,235.0,2026-09-25
TOYOTA,HILUX,2023,2400.0,AUTOMATIC,DIESEL,9000.0,USED,240.0,2026-09-25
TOYOTA,HILUX,2023,2390.0,AUTOMATIC,DIESEL,9000.0,USED,225.0,2026-09-26
TOYOTA,HILUX,2024,2800.0,AUTOMATIC,DIESEL,25000.0,USED,275.0,2026-09-26
TOYOTA,HILUX,2024,2800.0,AUTOMATIC,DIESEL,10000.0,USED,279.75,2026-09-26
TOYOTA,HILUX,2024,2400.0,AUTOMATIC,DIESEL,16900.0,USED,255.0,2026-09-26
TOYOTA,HILUX,2025,2800.0,AUTOMATIC,DIESEL,2000.0,USED,250.0,2026-09-26
TOYOTA,HILUX,2026,2800.0,AUTOMATIC,DIESEL,0.0,NEW,299.5,2026-09-25
TOYOTA,HILUX,2026,2800.0,AUTOMATIC,DIESEL,0.0,NEW,295.0,2026-09-25
TOYOTA,HILUX,2026,2800.0,AUTOMATIC,DIESEL,40.0,NEW,329.0,2026-09-24
TOYOTA,HILUX,2026,2800.0,AUTOMATIC,DIESEL,0.0,NEW,312.0,2026-09-26
TOYOTA,IST,2002,1300.0,AUTOMATIC,PETROL,253000.0,USED,52.0,2025-01-25
TOYOTA,IST,2003,1300.0,AUTOMATIC,PETROL,242000.0,USED,49.5,2025-02-05
TOYOTA,IST,2003,1300.0,AUTOMATIC,PETROL,242000.0,USED,48.75,2025-02-02
TOYOTA,IST,2003,1300.0,AUTOMATIC,PETROL,242000.0,USED,45.0,2025-01-10
TOYOTA,IST,2003,1300.0,AUTOMATIC,PETROL,242000.0,USED,46.5,2025-01-27
TOYOTA,IST,2003,1300.0,AUTOMATIC,PETROL,242000.0,USED,54.0,2025-01-02
TOYOTA,IST,2003,1290.0,AUTOMATIC,PETROL,242000.0,USED,49.25,2024-12-26
TOYOTA,IST,2003,1300.0,AUTOMATIC,PETROL,242000.0,USED,48.75,2024-12-22
TOYOTA,IST,2003,1500.0,AUTOMATIC,PETROL,242000.0,USED,52.0,2024-12-21
TOYOTA,IST,2003,1300.0,AUTOMATIC,PETROL,242000.0,USED,52.0,2024-12-08
TOYOTA,IST,2003,1290.0,AUTOMATIC,PETROL,242000.0,USED,53.9,2024-12-05
TOYOTA,IST,2004,1300.0,AUTOMATIC,PETROL,231000.0,USED,47.0,2025-01-15
TOYOTA,IST,2004,1500.0,AUTOMATIC,PETROL,231000.0,USED,54.2,2025-01-27
TOYOTA,IST,2004,1300.0,AUTOMATIC,PETROL,231000.0,USED,103.25,2025-01-22
TOYOTA,IST,2005,1300.0,AUTOMATIC,PETROL,220000.0,USED,55.0,2025-02-01
TOYOTA,IST,2006,1500.0,AUTOMATIC,PETROL,209000.0,USED,53.25,2025-01-24
TOYOTA,IST,2007,1500.0,AUTOMATIC,PETROL,198000.0,USED,69.5,2025-01-29
TOYOTA,IST,2007,1500.0,AUTOMATIC,PETROL,198000.0,USED,72.5,2025-01-25
TOYOTA,IST,2007,1500.0,AUTOMATIC,PETROL,198000.0,USED,72.5,2025-01-19
TOYOTA,IST,2007,1500.0,AUTOMATIC,PETROL,198000.0,USED,71.5,2025-01-03
TOYOTA,IST,2007,1500.0,AUTOMATIC,PETROL,198000.0,USED,72.5,2025-01-02
TOYOTA,IST,2007,1500.0,AUTOMATIC,PETROL,198000.0,USED,76.5,2024-12-31
TOYOTA,IST,2007,1300.0,AUTOMATIC,PETROL,198000.0,USED,72.5,2024-12-22
TOYOTA,IST,2007,1500.0,AUTOMATIC,PETROL,123000.0,USED,66.25,2026-09-24
TOYOTA,IST,2008,1490.0,AUTOMATIC,PETROL,187000.0,USED,75.0,2025-02-05
TOYOTA,IST,2008,1500.0,AUTOMATIC,PETROL,187000.0,USED,69.9,2025-02-04
TOYOTA,IST,2008,1500.0,AUTOMATIC,PETROL,187000.0,USED,72.5,2025-02-01
TOYOTA,IST,2009,1500.0,AUTOMATIC,PETROL,176000.0,USED,72.5,2025-01-03
TOYOTA,IST,2009,1500.0,AUTOMATIC,PETROL,176000.0,USED,72.75,2024-12-14
TOYOTA,IST,2023,1395.0,AUTOMATIC,PETROL,22000.0,USED,53.75,2025-01-02
TOYOTA,IST 110 G GRADE,2008,1500.0,AUTOMATIC,PETROL,187000.0,USED,73.0,2024-12-10
TOYOTA,IST FL GRADE,2003,1300.0,AUTOMATIC,PETROL,242000.0,USED,51.9,2025-02-04
TOYOTA,IST FL GRADE,2003,1300.0,AUTOMATIC,PETROL,242000.0,USED,53.825,2025-01-30
TOYOTA,IST FL GRADE,2003,1300.0,AUTOMATIC,PETROL,242000.0,USED,55.75,2025-01-12
TOYOTA,IST FL GRADE,2004,1300.0,AUTOMATIC,PETROL,231000.0,USED,49.390625,2025-02-04
TOYOTA,IST FL GRADE,2004,1290.0,AUTOMATIC,PETROL,231000.0,USED,54.0,2025-02-01
TOYOTA,IST FL GRADE,2004,1500.0,AUTOMATIC,PETROL,231000.0,USED,54.5,2024-12-14
TOYOTA,IST NCP 60,2003,1300.0,AUTOMATIC,PETROL,242000.0,USED,52.0,2025-02-01
TOYOTA,KA72,1984,1300.0,MANUAL,PETROL,451000.0,USED,7.25,2025-01-16
TOYOTA,KE 74 COROLLA,1986,1500.0,MANUAL,PETROL,429000.0,USED,14.25,2024-12-05
TOYOTA,KE20,1970,1200.0,MANUAL,PETROL,605000.0,USED,12.75,2024-12-16
TOYOTA,KE20,1980,1200.0,MANUAL,PETROL,495000.0,USED,5.8,2025-01-05
TOYOTA,KE50,1980,1400.0,MANUAL,PETROL,495000.0,USED,2.65,2025-02-02
TOYOTA,KE70,1981,2500.0,MANUAL,PETROL,484000.0,USED,5.75,2024-12-07
TOYOTA,KE72,1982,1300.0,MANUAL,PETROL,473000.0,USED,4.35,2025-02-05
TOYOTA,KE72,1984,1300.0,MANUAL,PETROL,451000.0,USED,11.5,2025-02-03
TOYOTA,KE72,1984,1500.0,MANUAL,PETROL,451000.0,USED,9.7,2025-01-30
TOYOTA,KE72,1984,1500.0,MANUAL,PETROL,451000.0,USED,9.7,2024-12-26
TOYOTA,KE72,1984,1300.0,MANUAL,PETROL,451000.0,USED,7.9,2024-12-17
TOYOTA,KE72,1984,1300.0,MANUAL,PETROL,451000.0,USED,9.7,2024-12-09
TOYOTA,KE72,1985,1300.0,MANUAL,PETROL,440000.0,USED,10.5,2025-01-28
TOYOTA,KE72,1985,1400.0,MANUAL,PETROL,440000.0,USED,8.0,2025-01-25
TOYOTA,KE72,1985,1362.0,MANUAL,PETROL,440000.0,USED,10.5,2024-12-18
TOYOTA,KE72 DX WAGON,1987,1300.0,MANUAL,PETROL,418000.0,USED,12.9,2025-01-09
TOYOTA,KE72V DX WAGON,1985,1300.0,MANUAL,PETROL,440000.0,USED,12.25,2025-01-15
TOYOTA,KE74 DX WAGON,1986,1500.0,MANUAL,PETROL,429000.0,USED,8.5,2025-01-24
TOYOTA,LADA RIVA,1986,1400.0,MANUAL,PETROL,429000.0,USED,3.75,2025-01-25
TOYOTA,LAND CRUISER,1988,3000.0,AUTOMATIC,DIESEL,140000.0,USED,125.0,2026-09-26
TOYOTA,LAND CRUISER,1998,3000.0,AUTOMATIC,DIESEL,190000.0,USED,128.0,2026-09-26
TOYOTA,LAND CRUISER,2005,4900.0,AUTOMATIC,PETROL,212000.0,USED,198.0,2026-09-23
TOYOTA,LAND CRUISER,2010,4600.0,AUTOMATIC,PETROL,80000.0,USED,345.0,2026-09-26
TOYOTA,LAND CRUISER,2010,4600.0,AUTOMATIC,PETROL,142000.0,USED,389.5,2026-09-25
TOYOTA,LAND CRUISER,2011,4500.0,AUTOMATIC,DIESEL,198000.0,USED,395.5,2026-09-25
TOYOTA,LAND CRUISER,2011,4600.0,AUTOMATIC,PETROL,102000.0,USED,374.95,2026-09-24
TOYOTA,LAND CRUISER,2012,4500.0,AUTOMATIC,DIESEL,115000.0,USED,480.0,2026-09-26
TOYOTA,LAND CRUISER,2013,4500.0,AUTOMATIC,DIESEL,120000.0,USED,480.0,2026-09-17
TOYOTA,LAND CRUISER,2015,2700.0,AUTOMATIC,PETROL,119000.0,USED,375.0,2026-09-09
TOYOTA,LAND CRUISER,2017,4600.0,AUTOMATIC,PETROL,103000.0,USED,545.0,2026-09-26
TOYOTA,LAND CRUISER,2023,3340.0,AUTOMATIC,DIESEL,8000.0,USED,975.0,2026-09-26
TOYOTA,LAND CRUISER,2026,2700.0,AUTOMATIC,PETROL,200.0,NEW,615.0,2026-09-26
TOYOTA,LAND CRUISER,2026,2700.0,AUTOMATIC,HYBRID,0.0,NEW,585.0,2026-09-23
TOYOTA,LAND CRUISER,2026,2700.0,AUTOMATIC,PETROL,0.0,NEW,595.0,2026-09-26
TOYOTA,LAND CRUISER,2026,3500.0,AUTOMATIC,PETROL,0.0,NEW,1010.0,2026-09-26
TOYOTA,LAND CRUISER 79,2025,2890.0,MANUAL,DIESEL,201.0,USED,290.0,2026-09-26
TOYOTA,LAND CRUISER PRADO,1997,3000.0,AUTOMATIC,DIESEL,350000.0,USED,112.5,2026-09-25
TOYOTA,LAND CRUISER PRADO,1998,2800.0,MANUAL,DIESEL,235000.0,USED,107.5,2026-09-26
TOYOTA,LAND CRUISER PRADO,2007,2700.0,MANUAL,PETROL,133850.0,USED,167.5,2026-09-26
TOYOTA,LAND CRUISER PRADO,2010,2700.0,AUTOMATIC,PETROL,145000.0,USED,215.75,2026-09-25
TOYOTA,LAND CRUISER PRADO,2011,3000.0,MANUAL,DIESEL,135000.0,USED,250.0,2026-09-26
TOYOTA,LAND CRUISER PRADO,2011,2700.0,AUTOMATIC,PETROL,114000.0,USED,265.75,2026-09-25
TOYOTA,LAND CRUISER PRADO,2014,2700.0,AUTOMATIC,PETROL,109000.0,USED,315.0,2026-09-25
TOYOTA,LAND CRUISER PRADO,2015,2700.0,AUTOMATIC,PETROL,119000.0,USED,350.0,2026-09-26
TOYOTA,LAND CRUISER PRADO,2015,2700.0,AUTOMATIC,PETROL,160000.0,USED,348.0,2026-09-25
TOYOTA,LAND CRUISER PRADO,2015,2700.0,AUTOMATIC,PETROL,160000.0,USED,326.9,2026-09-25
TOYOTA,LAND CRUISER PRADO,2015,2700.0,AUTOMATIC,PETROL,67000.0,USED,325.0,2026-09-24
TOYOTA,LAND CRUISER PRADO,2015,2700.0,AUTOMATIC,PETROL,97000.0,USED,365.0,2026-09-23
TOYOTA,LAND CRUISER PRADO,2015,3000.0,AUTOMATIC,DIESEL,98000.0,USED,348.0,2026-09-26
TOYOTA,LAND CRUISER PRADO,2015,2700.0,AUTOMATIC,PETROL,158000.0,USED,318.0,2026-09-26
TOYOTA,LAND CRUISER PRADO,2015,3000.0,AUTOMATIC,DIESEL,156000.0,USED,343.0,2026-09-26
TOYOTA,LAND CRUISER PRADO,2017,2700.0,AUTOMATIC,PETROL,80000.0,USED,360.0,2026-09-26
TOYOTA,LAND CRUISER PRADO,2017,2700.0,AUTOMATIC,PETROL,120000.0,USED,355.0,2026-09-24
TOYOTA,LAND CRUISER PRADO,2017,2700.0,AUTOMATIC,PETROL,119000.0,USED,375.0,2026-09-26
TOYOTA,LAND CRUISER PRADO,2018,2700.0,AUTOMATIC,PETROL,180000.0,USED,480.0,2026-09-26
TOYOTA,LAND CRUISER PRADO,2018,2800.0,AUTOMATIC,PETROL,120000.0,USED,399.9,2026-09-25
TOYOTA,LAND CRUISER PRADO,2020,2700.0,AUTOMATIC,PETROL,100000.0,USED,415.0,2026-09-25
TOYOTA,LAND CRUISER PRADO,2023,2700.0,AUTOMATIC,PETROL,23880.0,USED,565.5,2026-09-25
TOYOTA,LAND CRUISER PRADO,2023,2700.0,AUTOMATIC,PETROL,3500.0,USED,520.0,2026-09-24
TOYOTA,LAND CRUISER PRADO,2023,2693.0,AUTOMATIC,PETROL,26000.0,USED,556.5,2026-09-24
TOYOTA,LAND CRUISER PRADO,2023,2700.0,AUTOMATIC,PETROL,37000.0,USED,498.5,2026-09-23
TOYOTA,LAND CRUISER PRADO,2023,2700.0,AUTOMATIC,PETROL,20000.0,USED,555.0,2026-09-26
TOYOTA,LAND CRUISER PRADO,2024,2700.0,AUTOMATIC,PETROL,11500.0,NEW,595.0,2026-09-27
TOYOTA,LAND CRUISER PRADO,2024,2800.0,AUTOMATIC,PETROL,1200.0,USED,620.0,2026-09-26
TOYOTA,LAND CRUISER PRADO,2024,2700.0,AUTOMATIC,PETROL,15000.0,USED,547.0,2026-09-26
TOYOTA,LAND CRUISER PRADO,2024,2800.0,AUTOMATIC,DIESEL,2000.0,USED,789.9,2026-09-25
TOYOTA,LAND CRUISER PRADO,2025,2800.0,AUTOMATIC,PETROL,0.0,NEW,597.75,2026-09-26
TOYOTA,LAND CRUISER PRADO,2025,2700.0,AUTOMATIC,PETROL,10.0,NEW,620.0,2026-09-25
TOYOTA,LAND CRUISER PRADO,2025,2700.0,AUTOMATIC,PETROL,0.0,NEW,610.0,2026-09-25
TOYOTA,LAND CRUISER PRADO,2025,2693.0,AUTOMATIC,PETROL,5000.0,USED,610.0,2026-09-24
TOYOTA,LAND CRUISER PRADO,2025,2700.0,AUTOMATIC,PETROL,1700.0,USED,625.0,2026-09-26
TOYOTA,LAND CRUISER PRADO,2025,2700.0,AUTOMATIC,PETROL,0.0,NEW,620.0,2026-09-26
TOYOTA,LAND CRUISER PRADO,2026,2800.0,AUTOMATIC,PETROL,0.0,NEW,615.75,2026-09-26
TOYOTA,LAND CRUISER PRADO,2026,2700.0,AUTOMATIC,PETROL,0.0,NEW,600.0,2026-09-25
TOYOTA,LAND CRUISER PRADO,2026,2700.0,AUTOMATIC,PETROL,0.0,NEW,607.5,2026-09-24
TOYOTA,LAND CRUISER PRADO,2026,2700.0,AUTOMATIC,PETROL,2600.0,USED,585.0,2026-09-24
TOYOTA,LAND CRUISER PRADO,2026,2800.0,AUTOMATIC,DIESEL,0.0,NEW,567.9,2026-09-24
TOYOTA,LAND CRUISER PRADO,2026,2700.0,AUTOMATIC,PETROL,100.0,NEW,609.75,2026-09-26
TOYOTA,LAND CRUISER PRADO,2026,2700.0,AUTOMATIC,PETROL,0.0,NEW,600.0,2026-09-26
TOYOTA,LAND CRUISER PRADO,2026,2700.0,AUTOMATIC,PETROL,0.0,NEW,615.9,2026-09-25
TOYOTA,LAND CRUISER SAHARA,2003,4700.0,AUTOMATIC,PETROL,124000.0,USED,158.0,2026-09-26
TOYOTA,LAND CRUISER SAHARA,2009,4600.0,AUTOMATIC,PETROL,250000.0,USED,315.0,2026-09-24
TOYOTA,LAND CRUISER SAHARA,2013,4500.0,AUTOMATIC,DIESEL,152000.0,USED,465.0,2026-09-26
TOYOTA,LAND CRUISER SAHARA,2014,4500.0,AUTOMATIC,DIESEL,134000.0,USED,535.0,2026-09-26
TOYOTA,LAND CRUISER SAHARA,2015,4600.0,AUTOMATIC,PETROL,67000.0,USED,469.0,2026-09-25
TOYOTA,LAND CRUISER SAHARA,2015,4500.0,AUTOMATIC,PETROL,124000.0,USED,525.0,2026-09-25
TOYOTA,LAND CRUISER SAHARA,2015,4600.0,AUTOMATIC,PETROL,135000.0,USED,490.0,2026-09-26
TOYOTA,LAND CRUISER SAHARA,2015,4461.0,AUTOMATIC,DIESEL,109000.0,USED,750.0,2026-09-26
TOYOTA,LAND CRUISER SAHARA,2015,4600.0,AUTOMATIC,PETROL,61000.0,USED,525.0,2026-09-25
TOYOTA,LAND CRUISER SAHARA,2016,4500.0,AUTOMATIC,DIESEL,115000.0,NEW,690.0,2026-09-26
TOYOTA,LAND CRUISER SAHARA,2017,4500.0,AUTOMATIC,PETROL,125000.0,USED,519.0,2026-09-25
TOYOTA,LAND CRUISER SAHARA,2018,4500.0,MANUAL,DIESEL,68400.0,USED,375.0,2026-09-26
TOYOTA,LAND CRUISER SAHARA,2023,3500.0,AUTOMATIC,DIESEL,4000.0,USED,995.0,2026-09-26
TOYOTA,LAND CRUISER SAHARA,2024,3300.0,AUTOMATIC,DIESEL,0.0,NEW,1275.0,2026-09-26
TOYOTA,LEVIN GT APEX,1993,1600.0,MANUAL,PETROL,352000.0,USED,36.0,2024-12-22
TOYOTA,LEXUS 600HL,2007,4800.0,AUTOMATIC,HYBRID,198000.0,USED,265.0,2025-01-18
TOYOTA,LEXUS 600HL,2011,600.0,AUTOMATIC,HYBRID,154000.0,USED,790.0,2025-01-18
TOYOTA,LS130 CROWN,1995,2800.0,MANUAL,DIESEL,330000.0,USED,38.5,2025-01-17
TOYOTA,MARINO,1992,1600.0,MANUAL,PETROL,363000.0,USED,26.0,2025-01-20
TOYOTA,MARINO,1995,1490.0,MANUAL,PETROL,330000.0,USED,22.0,2025-01-07
TOYOTA,MARK,2007,2490.0,AUTOMATIC,PETROL,165000.0,USED,75.75,2026-09-25
TOYOTA,MARK 2,1997,2500.0,MANUAL,DIESEL,308000.0,USED,29.5,2025-01-23
TOYOTA,MARK 2,2004,2000.0,AUTOMATIC,DIESEL,231000.0,USED,50.0,2024-12-30
TOYOTA,MARK 2 GX110,2000,2000.0,AUTOMATIC,PETROL,275000.0,USED,54.0,2025-01-19
TOYOTA,MARK 2 GX110 ANNIVERSARY,2001,2000.0,AUTOMATIC,PETROL,264000.0,USED,59.5,2025-01-23
TOYOTA,NOAH,2006,1800.0,AUTOMATIC,PETROL,116500.0,USED,70.9,2026-09-24
TOYOTA,NZE121,2000,1500.0,AUTOMATIC,PETROL,275000.0,USED,53.0,2025-02-04
TOYOTA,NZE240 ALLION,2003,1500.0,AUTOMATIC,PETROL,242000.0,USED,67.5,2025-02-04
TOYOTA,PASSO,2004,1000.0,AUTOMATIC,PETROL,231000.0,USED,44.6,2025-02-04
TOYOTA,PASSO,2004,990.0,AUTOMATIC,PETROL,231000.0,USED,43.75,2025-01-09
TOYOTA,PASSO,2004,1000.0,AUTOMATIC,PETROL,231000.0,USED,40.5,2025-01-08
TOYOTA,PASSO,2004,1000.0,AUTOMATIC,PETROL,231000.0,USED,44.0,2025-01-22
TOYOTA,PASSO,2004,1000.0,AUTOMATIC,PETROL,231000.0,USED,43.0,2024-12-21
TOYOTA,PASSO,2004,1000.0,AUTOMATIC,PETROL,231000.0,USED,39.5,2024-12-20
TOYOTA,PASSO,2005,1000.0,AUTOMATIC,PETROL,220000.0,USED,45.75,2025-01-22
TOYOTA,PASSO,2005,1000.0,AUTOMATIC,PETROL,220000.0,USED,44.5,2025-01-21
TOYOTA,PASSO,2005,1000.0,AUTOMATIC,PETROL,220000.0,USED,42.9,2024-12-24
TOYOTA,PASSO,2005,1000.0,AUTOMATIC,PETROL,220000.0,USED,44.5,2024-12-13
TOYOTA,PASSO,2005,1000.0,AUTOMATIC,PETROL,220000.0,USED,43.9,2024-12-05
TOYOTA,PASSO,2007,1000.0,AUTOMATIC,PETROL,198000.0,USED,45.9,2025-02-05
TOYOTA,PASSO,2007,1360.0,AUTOMATIC,PETROL,198000.0,USED,13.75,2025-02-05
TOYOTA,PASSO,2007,1000.0,AUTOMATIC,PETROL,198000.0,USED,43.75,2025-02-05
TOYOTA,PASSO,2007,1000.0,AUTOMATIC,PETROL,198000.0,USED,48.0,2025-02-04
TOYOTA,PASSO,2007,1000.0,AUTOMATIC,PETROL,198000.0,USED,48.75,2025-02-04
TOYOTA,PASSO,2007,1360.0,AUTOMATIC,PETROL,198000.0,USED,66.09473684210526,2025-02-03
TOYOTA,PASSO,2007,1000.0,AUTOMATIC,PETROL,198000.0,USED,66.09473684210526,2025-02-01
TOYOTA,PASSO,2007,1000.0,AUTOMATIC,PETROL,198000.0,USED,48.5,2025-02-01
TOYOTA,PASSO,2007,1339.0,AUTOMATIC,PETROL,198000.0,USED,13.75,2025-01-31
TOYOTA,PASSO,2007,1000.0,AUTOMATIC,PETROL,198000.0,USED,48.5,2025-01-17
TOYOTA,PASSO,2007,980.0,AUTOMATIC,PETROL,198000.0,USED,47.25,2025-01-17
TOYOTA,PASSO,2007,1000.0,AUTOMATIC,PETROL,198000.0,USED,66.09473684210526,2025-01-11
TOYOTA,PASSO,2007,1000.0,AUTOMATIC,PETROL,198000.0,USED,48.75,2025-01-06
TOYOTA,PASSO,2007,1000.0,AUTOMATIC,PETROL,198000.0,USED,47.75,2025-01-28
TOYOTA,PASSO,2007,1000.0,AUTOMATIC,PETROL,198000.0,USED,45.0,2025-01-20
TOYOTA,PASSO,2007,1000.0,AUTOMATIC,PETROL,198000.0,USED,48.0,2025-01-04
TOYOTA,PASSO,2007,1000.0,AUTOMATIC,PETROL,198000.0,USED,46.75,2025-01-01
TOYOTA,PASSO,2007,1000.0,AUTOMATIC,PETROL,198000.0,USED,95.8125,2024-12-30
TOYOTA,PASSO,2007,1000.0,AUTOMATIC,PETROL,198000.0,USED,45.9,2024-12-17
TOYOTA,PASSO,2007,1000.0,AUTOMATIC,PETROL,198000.0,USED,66.09473684210526,2024-12-13
TOYOTA,PASSO,2007,1000.0,AUTOMATIC,PETROL,198000.0,USED,45.5,2024-12-12
TOYOTA,PASSO,2007,1000.0,AUTOMATIC,PETROL,198000.0,USED,45.75,2024-12-06
TOYOTA,PASSO,2007,1000.0,AUTOMATIC,PETROL,198000.0,USED,49.25,2024-12-06
TOYOTA,PASSO,2007,1000.0,AUTOMATIC,PETROL,140000.0,USED,46.75,2026-09-25
TOYOTA,PASSO,2008,1000.0,AUTOMATIC,PETROL,187000.0,USED,41.80714285714286,2025-02-05
TOYOTA,PASSO,2008,1360.0,AUTOMATIC,PETROL,187000.0,USED,13.75,2025-02-04
TOYOTA,PASSO,2008,1000.0,AUTOMATIC,PETROL,187000.0,USED,48.5,2025-02-03
TOYOTA,PASSO,2008,1000.0,AUTOMATIC,PETROL,187000.0,USED,43.75,2025-01-21
TOYOTA,PASSO,2008,1005.0,AUTOMATIC,PETROL,187000.0,USED,41.80714285714286,2025-01-19
TOYOTA,PASSO,2008,1000.0,AUTOMATIC,PETROL,187000.0,USED,50.75,2025-01-03
TOYOTA,PASSO,2008,990.0,AUTOMATIC,PETROL,187000.0,USED,44.5,2024-12-19
TOYOTA,PASSO,2008,1000.0,AUTOMATIC,PETROL,187000.0,USED,48.5,2024-12-13
TOYOTA,PASSO,2008,1000.0,AUTOMATIC,PETROL,187000.0,USED,42.9,2024-12-06
TOYOTA,PASSO,2009,1000.0,AUTOMATIC,PETROL,176000.0,USED,49.5,2025-01-09
TOYOTA,PASSO,2009,1000.0,AUTOMATIC,PETROL,176000.0,USED,46.9,2025-01-27
TOYOTA,PASSO,2009,990.0,AUTOMATIC,PETROL,176000.0,USED,49.75,2025-01-19
TOYOTA,PASSO,2010,1000.0,AUTOMATIC,PETROL,165000.0,USED,60.0,2024-12-31
TOYOTA,PASSO,2010,1000.0,AUTOMATIC,PETROL,165000.0,USED,54.5,2024-12-24
TOYOTA,PASSO,2010,1000.0,AUTOMATIC,PETROL,165000.0,USED,52.5,2024-12-12
TOYOTA,PASSO,2010,1000.0,AUTOMATIC,PETROL,109297.0,USED,58.65,2026-09-23
TOYOTA,PASSO,2011,990.0,AUTOMATIC,PETROL,154000.0,USED,49.0,2025-01-31
TOYOTA,PASSO,2011,1000.0,AUTOMATIC,PETROL,154000.0,USED,47.5,2025-01-03
TOYOTA,PASSO,2014,1000.0,AUTOMATIC,PETROL,121000.0,USED,56.0,2025-02-01
TOYOTA,PASSO,2015,1000.0,AUTOMATIC,PETROL,110000.0,USED,69.875,2025-02-03
TOYOTA,PASSO,2015,1500.0,AUTOMATIC,PETROL,110000.0,USED,75.0,2025-01-24
TOYOTA,PASSO,2015,1000.0,AUTOMATIC,PETROL,110000.0,USED,69.875,2025-01-19
TOYOTA,PASSO,2015,1000.0,AUTOMATIC,PETROL,110000.0,USED,64.75,2024-12-07
TOYOTA,PASSO,2015,1000.0,AUTOMATIC,PETROL,132000.0,USED,65.7,2026-09-26
TOYOTA,PASSO,2016,990.0,AUTOMATIC,PETROL,99000.0,USED,65.0,2025-02-02
TOYOTA,PASSO,2016,1000.0,AUTOMATIC,PETROL,99000.0,USED,75.0,2025-01-06
TOYOTA,PASSO,2016,990.0,AUTOMATIC,PETROL,99000.0,USED,73.0,2024-12-05
TOYOTA,PASSO,2016,990.0,AUTOMATIC,PETROL,99000.0,USED,71.5,2024-12-04
TOYOTA,PASSO,2017,1000.0,AUTOMATIC,PETROL,88000.0,USED,77.9,2025-01-13
TOYOTA,PASSO,2017,1000.0,AUTOMATIC,PETROL,88000.0,USED,78.5,2025-01-13
TOYOTA,PASSO,2017,1005.0,AUTOMATIC,PETROL,88000.0,USED,74.5,2025-01-08
TOYOTA,PASSO,2017,1000.0,AUTOMATIC,PETROL,88000.0,USED,70.5,2025-01-19
TOYOTA,PASSO,2017,1000.0,AUTOMATIC,PETROL,88000.0,USED,18.0,2024-12-13
TOYOTA,PASSO,2017,1000.0,AUTOMATIC,PETROL,72000.0,USED,72.9,2026-09-25
TOYOTA,PASSO,2019,1000.0,AUTOMATIC,PETROL,66000.0,USED,91.5,2025-01-30
TOYOTA,PASSO,2023,1000.0,AUTOMATIC,PETROL,40000.0,USED,84.5,2026-09-25
TOYOTA,PASSO,2023,1000.0,AUTOMATIC,PETROL,38000.0,USED,78.5,2026-09-24
TOYOTA,PASSO,2023,1000.0,AUTOMATIC,PETROL,39000.0,USED,79.5,2026-09-24
TOYOTA,PASSO BOON,2016,1000.0,AUTOMATIC,PETROL,99000.0,USED,69.0,2025-01-15
TOYOTA,PASSO HANA KGC30,2010,1000.0,AUTOMATIC,PETROL,165000.0,USED,51.9,2025-02-04
TOYOTA,PASSO HANA KGC30,2010,1000.0,AUTOMATIC,PETROL,165000.0,USED,51.9,2025-01-11
TOYOTA,PASSO KGC 30 HANA,2010,1000.0,AUTOMATIC,PETROL,165000.0,USED,17.75,2025-02-05
TOYOTA,PASSO KGC10,2007,1000.0,AUTOMATIC,PETROL,198000.0,USED,45.25,2024-12-21
TOYOTA,PASSO MODA,2018,1000.0,AUTOMATIC,PETROL,77000.0,USED,75.9,2025-01-30
TOYOTA,PASSO MODA,2020,1000.0,AUTOMATIC,PETROL,55000.0,USED,82.0,2025-01-18
TOYOTA,PASSO RACY,2009,1000.0,AUTOMATIC,PETROL,176000.0,USED,49.5,2025-01-17
TOYOTA,PASSO SAFETY,2017,1000.0,AUTOMATIC,PETROL,88000.0,USED,75.9,2025-01-29
TOYOTA,PASSO SAFETY,2017,1000.0,AUTOMATIC,PETROL,88000.0,USED,75.5,2024-12-05
TOYOTA,PASSO SAFETY EDITION,2016,1000.0,AUTOMATIC,PETROL,99000.0,USED,73.9,2024-12-18
TOYOTA,PIXIS,2017,660.0,AUTOMATIC,PETROL,88000.0,USED,79.25,2024-12-25
TOYOTA,PIXIS,2017,650.0,AUTOMATIC,PETROL,88000.0,USED,65.0,2024-12-06
TOYOTA,PIXIS,2018,650.0,AUTOMATIC,PETROL,77000.0,USED,70.0,2025-02-02
TOYOTA,PIXIS,2019,660.0,AUTOMATIC,PETROL,64850.0,USED,66.85,2026-09-24
TOYOTA,PIXIS,2023,660.0,AUTOMATIC,PETROL,9500.0,USED,63.5,2026-09-24
TOYOTA,PIXIS,2024,658.0,AUTOMATIC,PETROL,2340.0,USED,74.9,2026-09-25
TOYOTA,PIXIS,2024,660.0,AUTOMATIC,PETROL,12000.0,USED,68.95,2026-09-26
TOYOTA,PIXIS,2025,660.0,AUTOMATIC,PETROL,2000.0,USED,73.5,2026-09-25
TOYOTA,PIXIS EPOCH,2018,660.0,AUTOMATIC,PETROL,77000.0,USED,71.0,2024-12-07
TOYOTA,PLATZ,1999,990.0,AUTOMATIC,PETROL,286000.0,USED,34.46875,2025-01-25
TOYOTA,PLATZ,2000,1000.0,AUTOMATIC,PETROL,275000.0,USED,29.0,2025-01-22
TOYOTA,PLATZ,2000,1300.0,MANUAL,PETROL,275000.0,USED,29.0,2025-01-03
TOYOTA,PLATZ,2000,1000.0,AUTOMATIC,PETROL,275000.0,USED,29.0,2024-12-30
TOYOTA,PREMIO,1998,1500.0,AUTOMATIC,DIESEL,297000.0,USED,37.25,2025-02-03
TOYOTA,PREMIO,1999,1800.0,AUTOMATIC,PETROL,286000.0,USED,43.5,2025-02-04
TOYOTA,PREMIO,1999,2000.0,AUTOMATIC,DIESEL,286000.0,USED,43.5,2025-01-11
TOYOTA,PREMIO,2000,1600.0,AUTOMATIC,PETROL,275000.0,USED,49.8,2024-12-16
TOYOTA,PREMIO,2003,1500.0,AUTOMATIC,PETROL,162000.0,USED,66.0,2026-09-25
TOYOTA,PREMIO,2007,1500.0,AUTOMATIC,PETROL,198000.0,USED,92.4375,2025-02-05
TOYOTA,PREMIO,2007,1500.0,AUTOMATIC,PETROL,198000.0,USED,87.5,2025-02-04
TOYOTA,PREMIO,2007,1500.0,AUTOMATIC,PETROL,198000.0,USED,87.25,2025-02-03
TOYOTA,PREMIO,2007,1500.0,AUTOMATIC,PETROL,198000.0,USED,98.0,2025-01-31
TOYOTA,PREMIO,2007,1490.0,AUTOMATIC,PETROL,198000.0,USED,90.0,2025-01-05
TOYOTA,PREMIO,2007,1490.0,AUTOMATIC,PETROL,198000.0,USED,96.0,2024-12-31
TOYOTA,PREMIO,2007,1500.0,AUTOMATIC,PETROL,198000.0,USED,99.0,2024-12-25
TOYOTA,PREMIO,2007,1800.0,AUTOMATIC,PETROL,198000.0,USED,91.75,2024-12-20
TOYOTA,PREMIO,2007,1490.0,AUTOMATIC,PETROL,198000.0,USED,92.4375,2024-12-15
TOYOTA,PREMIO,2007,1500.0,AUTOMATIC,PETROL,182500.0,USED,86.9,2026-09-27
TOYOTA,PREMIO,2008,1500.0,AUTOMATIC,PETROL,187000.0,USED,96.0,2025-02-02
TOYOTA,PREMIO,2008,1500.0,AUTOMATIC,PETROL,187000.0,USED,99.5,2025-01-16
TOYOTA,PREMIO,2008,1800.0,AUTOMATIC,PETROL,187000.0,USED,96.83333333333334,2025-01-03
TOYOTA,PREMIO,2008,1500.0,AUTOMATIC,PETROL,187000.0,USED,95.0,2024-12-13
TOYOTA,PREMIO,2010,1500.0,AUTOMATIC,PETROL,165000.0,USED,105.0,2025-01-08
TOYOTA,PREMIO,2010,1500.0,AUTOMATIC,PETROL,165000.0,USED,104.0,2025-01-07
TOYOTA,PREMIO,2010,1800.0,AUTOMATIC,PETROL,165000.0,USED,106.33333333333334,2025-01-19
TOYOTA,PREMIO,2010,1500.0,AUTOMATIC,PETROL,165000.0,USED,110.0,2024-12-22
TOYOTA,PREMIO,2011,1500.0,AUTOMATIC,PETROL,154000.0,USED,107.0,2025-02-05
TOYOTA,PREMIO,2011,1490.0,AUTOMATIC,PETROL,154000.0,USED,107.75,2025-02-05
TOYOTA,PREMIO,2011,1500.0,AUTOMATIC,PETROL,154000.0,USED,105.0,2025-02-03
TOYOTA,PREMIO,2011,1500.0,AUTOMATIC,PETROL,154000.0,USED,108.75,2025-02-02
TOYOTA,PREMIO,2011,1500.0,AUTOMATIC,PETROL,154000.0,USED,102.5,2025-02-01
TOYOTA,PREMIO,2011,1500.0,AUTOMATIC,PETROL,154000.0,USED,106.7,2025-01-31
TOYOTA,PREMIO,2011,1500.0,AUTOMATIC,PETROL,154000.0,USED,108.0,2025-01-31
TOYOTA,PREMIO,2011,1500.0,AUTOMATIC,PETROL,154000.0,USED,112.5,2025-01-30
TOYOTA,PREMIO,2011,1490.0,AUTOMATIC,PETROL,154000.0,USED,114.0,2025-01-09
TOYOTA,PREMIO,2011,1500.0,AUTOMATIC,PETROL,154000.0,USED,113.5,2025-01-19
TOYOTA,PREMIO,2011,1490.0,AUTOMATIC,PETROL,154000.0,USED,114.5,2024-12-21
TOYOTA,PREMIO,2011,1500.0,AUTOMATIC,PETROL,154000.0,USED,109.10909090909092,2024-12-11
TOYOTA,PREMIO,2011,1500.0,AUTOMATIC,PETROL,202000.0,USED,95.0,2026-09-23
TOYOTA,PREMIO,2011,1500.0,AUTOMATIC,PETROL,162000.0,USED,90.75,2026-09-26
TOYOTA,PREMIO,2012,1500.0,AUTOMATIC,PETROL,143000.0,USED,108.5,2025-02-05
TOYOTA,PREMIO,2012,1500.0,AUTOMATIC,PETROL,143000.0,USED,117.75,2025-02-05
TOYOTA,PREMIO,2012,1500.0,AUTOMATIC,PETROL,143000.0,USED,125.0,2025-02-04
TOYOTA,PREMIO,2012,1500.0,AUTOMATIC,PETROL,143000.0,USED,112.0,2025-01-22
TOYOTA,PREMIO,2012,1500.0,AUTOMATIC,PETROL,143000.0,USED,118.0,2024-12-05
TOYOTA,PREMIO,2013,1500.0,AUTOMATIC,PETROL,132000.0,USED,137.5,2025-02-04
TOYOTA,PREMIO,2013,1500.0,AUTOMATIC,PETROL,132000.0,USED,138.0,2025-02-03
TOYOTA,PREMIO,2013,1500.0,AUTOMATIC,PETROL,132000.0,USED,119.5,2025-01-31
TOYOTA,PREMIO,2013,1500.0,AUTOMATIC,PETROL,132000.0,USED,129.13888888888889,2025-01-13
TOYOTA,PREMIO,2013,1500.0,AUTOMATIC,PETROL,132000.0,USED,120.0,2025-01-11
TOYOTA,PREMIO,2013,1500.0,AUTOMATIC,PETROL,132000.0,USED,129.13888888888889,2025-01-06
TOYOTA,PREMIO,2013,1611.0,AUTOMATIC,PETROL,132000.0,USED,129.13888888888889,2025-01-24
TOYOTA,PREMIO,2013,1500.0,AUTOMATIC,PETROL,132000.0,USED,132.5,2025-01-22
TOYOTA,PREMIO,2013,1500.0,AUTOMATIC,PETROL,132000.0,USED,129.75,2025-01-21
TOYOTA,PREMIO,2013,1500.0,AUTOMATIC,PETROL,132000.0,USED,129.13888888888889,2025-01-04
TOYOTA,PREMIO,2013,1500.0,AUTOMATIC,PETROL,132000.0,USED,127.5,2024-12-28
TOYOTA,PREMIO,2013,1500.0,AUTOMATIC,PETROL,132000.0,USED,129.0,2024-12-27
TOYOTA,PREMIO,2013,1499.0,AUTOMATIC,PETROL,132000.0,USED,128.5,2024-12-26
TOYOTA,PREMIO,2013,1500.0,AUTOMATIC,PETROL,126000.0,USED,75.5,2026-09-25
TOYOTA,PREMIO,2014,1500.0,AUTOMATIC,PETROL,121000.0,USED,131.0,2025-02-05
TOYOTA,PREMIO,2014,1500.0,AUTOMATIC,PETROL,121000.0,USED,131.0,2025-02-02
TOYOTA,PREMIO,2014,1500.0,AUTOMATIC,PETROL,121000.0,USED,127.0,2025-02-01
TOYOTA,PREMIO,2014,1500.0,AUTOMATIC,PETROL,121000.0,USED,131.0,2025-01-29
TOYOTA,PREMIO,2014,1500.0,AUTOMATIC,PETROL,121000.0,USED,135.0,2025-01-17
TOYOTA,PREMIO,2014,1500.0,AUTOMATIC,PETROL,121000.0,USED,131.0,2025-01-27
TOYOTA,PREMIO,2014,1611.0,AUTOMATIC,PETROL,121000.0,USED,131.0,2025-01-25
TOYOTA,PREMIO,2014,1500.0,AUTOMATIC,PETROL,154924.0,USED,121.95,2026-09-24
TOYOTA,PREMIO,2014,1500.0,AUTOMATIC,PETROL,87000.0,USED,92.0,2026-09-25
TOYOTA,PREMIO,2015,1500.0,AUTOMATIC,PETROL,110000.0,USED,142.5,2025-02-05
TOYOTA,PREMIO,2015,1500.0,AUTOMATIC,PETROL,110000.0,USED,145.0,2025-02-01
TOYOTA,PREMIO,2015,1500.0,AUTOMATIC,PETROL,110000.0,USED,153.5,2025-01-15
TOYOTA,PREMIO,2015,1500.0,AUTOMATIC,PETROL,110000.0,USED,148.5,2025-01-05
TOYOTA,PREMIO,2015,1500.0,AUTOMATIC,PETROL,110000.0,USED,148.0,2024-12-29
TOYOTA,PREMIO,2015,1500.0,AUTOMATIC,PETROL,110000.0,USED,142.0,2024-12-16
TOYOTA,PREMIO,2016,1500.0,AUTOMATIC,PETROL,99000.0,USED,168.0,2025-01-02
TOYOTA,PREMIO,2016,1500.0,AUTOMATIC,PETROL,99000.0,USED,168.0,2024-12-20
TOYOTA,PREMIO,2016,1500.0,AUTOMATIC,PETROL,99000.0,USED,168.0,2024-12-17
TOYOTA,PREMIO,2016,1500.0,AUTOMATIC,PETROL,99000.0,USED,168.0,2024-12-11
TOYOTA,PREMIO,2016,1500.0,AUTOMATIC,PETROL,188000.0,USED,146.9,2026-09-27
TOYOTA,PREMIO,2017,1490.0,AUTOMATIC,PETROL,88000.0,USED,173.0666666666667,2025-02-02
TOYOTA,PREMIO,2017,1500.0,AUTOMATIC,PETROL,88000.0,USED,158.0,2025-02-02
TOYOTA,PREMIO,2017,1500.0,AUTOMATIC,PETROL,88000.0,USED,173.0666666666667,2025-01-31
TOYOTA,PREMIO,2017,1500.0,AUTOMATIC,PETROL,88000.0,USED,174.0,2025-01-17
TOYOTA,PREMIO,2017,1500.0,AUTOMATIC,PETROL,88000.0,USED,173.0666666666667,2025-01-13
TOYOTA,PREMIO,2017,1500.0,AUTOMATIC,PETROL,88000.0,USED,166.5,2025-01-11
TOYOTA,PREMIO,2017,1500.0,AUTOMATIC,PETROL,88000.0,USED,179.0,2025-01-10
TOYOTA,PREMIO,2017,1500.0,AUTOMATIC,PETROL,88000.0,USED,165.0,2025-01-06
TOYOTA,PREMIO,2017,1500.0,AUTOMATIC,PETROL,88000.0,USED,168.0,2025-01-28
TOYOTA,PREMIO,2017,1500.0,AUTOMATIC,PETROL,88000.0,USED,174.0,2025-01-26
TOYOTA,PREMIO,2017,1490.0,AUTOMATIC,PETROL,88000.0,USED,175.0,2025-01-26
TOYOTA,PREMIO,2017,1500.0,AUTOMATIC,PETROL,88000.0,USED,174.0,2025-01-23
TOYOTA,PREMIO,2017,1500.0,AUTOMATIC,PETROL,88000.0,USED,183.0,2025-01-20
TOYOTA,PREMIO,2017,1500.0,AUTOMATIC,PETROL,88000.0,USED,172.0,2025-01-19
TOYOTA,PREMIO,2017,1500.0,AUTOMATIC,PETROL,88000.0,USED,173.0666666666667,2025-01-04
TOYOTA,PREMIO,2017,1500.0,AUTOMATIC,PETROL,88000.0,USED,182.0,2024-12-28
TOYOTA,PREMIO,2017,1500.0,AUTOMATIC,PETROL,88000.0,USED,173.0666666666667,2024-12-25
TOYOTA,PREMIO,2017,1490.0,AUTOMATIC,PETROL,88000.0,USED,173.0666666666667,2024-12-19
TOYOTA,PREMIO,2017,1500.0,AUTOMATIC,PETROL,88000.0,USED,171.0,2024-12-07
TOYOTA,PREMIO,2017,1500.0,AUTOMATIC,PETROL,88000.0,USED,186.0,2024-12-04
TOYOTA,PREMIO,2018,1500.0,AUTOMATIC,PETROL,77000.0,USED,190.0,2025-02-05
TOYOTA,PREMIO,2018,1500.0,AUTOMATIC,PETROL,77000.0,USED,185.7083333333333,2025-02-03
TOYOTA,PREMIO,2018,1500.0,AUTOMATIC,PETROL,77000.0,USED,187.5,2025-02-01
TOYOTA,PREMIO,2018,1500.0,AUTOMATIC,PETROL,77000.0,USED,188.5,2025-02-01
TOYOTA,PREMIO,2018,1500.0,AUTOMATIC,PETROL,77000.0,USED,175.0,2025-01-31
TOYOTA,PREMIO,2018,1500.0,AUTOMATIC,PETROL,77000.0,USED,185.0,2025-01-18
TOYOTA,PREMIO,2018,1490.0,AUTOMATIC,PETROL,77000.0,USED,172.0,2025-01-25
TOYOTA,PREMIO,2018,1500.0,AUTOMATIC,PETROL,77000.0,USED,188.0,2025-01-22
TOYOTA,PREMIO,2018,1490.0,AUTOMATIC,PETROL,77000.0,USED,182.0,2025-01-02
TOYOTA,PREMIO,2018,1500.0,AUTOMATIC,PETROL,77000.0,USED,187.0,2024-12-24
TOYOTA,PREMIO,2018,1500.0,AUTOMATIC,PETROL,77000.0,USED,185.7083333333333,2024-12-18
TOYOTA,PREMIO,2018,1500.0,AUTOMATIC,PETROL,77000.0,USED,187.0,2024-12-14
TOYOTA,PREMIO,2018,1500.0,AUTOMATIC,PETROL,77000.0,USED,196.5,2024-12-09
TOYOTA,PREMIO,2018,1500.0,AUTOMATIC,PETROL,77000.0,USED,190.0,2024-12-08
TOYOTA,PREMIO,2018,1490.0,AUTOMATIC,PETROL,77000.0,USED,185.7083333333333,2024-12-04
TOYOTA,PREMIO,2018,1500.0,AUTOMATIC,PETROL,128000.0,USED,148.0,2026-09-26
TOYOTA,PREMIO,2018,1500.0,AUTOMATIC,PETROL,134000.0,USED,150.0,2026-09-21
TOYOTA,PREMIO,2018,1800.0,AUTOMATIC,PETROL,99000.0,USED,167.0,2026-09-25
TOYOTA,PREMIO,2019,1500.0,AUTOMATIC,PETROL,66000.0,USED,202.0625,2025-02-03
TOYOTA,PREMIO,2019,1500.0,AUTOMATIC,PETROL,66000.0,USED,198.75,2025-01-06
TOYOTA,PREMIO,2019,1500.0,AUTOMATIC,PETROL,66000.0,USED,192.0,2025-01-02
TOYOTA,PREMIO,2019,1500.0,AUTOMATIC,PETROL,66000.0,USED,207.5,2024-12-30
TOYOTA,PREMIO,2019,1490.0,AUTOMATIC,PETROL,66000.0,USED,210.0,2024-12-25
TOYOTA,PREMIO,2019,1500.0,AUTOMATIC,PETROL,120000.0,USED,175.0,2026-09-25
TOYOTA,PREMIO,2019,1500.0,AUTOMATIC,PETROL,127000.0,USED,163.5,2026-09-26
TOYOTA,PREMIO,2019,1500.0,AUTOMATIC,PETROL,59000.0,USED,172.5,2026-09-26
TOYOTA,PREMIO 240,2002,1500.0,AUTOMATIC,PETROL,253000.0,USED,66.0,2025-02-03
TOYOTA,PREMIO 240,2002,1790.0,AUTOMATIC,PETROL,253000.0,USED,63.75,2025-02-03
TOYOTA,PREMIO 240,2002,1780.0,AUTOMATIC,PETROL,253000.0,USED,62.75,2025-02-02
TOYOTA,PREMIO 240,2002,1500.0,AUTOMATIC,PETROL,253000.0,USED,65.75,2025-01-28
TOYOTA,PREMIO 240,2002,1780.0,AUTOMATIC,PETROL,253000.0,USED,63.0,2024-12-13
TOYOTA,PREMIO 240,2006,1500.0,AUTOMATIC,PETROL,209000.0,USED,70.0625,2025-01-28
TOYOTA,PREMIO 240 G,2003,1500.0,AUTOMATIC,PETROL,242000.0,USED,71.0,2025-02-01
TOYOTA,PREMIO 260,2007,1500.0,AUTOMATIC,PETROL,198000.0,USED,90.0,2025-02-02
TOYOTA,PREMIO 260,2007,1500.0,AUTOMATIC,PETROL,198000.0,USED,90.0,2025-01-02
TOYOTA,PREMIO 260,2008,1500.0,AUTOMATIC,PETROL,187000.0,USED,92.0,2024-12-26
TOYOTA,PREMIO 260,2010,1500.0,AUTOMATIC,PETROL,165000.0,USED,99.5,2025-01-31
TOYOTA,PREMIO 260,2010,1500.0,AUTOMATIC,PETROL,165000.0,USED,102.83333333333334,2025-01-09
TOYOTA,PREMIO 260,2010,1500.0,AUTOMATIC,PETROL,165000.0,USED,99.5,2025-01-22
TOYOTA,PREMIO 260,2010,1500.0,AUTOMATIC,PETROL,165000.0,USED,102.83333333333334,2024-12-17
TOYOTA,PREMIO 260,2010,1500.0,AUTOMATIC,PETROL,165000.0,USED,109.5,2024-12-08
TOYOTA,PREMIO 260,2011,1500.0,AUTOMATIC,PETROL,154000.0,USED,112.0,2025-01-15
TOYOTA,PREMIO 260,2013,1500.0,AUTOMATIC,PETROL,132000.0,USED,126.5,2024-12-24
TOYOTA,PREMIO 260,2016,1490.0,AUTOMATIC,PETROL,99000.0,USED,133.25,2025-01-04
TOYOTA,PREMIO 260 G SUPERIOR,2008,1490.0,AUTOMATIC,PETROL,187000.0,USED,102.0,2025-02-02
TOYOTA,PREMIO 260 G SUPERIOR,2011,1500.0,AUTOMATIC,PETROL,154000.0,USED,106.5,2025-01-28
TOYOTA,PREMIO CORONA,1996,2000.0,MANUAL,DIESEL,319000.0,USED,34.5,2025-02-04
TOYOTA,PREMIO CORONA,1996,1600.0,AUTOMATIC,PETROL,319000.0,USED,34.5,2024-12-07
TOYOTA,PREMIO CT210,1999,1950.0,AUTOMATIC,DIESEL,286000.0,USED,33.95,2025-01-29
TOYOTA,PREMIO G,2014,1500.0,AUTOMATIC,PETROL,121000.0,USED,139.5,2025-01-26
TOYOTA,PREMIO G SUPERIOR,2007,1500.0,AUTOMATIC,PETROL,198000.0,USED,95.9,2025-02-04
TOYOTA,PREMIO G SUPERIOR,2007,1500.0,AUTOMATIC,PETROL,198000.0,USED,92.5,2025-02-03
TOYOTA,PREMIO G SUPERIOR,2007,1800.0,AUTOMATIC,PETROL,198000.0,USED,95.33125,2025-01-31
TOYOTA,PREMIO G SUPERIOR,2007,1500.0,AUTOMATIC,PETROL,198000.0,USED,95.5,2025-01-18
TOYOTA,PREMIO G SUPERIOR,2007,1500.0,AUTOMATIC,PETROL,198000.0,USED,93.75,2025-01-26
TOYOTA,PREMIO G SUPERIOR,2007,1514.0,AUTOMATIC,PETROL,198000.0,USED,97.5,2025-01-23
TOYOTA,PREMIO G SUPERIOR,2007,1500.0,AUTOMATIC,PETROL,198000.0,USED,95.0,2024-12-23
TOYOTA,PREMIO G SUPERIOR,2007,1790.0,AUTOMATIC,PETROL,198000.0,USED,97.5,2024-12-23
TOYOTA,PREMIO G SUPERIOR,2007,1500.0,AUTOMATIC,PETROL,198000.0,USED,95.0,2024-12-14
TOYOTA,PREMIO G SUPERIOR,2009,1500.0,AUTOMATIC,PETROL,176000.0,USED,108.75,2025-02-02
TOYOTA,PREMIO G SUPERIOR,2010,1500.0,AUTOMATIC,PETROL,165000.0,USED,102.5,2025-02-04
TOYOTA,PREMIO G SUPERIOR,2010,1500.0,AUTOMATIC,PETROL,165000.0,USED,102.5,2025-02-03
TOYOTA,PREMIO G SUPERIOR,2010,1500.0,AUTOMATIC,PETROL,165000.0,USED,102.5,2025-02-01
TOYOTA,PREMIO G SUPERIOR,2010,1500.0,AUTOMATIC,PETROL,165000.0,USED,109.5,2025-01-14
TOYOTA,PREMIO G SUPERIOR,2010,1500.0,AUTOMATIC,PETROL,165000.0,USED,102.0,2025-01-09
TOYOTA,PREMIO G SUPERIOR,2010,1500.0,AUTOMATIC,PETROL,165000.0,USED,105.0,2025-01-23
TOYOTA,PREMIO G SUPERIOR,2010,1500.0,AUTOMATIC,PETROL,165000.0,USED,104.5625,2025-01-19
TOYOTA,PREMIO G SUPERIOR,2010,1500.0,AUTOMATIC,PETROL,165000.0,USED,107.5,2025-01-19
TOYOTA,PREMIO G SUPERIOR,2010,1500.0,AUTOMATIC,PETROL,165000.0,USED,105.0,2024-12-05
TOYOTA,PREMIO G SUPERIOR,2011,1490.0,AUTOMATIC,PETROL,154000.0,USED,101.5,2025-02-04
TOYOTA,PREMIO G SUPERIOR,2011,1500.0,AUTOMATIC,PETROL,154000.0,USED,108.0,2025-02-04
TOYOTA,PREMIO G SUPERIOR,2011,1500.0,AUTOMATIC,PETROL,154000.0,USED,108.0,2025-01-23
TOYOTA,PREMIO G SUPERIOR,2011,1490.0,AUTOMATIC,PETROL,154000.0,USED,114.5,2024-12-31
TOYOTA,PREMIO G SUPERIOR,2012,1500.0,AUTOMATIC,PETROL,143000.0,USED,108.5,2025-02-05
TOYOTA,PREMIO G SUPERIOR,2012,1500.0,AUTOMATIC,PETROL,143000.0,USED,114.75,2025-02-04
TOYOTA,PREMIO G SUPERIOR,2012,1500.0,AUTOMATIC,PETROL,143000.0,USED,115.8,2025-01-18
TOYOTA,PREMIO G SUPERIOR,2012,1500.0,AUTOMATIC,PETROL,143000.0,USED,115.8,2025-01-12
TOYOTA,PREMIO G SUPERIOR,2012,1490.0,AUTOMATIC,PETROL,143000.0,USED,117.0,2025-01-19
TOYOTA,PREMIO G SUPERIOR,2012,1500.0,AUTOMATIC,PETROL,143000.0,USED,123.75,2025-01-04
TOYOTA,PREMIO G SUPERIOR,2012,1499.0,AUTOMATIC,PETROL,143000.0,USED,115.0,2024-12-26
TOYOTA,PREMIO G SUPERIOR,2013,1500.0,AUTOMATIC,PETROL,132000.0,USED,121.5,2025-02-05
TOYOTA,PREMIO G SUPERIOR,2013,1500.0,AUTOMATIC,PETROL,132000.0,USED,125.8529411764706,2025-02-05
TOYOTA,PREMIO G SUPERIOR,2013,1500.0,AUTOMATIC,PETROL,132000.0,USED,120.0,2025-02-05
TOYOTA,PREMIO G SUPERIOR,2013,1500.0,AUTOMATIC,PETROL,132000.0,USED,118.75,2025-02-05
TOYOTA,PREMIO G SUPERIOR,2013,1500.0,AUTOMATIC,PETROL,132000.0,USED,135.0,2025-02-04
TOYOTA,PREMIO G SUPERIOR,2013,1500.0,AUTOMATIC,PETROL,132000.0,USED,126.5,2025-02-03
TOYOTA,PREMIO G SUPERIOR,2013,1500.0,AUTOMATIC,PETROL,132000.0,USED,124.0,2025-02-02
TOYOTA,PREMIO G SUPERIOR,2013,1500.0,AUTOMATIC,PETROL,132000.0,USED,124.0,2025-01-30
TOYOTA,PREMIO G SUPERIOR,2013,1500.0,AUTOMATIC,PETROL,132000.0,USED,126.5,2025-01-29
TOYOTA,PREMIO G SUPERIOR,2013,1496.0,AUTOMATIC,PETROL,132000.0,USED,128.75,2025-01-17
TOYOTA,PREMIO G SUPERIOR,2013,1490.0,AUTOMATIC,PETROL,132000.0,USED,125.8529411764706,2025-01-11
TOYOTA,PREMIO G SUPERIOR,2013,1500.0,AUTOMATIC,PETROL,132000.0,USED,130.0,2025-01-07
TOYOTA,PREMIO G SUPERIOR,2013,1500.0,AUTOMATIC,PETROL,132000.0,USED,125.8529411764706,2025-01-06
TOYOTA,PREMIO G SUPERIOR,2013,1500.0,AUTOMATIC,PETROL,132000.0,USED,125.8529411764706,2025-01-26
TOYOTA,PREMIO G SUPERIOR,2013,1500.0,AUTOMATIC,PETROL,132000.0,USED,133.5,2025-01-24
TOYOTA,PREMIO G SUPERIOR,2013,1500.0,AUTOMATIC,PETROL,132000.0,USED,125.8529411764706,2025-01-24
TOYOTA,PREMIO G SUPERIOR,2013,1500.0,AUTOMATIC,PETROL,132000.0,USED,118.5,2025-01-22
TOYOTA,PREMIO G SUPERIOR,2013,1500.0,AUTOMATIC,PETROL,132000.0,USED,123.5,2025-01-19
TOYOTA,PREMIO G SUPERIOR,2013,1500.0,AUTOMATIC,PETROL,132000.0,USED,125.8529411764706,2025-01-01
TOYOTA,PREMIO G SUPERIOR,2013,1500.0,AUTOMATIC,PETROL,132000.0,USED,126.0,2024-12-24
TOYOTA,PREMIO G SUPERIOR,2013,1500.0,AUTOMATIC,PETROL,132000.0,USED,125.0,2024-12-23
TOYOTA,PREMIO G SUPERIOR,2013,1500.0,AUTOMATIC,PETROL,132000.0,USED,125.8529411764706,2024-12-23
TOYOTA,PREMIO G SUPERIOR,2013,1500.0,AUTOMATIC,PETROL,132000.0,USED,129.5,2024-12-15
TOYOTA,PREMIO G SUPERIOR,2013,1500.0,AUTOMATIC,PETROL,132000.0,USED,128.5,2024-12-14
TOYOTA,PREMIO G SUPERIOR,2014,1500.0,AUTOMATIC,PETROL,121000.0,USED,139.0,2025-02-05
TOYOTA,PREMIO G SUPERIOR,2014,1500.0,AUTOMATIC,PETROL,121000.0,USED,128.5,2025-02-04
TOYOTA,PREMIO G SUPERIOR,2014,1500.0,AUTOMATIC,PETROL,121000.0,USED,129.5,2025-02-04
TOYOTA,PREMIO G SUPERIOR,2014,1500.0,AUTOMATIC,PETROL,121000.0,USED,134.4875,2025-02-04
TOYOTA,PREMIO G SUPERIOR,2014,1490.0,AUTOMATIC,PETROL,121000.0,USED,134.4875,2025-02-04
TOYOTA,PREMIO G SUPERIOR,2014,1500.0,AUTOMATIC,PETROL,121000.0,USED,134.4875,2025-02-03
TOYOTA,PREMIO G SUPERIOR,2014,1500.0,AUTOMATIC,PETROL,121000.0,USED,132.5,2025-02-02
TOYOTA,PREMIO G SUPERIOR,2014,1490.0,AUTOMATIC,PETROL,121000.0,USED,139.9,2025-01-31
TOYOTA,PREMIO G SUPERIOR,2014,1500.0,AUTOMATIC,PETROL,121000.0,USED,139.5,2025-01-18
TOYOTA,PREMIO G SUPERIOR,2014,1500.0,AUTOMATIC,PETROL,121000.0,USED,134.4875,2025-01-28
TOYOTA,PREMIO G SUPERIOR,2014,1500.0,AUTOMATIC,PETROL,121000.0,USED,134.4875,2025-01-22
TOYOTA,PREMIO G SUPERIOR,2014,1500.0,AUTOMATIC,PETROL,121000.0,USED,132.0,2024-12-15
TOYOTA,PREMIO G SUPERIOR,2014,1500.0,AUTOMATIC,PETROL,121000.0,USED,135.0,2024-12-14
TOYOTA,PREMIO G SUPERIOR,2015,1500.0,AUTOMATIC,PETROL,110000.0,USED,149.5,2025-02-04
TOYOTA,PREMIO G SUPERIOR,2015,1500.0,AUTOMATIC,PETROL,110000.0,USED,147.25,2025-02-03
TOYOTA,PREMIO G SUPERIOR,2015,1500.0,AUTOMATIC,PETROL,110000.0,USED,137.0,2025-01-30
TOYOTA,PREMIO G SUPERIOR,2015,1500.0,AUTOMATIC,PETROL,110000.0,USED,148.5,2025-01-09
TOYOTA,PREMIO G SUPERIOR,2015,1500.0,AUTOMATIC,PETROL,110000.0,USED,145.9375,2025-01-25
TOYOTA,PREMIO G SUPERIOR,2015,1500.0,AUTOMATIC,PETROL,110000.0,USED,139.75,2025-01-23
TOYOTA,PREMIO G SUPERIOR,2015,1490.0,AUTOMATIC,PETROL,110000.0,USED,159.5,2025-01-22
TOYOTA,PREMIO G SUPERIOR,2015,1500.0,AUTOMATIC,PETROL,110000.0,USED,137.0,2025-01-22
TOYOTA,PREMIO G SUPERIOR,2015,1500.0,AUTOMATIC,PETROL,110000.0,USED,149.0,2024-12-05
TOYOTA,PREMIO G SUPERIOR,2016,1650.0,AUTOMATIC,PETROL,99000.0,USED,168.5,2025-02-05
TOYOTA,PREMIO G SUPERIOR,2016,1500.0,AUTOMATIC,PETROL,99000.0,USED,168.5,2025-02-04
TOYOTA,PREMIO G SUPERIOR,2016,1760.0,AUTOMATIC,PETROL,99000.0,USED,168.5,2025-02-02
TOYOTA,PREMIO G SUPERIOR,2016,1500.0,AUTOMATIC,PETROL,99000.0,USED,168.5,2025-01-31
TOYOTA,PREMIO G SUPERIOR,2016,1980.0,AUTOMATIC,PETROL,99000.0,USED,168.5,2025-01-31
TOYOTA,PREMIO G SUPERIOR,2016,1500.0,AUTOMATIC,PETROL,99000.0,USED,168.5,2024-12-28
TOYOTA,PREMIO G SUPERIOR,2016,1500.0,AUTOMATIC,PETROL,99000.0,USED,168.5,2024-12-21
TOYOTA,PREMIO G SUPERIOR,2016,1514.0,AUTOMATIC,PETROL,99000.0,USED,168.5,2024-12-16
TOYOTA,PREMIO G SUPERIOR,2016,1514.0,AUTOMATIC,PETROL,99000.0,USED,168.5,2024-12-11
TOYOTA,PREMIO G SUPERIOR,2017,1500.0,AUTOMATIC,PETROL,88000.0,USED,166.71428571428572,2025-02-05
TOYOTA,PREMIO G SUPERIOR,2017,1500.0,AUTOMATIC,PETROL,88000.0,USED,165.0,2025-02-04
TOYOTA,PREMIO G SUPERIOR,2017,1500.0,AUTOMATIC,PETROL,88000.0,USED,166.71428571428572,2025-02-04
TOYOTA,PREMIO G SUPERIOR,2017,1500.0,AUTOMATIC,PETROL,88000.0,USED,162.0,2025-02-04
TOYOTA,PREMIO G SUPERIOR,2017,1500.0,AUTOMATIC,PETROL,88000.0,USED,166.71428571428572,2025-02-02
TOYOTA,PREMIO G SUPERIOR,2017,1500.0,AUTOMATIC,PETROL,88000.0,USED,166.71428571428572,2025-01-07
TOYOTA,PREMIO G SUPERIOR,2017,1500.0,AUTOMATIC,PETROL,88000.0,USED,168.5,2025-01-28
TOYOTA,PREMIO G SUPERIOR,2017,1514.0,AUTOMATIC,PETROL,88000.0,USED,169.0,2025-01-28
TOYOTA,PREMIO G SUPERIOR,2017,1500.0,AUTOMATIC,PETROL,88000.0,USED,166.71428571428572,2025-01-25
TOYOTA,PREMIO G SUPERIOR,2017,1500.0,AUTOMATIC,PETROL,88000.0,USED,165.0,2025-01-03
TOYOTA,PREMIO G SUPERIOR,2017,1500.0,AUTOMATIC,PETROL,88000.0,USED,167.5,2024-12-22
TOYOTA,PREMIO G SUPERIOR,2017,1500.0,AUTOMATIC,PETROL,88000.0,USED,170.0,2024-12-21
TOYOTA,PREMIO G SUPERIOR,2017,1514.0,AUTOMATIC,PETROL,88000.0,USED,166.71428571428572,2024-12-20
TOYOTA,PREMIO G SUPERIOR,2017,1500.0,AUTOMATIC,PETROL,88000.0,USED,166.71428571428572,2024-12-19
TOYOTA,PREMIO G SUPERIOR,2018,1500.0,AUTOMATIC,PETROL,77000.0,USED,186.5,2025-02-05
TOYOTA,PREMIO G SUPERIOR,2018,1500.0,AUTOMATIC,PETROL,77000.0,USED,178.5,2025-02-04
TOYOTA,PREMIO G SUPERIOR,2018,1500.0,AUTOMATIC,PETROL,77000.0,USED,186.5,2025-02-03
TOYOTA,PREMIO G SUPERIOR,2018,1500.0,AUTOMATIC,PETROL,77000.0,USED,190.0,2025-01-06
TOYOTA,PREMIO G SUPERIOR,2018,1500.0,AUTOMATIC,PETROL,77000.0,USED,185.0,2025-01-19
TOYOTA,PREMIO G SUPERIOR,2018,1500.0,AUTOMATIC,PETROL,77000.0,USED,192.5,2024-12-04
TOYOTA,PREMIO G SUPERIOR,2019,1500.0,AUTOMATIC,PETROL,66000.0,USED,198.5,2024-12-15
TOYOTA,PREMIO G SUPERIOR,2019,1700.0,AUTOMATIC,PETROL,66000.0,USED,175.0,2024-12-11
TOYOTA,PREMIO G SUPERIOR,2020,1500.0,AUTOMATIC,PETROL,55000.0,USED,189.5,2025-02-04
TOYOTA,PREMIO G SUPERIOR,2020,1500.0,AUTOMATIC,PETROL,55000.0,USED,189.5,2025-02-02
TOYOTA,PREMIO G SUPERIOR,2020,1500.0,AUTOMATIC,PETROL,55000.0,USED,189.5,2024-12-06
TOYOTA,PREMIO NZT260 G SUPERIOR,2018,1490.0,AUTOMATIC,PETROL,77000.0,NEW,178.5,2025-02-05
TOYOTA,PRIUS,2007,1500.0,AUTOMATIC,HYBRID,198000.0,USED,66.5,2025-01-13
TOYOTA,PRIUS,2007,1500.0,AUTOMATIC,HYBRID,198000.0,USED,66.5,2024-12-04
TOYOTA,PRIUS,2007,1500.0,AUTOMATIC,HYBRID,139000.0,USED,62.5,2026-09-24
TOYOTA,PRIUS,2008,1500.0,AUTOMATIC,PETROL,187000.0,USED,65.0,2025-02-03
TOYOTA,PRIUS,2008,1500.0,AUTOMATIC,HYBRID,187000.0,USED,64.77272727272728,2025-02-02
TOYOTA,PRIUS,2008,1490.0,AUTOMATIC,HYBRID,187000.0,USED,62.75,2025-01-31
TOYOTA,PRIUS,2008,1500.0,AUTOMATIC,HYBRID,187000.0,USED,63.5,2025-01-31
TOYOTA,PRIUS,2008,1500.0,AUTOMATIC,HYBRID,187000.0,USED,68.5,2025-01-10
TOYOTA,PRIUS,2008,1500.0,AUTOMATIC,HYBRID,187000.0,USED,64.77272727272728,2025-01-21
TOYOTA,PRIUS,2008,1500.0,AUTOMATIC,HYBRID,187000.0,USED,60.75,2025-01-21
TOYOTA,PRIUS,2008,1490.0,AUTOMATIC,HYBRID,187000.0,USED,65.0,2024-12-29
TOYOTA,PRIUS,2008,1500.0,AUTOMATIC,HYBRID,187000.0,USED,68.0,2024-12-25
TOYOTA,PRIUS,2008,1500.0,AUTOMATIC,PETROL,187000.0,USED,63.0,2024-12-17
TOYOTA,PRIUS,2008,1500.0,AUTOMATIC,HYBRID,187000.0,USED,66.5,2024-12-12
TOYOTA,PRIUS,2008,1500.0,AUTOMATIC,HYBRID,187000.0,USED,63.0,2024-12-10
TOYOTA,PRIUS,2008,1716.0,AUTOMATIC,HYBRID,187000.0,USED,66.5,2024-12-05
TOYOTA,PRIUS,2008,1490.0,AUTOMATIC,HYBRID,198738.0,USED,64.9,2026-09-24
TOYOTA,PRIUS,2009,1800.0,AUTOMATIC,HYBRID,176000.0,USED,82.0,2025-02-03
TOYOTA,PRIUS,2009,1716.0,AUTOMATIC,HYBRID,176000.0,USED,85.0,2025-01-17
TOYOTA,PRIUS,2009,1790.0,AUTOMATIC,HYBRID,176000.0,USED,83.5,2025-01-11
TOYOTA,PRIUS,2009,1500.0,AUTOMATIC,HYBRID,176000.0,USED,83.5,2025-01-28
TOYOTA,PRIUS,2009,1500.0,AUTOMATIC,HYBRID,176000.0,USED,83.5,2025-01-02
TOYOTA,PRIUS,2010,1790.0,AUTOMATIC,PETROL,165000.0,USED,84.5,2025-02-04
TOYOTA,PRIUS,2010,1790.0,AUTOMATIC,HYBRID,165000.0,USED,87.0,2025-02-02
TOYOTA,PRIUS,2010,1800.0,AUTOMATIC,HYBRID,165000.0,USED,85.25,2025-02-01
TOYOTA,PRIUS,2010,1800.0,AUTOMATIC,PETROL,165000.0,USED,82.5,2025-02-01
TOYOTA,PRIUS,2010,1800.0,AUTOMATIC,HYBRID,165000.0,USED,85.25,2025-01-11
TOYOTA,PRIUS,2010,1500.0,AUTOMATIC,HYBRID,165000.0,USED,85.25,2025-01-11
TOYOTA,PRIUS,2010,1800.0,AUTOMATIC,HYBRID,165000.0,USED,85.25,2025-01-07
TOYOTA,PRIUS,2010,1500.0,AUTOMATIC,HYBRID,165000.0,USED,85.25,2025-01-27
TOYOTA,PRIUS,2010,1800.0,AUTOMATIC,HYBRID,165000.0,USED,85.25,2025-01-04
TOYOTA,PRIUS,2010,1716.0,AUTOMATIC,HYBRID,165000.0,USED,87.0,2024-12-07
TOYOTA,PRIUS,2010,1716.0,AUTOMATIC,PETROL,165000.0,USED,85.25,2024-12-04
TOYOTA,PRIUS,2011,1500.0,AUTOMATIC,HYBRID,154000.0,USED,90.95,2025-02-02
TOYOTA,PRIUS,2011,1500.0,AUTOMATIC,PETROL,154000.0,USED,90.95,2025-01-16
TOYOTA,PRIUS,2011,1800.0,AUTOMATIC,HYBRID,154000.0,USED,90.95,2025-01-15
TOYOTA,PRIUS,2011,1800.0,AUTOMATIC,HYBRID,154000.0,USED,90.95,2025-01-07
TOYOTA,PRIUS,2011,1716.0,AUTOMATIC,HYBRID,154000.0,USED,90.95,2025-01-06
TOYOTA,PRIUS,2011,1800.0,AUTOMATIC,HYBRID,154000.0,USED,92.0,2025-01-28
TOYOTA,PRIUS,2011,1796.0,AUTOMATIC,HYBRID,154000.0,USED,90.95,2025-01-27
TOYOTA,PRIUS,2011,1790.0,AUTOMATIC,PETROL,154000.0,USED,90.95,2025-01-26
TOYOTA,PRIUS,2011,1800.0,AUTOMATIC,HYBRID,154000.0,USED,95.5,2025-01-21
TOYOTA,PRIUS,2011,1800.0,AUTOMATIC,HYBRID,154000.0,USED,84.5,2025-01-02
TOYOTA,PRIUS,2011,1800.0,AUTOMATIC,HYBRID,154000.0,USED,90.95,2024-12-30
TOYOTA,PRIUS,2011,1800.0,AUTOMATIC,HYBRID,154000.0,USED,90.95,2024-12-16
TOYOTA,PRIUS,2011,1790.0,AUTOMATIC,HYBRID,154000.0,USED,90.95,2024-12-14
TOYOTA,PRIUS,2011,1800.0,AUTOMATIC,HYBRID,154000.0,USED,95.0,2024-12-10
TOYOTA,PRIUS,2011,1800.0,AUTOMATIC,PETROL,154000.0,USED,87.75,2024-12-07
TOYOTA,PRIUS,2011,1800.0,AUTOMATIC,HYBRID,154000.0,USED,90.95,2024-12-04
TOYOTA,PRIUS,2012,1800.0,AUTOMATIC,PETROL,143000.0,USED,92.0,2025-02-04
TOYOTA,PRIUS,2012,1800.0,AUTOMATIC,HYBRID,143000.0,USED,98.0,2025-02-02
TOYOTA,PRIUS,2012,1800.0,AUTOMATIC,HYBRID,143000.0,USED,94.94,2025-02-01
TOYOTA,PRIUS,2012,1790.0,AUTOMATIC,HYBRID,143000.0,USED,93.5,2025-01-27
TOYOTA,PRIUS,2012,1500.0,AUTOMATIC,PETROL,143000.0,USED,95.59916666666666,2025-01-24
TOYOTA,PRIUS,2012,1800.0,AUTOMATIC,HYBRID,143000.0,USED,95.59916666666666,2025-01-23
TOYOTA,PRIUS,2012,1800.0,AUTOMATIC,HYBRID,143000.0,USED,101.0,2025-01-21
TOYOTA,PRIUS,2012,1800.0,AUTOMATIC,PETROL,143000.0,USED,90.5,2025-01-05
TOYOTA,PRIUS,2012,1500.0,AUTOMATIC,PETROL,143000.0,USED,92.0,2025-01-01
TOYOTA,PRIUS,2012,1800.0,AUTOMATIC,HYBRID,143000.0,USED,95.59916666666666,2024-12-29
TOYOTA,PRIUS,2012,1700.0,AUTOMATIC,PETROL,143000.0,USED,90.0,2024-12-23
TOYOTA,PRIUS,2012,1800.0,AUTOMATIC,PETROL,143000.0,USED,95.59916666666666,2024-12-20
TOYOTA,PRIUS,2012,1800.0,AUTOMATIC,PETROL,143000.0,USED,99.85,2024-12-19
TOYOTA,PRIUS,2012,1800.0,AUTOMATIC,HYBRID,143000.0,USED,95.0,2024-12-19
TOYOTA,PRIUS,2012,1800.0,AUTOMATIC,HYBRID,143000.0,USED,102.9,2024-12-15
TOYOTA,PRIUS,2012,1790.0,AUTOMATIC,HYBRID,143000.0,USED,95.59916666666666,2024-12-14
TOYOTA,PRIUS,2012,1790.0,AUTOMATIC,PETROL,143000.0,USED,97.5,2024-12-08
TOYOTA,PRIUS,2012,1600.0,AUTOMATIC,PETROL,143000.0,USED,95.59916666666666,2024-12-05
TOYOTA,PRIUS,2012,1800.0,AUTOMATIC,HYBRID,107000.0,USED,79.5,2026-09-26
TOYOTA,PRIUS,2012,1800.0,AUTOMATIC,HYBRID,285000.0,USED,110.0,2026-09-25
TOYOTA,PRIUS,2012,1800.0,AUTOMATIC,HYBRID,161000.0,USED,106.0,2026-09-26
TOYOTA,PRIUS,2013,1800.0,AUTOMATIC,PETROL,132000.0,USED,112.0,2025-02-04
TOYOTA,PRIUS,2013,1800.0,AUTOMATIC,HYBRID,132000.0,USED,105.85714285714285,2025-02-02
TOYOTA,PRIUS,2013,1500.0,AUTOMATIC,HYBRID,132000.0,USED,105.85714285714285,2025-02-02
TOYOTA,PRIUS,2013,1800.0,AUTOMATIC,HYBRID,132000.0,USED,105.85714285714285,2025-01-30
TOYOTA,PRIUS,2013,1800.0,AUTOMATIC,HYBRID,132000.0,USED,107.5,2025-01-15
TOYOTA,PRIUS,2013,1800.0,AUTOMATIC,HYBRID,132000.0,USED,105.0,2025-01-13
TOYOTA,PRIUS,2013,1800.0,AUTOMATIC,HYBRID,132000.0,USED,105.85714285714285,2025-01-10
TOYOTA,PRIUS,2013,1800.0,AUTOMATIC,HYBRID,132000.0,USED,105.85714285714285,2025-01-09
TOYOTA,PRIUS,2013,1800.0,AUTOMATIC,HYBRID,132000.0,USED,105.85714285714285,2025-01-23
TOYOTA,PRIUS,2013,1800.0,AUTOMATIC,HYBRID,132000.0,USED,104.5,2024-12-21
TOYOTA,PRIUS,2013,1800.0,AUTOMATIC,PETROL,132000.0,USED,105.85714285714285,2024-12-12
TOYOTA,PRIUS,2013,1500.0,AUTOMATIC,PETROL,132000.0,USED,105.0,2024-12-11
TOYOTA,PRIUS,2013,1716.0,AUTOMATIC,PETROL,132000.0,USED,105.85714285714285,2024-12-05
TOYOTA,PRIUS,2013,1800.0,AUTOMATIC,HYBRID,132000.0,USED,97.0,2024-12-05
TOYOTA,PRIUS,2013,1800.0,AUTOMATIC,HYBRID,132000.0,USED,110.0,2024-12-05
TOYOTA,PRIUS,2013,2500.0,AUTOMATIC,PETROL,132000.0,USED,105.85714285714285,2024-12-04
TOYOTA,PRIUS,2013,1800.0,AUTOMATIC,HYBRID,214000.0,USED,94.9,2026-09-26
TOYOTA,PRIUS,2013,1800.0,AUTOMATIC,HYBRID,150000.0,USED,103.0,2026-09-26
TOYOTA,PRIUS,2013,1800.0,AUTOMATIC,HYBRID,210000.0,USED,112.75,2026-09-25
TOYOTA,PRIUS,2014,1800.0,AUTOMATIC,HYBRID,121000.0,USED,98.0,2025-01-11
TOYOTA,PRIUS,2014,1800.0,AUTOMATIC,PETROL,121000.0,USED,104.9,2025-01-24
TOYOTA,PRIUS,2014,1800.0,AUTOMATIC,HYBRID,121000.0,USED,100.0,2024-12-29
TOYOTA,PRIUS,2014,1800.0,AUTOMATIC,HYBRID,121000.0,USED,107.75,2024-12-27
TOYOTA,PRIUS,2014,1800.0,AUTOMATIC,HYBRID,121000.0,USED,110.0,2024-12-24
TOYOTA,PRIUS,2014,1800.0,AUTOMATIC,HYBRID,121000.0,USED,104.35625,2024-12-23
TOYOTA,PRIUS,2014,1800.0,AUTOMATIC,HYBRID,121000.0,USED,108.25,2024-12-07
TOYOTA,PRIUS,2014,1800.0,AUTOMATIC,HYBRID,121000.0,USED,100.0,2024-12-07
TOYOTA,PRIUS,2014,1800.0,AUTOMATIC,HYBRID,121000.0,USED,105.95,2024-12-04
TOYOTA,PRIUS,2014,1800.0,AUTOMATIC,HYBRID,167500.0,USED,129.9,2026-09-24
TOYOTA,PRIUS,2014,1800.0,AUTOMATIC,PETROL,111200.0,USED,104.5,2026-09-26
TOYOTA,PRIUS,2015,1800.0,AUTOMATIC,HYBRID,110000.0,USED,109.75,2025-02-04
TOYOTA,PRIUS,2015,1800.0,AUTOMATIC,HYBRID,110000.0,USED,109.75,2025-01-16
TOYOTA,PRIUS,2015,1800.0,AUTOMATIC,HYBRID,110000.0,USED,109.75,2025-01-28
TOYOTA,PRIUS,2015,1789.0,AUTOMATIC,PETROL,110000.0,USED,109.75,2025-01-24
TOYOTA,PRIUS,2015,1800.0,AUTOMATIC,HYBRID,110000.0,USED,109.75,2025-01-19
TOYOTA,PRIUS,2015,1800.0,AUTOMATIC,PETROL,110000.0,USED,109.75,2024-12-18
TOYOTA,PRIUS,2016,1790.0,AUTOMATIC,PETROL,99000.0,USED,136.76785714285708,2025-02-05
TOYOTA,PRIUS,2016,1800.0,AUTOMATIC,PETROL,99000.0,USED,136.76785714285708,2025-02-01
TOYOTA,PRIUS,2016,1800.0,AUTOMATIC,HYBRID,99000.0,USED,136.76785714285708,2025-01-29
TOYOTA,PRIUS,2016,1800.0,AUTOMATIC,PETROL,99000.0,USED,136.76785714285708,2025-01-11
TOYOTA,PRIUS,2016,1800.0,AUTOMATIC,HYBRID,99000.0,USED,136.76785714285708,2025-01-05
TOYOTA,PRIUS,2016,1800.0,AUTOMATIC,HYBRID,99000.0,USED,136.76785714285708,2025-01-19
TOYOTA,PRIUS,2016,1600.0,AUTOMATIC,PETROL,99000.0,USED,136.76785714285708,2025-01-04
TOYOTA,PRIUS,2016,1800.0,AUTOMATIC,PETROL,99000.0,USED,136.76785714285708,2024-12-21
TOYOTA,PRIUS,2016,1800.0,AUTOMATIC,PETROL,110000.0,USED,104.5,2026-09-26
TOYOTA,PRIUS,2016,1800.0,AUTOMATIC,HYBRID,130000.0,USED,145.0,2026-09-26
TOYOTA,PRIUS 20,2008,1496.0,AUTOMATIC,PETROL,187000.0,USED,64.5,2025-01-29
TOYOTA,PRIUS 20,2008,1500.0,AUTOMATIC,HYBRID,187000.0,USED,65.75,2024-12-21
TOYOTA,PRIUS 20,2008,1500.0,AUTOMATIC,HYBRID,187000.0,USED,60.0,2024-12-20
TOYOTA,PRIUS 2ND GEN ANNIVERSARY,2008,1550.0,AUTOMATIC,PETROL,187000.0,USED,65.0,2025-01-12
TOYOTA,PRIUS 2ND GEN ANNIVERSARY,2008,1500.0,AUTOMATIC,HYBRID,187000.0,USED,66.5,2025-01-10
TOYOTA,PRIUS 2ND GENERATION,2007,1500.0,AUTOMATIC,HYBRID,198000.0,USED,58.9,2025-01-17
TOYOTA,PRIUS 3RD,2012,1800.0,AUTOMATIC,HYBRID,143000.0,USED,90.0,2024-12-12
TOYOTA,PRIUS 3RD GEN,2011,1790.0,AUTOMATIC,HYBRID,154000.0,USED,93.5,2024-12-20
TOYOTA,PRIUS 3RD GENERATION,2014,1800.0,AUTOMATIC,HYBRID,121000.0,USED,97.5,2024-12-20
TOYOTA,PRIUS 3RD GENERATION S GRADE,2013,1790.0,AUTOMATIC,PETROL,132000.0,USED,102.0,2025-01-05
TOYOTA,PRIUS 4TH,2016,1800.0,AUTOMATIC,PETROL,99000.0,USED,169.5,2025-01-12
TOYOTA,PRIUS 4TH GEN,2016,1800.0,AUTOMATIC,PETROL,99000.0,USED,169.85,2025-01-13
TOYOTA,PRIUS 4TH GEN,2016,1800.0,AUTOMATIC,PETROL,99000.0,USED,171.95,2025-01-12
TOYOTA,PRIUS ANNIVERSARY,2008,1500.0,AUTOMATIC,HYBRID,187000.0,USED,65.75,2025-02-02
TOYOTA,PRIUS C AQUA,2014,1500.0,AUTOMATIC,HYBRID,121000.0,USED,82.0,2025-01-10
TOYOTA,PRIUS G GRADE,2012,1500.0,AUTOMATIC,PETROL,143000.0,USED,96.0,2025-02-05
TOYOTA,PRIUS G GRADE,2013,1800.0,AUTOMATIC,HYBRID,132000.0,USED,98.5,2025-01-11
TOYOTA,PRIUS G TOURING,2012,1800.0,AUTOMATIC,HYBRID,143000.0,USED,102.5,2025-01-31
TOYOTA,PRIUS G TOURING,2012,1800.0,AUTOMATIC,HYBRID,143000.0,USED,102.5,2024-12-29
TOYOTA,PRIUS G TOURING,2012,1800.0,AUTOMATIC,HYBRID,143000.0,USED,102.5,2024-12-07
TOYOTA,PRIUS G TOURING,2015,1800.0,AUTOMATIC,HYBRID,110000.0,USED,107.5,2024-12-23
TOYOTA,PRIUS MY COORDINATION S TOURING,2014,1800.0,AUTOMATIC,HYBRID,121000.0,USED,103.5,2025-02-04
TOYOTA,PRIUS MY CORD EDITION S GRADE,2012,1800.0,AUTOMATIC,HYBRID,143000.0,USED,91.5,2025-02-05
TOYOTA,PRIUS PHV,2013,1800.0,AUTOMATIC,HYBRID,132000.0,USED,107.0,2025-02-03
TOYOTA,PRIUS S,2011,1800.0,AUTOMATIC,HYBRID,154000.0,USED,92.5,2025-02-04
TOYOTA,PRIUS S GRADE,2012,1800.0,AUTOMATIC,PETROL,143000.0,USED,95.5,2024-12-08
TOYOTA,PRIUS S GRADE,2014,1800.0,AUTOMATIC,HYBRID,121000.0,USED,108.5,2025-01-30
TOYOTA,PRIUS S LED,2013,1800.0,AUTOMATIC,HYBRID,132000.0,USED,98.75,2025-02-02
TOYOTA,PRIUS S LED,2013,1800.0,AUTOMATIC,HYBRID,132000.0,USED,98.75,2025-01-13
TOYOTA,PRIUS S LIMITED,2010,1790.0,AUTOMATIC,HYBRID,165000.0,USED,84.5,2025-02-01
TOYOTA,PRIUS S LIMITED,2012,1800.0,AUTOMATIC,HYBRID,143000.0,USED,105.0,2025-01-25
TOYOTA,PRIUS S LIMITED LED,2012,1800.0,AUTOMATIC,HYBRID,143000.0,USED,102.0,2024-12-14
TOYOTA,PRIUS S TOURING,2010,1750.0,AUTOMATIC,HYBRID,165000.0,USED,88.5,2025-01-14
TOYOTA,PRIUS S TOURING,2010,1800.0,AUTOMATIC,HYBRID,165000.0,USED,88.5,2025-01-03
TOYOTA,PRIUS S TOURING,2011,1800.0,AUTOMATIC,HYBRID,154000.0,USED,93.75,2025-02-05
TOYOTA,PRIUS S TOURING,2011,1790.0,AUTOMATIC,HYBRID,154000.0,USED,91.825,2025-01-31
TOYOTA,PRIUS S TOURING,2011,1800.0,AUTOMATIC,HYBRID,154000.0,USED,91.825,2025-01-21
TOYOTA,PRIUS S TOURING,2011,1790.0,AUTOMATIC,HYBRID,154000.0,USED,89.9,2024-12-12
TOYOTA,PRIUS S TOURING,2014,1800.0,AUTOMATIC,HYBRID,121000.0,USED,108.0,2025-02-03
TOYOTA,PRIUS S TOURING,2014,1800.0,AUTOMATIC,HYBRID,121000.0,USED,108.0,2025-02-01
TOYOTA,PRIUS S TOURING,2014,1800.0,AUTOMATIC,PETROL,121000.0,USED,108.0,2025-01-12
TOYOTA,PRIUS S TOURING,2014,1500.0,AUTOMATIC,PETROL,121000.0,USED,108.0,2025-01-09
TOYOTA,PRIUS S TOURING LIMITED,2011,1800.0,AUTOMATIC,PETROL,154000.0,USED,94.95,2025-01-26
TOYOTA,PRIUS ZVW30,2012,1790.0,AUTOMATIC,HYBRID,143000.0,USED,99.75,2024-12-22
TOYOTA,PRIUS ZVW50,2016,1800.0,AUTOMATIC,PETROL,99000.0,USED,170.75,2025-01-11
TOYOTA,RAIZE,2020,1000.0,AUTOMATIC,PETROL,80000.0,USED,115.0,2026-09-26
TOYOTA,RAIZE,2020,1000.0,AUTOMATIC,PETROL,108000.0,USED,107.5,2026-09-26
TOYOTA,RAIZE,2020,1000.0,AUTOMATIC,PETROL,60000.0,USED,108.95,2026-09-26
TOYOTA,RAIZE,2023,990.0,AUTOMATIC,PETROL,35000.0,USED,119.5,2026-09-26
TOYOTA,RAIZE,2023,1000.0,AUTOMATIC,PETROL,15000.0,USED,129.0,2026-09-25
TOYOTA,RAIZE,2023,1200.0,AUTOMATIC,PETROL,24600.0,USED,129.5,2026-09-24
TOYOTA,RAIZE,2023,1000.0,AUTOMATIC,PETROL,10000.0,USED,120.0,2026-09-26
TOYOTA,RAIZE,2023,1200.0,AUTOMATIC,HYBRID,10000.0,USED,136.0,2026-09-26
TOYOTA,RAIZE,2023,1000.0,AUTOMATIC,PETROL,10000.0,USED,114.0,2026-09-26
TOYOTA,RAIZE,2024,1200.0,AUTOMATIC,HYBRID,10000.0,USED,133.0,2026-09-27
TOYOTA,RAIZE,2024,1200.0,AUTOMATIC,HYBRID,4925.0,USED,130.95,2026-09-26
TOYOTA,RAIZE,2024,1190.0,AUTOMATIC,HYBRID,11000.0,USED,129.5,2026-09-26
TOYOTA,RAIZE,2024,1190.0,AUTOMATIC,PETROL,30000.0,USED,125.0,2026-09-26
TOYOTA,RAIZE,2024,990.0,AUTOMATIC,PETROL,11000.0,USED,116.5,2026-09-26
TOYOTA,RAIZE,2024,990.0,AUTOMATIC,PETROL,30000.0,USED,116.5,2026-09-26
TOYOTA,RAIZE,2024,1200.0,AUTOMATIC,PETROL,49000.0,USED,119.5,2026-09-26
TOYOTA,RAIZE,2024,1200.0,AUTOMATIC,HYBRID,11000.0,USED,132.5,2026-09-23
TOYOTA,RAIZE,2024,1000.0,AUTOMATIC,PETROL,11200.0,USED,121.0,2026-09-25
TOYOTA,RAIZE,2024,1200.0,AUTOMATIC,HYBRID,12147.0,USED,138.75,2026-09-25
TOYOTA,RAIZE,2024,1200.0,AUTOMATIC,HYBRID,3000.0,USED,132.5,2026-09-24
TOYOTA,RAIZE,2024,1200.0,AUTOMATIC,HYBRID,8000.0,USED,132.0,2026-09-23
TOYOTA,RAIZE,2024,990.0,AUTOMATIC,PETROL,11000.0,USED,114.0,2026-09-26
TOYOTA,RAIZE,2024,1200.0,AUTOMATIC,HYBRID,10500.0,NEW,134.0,2026-09-26
TOYOTA,RAIZE,2024,1200.0,AUTOMATIC,PETROL,50000.0,USED,128.0,2026-09-26
TOYOTA,RAIZE,2024,1200.0,AUTOMATIC,HYBRID,17000.0,USED,128.5,2026-09-26
TOYOTA,RAIZE,2024,990.0,AUTOMATIC,PETROL,35000.0,USED,109.9,2026-09-26
TOYOTA,RAIZE,2024,990.0,AUTOMATIC,PETROL,29000.0,USED,104.9,2026-09-26
TOYOTA,RAIZE,2024,1200.0,AUTOMATIC,PETROL,36000.0,USED,128.0,2026-09-26
TOYOTA,RAIZE,2024,1200.0,AUTOMATIC,PETROL,40000.0,USED,122.5,2026-09-25
TOYOTA,RAIZE,2025,1000.0,AUTOMATIC,PETROL,18000.0,USED,111.5,2026-09-26
TOYOTA,RAIZE,2025,1000.0,AUTOMATIC,PETROL,8700.0,USED,112.5,2026-09-26
TOYOTA,RAIZE,2025,1000.0,AUTOMATIC,PETROL,5200.0,USED,112.9,2026-09-26
TOYOTA,RAIZE,2025,990.0,AUTOMATIC,PETROL,12000.0,USED,115.0,2026-09-26
TOYOTA,RAIZE,2025,990.0,AUTOMATIC,PETROL,13000.0,USED,117.5,2026-09-26
TOYOTA,RAIZE,2025,1000.0,AUTOMATIC,PETROL,1000.0,USED,112.0,2026-09-20
TOYOTA,RAIZE,2025,1200.0,AUTOMATIC,HYBRID,14900.0,USED,134.0,2026-09-26
TOYOTA,RAIZE,2025,1200.0,AUTOMATIC,HYBRID,0.0,NEW,136.9,2026-09-26
TOYOTA,RAIZE,2025,1200.0,AUTOMATIC,HYBRID,3500.0,USED,136.75,2026-09-26
TOYOTA,RAIZE,2025,1200.0,AUTOMATIC,HYBRID,1000.0,NEW,139.9,2026-09-26
TOYOTA,RAIZE,2025,1000.0,AUTOMATIC,PETROL,4000.0,USED,136.7,2026-09-26
TOYOTA,RAIZE,2025,1190.0,AUTOMATIC,HYBRID,13402.0,USED,143.0,2026-09-25
TOYOTA,RAIZE,2025,1200.0,AUTOMATIC,HYBRID,4121.0,USED,141.0,2026-09-25
TOYOTA,RAIZE,2025,1200.0,AUTOMATIC,HYBRID,15000.0,USED,149.9,2026-09-26
TOYOTA,RAIZE,2025,1200.0,AUTOMATIC,HYBRID,17000.0,USED,137.0,2026-09-26
TOYOTA,RAIZE,2025,1000.0,AUTOMATIC,PETROL,15000.0,USED,123.75,2026-09-26
TOYOTA,RAIZE,2025,1200.0,AUTOMATIC,HYBRID,5000.0,USED,134.0,2026-09-23
TOYOTA,RAIZE,2025,1000.0,AUTOMATIC,PETROL,8500.0,USED,126.5,2026-09-25
TOYOTA,RAIZE,2025,1000.0,AUTOMATIC,PETROL,13500.0,USED,119.5,2026-09-25
TOYOTA,RAIZE,2025,990.0,AUTOMATIC,PETROL,1330.0,USED,132.9,2026-09-25
TOYOTA,RAIZE,2025,1200.0,AUTOMATIC,HYBRID,25.0,NEW,138.9,2026-09-25
TOYOTA,RAIZE,2025,1200.0,AUTOMATIC,HYBRID,5000.0,USED,136.5,2026-09-19
TOYOTA,RAIZE,2025,1200.0,AUTOMATIC,PETROL,5000.0,USED,138.5,2026-09-25
TOYOTA,RAIZE,2025,1200.0,AUTOMATIC,HYBRID,0.0,NEW,136.45,2026-09-25
TOYOTA,RAIZE,2025,1200.0,AUTOMATIC,HYBRID,5900.0,USED,139.9,2026-09-25
TOYOTA,RAIZE,2025,1200.0,AUTOMATIC,HYBRID,4000.0,USED,139.0,2026-09-24
TOYOTA,RAIZE,2025,1200.0,AUTOMATIC,PETROL,0.0,NEW,139.0,2026-09-24
TOYOTA,RAIZE,2025,1200.0,AUTOMATIC,HYBRID,19000.0,USED,131.5,2026-09-26
TOYOTA,RAIZE,2025,1200.0,AUTOMATIC,HYBRID,8000.0,USED,136.0,2026-09-24
TOYOTA,RAIZE,2025,1000.0,AUTOMATIC,PETROL,15000.0,USED,110.0,2026-09-24
TOYOTA,RAIZE,2025,1000.0,AUTOMATIC,PETROL,11500.0,USED,125.0,2026-09-24
TOYOTA,RAIZE,2025,1000.0,AUTOMATIC,PETROL,19000.0,USED,114.75,2026-09-23
TOYOTA,RAIZE,2025,1200.0,AUTOMATIC,HYBRID,13000.0,USED,133.0,2026-09-24
TOYOTA,RAIZE,2025,1200.0,AUTOMATIC,PETROL,230.0,NEW,143.2,2026-09-24
TOYOTA,RAIZE,2025,1200.0,AUTOMATIC,HYBRID,5000.0,USED,135.5,2026-09-23
TOYOTA,RAIZE,2025,1000.0,AUTOMATIC,PETROL,3280.0,USED,124.9,2026-09-23
TOYOTA,RAIZE,2025,1000.0,AUTOMATIC,PETROL,8500.0,USED,126.0,2026-09-23
TOYOTA,RAIZE,2025,1000.0,AUTOMATIC,PETROL,3000.0,USED,126.5,2026-09-23
TOYOTA,RAIZE,2025,1200.0,AUTOMATIC,HYBRID,19000.0,NEW,135.75,2026-09-26
TOYOTA,RAIZE,2025,990.0,AUTOMATIC,PETROL,13000.0,USED,116.5,2026-09-26
TOYOTA,RAIZE,2025,1200.0,AUTOMATIC,HYBRID,6000.0,NEW,132.0,2026-09-26
TOYOTA,RAIZE,2025,1000.0,AUTOMATIC,PETROL,20000.0,USED,112.5,2026-09-26
TOYOTA,RAIZE,2025,1000.0,AUTOMATIC,PETROL,3000.0,NEW,125.0,2026-09-26
TOYOTA,RAIZE,2025,1200.0,AUTOMATIC,HYBRID,0.0,NEW,137.5,2026-09-26
TOYOTA,RAIZE,2025,1200.0,AUTOMATIC,HYBRID,0.0,NEW,140.0,2026-09-26
TOYOTA,RAIZE,2025,990.0,AUTOMATIC,PETROL,990.0,NEW,125.9,2026-09-26
TOYOTA,RAIZE,2025,1200.0,AUTOMATIC,HYBRID,16000.0,USED,138.5,2026-09-26
TOYOTA,RAIZE,2025,1000.0,AUTOMATIC,PETROL,17000.0,NEW,119.75,2026-09-26
TOYOTA,RAIZE,2025,1000.0,AUTOMATIC,PETROL,7100.0,NEW,124.5,2026-09-26
TOYOTA,RAIZE,2025,1200.0,AUTOMATIC,HYBRID,14000.0,USED,135.9,2026-09-26
TOYOTA,RAIZE,2025,1000.0,AUTOMATIC,PETROL,22000.0,NEW,112.0,2026-09-26
TOYOTA,RAIZE,2025,1000.0,AUTOMATIC,PETROL,0.0,NEW,134.5,2026-09-25
TOYOTA,RAIZE,2025,1000.0,AUTOMATIC,PETROL,17000.0,USED,124.5,2026-09-26
TOYOTA,RAIZE,2026,1200.0,AUTOMATIC,HYBRID,0.0,NEW,140.9,2026-09-27
TOYOTA,RAIZE,2026,1200.0,AUTOMATIC,HYBRID,8.0,NEW,139.65,2026-09-26
TOYOTA,RAIZE,2026,1200.0,AUTOMATIC,HYBRID,374.0,NEW,140.5,2026-09-26
TOYOTA,RAIZE,2026,1200.0,AUTOMATIC,HYBRID,20.0,NEW,136.0,2026-09-26
TOYOTA,RAIZE,2026,1200.0,AUTOMATIC,HYBRID,0.0,NEW,141.0,2026-09-26
TOYOTA,RAIZE,2026,1190.0,AUTOMATIC,PETROL,5.0,NEW,139.0,2026-09-26
TOYOTA,RAIZE,2026,1200.0,AUTOMATIC,HYBRID,0.0,NEW,144.75,2026-09-26
TOYOTA,RAIZE,2026,1200.0,AUTOMATIC,HYBRID,10.0,NEW,140.25,2026-09-26
TOYOTA,RAIZE,2026,1200.0,AUTOMATIC,HYBRID,0.0,NEW,140.25,2026-09-26
TOYOTA,RAIZE,2026,1200.0,AUTOMATIC,HYBRID,1.0,NEW,149.75,2026-09-26
TOYOTA,RAIZE,2026,1200.0,AUTOMATIC,HYBRID,0.0,NEW,139.0,2026-09-26
TOYOTA,RAIZE,2026,1200.0,AUTOMATIC,HYBRID,0.0,NEW,143.0,2026-09-26
TOYOTA,RAIZE,2026,1200.0,AUTOMATIC,HYBRID,0.0,NEW,145.0,2026-09-26
TOYOTA,RAIZE,2026,1200.0,AUTOMATIC,HYBRID,12.0,NEW,141.9,2026-09-25
TOYOTA,RAIZE,2026,1200.0,AUTOMATIC,HYBRID,10.0,NEW,146.9,2026-09-25
TOYOTA,RAIZE,2026,1200.0,AUTOMATIC,HYBRID,6.0,NEW,139.0,2026-09-25
TOYOTA,RAIZE,2026,1000.0,AUTOMATIC,PETROL,0.0,NEW,122.5,2026-09-25
TOYOTA,RAIZE,2026,1200.0,AUTOMATIC,HYBRID,10.0,NEW,143.9,2026-09-25
TOYOTA,RAIZE,2026,1000.0,AUTOMATIC,PETROL,0.0,NEW,128.0,2026-09-25
TOYOTA,RAIZE,2026,1200.0,AUTOMATIC,HYBRID,0.0,NEW,147.5,2026-09-26
TOYOTA,RAIZE,2026,1000.0,AUTOMATIC,PETROL,3609.0,USED,121.0,2026-09-26
TOYOTA,RAIZE,2026,1200.0,AUTOMATIC,HYBRID,0.0,NEW,139.5,2026-09-25
TOYOTA,RAIZE,2026,1000.0,AUTOMATIC,PETROL,0.0,NEW,130.0,2026-09-25
TOYOTA,RAIZE,2026,1200.0,AUTOMATIC,HYBRID,0.0,NEW,140.9,2026-09-25
TOYOTA,RAIZE,2026,1200.0,AUTOMATIC,PETROL,0.0,NEW,142.5,2026-09-25
TOYOTA,RAIZE,2026,1200.0,AUTOMATIC,HYBRID,0.0,NEW,142.9,2026-09-25
TOYOTA,RAIZE,2026,1200.0,AUTOMATIC,HYBRID,0.0,NEW,139.0,2026-09-27
TOYOTA,RAIZE,2026,1200.0,AUTOMATIC,HYBRID,0.0,NEW,143.5,2026-09-25
TOYOTA,RAIZE,2026,1200.0,AUTOMATIC,HYBRID,25.0,NEW,144.75,2026-09-25
TOYOTA,RAIZE,2026,1200.0,AUTOMATIC,HYBRID,26.0,NEW,144.9,2026-09-25
TOYOTA,RAIZE,2026,1200.0,AUTOMATIC,HYBRID,0.0,NEW,144.5,2026-09-24
TOYOTA,RAIZE,2026,1200.0,AUTOMATIC,HYBRID,0.0,NEW,141.5,2026-09-24
TOYOTA,RAIZE,2026,1200.0,AUTOMATIC,HYBRID,0.0,NEW,142.5,2026-09-24
TOYOTA,RAIZE,2026,1200.0,AUTOMATIC,HYBRID,0.0,NEW,139.2,2026-09-24
TOYOTA,RAIZE,2026,1200.0,AUTOMATIC,HYBRID,0.0,NEW,139.25,2026-09-24
TOYOTA,RAIZE,2026,1200.0,AUTOMATIC,HYBRID,0.0,NEW,139.9,2026-09-26
TOYOTA,RAIZE,2026,1200.0,AUTOMATIC,HYBRID,0.0,NEW,148.5,2026-09-24
TOYOTA,RAIZE,2026,1000.0,AUTOMATIC,PETROL,0.0,NEW,130.0,2026-09-26
TOYOTA,RAIZE,2026,1200.0,AUTOMATIC,HYBRID,0.0,NEW,139.9,2026-09-24
TOYOTA,RAIZE,2026,1200.0,AUTOMATIC,HYBRID,0.0,NEW,142.0,2026-09-24
TOYOTA,RAIZE,2026,1200.0,AUTOMATIC,HYBRID,0.0,NEW,146.5,2026-09-24
TOYOTA,RAIZE,2026,1200.0,AUTOMATIC,HYBRID,300.0,NEW,147.0,2026-09-24
TOYOTA,RAIZE,2026,1500.0,AUTOMATIC,HYBRID,0.0,NEW,133.95,2026-09-24
TOYOTA,RAIZE,2026,1200.0,AUTOMATIC,HYBRID,0.0,NEW,133.5,2026-09-24
TOYOTA,RAIZE,2026,1200.0,AUTOMATIC,HYBRID,5.0,USED,134.95,2026-09-24
TOYOTA,RAIZE,2026,1200.0,AUTOMATIC,HYBRID,0.0,NEW,136.0,2026-09-23
TOYOTA,RAIZE,2026,1200.0,AUTOMATIC,PETROL,230.0,NEW,141.9,2026-09-24
TOYOTA,RAIZE,2026,1200.0,AUTOMATIC,HYBRID,10.0,NEW,139.5,2026-09-23
TOYOTA,RAIZE,2026,1000.0,AUTOMATIC,PETROL,0.0,NEW,130.9,2026-09-23
TOYOTA,RAIZE,2026,1000.0,AUTOMATIC,PETROL,269.0,NEW,129.0,2026-09-23
TOYOTA,RAIZE,2026,1200.0,AUTOMATIC,HYBRID,17.0,NEW,150.0,2026-09-23
TOYOTA,RAIZE,2026,1200.0,AUTOMATIC,HYBRID,15.0,NEW,148.5,2026-09-23
TOYOTA,RAIZE,2026,1000.0,AUTOMATIC,PETROL,0.0,NEW,122.5,2026-09-23
TOYOTA,RAIZE,2026,1200.0,AUTOMATIC,HYBRID,0.0,NEW,140.0,2026-09-23
TOYOTA,RAIZE,2026,1200.0,AUTOMATIC,HYBRID,0.0,NEW,140.9,2026-09-23
TOYOTA,RAIZE,2026,1190.0,AUTOMATIC,HYBRID,0.0,NEW,139.5,2026-09-26
TOYOTA,RAIZE,2026,1200.0,AUTOMATIC,HYBRID,0.0,NEW,140.5,2026-09-26
TOYOTA,RAIZE,2026,1200.0,AUTOMATIC,HYBRID,20.0,NEW,139.5,2026-09-26
TOYOTA,RAIZE,2026,1200.0,AUTOMATIC,HYBRID,1.0,NEW,139.9,2026-09-26
TOYOTA,RAIZE,2026,1200.0,AUTOMATIC,HYBRID,50.0,NEW,144.9,2026-09-26
TOYOTA,RAIZE,2026,1200.0,AUTOMATIC,PETROL,0.0,NEW,140.5,2026-09-26
TOYOTA,RAIZE,2026,1200.0,AUTOMATIC,HYBRID,0.0,NEW,147.75,2026-09-26
TOYOTA,RAIZE,2026,1200.0,AUTOMATIC,HYBRID,0.0,NEW,145.75,2026-09-26
TOYOTA,RAIZE,2026,1200.0,AUTOMATIC,HYBRID,0.0,NEW,143.9,2026-09-26
TOYOTA,RAIZE,2026,1200.0,AUTOMATIC,HYBRID,0.0,NEW,143.75,2026-09-26
TOYOTA,RAIZE,2026,1200.0,AUTOMATIC,HYBRID,0.0,NEW,144.95,2026-09-26
TOYOTA,RAIZE,2026,1200.0,AUTOMATIC,HYBRID,0.0,NEW,140.9,2026-09-26
TOYOTA,RAIZE,2026,1200.0,AUTOMATIC,HYBRID,0.0,NEW,140.75,2026-09-26
TOYOTA,RAIZE,2026,1000.0,AUTOMATIC,PETROL,0.0,NEW,132.9,2026-09-26
TOYOTA,RAIZE,2026,1000.0,AUTOMATIC,PETROL,0.0,NEW,132.75,2026-09-26
TOYOTA,RAIZE,2026,1000.0,AUTOMATIC,PETROL,0.0,NEW,133.5,2026-09-26
TOYOTA,RAIZE,2026,1000.0,AUTOMATIC,PETROL,0.0,NEW,130.75,2026-09-26
TOYOTA,RAIZE,2026,1200.0,AUTOMATIC,HYBRID,0.0,NEW,139.75,2026-09-26
TOYOTA,RAIZE,2026,1000.0,AUTOMATIC,PETROL,0.0,NEW,128.9,2026-09-26
TOYOTA,RAIZE,2026,1000.0,AUTOMATIC,PETROL,0.0,NEW,129.75,2026-09-26
TOYOTA,RAIZE,2026,1200.0,AUTOMATIC,HYBRID,0.0,NEW,139.85,2026-09-26
TOYOTA,RAIZE,2026,1200.0,AUTOMATIC,HYBRID,20.0,NEW,141.5,2026-09-26
TOYOTA,RAIZE,2026,1200.0,AUTOMATIC,HYBRID,0.0,NEW,140.0,2026-09-26
TOYOTA,RAIZE,2026,1000.0,AUTOMATIC,PETROL,0.0,NEW,131.0,2026-09-26
TOYOTA,RAIZE,2026,1000.0,AUTOMATIC,PETROL,0.0,NEW,129.9,2026-09-26
TOYOTA,RAIZE,2026,1200.0,AUTOMATIC,HYBRID,0.0,NEW,142.0,2026-09-26
TOYOTA,RAIZE,2026,1200.0,AUTOMATIC,HYBRID,0.0,NEW,142.5,2026-09-26
TOYOTA,RAIZE,2026,650.0,AUTOMATIC,HYBRID,0.0,NEW,141.25,2026-09-26
TOYOTA,RAIZE,2026,1200.0,AUTOMATIC,HYBRID,12.0,USED,139.9,2026-09-26
TOYOTA,RAIZE,2026,1200.0,AUTOMATIC,HYBRID,0.0,NEW,144.9,2026-09-26
TOYOTA,RAIZE,2026,1200.0,AUTOMATIC,HYBRID,0.0,NEW,143.5,2026-09-26
TOYOTA,RAIZE,2026,1200.0,AUTOMATIC,PETROL,0.0,NEW,139.9,2026-09-26
TOYOTA,RAIZE,2026,1200.0,AUTOMATIC,HYBRID,0.0,NEW,142.0,2026-09-25
TOYOTA,RAIZE,2026,1200.0,AUTOMATIC,HYBRID,100.0,NEW,145.0,2026-09-25
TOYOTA,RAV4,2008,2500.0,AUTOMATIC,PETROL,175000.0,USED,80.0,2026-09-24
TOYOTA,RAV4,2013,2400.0,AUTOMATIC,PETROL,72700.0,USED,100.0,2026-09-26
TOYOTA,RAV4,2013,2300.0,AUTOMATIC,PETROL,147000.0,USED,98.75,2026-09-25
TOYOTA,RAV4,2026,2500.0,AUTOMATIC,HYBRID,0.0,NEW,495.0,2026-09-26
TOYOTA,ROOMY,2017,1000.0,AUTOMATIC,PETROL,88000.0,USED,84.9,2025-01-12
TOYOTA,ROOMY,2018,1000.0,AUTOMATIC,PETROL,77000.0,USED,94.0,2024-12-20
TOYOTA,ROOMY,2022,1000.0,AUTOMATIC,PETROL,33000.0,USED,93.0,2026-09-23
TOYOTA,ROOMY,2023,1000.0,AUTOMATIC,PETROL,19000.0,USED,104.5,2026-09-26
TOYOTA,ROOMY,2023,1000.0,AUTOMATIC,PETROL,28000.0,USED,99.0,2026-09-27
TOYOTA,ROOMY,2023,1000.0,AUTOMATIC,PETROL,90000.0,USED,83.5,2026-09-25
TOYOTA,ROOMY,2023,1000.0,AUTOMATIC,PETROL,19000.0,USED,105.9,2026-09-25
TOYOTA,ROOMY,2023,990.0,AUTOMATIC,PETROL,30000.0,USED,105.0,2026-09-24
TOYOTA,ROOMY,2023,1000.0,AUTOMATIC,PETROL,20000.0,USED,98.75,2026-09-24
TOYOTA,ROOMY,2023,1000.0,AUTOMATIC,PETROL,92000.0,USED,83.0,2026-09-24
TOYOTA,ROOMY,2023,1000.0,AUTOMATIC,PETROL,92000.0,USED,83.25,2026-09-24
TOYOTA,ROOMY,2023,1000.0,AUTOMATIC,PETROL,11000.0,USED,103.5,2026-09-24
TOYOTA,ROOMY,2023,990.0,AUTOMATIC,PETROL,8300.0,USED,102.0,2026-09-24
TOYOTA,ROOMY,2023,1000.0,AUTOMATIC,PETROL,13000.0,USED,91.9,2026-09-26
TOYOTA,ROOMY,2023,1000.0,AUTOMATIC,PETROL,12000.0,USED,88.9,2026-09-26
TOYOTA,ROOMY,2023,650.0,AUTOMATIC,PETROL,92000.0,USED,83.0,2026-09-23
TOYOTA,ROOMY,2023,1000.0,AUTOMATIC,PETROL,17000.0,USED,89.9,2026-09-23
TOYOTA,ROOMY,2023,1000.0,AUTOMATIC,PETROL,5000.0,USED,93.5,2026-09-23
TOYOTA,ROOMY,2023,1000.0,AUTOMATIC,PETROL,11000.0,USED,99.5,2026-09-23
TOYOTA,ROOMY,2023,1000.0,AUTOMATIC,PETROL,8000.0,USED,98.0,2026-09-26
TOYOTA,ROOMY,2023,1000.0,AUTOMATIC,PETROL,14000.0,USED,94.999,2026-09-26
TOYOTA,ROOMY,2023,996.0,AUTOMATIC,PETROL,34000.0,USED,89.0,2026-09-26
TOYOTA,ROOMY,2023,1000.0,AUTOMATIC,PETROL,6000.0,USED,98.0,2026-09-26
TOYOTA,ROOMY,2023,1000.0,AUTOMATIC,PETROL,33000.0,USED,89.5,2026-09-26
TOYOTA,ROOMY,2024,1000.0,AUTOMATIC,PETROL,10000.0,USED,88.5,2026-09-26
TOYOTA,ROOMY,2024,1000.0,AUTOMATIC,PETROL,19000.0,USED,104.75,2026-09-26
TOYOTA,ROOMY,2024,1000.0,AUTOMATIC,PETROL,5800.0,NEW,109.5,2026-09-26
TOYOTA,ROOMY,2024,1000.0,AUTOMATIC,PETROL,14000.0,USED,92.0,2026-09-26
TOYOTA,ROOMY,2024,1000.0,AUTOMATIC,PETROL,28000.0,USED,98.0,2026-09-26
TOYOTA,ROOMY,2024,1000.0,AUTOMATIC,PETROL,8000.0,USED,89.5,2026-09-26
TOYOTA,ROOMY,2024,1000.0,AUTOMATIC,PETROL,23000.0,USED,91.95,2026-09-25
TOYOTA,ROOMY,2024,1000.0,AUTOMATIC,PETROL,5000.0,USED,106.0,2026-09-27
TOYOTA,ROOMY,2024,1000.0,AUTOMATIC,PETROL,1000.0,NEW,107.9,2026-09-25
TOYOTA,ROOMY,2024,1000.0,AUTOMATIC,PETROL,11172.0,USED,98.5,2026-09-25
TOYOTA,ROOMY,2024,1000.0,AUTOMATIC,PETROL,19000.0,USED,92.9,2026-09-25
TOYOTA,ROOMY,2024,1000.0,AUTOMATIC,PETROL,2309.0,USED,101.9,2026-09-24
TOYOTA,ROOMY,2024,1000.0,AUTOMATIC,PETROL,42000.0,USED,96.9,2026-09-24
TOYOTA,ROOMY,2024,1000.0,AUTOMATIC,PETROL,5800.0,NEW,109.8,2026-09-26
TOYOTA,ROOMY,2024,990.0,AUTOMATIC,PETROL,12500.0,USED,109.75,2026-09-26
TOYOTA,ROOMY,2024,1000.0,AUTOMATIC,PETROL,12000.0,USED,108.0,2026-09-26
TOYOTA,ROOMY,2024,1000.0,AUTOMATIC,PETROL,42200.0,USED,96.9,2026-09-26
TOYOTA,ROOMY,2024,1000.0,AUTOMATIC,PETROL,19600.0,USED,92.9,2026-09-26
TOYOTA,ROOMY,2024,1000.0,AUTOMATIC,PETROL,20000.0,USED,96.0,2026-09-26
TOYOTA,ROOMY,2024,1000.0,AUTOMATIC,PETROL,13000.0,USED,97.5,2026-09-25
TOYOTA,ROOMY,2024,1000.0,AUTOMATIC,PETROL,3000.0,USED,100.9,2026-09-22
TOYOTA,ROOMY,2025,1000.0,AUTOMATIC,PETROL,15000.0,USED,107.5,2026-09-21
TOYOTA,ROOMY,2025,1000.0,AUTOMATIC,PETROL,5000.0,USED,115.5,2026-09-25
TOYOTA,ROOMY,2025,990.0,AUTOMATIC,PETROL,0.0,NEW,115.9,2026-09-26
TOYOTA,ROOMY,2025,1000.0,AUTOMATIC,PETROL,5000.0,USED,115.0,2026-09-23
TOYOTA,ROOMY,2025,1000.0,AUTOMATIC,PETROL,3000.0,USED,110.0,2026-09-23
TOYOTA,ROOMY,2025,1000.0,AUTOMATIC,PETROL,20000.0,USED,110.0,2026-09-22
TOYOTA,ROOMY,2025,1000.0,AUTOMATIC,PETROL,0.0,NEW,113.75,2026-09-26
TOYOTA,ROOMY,2025,1000.0,AUTOMATIC,PETROL,5000.0,USED,113.75,2026-09-26
TOYOTA,ROOMY,2025,1000.0,AUTOMATIC,PETROL,4000.0,USED,93.0,2026-09-25
TOYOTA,ROOMY,2025,1000.0,AUTOMATIC,PETROL,12000.0,USED,112.75,2026-09-25
TOYOTA,ROOMY,2025,1000.0,AUTOMATIC,PETROL,0.0,NEW,98.5,2026-09-25
TOYOTA,ROOMY,2026,996.0,AUTOMATIC,PETROL,0.0,NEW,122.0,2026-09-26
TOYOTA,ROOMY,2026,990.0,AUTOMATIC,PETROL,0.0,NEW,122.0,2026-09-24
TOYOTA,ROOMY,2026,1000.0,AUTOMATIC,PETROL,0.0,NEW,123.75,2026-09-26
TOYOTA,ROOMY,2026,1000.0,AUTOMATIC,PETROL,0.0,NEW,119.75,2026-09-26
TOYOTA,ROOMY LED,2020,1000.0,AUTOMATIC,PETROL,55000.0,USED,97.5,2025-02-03
TOYOTA,RUSH,2018,1500.0,AUTOMATIC,PETROL,134500.0,USED,118.5,2026-09-24
TOYOTA,RUSH,2018,1500.0,AUTOMATIC,PETROL,300000.0,USED,103.5,2026-09-26
TOYOTA,RUSH,2019,1500.0,AUTOMATIC,PETROL,104500.0,USED,116.75,2026-09-26
TOYOTA,SCP90 VITZ,2008,1300.0,AUTOMATIC,PETROL,187000.0,USED,60.2,2025-01-22
TOYOTA,SIENTA,2018,1500.0,AUTOMATIC,PETROL,149000.0,USED,133.75,2026-09-26
TOYOTA,SIENTA,2025,1500.0,AUTOMATIC,HYBRID,10000.0,USED,165.0,2026-09-24
TOYOTA,SOLUNA,2000,1500.0,MANUAL,PETROL,275000.0,USED,25.75,2025-02-04
TOYOTA,SOLUNA,2000,1500.0,AUTOMATIC,PETROL,275000.0,USED,30.9,2025-02-04
TOYOTA,SOLUNA,2000,1500.0,MANUAL,PETROL,275000.0,USED,25.0,2025-01-12
TOYOTA,SOLUNA,2000,1500.0,AUTOMATIC,PETROL,275000.0,USED,31.9,2025-01-06
TOYOTA,SOLUNA,2000,1490.0,MANUAL,PETROL,275000.0,USED,27.25,2024-12-08
TOYOTA,SOLUNA,2001,1500.0,AUTOMATIC,PETROL,264000.0,USED,30.9,2025-02-03
TOYOTA,SOLUNA,2001,1500.0,MANUAL,PETROL,264000.0,USED,28.27,2025-02-01
TOYOTA,SOLUNA,2001,1500.0,MANUAL,PETROL,264000.0,USED,28.5,2025-01-16
TOYOTA,SOLUNA,2001,1500.0,AUTOMATIC,PETROL,264000.0,USED,29.75,2025-01-24
TOYOTA,SOLUNA,2001,1500.0,MANUAL,PETROL,264000.0,USED,23.9,2025-01-03
TOYOTA,SOLUNA,2001,1498.0,AUTOMATIC,PETROL,264000.0,USED,28.3,2024-12-18
TOYOTA,SOLUNA,2002,1500.0,AUTOMATIC,PETROL,253000.0,USED,29.75,2025-01-15
TOYOTA,SOLUNA,2002,1500.0,AUTOMATIC,PETROL,253000.0,USED,36.5,2025-01-20
TOYOTA,SOLUNA,2002,1500.0,MANUAL,PETROL,253000.0,USED,38.0,2024-12-24
TOYOTA,SOLUNA,2002,1500.0,MANUAL,PETROL,253000.0,USED,34.75,2024-12-13
TOYOTA,SOLUNA,2003,1500.0,AUTOMATIC,PETROL,242000.0,USED,32.8,2024-12-15
TOYOTA,SOLUNA,2005,1498.0,MANUAL,PETROL,220000.0,USED,33.6,2025-01-31
TOYOTA,SPRINTER,1985,2000.0,MANUAL,DIESEL,440000.0,USED,12.25,2025-01-25
TOYOTA,SPRINTER,1989,1500.0,MANUAL,PETROL,396000.0,USED,13.5,2024-12-19
TOYOTA,SPRINTER,1990,2000.0,MANUAL,DIESEL,385000.0,USED,15.5,2025-01-18
TOYOTA,SPRINTER,1991,1830.0,MANUAL,DIESEL,374000.0,USED,19.75,2025-01-31
TOYOTA,SPRINTER,1995,1500.0,AUTOMATIC,PETROL,330000.0,USED,34.5,2024-12-23
TOYOTA,SPRINTER,1997,1330.0,AUTOMATIC,PETROL,308000.0,USED,31.5,2025-02-03
TOYOTA,SPRINTER,1997,1500.0,MANUAL,DIESEL,308000.0,USED,22.8,2025-01-13
TOYOTA,SPRINTER,1998,1300.0,AUTOMATIC,PETROL,297000.0,USED,30.5,2025-01-17
TOYOTA,SPRINTER,1999,1500.0,AUTOMATIC,PETROL,286000.0,USED,33.5,2025-01-02
TOYOTA,SPRINTER,2003,1500.0,AUTOMATIC,PETROL,242000.0,USED,37.95,2025-02-05
TOYOTA,SPRINTER 110,1996,1500.0,MANUAL,PETROL,319000.0,USED,28.75,2025-01-16
TOYOTA,SPRINTER 110 VINTAGE,1997,1500.0,AUTOMATIC,PETROL,308000.0,USED,30.9,2025-02-04
TOYOTA,SPRINTER 110 XE VINTAGE,1997,1500.0,AUTOMATIC,PETROL,308000.0,USED,32.0,2025-01-11
TOYOTA,SPRINTER 111,2000,1300.0,MANUAL,PETROL,275000.0,USED,30.0,2025-01-16
TOYOTA,SPRINTER AE110,1998,1500.0,MANUAL,PETROL,297000.0,USED,31.5,2024-12-09
TOYOTA,SPRINTER AE80,1984,1200.0,MANUAL,PETROL,451000.0,USED,10.5,2025-01-05
TOYOTA,SPRINTER AE80,1984,1490.0,MANUAL,PETROL,451000.0,USED,8.5,2024-12-30
TOYOTA,SPRINTER VINTAGE,1997,1500.0,MANUAL,DIESEL,308000.0,USED,30.5,2025-01-23
TOYOTA,SPRINTER XE VINTAGE AE110,1997,1490.0,AUTOMATIC,PETROL,308000.0,USED,32.0,2024-12-30
TOYOTA,STARLET,1982,1300.0,MANUAL,PETROL,473000.0,USED,11.5,2025-01-10
TOYOTA,STARLET,1987,1300.0,MANUAL,PETROL,418000.0,USED,15.2,2025-01-16
TOYOTA,STARLET,1988,1500.0,MANUAL,DIESEL,407000.0,USED,16.5,2025-01-29
TOYOTA,STARLET,1988,1400.0,MANUAL,DIESEL,407000.0,USED,15.5,2024-12-21
TOYOTA,STARLET,1989,1330.0,MANUAL,PETROL,396000.0,USED,13.1,2025-01-16
TOYOTA,STARLET,1989,1450.0,MANUAL,DIESEL,396000.0,USED,13.1,2025-01-25
TOYOTA,STARLET,1989,1299.0,AUTOMATIC,PETROL,396000.0,USED,13.1,2024-12-25
TOYOTA,STARLET,1990,1300.0,MANUAL,PETROL,231592.0,USED,25.95,2026-09-25
TOYOTA,STARLET,1991,1300.0,MANUAL,PETROL,374000.0,USED,27.4,2025-02-05
TOYOTA,STARLET,1991,1300.0,MANUAL,PETROL,374000.0,USED,29.5,2024-12-26
TOYOTA,STARLET,1991,1300.0,MANUAL,PETROL,374000.0,USED,22.5,2024-12-17
TOYOTA,STARLET,1992,1290.0,MANUAL,PETROL,363000.0,USED,20.0,2024-12-17
TOYOTA,STARLET,1992,1300.0,AUTOMATIC,PETROL,363000.0,USED,29.5,2024-12-17
TOYOTA,STARLET,1993,1330.0,MANUAL,PETROL,245000.0,USED,37.0,2026-09-25
TOYOTA,STARLET,1994,1300.0,AUTOMATIC,PETROL,341000.0,USED,27.95,2025-02-05
TOYOTA,STARLET,1994,1330.0,MANUAL,PETROL,341000.0,USED,27.0,2025-02-01
TOYOTA,STARLET,1994,1300.0,AUTOMATIC,PETROL,341000.0,USED,27.9,2025-01-25
TOYOTA,STARLET,1994,1330.0,AUTOMATIC,PETROL,341000.0,USED,25.5,2024-12-30
TOYOTA,STARLET,1995,1333.0,MANUAL,PETROL,330000.0,USED,25.5,2025-01-30
TOYOTA,STARLET,1995,1300.0,MANUAL,PETROL,330000.0,USED,28.0,2025-01-11
TOYOTA,STARLET,1996,1350.0,MANUAL,PETROL,319000.0,USED,34.75,2025-02-05
TOYOTA,STARLET,1996,1450.0,AUTOMATIC,DIESEL,319000.0,USED,31.75,2025-02-04
TOYOTA,STARLET,1996,1300.0,MANUAL,PETROL,319000.0,USED,29.75,2025-02-02
TOYOTA,STARLET,1996,1450.0,AUTOMATIC,DIESEL,319000.0,USED,28.6,2025-01-30
TOYOTA,STARLET,1996,1500.0,AUTOMATIC,DIESEL,319000.0,USED,26.9,2025-01-12
TOYOTA,STARLET,1996,1450.0,AUTOMATIC,DIESEL,319000.0,USED,31.0,2025-01-21
TOYOTA,STARLET,1996,1450.0,AUTOMATIC,DIESEL,319000.0,USED,28.5,2025-01-19
TOYOTA,STARLET,1996,1500.0,MANUAL,DIESEL,319000.0,USED,10.5,2024-12-25
TOYOTA,STARLET,1996,1300.0,AUTOMATIC,PETROL,319000.0,USED,32.5,2024-12-24
TOYOTA,STARLET,1996,1500.0,MANUAL,DIESEL,319000.0,USED,31.75,2024-12-24
TOYOTA,STARLET,1997,1450.0,AUTOMATIC,DIESEL,308000.0,USED,33.75,2025-02-04
TOYOTA,STARLET,1997,1450.0,AUTOMATIC,DIESEL,308000.0,USED,29.75,2025-01-31
TOYOTA,STARLET,1997,2000.0,AUTOMATIC,DIESEL,308000.0,USED,33.416666666666664,2025-01-29
TOYOTA,STARLET,1997,1300.0,AUTOMATIC,PETROL,308000.0,USED,36.75,2024-12-16
TOYOTA,STARLET,1998,1330.0,AUTOMATIC,PETROL,297000.0,USED,38.25,2025-02-03
TOYOTA,STARLET,1998,1500.0,AUTOMATIC,DIESEL,297000.0,USED,33.5,2025-01-07
TOYOTA,STARLET,1998,1300.0,AUTOMATIC,PETROL,297000.0,USED,39.5,2024-12-04
TOYOTA,STARLET,2000,1500.0,AUTOMATIC,DIESEL,275000.0,USED,38.9,2025-01-25
TOYOTA,STARLET,2002,1500.0,AUTOMATIC,DIESEL,253000.0,USED,39.8,2025-02-04
TOYOTA,STARLET EP71,1986,1300.0,MANUAL,PETROL,429000.0,USED,13.25,2025-01-31
TOYOTA,STARLET EP71,1987,1300.0,MANUAL,PETROL,418000.0,USED,14.0,2025-01-13
TOYOTA,STARLET EP71,1987,1290.0,MANUAL,PETROL,418000.0,USED,16.5,2024-12-08
TOYOTA,STARLET EP71,1989,1300.0,AUTOMATIC,PETROL,396000.0,USED,16.75,2025-01-31
TOYOTA,STARLET EP71 GLANZA,1990,1300.0,MANUAL,PETROL,385000.0,USED,27.0,2025-01-04
TOYOTA,STARLET EP71 TURBO,1985,1300.0,MANUAL,PETROL,440000.0,USED,26.75,2025-01-22
TOYOTA,STARLET EP71XL,1989,1290.0,MANUAL,PETROL,396000.0,USED,17.5,2025-01-30
TOYOTA,STARLET EP76,1988,1500.0,MANUAL,DIESEL,407000.0,USED,9.75,2025-01-22
TOYOTA,STARLET EP82,1991,1300.0,MANUAL,PETROL,374000.0,USED,27.5,2025-01-26
TOYOTA,STARLET EP82,1992,1300.0,MANUAL,PETROL,363000.0,USED,27.75,2025-01-26
TOYOTA,STARLET EP82,1993,1300.0,MANUAL,PETROL,352000.0,USED,25.5,2025-02-01
TOYOTA,STARLET EP82,1993,1330.0,MANUAL,PETROL,352000.0,USED,24.75,2025-01-25
TOYOTA,STARLET EP82,1994,1300.0,AUTOMATIC,PETROL,341000.0,USED,27.5,2024-12-19
TOYOTA,STARLET EP82,1994,1300.0,AUTOMATIC,PETROL,341000.0,USED,27.25,2024-12-06
TOYOTA,STARLET EP82,1995,1330.0,AUTOMATIC,PETROL,330000.0,USED,29.0,2025-02-04
TOYOTA,STARLET EP82,1995,1330.0,MANUAL,PETROL,330000.0,USED,26.5,2025-01-14
TOYOTA,STARLET EP82,1996,1300.0,MANUAL,PETROL,319000.0,USED,30.0,2025-01-14
TOYOTA,STARLET EP82,1997,1330.0,MANUAL,PETROL,308000.0,USED,29.5,2025-01-21
TOYOTA,STARLET EP82 X LIMITED,1993,1300.0,MANUAL,PETROL,352000.0,USED,28.6,2025-01-31
TOYOTA,STARLET EP82 X LIMITED,1995,1330.0,AUTOMATIC,PETROL,330000.0,USED,34.9,2025-02-03
TOYOTA,STARLET EP91,1996,1330.0,AUTOMATIC,PETROL,319000.0,USED,33.166666666666664,2025-02-04
TOYOTA,STARLET EP91,1996,1300.0,AUTOMATIC,PETROL,319000.0,USED,32.5,2025-01-27
TOYOTA,STARLET EP91,1996,1300.0,AUTOMATIC,PETROL,319000.0,USED,34.5,2025-01-26
TOYOTA,STARLET EP91,1996,1330.0,AUTOMATIC,PETROL,319000.0,USED,32.5,2025-01-25
TOYOTA,STARLET EP91,1997,1300.0,MANUAL,PETROL,308000.0,USED,31.9,2025-01-07
TOYOTA,STARLET EP91,1997,1283.0,AUTOMATIC,PETROL,308000.0,USED,35.0,2025-01-02
TOYOTA,STARLET EP91,1997,1330.0,AUTOMATIC,PETROL,308000.0,USED,34.0,2024-12-12
TOYOTA,STARLET EP91,1997,1330.0,AUTOMATIC,PETROL,308000.0,USED,38.75,2024-12-07
TOYOTA,STARLET EP91,1998,1000.0,AUTOMATIC,PETROL,297000.0,USED,35.75,2025-02-03
TOYOTA,STARLET EP91,1998,1300.0,AUTOMATIC,PETROL,297000.0,USED,38.25,2025-01-30
TOYOTA,STARLET EP91,1998,1300.0,AUTOMATIC,PETROL,297000.0,USED,33.25,2025-01-26
TOYOTA,STARLET EP91,1999,1283.0,AUTOMATIC,PETROL,286000.0,USED,38.75,2025-01-13
TOYOTA,STARLET GLANZA,1997,1500.0,AUTOMATIC,DIESEL,308000.0,USED,34.224999999999994,2025-01-30
TOYOTA,STARLET GLANZA,1997,1500.0,AUTOMATIC,DIESEL,308000.0,USED,37.0,2025-01-29
TOYOTA,STARLET GLANZA,1999,1300.0,AUTOMATIC,PETROL,286000.0,USED,41.625,2025-02-05
TOYOTA,STARLET GLANZA,2000,1500.0,AUTOMATIC,DIESEL,275000.0,NEW,38.85,2025-02-03
TOYOTA,STARLET GLANZA,2000,1500.0,AUTOMATIC,DIESEL,275000.0,USED,38.75,2025-02-01
TOYOTA,STARLET GT,1991,1330.0,MANUAL,PETROL,374000.0,USED,45.6,2025-02-05
TOYOTA,STARLET GT,1991,1300.0,MANUAL,PETROL,374000.0,USED,43.0,2025-01-06
TOYOTA,STARLET GT,1992,1300.0,MANUAL,PETROL,363000.0,USED,48.0,2024-12-08
TOYOTA,STARLET GT,1993,1300.0,MANUAL,PETROL,352000.0,USED,40.0,2025-01-01
TOYOTA,STARLET GT,1995,1300.0,MANUAL,PETROL,330000.0,USED,42.5,2025-01-29
TOYOTA,STARLET GT,1999,1300.0,MANUAL,PETROL,286000.0,USED,46.5,2025-01-14
TOYOTA,STARLET GT TURBO,1995,1300.0,MANUAL,PETROL,330000.0,USED,47.5,2025-01-26
TOYOTA,STARLET KP61,1984,1300.0,MANUAL,PETROL,451000.0,USED,13.5,2025-02-05
TOYOTA,STARLET NP80,1990,1450.0,MANUAL,DIESEL,385000.0,USED,23.5,2025-01-24
TOYOTA,STARLET NP80,1992,1450.0,MANUAL,DIESEL,363000.0,USED,24.0,2024-12-12
TOYOTA,STARLET NP90,1998,1500.0,MANUAL,DIESEL,297000.0,USED,30.0,2025-01-29
TOYOTA,STARLET NP90,1999,1500.0,AUTOMATIC,DIESEL,286000.0,USED,28.5,2025-02-03
TOYOTA,STARLET NP90 GLANZA V,1997,1500.0,AUTOMATIC,DIESEL,308000.0,USED,45.0,2025-01-19
TOYOTA,STARLET NP90 REFLET F,1997,1500.0,AUTOMATIC,DIESEL,308000.0,USED,36.5,2025-02-04
TOYOTA,SUNNY SUPER SALOON,1989,1500.0,MANUAL,PETROL,396000.0,USED,16.75,2025-02-01
TOYOTA,SUPRA,2025,2000.0,AUTOMATIC,PETROL,5000.0,USED,480.0,2026-09-24
TOYOTA,SX 90,1996,1800.0,AUTOMATIC,PETROL,319000.0,USED,28.75,2024-12-27
TOYOTA,TAISOR,2026,1000.0,AUTOMATIC,PETROL,0.0,NEW,112.5,2026-09-26
TOYOTA,TAISOR,2026,1000.0,AUTOMATIC,PETROL,0.0,NEW,111.0,2026-09-19
TOYOTA,TAISOR,2026,1000.0,AUTOMATIC,PETROL,0.0,NEW,120.5,2026-09-26
TOYOTA,TAISOR,2026,1000.0,AUTOMATIC,PETROL,8.0,NEW,112.95,2026-09-24
TOYOTA,TAISOR,2026,1000.0,AUTOMATIC,PETROL,0.0,NEW,107.9,2026-09-25
TOYOTA,TAISOR,2026,1000.0,AUTOMATIC,PETROL,0.0,NEW,113.9,2026-09-25
TOYOTA,TAISOR,2026,1000.0,AUTOMATIC,PETROL,0.0,NEW,112.9,2026-09-25
TOYOTA,TAISOR,2026,1000.0,AUTOMATIC,PETROL,0.0,NEW,112.5,2026-09-25
TOYOTA,TAISOR,2026,1000.0,AUTOMATIC,PETROL,0.0,NEW,110.75,2026-09-25
TOYOTA,TAISOR,2026,1000.0,AUTOMATIC,PETROL,0.0,NEW,111.9,2026-09-25
TOYOTA,TAISOR,2026,1000.0,AUTOMATIC,PETROL,0.0,NEW,125.0,2026-09-25
TOYOTA,TAISOR,2026,1000.0,AUTOMATIC,PETROL,0.0,NEW,113.9,2026-09-26
TOYOTA,TAISOR,2026,1000.0,AUTOMATIC,PETROL,0.0,NEW,113.5,2026-09-24
TOYOTA,TAISOR,2026,1000.0,AUTOMATIC,PETROL,0.0,NEW,113.25,2026-09-24
TOYOTA,TAISOR,2026,1000.0,AUTOMATIC,PETROL,0.0,NEW,112.5,2026-09-24
TOYOTA,TAISOR,2026,1000.0,AUTOMATIC,PETROL,6000.0,USED,55.0,2026-09-12
TOYOTA,TAISOR,2026,1000.0,AUTOMATIC,PETROL,0.0,NEW,106.9,2026-09-24
TOYOTA,TAISOR,2026,1000.0,AUTOMATIC,PETROL,0.0,NEW,107.0,2026-09-24
TOYOTA,TAISOR,2026,1000.0,AUTOMATIC,PETROL,0.0,NEW,110.0,2026-09-26
TOYOTA,TAISOR,2026,1000.0,AUTOMATIC,PETROL,0.0,NEW,113.0,2026-09-23
TOYOTA,TAISOR,2026,1000.0,AUTOMATIC,PETROL,0.0,NEW,109.0,2026-09-23
TOYOTA,TAISOR,2026,998.0,AUTOMATIC,PETROL,0.0,NEW,111.5,2026-09-26
TOYOTA,TAISOR,2026,1000.0,AUTOMATIC,PETROL,0.0,NEW,114.0,2026-09-26
TOYOTA,TAISOR,2026,998.0,AUTOMATIC,PETROL,0.0,NEW,112.5,2026-09-26
TOYOTA,TAISOR,2026,1000.0,AUTOMATIC,PETROL,0.0,NEW,113.5,2026-09-26
TOYOTA,TAISOR,2026,1000.0,AUTOMATIC,PETROL,0.0,NEW,111.5,2026-09-26
TOYOTA,TAISOR,2026,1000.0,AUTOMATIC,PETROL,0.0,NEW,113.0,2026-09-26
TOYOTA,TAISOR,2026,1000.0,AUTOMATIC,PETROL,0.0,NEW,115.0,2026-09-26
TOYOTA,TAISOR,2026,990.0,AUTOMATIC,PETROL,0.0,NEW,112.5,2026-09-26
TOYOTA,TAISOR,2026,1000.0,AUTOMATIC,PETROL,13.0,NEW,113.5,2026-09-26
TOYOTA,TAISOR,2026,990.0,AUTOMATIC,PETROL,50.0,USED,109.0,2026-09-26
TOYOTA,TAISOR,2026,1000.0,AUTOMATIC,HYBRID,0.0,NEW,111.5,2026-09-26
TOYOTA,TAISOR,2026,1000.0,AUTOMATIC,PETROL,0.0,NEW,113.4,2026-09-26
TOYOTA,TAISOR,2026,1000.0,AUTOMATIC,PETROL,0.0,NEW,104.75,2026-09-25
TOYOTA,TAISOR,2026,1000.0,AUTOMATIC,PETROL,0.0,NEW,111.25,2026-09-25
TOYOTA,TAISOR,2026,1000.0,AUTOMATIC,PETROL,0.0,NEW,105.5,2026-09-25
TOYOTA,TAISOR,2026,1000.0,AUTOMATIC,PETROL,0.0,NEW,116.0,2026-09-11
TOYOTA,TANK,2016,1000.0,AUTOMATIC,PETROL,99000.0,USED,87.81250000000003,2025-01-07
TOYOTA,TANK,2017,650.0,AUTOMATIC,PETROL,88000.0,USED,89.5,2025-02-03
TOYOTA,TANK,2017,1000.0,AUTOMATIC,PETROL,88000.0,USED,88.9,2025-02-01
TOYOTA,TANK,2017,999.0,AUTOMATIC,PETROL,88000.0,USED,90.0,2025-01-22
TOYOTA,TANK,2017,998.0,AUTOMATIC,PETROL,88000.0,USED,91.11249999999998,2025-01-02
TOYOTA,TANK,2017,1000.0,AUTOMATIC,PETROL,88000.0,USED,89.5,2024-12-25
TOYOTA,TANK,2018,1000.0,AUTOMATIC,PETROL,116000.0,USED,78.0,2026-09-26
TOYOTA,TANK GS,2017,1000.0,AUTOMATIC,PETROL,88000.0,USED,86.5,2025-02-01
TOYOTA,TANK GS LIMITED,2017,1000.0,AUTOMATIC,PETROL,88000.0,USED,89.5,2025-02-03
TOYOTA,TANK GT CUSTOM,2018,1000.0,AUTOMATIC,PETROL,77000.0,USED,95.5,2025-02-04
TOYOTA,TERCEL,1985,1500.0,MANUAL,PETROL,440000.0,USED,14.625,2025-02-05
TOYOTA,TERCEL,1987,1450.0,MANUAL,PETROL,418000.0,USED,14.625,2025-01-02
TOYOTA,TERCEL,1994,1490.0,AUTOMATIC,PETROL,341000.0,USED,25.65,2025-01-24
TOYOTA,TERCEL,1995,1300.0,MANUAL,PETROL,330000.0,USED,20.5,2025-01-15
TOYOTA,TERCEL,1997,1300.0,MANUAL,PETROL,308000.0,USED,23.0,2025-02-01
TOYOTA,TERCEL,1997,1300.0,MANUAL,PETROL,308000.0,USED,22.25,2024-12-30
TOYOTA,TERCEL,1998,1300.0,MANUAL,PETROL,297000.0,USED,23.75,2025-01-24
TOYOTA,TERCEL,1999,1300.0,MANUAL,PETROL,286000.0,USED,26.1,2025-02-04
TOYOTA,TERCEL,1999,1250.0,MANUAL,PETROL,286000.0,USED,24.25,2025-01-30
TOYOTA,TERCEL,1999,1330.0,AUTOMATIC,PETROL,286000.0,USED,32.625,2025-01-06
TOYOTA,TERCEL,1999,1300.0,MANUAL,PETROL,286000.0,USED,28.75,2024-12-22
TOYOTA,TERCEL COROLLA,1997,1500.0,AUTOMATIC,PETROL,308000.0,USED,29.5,2025-02-05
TOYOTA,TOYOTA,1985,2000.0,MANUAL,DIESEL,440000.0,USED,10.75,2024-12-12
TOYOTA,TOYOTA,1986,1500.0,MANUAL,PETROL,429000.0,USED,7.75,2025-01-27
TOYOTA,TOYOTA,1993,1500.0,AUTOMATIC,PETROL,352000.0,USED,17.0,2025-01-29
TOYOTA,TOYOTA,1997,1200.0,MANUAL,PETROL,308000.0,USED,8.0,2025-01-29
TOYOTA,TOYOTA,1998,1500.0,AUTOMATIC,PETROL,297000.0,USED,36.75,2025-01-16
TOYOTA,TOYOTA,2000,980.0,MANUAL,PETROL,275000.0,USED,29.0,2025-01-19
TOYOTA,TOYOTA,2004,2000.0,AUTOMATIC,PETROL,231000.0,USED,49.5,2025-01-25
TOYOTA,TOYOTA,2016,1000.0,AUTOMATIC,PETROL,99000.0,USED,75.5,2025-02-01
TOYOTA,TOYOTO,1991,1500.0,MANUAL,DIESEL,374000.0,USED,7.95,2025-01-22
TOYOTA,TRUENO AE91,1987,1500.0,MANUAL,PETROL,418000.0,USED,36.5,2025-01-01
TOYOTA,URBAN CRUISER,2026,1000.0,AUTOMATIC,PETROL,0.0,NEW,113.5,2026-09-25
TOYOTA,URBAN CRUISER,2026,1000.0,AUTOMATIC,PETROL,0.0,NEW,114.0,2026-09-25
TOYOTA,URBAN CRUISER,2026,1000.0,AUTOMATIC,PETROL,0.0,NEW,113.5,2026-09-24
TOYOTA,URBAN CRUISER,2026,1000.0,AUTOMATIC,PETROL,7.0,NEW,108.75,2026-09-25
TOYOTA,URBAN CRUISER,2026,1000.0,AUTOMATIC,PETROL,0.0,NEW,108.75,2026-09-25
TOYOTA,URBAN CRUISER,2026,1000.0,AUTOMATIC,PETROL,0.0,NEW,111.5,2026-09-24
TOYOTA,URBANCRUISER HYRYDER,2026,1500.0,AUTOMATIC,HYBRID,0.0,NEW,172.5,2026-09-26
TOYOTA,URBANCRUISER HYRYDER,2026,1500.0,AUTOMATIC,HYBRID,0.0,NEW,174.5,2026-09-26
TOYOTA,URBANCRUISER HYRYDER,2026,1000.0,AUTOMATIC,HYBRID,80.0,NEW,111.75,2026-09-26
TOYOTA,URBANCRUISER HYRYDER,2026,1500.0,AUTOMATIC,HYBRID,0.0,NEW,174.9,2026-09-25
TOYOTA,VANGUARD,2010,2400.0,AUTOMATIC,PETROL,142000.0,USED,105.0,2026-09-22
TOYOTA,VELOZ,2026,1500.0,AUTOMATIC,PETROL,0.0,NEW,229.0,2026-09-25
TOYOTA,VEROSSA,2003,1800.0,AUTOMATIC,PETROL,242000.0,USED,55.0,2025-01-05
TOYOTA,VIOS,2003,1500.0,AUTOMATIC,PETROL,242000.0,USED,47.5,2025-02-05
TOYOTA,VIOS,2003,1500.0,AUTOMATIC,PETROL,242000.0,USED,49.5,2025-02-05
TOYOTA,VIOS,2003,1500.0,AUTOMATIC,PETROL,242000.0,USED,45.5,2025-02-03
TOYOTA,VIOS,2003,1500.0,AUTOMATIC,PETROL,242000.0,USED,48.45,2025-02-03
TOYOTA,VIOS,2003,1500.0,MANUAL,PETROL,242000.0,USED,48.75,2025-02-03
TOYOTA,VIOS,2003,1490.0,AUTOMATIC,PETROL,242000.0,USED,35.75,2025-02-03
TOYOTA,VIOS,2003,1500.0,AUTOMATIC,PETROL,242000.0,USED,45.0,2025-02-01
TOYOTA,VIOS,2003,1500.0,AUTOMATIC,PETROL,242000.0,USED,48.0,2025-02-01
TOYOTA,VIOS,2003,1499.0,AUTOMATIC,PETROL,242000.0,USED,35.75,2025-01-30
TOYOTA,VIOS,2003,1500.0,AUTOMATIC,PETROL,242000.0,USED,43.66875,2025-01-29
TOYOTA,VIOS,2003,1500.0,AUTOMATIC,PETROL,242000.0,USED,47.0,2025-01-14
TOYOTA,VIOS,2003,1500.0,AUTOMATIC,PETROL,242000.0,USED,45.0,2025-01-08
TOYOTA,VIOS,2003,1500.0,AUTOMATIC,PETROL,242000.0,USED,49.5,2024-12-13
TOYOTA,VIOS,2003,1500.0,MANUAL,PETROL,242000.0,USED,43.0,2024-12-12
TOYOTA,VIOS,2003,1500.0,AUTOMATIC,PETROL,242000.0,USED,51.0,2024-12-07
TOYOTA,VIOS,2003,1500.0,AUTOMATIC,PETROL,242000.0,USED,47.0,2024-12-04
TOYOTA,VIOS,2004,1500.0,AUTOMATIC,PETROL,231000.0,USED,49.5,2025-02-05
TOYOTA,VIOS,2004,1500.0,AUTOMATIC,PETROL,231000.0,USED,54.0,2025-01-16
TOYOTA,VIOS,2004,1500.0,AUTOMATIC,PETROL,231000.0,USED,49.5,2025-01-16
TOYOTA,VIOS,2004,1500.0,AUTOMATIC,PETROL,231000.0,USED,48.5,2025-01-14
TOYOTA,VIOS,2004,1500.0,AUTOMATIC,PETROL,231000.0,USED,47.0,2025-01-09
TOYOTA,VIOS,2004,1500.0,AUTOMATIC,PETROL,231000.0,USED,49.8,2025-01-26
TOYOTA,VIOS,2004,1500.0,AUTOMATIC,PETROL,231000.0,USED,47.5,2025-01-19
TOYOTA,VIOS,2004,1500.0,AUTOMATIC,PETROL,231000.0,USED,46.5,2024-12-23
TOYOTA,VIOS,2004,1499.0,AUTOMATIC,PETROL,231000.0,USED,50.0,2024-12-20
TOYOTA,VIOS,2004,1500.0,AUTOMATIC,PETROL,231000.0,USED,48.0,2024-12-19
TOYOTA,VIOS,2004,1500.0,AUTOMATIC,PETROL,231000.0,USED,51.75,2024-12-18
TOYOTA,VIOS,2004,1500.0,AUTOMATIC,PETROL,231000.0,USED,48.5,2024-12-17
TOYOTA,VIOS,2005,1500.0,AUTOMATIC,PETROL,220000.0,USED,54.0,2025-01-31
TOYOTA,VIOS,2005,1497.0,AUTOMATIC,PETROL,220000.0,USED,52.0,2025-01-17
TOYOTA,VIOS,2005,1500.0,AUTOMATIC,PETROL,220000.0,USED,49.75,2025-01-28
TOYOTA,VIOS,2005,1500.0,AUTOMATIC,PETROL,220000.0,USED,54.0,2025-01-19
TOYOTA,VIOS,2006,1500.0,AUTOMATIC,PETROL,209000.0,USED,53.0,2025-02-05
TOYOTA,VIOS,2006,1500.0,MANUAL,PETROL,209000.0,USED,43.75,2025-01-20
TOYOTA,VIOS,2006,1496.0,AUTOMATIC,PETROL,209000.0,USED,35.75,2024-12-28
TOYOTA,VIOS,2007,1500.0,AUTOMATIC,PETROL,198000.0,USED,61.5,2025-02-02
TOYOTA,VIOS,2007,1500.0,AUTOMATIC,PETROL,198000.0,USED,47.9,2025-01-18
TOYOTA,VIOS,2007,1496.0,AUTOMATIC,PETROL,198000.0,USED,62.5,2025-01-17
TOYOTA,VIOS,2007,1500.0,AUTOMATIC,PETROL,198000.0,USED,35.75,2025-01-17
TOYOTA,VIOS,2007,1500.0,AUTOMATIC,PETROL,198000.0,USED,54.975,2025-01-27
TOYOTA,VIOS,2007,1500.0,AUTOMATIC,PETROL,198000.0,USED,63.75,2025-01-25
TOYOTA,VIOS,2007,1500.0,AUTOMATIC,PETROL,198000.0,USED,62.75,2025-01-19
TOYOTA,VIOS,2007,1500.0,AUTOMATIC,PETROL,198000.0,USED,63.75,2025-01-01
TOYOTA,VIOS,2007,1500.0,AUTOMATIC,PETROL,198000.0,USED,54.975,2024-12-27
TOYOTA,VIOS,2007,1500.0,AUTOMATIC,PETROL,198000.0,USED,61.0,2024-12-13
TOYOTA,VIOS,2007,1500.0,AUTOMATIC,PETROL,127000.0,USED,60.0,2026-09-25
TOYOTA,VIOS,2008,1500.0,AUTOMATIC,PETROL,187000.0,USED,49.75,2025-02-03
TOYOTA,VIOS,2008,1490.0,AUTOMATIC,PETROL,187000.0,USED,35.75,2025-01-31
TOYOTA,VIOS,2008,1490.0,AUTOMATIC,PETROL,187000.0,USED,35.75,2025-01-28
TOYOTA,VIOS,2010,1500.0,AUTOMATIC,PETROL,165000.0,USED,63.0,2025-01-17
TOYOTA,VIOS,2010,1500.0,AUTOMATIC,PETROL,165000.0,USED,63.75,2024-12-30
TOYOTA,VIOS,2010,1500.0,AUTOMATIC,PETROL,165000.0,USED,55.9,2026-09-24
TOYOTA,VIOS,2011,1490.0,AUTOMATIC,PETROL,154000.0,USED,35.75,2025-01-30
TOYOTA,VIOS BELTA,2007,1500.0,AUTOMATIC,PETROL,198000.0,USED,65.75,2025-02-05
TOYOTA,VIOS BELTA YARIS BODY,2007,1500.0,AUTOMATIC,PETROL,198000.0,USED,58.75,2025-01-08
TOYOTA,VIOS E GRADE,2004,1500.0,AUTOMATIC,PETROL,231000.0,USED,52.5,2025-02-04
TOYOTA,VIOS JAPAN,2003,1500.0,AUTOMATIC,PETROL,242000.0,USED,46.75,2025-01-15
TOYOTA,VIOS JAPAN,2004,1500.0,AUTOMATIC,PETROL,231000.0,USED,48.5,2025-01-27
TOYOTA,VIOS S GRADE,2003,1497.0,AUTOMATIC,PETROL,242000.0,USED,47.9,2025-02-03
TOYOTA,VIOS S GRADE,2003,1500.0,AUTOMATIC,PETROL,242000.0,USED,49.5,2025-01-28
TOYOTA,VIOS S GRADE,2003,1500.0,AUTOMATIC,PETROL,242000.0,USED,48.0,2025-01-23
TOYOTA,VIOS S GRADE,2003,1500.0,AUTOMATIC,PETROL,242000.0,USED,48.75,2025-01-05
TOYOTA,VIOS S GRADE,2003,1500.0,AUTOMATIC,PETROL,242000.0,USED,47.9,2024-12-29
TOYOTA,VIOS S GRADE,2003,1500.0,AUTOMATIC,PETROL,242000.0,USED,48.5,2024-12-21
TOYOTA,VISTA,1991,2000.0,AUTOMATIC,DIESEL,374000.0,USED,6.5,2024-12-21
TOYOTA,VISTA,1991,1970.0,AUTOMATIC,DIESEL,374000.0,USED,6.5,2024-12-13
TOYOTA,VISTA,1992,1980.0,MANUAL,DIESEL,363000.0,USED,18.5,2025-02-05
TOYOTA,VISTA CV30,1991,2000.0,AUTOMATIC,DIESEL,374000.0,USED,22.5,2025-02-03
TOYOTA,VISTA CV30,1993,1970.0,AUTOMATIC,DIESEL,352000.0,USED,24.0,2024-12-20
TOYOTA,VITZ,1999,1000.0,AUTOMATIC,PETROL,286000.0,USED,36.75,2025-02-05
TOYOTA,VITZ,1999,1000.0,AUTOMATIC,PETROL,286000.0,USED,36.5,2025-02-04
TOYOTA,VITZ,1999,1000.0,AUTOMATIC,PETROL,286000.0,USED,36.625,2025-02-03
TOYOTA,VITZ,2000,1000.0,AUTOMATIC,PETROL,275000.0,USED,40.65,2025-02-04
TOYOTA,VITZ,2000,1000.0,AUTOMATIC,PETROL,275000.0,USED,43.5,2025-02-01
TOYOTA,VITZ,2000,990.0,AUTOMATIC,PETROL,275000.0,USED,37.8,2024-12-26
TOYOTA,VITZ,2001,1000.0,AUTOMATIC,PETROL,264000.0,USED,38.55,2025-02-01
TOYOTA,VITZ,2001,1000.0,AUTOMATIC,PETROL,264000.0,USED,37.6,2025-01-14
TOYOTA,VITZ,2001,1000.0,AUTOMATIC,PETROL,264000.0,USED,39.5,2024-12-10
TOYOTA,VITZ,2002,1000.0,AUTOMATIC,PETROL,253000.0,USED,41.5,2025-02-05
TOYOTA,VITZ,2002,990.0,AUTOMATIC,PETROL,253000.0,USED,41.75,2025-02-04
TOYOTA,VITZ,2002,1000.0,AUTOMATIC,PETROL,253000.0,USED,39.9,2025-02-03
TOYOTA,VITZ,2002,1000.0,AUTOMATIC,PETROL,253000.0,NEW,39.0,2025-01-13
TOYOTA,VITZ,2002,990.0,AUTOMATIC,PETROL,253000.0,USED,43.0,2024-12-09
TOYOTA,VITZ,2002,990.0,AUTOMATIC,PETROL,253000.0,USED,41.75,2024-12-06
TOYOTA,VITZ,2003,1000.0,AUTOMATIC,PETROL,242000.0,USED,42.75,2025-02-02
TOYOTA,VITZ,2003,990.0,AUTOMATIC,PETROL,242000.0,USED,38.0,2024-12-25
TOYOTA,VITZ,2005,1500.0,AUTOMATIC,PETROL,220000.0,USED,38.5,2025-02-01
TOYOTA,VITZ,2005,1000.0,AUTOMATIC,PETROL,220000.0,USED,50.9,2025-01-31
TOYOTA,VITZ,2005,990.0,AUTOMATIC,PETROL,220000.0,USED,48.75,2025-01-30
TOYOTA,VITZ,2005,1000.0,AUTOMATIC,PETROL,220000.0,USED,47.5,2025-01-17
TOYOTA,VITZ,2005,1000.0,AUTOMATIC,PETROL,220000.0,USED,47.75,2025-01-15
TOYOTA,VITZ,2005,1000.0,AUTOMATIC,PETROL,220000.0,USED,47.5,2025-01-25
TOYOTA,VITZ,2006,1000.0,AUTOMATIC,PETROL,209000.0,USED,50.75,2025-02-03
TOYOTA,VITZ,2006,1000.0,AUTOMATIC,PETROL,209000.0,USED,54.5,2024-12-14
TOYOTA,VITZ,2007,998.0,AUTOMATIC,PETROL,198000.0,USED,53.810526315789474,2025-02-05
TOYOTA,VITZ,2007,1000.0,AUTOMATIC,PETROL,198000.0,USED,53.0,2025-02-05
TOYOTA,VITZ,2007,1000.0,AUTOMATIC,PETROL,198000.0,USED,56.95,2025-02-05
TOYOTA,VITZ,2007,1000.0,AUTOMATIC,PETROL,198000.0,USED,51.5,2025-02-05
TOYOTA,VITZ,2007,1000.0,AUTOMATIC,PETROL,198000.0,USED,53.9,2025-02-04
TOYOTA,VITZ,2007,1000.0,AUTOMATIC,PETROL,198000.0,USED,53.0,2025-02-04
TOYOTA,VITZ,2007,1000.0,AUTOMATIC,PETROL,198000.0,USED,53.810526315789474,2025-02-04
TOYOTA,VITZ,2007,1000.0,AUTOMATIC,PETROL,198000.0,USED,52.5,2025-02-03
TOYOTA,VITZ,2007,1300.0,AUTOMATIC,PETROL,198000.0,USED,53.810526315789474,2025-02-03
TOYOTA,VITZ,2007,1000.0,AUTOMATIC,PETROL,198000.0,USED,53.5,2025-02-03
TOYOTA,VITZ,2007,1000.0,AUTOMATIC,PETROL,198000.0,USED,54.75,2025-02-02
TOYOTA,VITZ,2007,1000.0,AUTOMATIC,PETROL,198000.0,USED,52.5,2025-02-02
TOYOTA,VITZ,2007,1000.0,AUTOMATIC,PETROL,198000.0,USED,51.5,2025-02-02
TOYOTA,VITZ,2007,1000.0,AUTOMATIC,PETROL,198000.0,USED,53.25,2025-02-02
TOYOTA,VITZ,2007,1000.0,AUTOMATIC,PETROL,198000.0,USED,53.810526315789474,2025-02-01
TOYOTA,VITZ,2007,1000.0,AUTOMATIC,PETROL,198000.0,USED,53.810526315789474,2025-01-31
TOYOTA,VITZ,2007,1000.0,AUTOMATIC,PETROL,198000.0,USED,51.0,2025-01-31
TOYOTA,VITZ,2007,1300.0,AUTOMATIC,PETROL,198000.0,USED,57.5,2025-01-30
TOYOTA,VITZ,2007,1000.0,AUTOMATIC,PETROL,198000.0,USED,53.5,2025-01-29
TOYOTA,VITZ,2007,1000.0,AUTOMATIC,PETROL,198000.0,USED,52.9,2025-01-17
TOYOTA,VITZ,2007,1000.0,AUTOMATIC,PETROL,198000.0,USED,51.0,2025-01-17
TOYOTA,VITZ,2007,1000.0,AUTOMATIC,PETROL,198000.0,USED,50.0,2025-01-15
TOYOTA,VITZ,2007,1300.0,MANUAL,PETROL,198000.0,USED,57.9,2025-01-12
TOYOTA,VITZ,2007,1000.0,AUTOMATIC,PETROL,198000.0,USED,54.5,2025-01-11
TOYOTA,VITZ,2007,1300.0,AUTOMATIC,PETROL,198000.0,USED,54.5,2025-01-11
TOYOTA,VITZ,2007,1000.0,AUTOMATIC,PETROL,198000.0,USED,53.810526315789474,2025-01-11
TOYOTA,VITZ,2007,990.0,AUTOMATIC,PETROL,198000.0,USED,56.0,2025-01-09
TOYOTA,VITZ,2007,1000.0,AUTOMATIC,PETROL,198000.0,USED,51.0,2025-01-09
TOYOTA,VITZ,2007,1000.0,AUTOMATIC,PETROL,198000.0,USED,49.5,2025-01-09
TOYOTA,VITZ,2007,1000.0,AUTOMATIC,PETROL,198000.0,USED,53.810526315789474,2025-01-07
TOYOTA,VITZ,2007,1000.0,AUTOMATIC,PETROL,198000.0,USED,54.0,2025-01-06
TOYOTA,VITZ,2007,1000.0,AUTOMATIC,PETROL,198000.0,USED,53.810526315789474,2025-01-06
TOYOTA,VITZ,2007,1000.0,AUTOMATIC,PETROL,198000.0,USED,55.0,2025-01-05
TOYOTA,VITZ,2007,1000.0,AUTOMATIC,PETROL,198000.0,USED,53.810526315789474,2025-01-28
TOYOTA,VITZ,2007,1000.0,AUTOMATIC,PETROL,198000.0,USED,53.0,2025-01-26
TOYOTA,VITZ,2007,1300.0,AUTOMATIC,PETROL,198000.0,USED,56.5,2025-01-25
TOYOTA,VITZ,2007,1000.0,AUTOMATIC,PETROL,198000.0,USED,53.25,2025-01-25
TOYOTA,VITZ,2007,1000.0,AUTOMATIC,PETROL,198000.0,USED,56.75,2025-01-24
TOYOTA,VITZ,2007,1000.0,AUTOMATIC,PETROL,198000.0,USED,57.5,2025-01-24
TOYOTA,VITZ,2007,1000.0,MANUAL,PETROL,198000.0,USED,57.25,2025-01-24
TOYOTA,VITZ,2007,1000.0,AUTOMATIC,PETROL,198000.0,USED,56.5,2025-01-24
TOYOTA,VITZ,2007,1300.0,AUTOMATIC,PETROL,198000.0,USED,54.0,2025-01-24
TOYOTA,VITZ,2007,1000.0,AUTOMATIC,PETROL,198000.0,USED,54.0,2025-01-23
TOYOTA,VITZ,2007,1000.0,AUTOMATIC,PETROL,198000.0,USED,52.0,2025-01-21
TOYOTA,VITZ,2007,1000.0,AUTOMATIC,PETROL,198000.0,USED,54.5,2025-01-20
TOYOTA,VITZ,2007,1300.0,AUTOMATIC,PETROL,198000.0,USED,53.810526315789474,2025-01-19
TOYOTA,VITZ,2007,990.0,AUTOMATIC,PETROL,198000.0,USED,54.75,2025-01-19
TOYOTA,VITZ,2007,1000.0,AUTOMATIC,PETROL,198000.0,USED,53.810526315789474,2025-01-03
TOYOTA,VITZ,2007,1300.0,AUTOMATIC,PETROL,198000.0,USED,56.75,2025-01-01
TOYOTA,VITZ,2007,1000.0,AUTOMATIC,PETROL,198000.0,USED,53.810526315789474,2025-01-01
TOYOTA,VITZ,2007,990.0,AUTOMATIC,PETROL,198000.0,USED,53.810526315789474,2024-12-28
TOYOTA,VITZ,2007,1000.0,AUTOMATIC,PETROL,198000.0,USED,52.75,2024-12-27
TOYOTA,VITZ,2007,1300.0,AUTOMATIC,PETROL,198000.0,USED,57.5,2024-12-25
TOYOTA,VITZ,2007,1000.0,AUTOMATIC,PETROL,198000.0,USED,51.4,2024-12-23
TOYOTA,VITZ,2007,1300.0,AUTOMATIC,PETROL,198000.0,USED,52.0,2024-12-22
TOYOTA,VITZ,2007,1300.0,AUTOMATIC,PETROL,198000.0,USED,53.810526315789474,2024-12-21
TOYOTA,VITZ,2007,990.0,AUTOMATIC,PETROL,198000.0,USED,52.75,2024-12-21
TOYOTA,VITZ,2007,1000.0,AUTOMATIC,PETROL,198000.0,USED,53.65,2024-12-21
TOYOTA,VITZ,2007,1000.0,AUTOMATIC,PETROL,198000.0,USED,52.0,2024-12-20
TOYOTA,VITZ,2007,1000.0,AUTOMATIC,PETROL,198000.0,USED,53.5,2024-12-20
TOYOTA,VITZ,2007,1000.0,AUTOMATIC,PETROL,198000.0,USED,55.0,2024-12-17
TOYOTA,VITZ,2007,1000.0,AUTOMATIC,PETROL,198000.0,USED,52.5,2024-12-17
TOYOTA,VITZ,2007,1000.0,AUTOMATIC,PETROL,198000.0,USED,54.75,2024-12-14
TOYOTA,VITZ,2007,1000.0,AUTOMATIC,PETROL,198000.0,USED,51.0,2024-12-14
TOYOTA,VITZ,2007,1000.0,AUTOMATIC,PETROL,198000.0,USED,53.810526315789474,2024-12-13
TOYOTA,VITZ,2007,1300.0,AUTOMATIC,PETROL,198000.0,USED,58.25,2024-12-09
TOYOTA,VITZ,2007,1000.0,AUTOMATIC,PETROL,198000.0,USED,53.810526315789474,2024-12-08
TOYOTA,VITZ,2007,1000.0,AUTOMATIC,PETROL,198000.0,USED,51.85,2024-12-08
TOYOTA,VITZ,2007,1000.0,AUTOMATIC,PETROL,198000.0,USED,54.5,2024-12-08
TOYOTA,VITZ,2007,1000.0,AUTOMATIC,PETROL,198000.0,USED,49.5,2024-12-08
TOYOTA,VITZ,2007,1000.0,AUTOMATIC,PETROL,198000.0,USED,55.0,2024-12-07
TOYOTA,VITZ,2007,1000.0,AUTOMATIC,PETROL,198000.0,USED,54.0,2024-12-06
TOYOTA,VITZ,2007,1000.0,AUTOMATIC,PETROL,87889.0,USED,58.5,2026-09-26
TOYOTA,VITZ,2007,1000.0,AUTOMATIC,PETROL,114777.0,USED,59.0,2026-09-20
TOYOTA,VITZ,2008,1000.0,AUTOMATIC,PETROL,187000.0,USED,52.9,2025-02-05
TOYOTA,VITZ,2008,990.0,AUTOMATIC,PETROL,187000.0,USED,49.5,2025-02-05
TOYOTA,VITZ,2008,1000.0,AUTOMATIC,PETROL,187000.0,USED,53.0,2025-02-05
TOYOTA,VITZ,2008,990.0,AUTOMATIC,PETROL,187000.0,USED,56.75,2025-02-05
TOYOTA,VITZ,2008,1000.0,AUTOMATIC,PETROL,187000.0,USED,55.39868421052632,2025-02-04
TOYOTA,VITZ,2008,1000.0,AUTOMATIC,PETROL,187000.0,USED,55.39868421052632,2025-02-03
TOYOTA,VITZ,2008,1000.0,AUTOMATIC,PETROL,187000.0,USED,56.0,2025-02-03
TOYOTA,VITZ,2008,1000.0,AUTOMATIC,PETROL,187000.0,USED,53.5,2025-02-03
TOYOTA,VITZ,2008,990.0,AUTOMATIC,PETROL,187000.0,USED,58.0,2025-02-02
TOYOTA,VITZ,2008,1000.0,AUTOMATIC,PETROL,187000.0,USED,55.39868421052632,2025-02-02
TOYOTA,VITZ,2008,1300.0,AUTOMATIC,PETROL,187000.0,USED,55.39868421052632,2025-02-02
TOYOTA,VITZ,2008,1000.0,AUTOMATIC,PETROL,187000.0,USED,55.39868421052632,2025-02-01
TOYOTA,VITZ,2008,1000.0,AUTOMATIC,PETROL,187000.0,USED,56.9,2025-02-01
TOYOTA,VITZ,2008,1300.0,AUTOMATIC,PETROL,187000.0,USED,55.39868421052632,2025-02-01
TOYOTA,VITZ,2008,1300.0,AUTOMATIC,PETROL,187000.0,USED,55.39868421052632,2025-01-30
TOYOTA,VITZ,2008,1000.0,AUTOMATIC,PETROL,187000.0,USED,55.39868421052632,2025-01-29
TOYOTA,VITZ,2008,1000.0,AUTOMATIC,PETROL,187000.0,USED,55.0,2025-01-29
TOYOTA,VITZ,2008,990.0,AUTOMATIC,PETROL,187000.0,USED,55.39868421052632,2025-01-18
TOYOTA,VITZ,2008,1000.0,AUTOMATIC,PETROL,187000.0,USED,54.9,2025-01-17
TOYOTA,VITZ,2008,1000.0,AUTOMATIC,PETROL,187000.0,USED,55.0,2025-01-17
TOYOTA,VITZ,2008,1000.0,AUTOMATIC,PETROL,187000.0,USED,54.85,2025-01-16
TOYOTA,VITZ,2008,1000.0,AUTOMATIC,PETROL,187000.0,USED,55.5,2025-01-16
TOYOTA,VITZ,2008,1000.0,AUTOMATIC,PETROL,187000.0,USED,55.5,2025-01-13
TOYOTA,VITZ,2008,990.0,AUTOMATIC,PETROL,187000.0,USED,56.0,2025-01-06
TOYOTA,VITZ,2008,1000.0,AUTOMATIC,PETROL,187000.0,USED,53.0,2025-01-06
TOYOTA,VITZ,2008,1000.0,AUTOMATIC,PETROL,187000.0,USED,58.0,2025-01-05
TOYOTA,VITZ,2008,1300.0,AUTOMATIC,PETROL,187000.0,USED,55.39868421052632,2025-01-24
TOYOTA,VITZ,2008,1000.0,AUTOMATIC,PETROL,187000.0,USED,56.5,2025-01-23
TOYOTA,VITZ,2008,1000.0,AUTOMATIC,PETROL,187000.0,USED,55.39868421052632,2025-01-21
TOYOTA,VITZ,2008,1000.0,AUTOMATIC,PETROL,187000.0,USED,54.9,2025-01-20
TOYOTA,VITZ,2008,1000.0,AUTOMATIC,PETROL,187000.0,USED,52.5,2025-01-19
TOYOTA,VITZ,2008,1000.0,AUTOMATIC,PETROL,187000.0,USED,57.0,2025-01-19
TOYOTA,VITZ,2008,1000.0,AUTOMATIC,PETROL,187000.0,USED,56.5,2024-12-31
TOYOTA,VITZ,2008,1000.0,AUTOMATIC,PETROL,187000.0,USED,55.75,2024-12-29
TOYOTA,VITZ,2008,1000.0,AUTOMATIC,PETROL,187000.0,USED,55.5,2024-12-28
TOYOTA,VITZ,2008,1000.0,AUTOMATIC,PETROL,187000.0,USED,54.0,2024-12-26
TOYOTA,VITZ,2008,1000.0,AUTOMATIC,PETROL,187000.0,USED,55.39868421052632,2024-12-25
TOYOTA,VITZ,2008,1000.0,AUTOMATIC,PETROL,187000.0,USED,53.5,2024-12-23
TOYOTA,VITZ,2008,1000.0,AUTOMATIC,PETROL,187000.0,USED,55.5,2024-12-20
TOYOTA,VITZ,2008,1000.0,AUTOMATIC,PETROL,187000.0,USED,54.9,2024-12-20
TOYOTA,VITZ,2008,1000.0,AUTOMATIC,PETROL,187000.0,USED,55.39868421052632,2024-12-19
TOYOTA,VITZ,2008,1000.0,AUTOMATIC,PETROL,187000.0,USED,58.75,2024-12-18
TOYOTA,VITZ,2008,1000.0,AUTOMATIC,PETROL,187000.0,USED,55.39868421052632,2024-12-18
TOYOTA,VITZ,2008,1000.0,AUTOMATIC,PETROL,187000.0,USED,55.0,2024-12-17
TOYOTA,VITZ,2008,1000.0,AUTOMATIC,PETROL,187000.0,USED,54.0,2024-12-16
TOYOTA,VITZ,2008,1000.0,AUTOMATIC,PETROL,187000.0,USED,54.75,2024-12-15
TOYOTA,VITZ,2008,990.0,AUTOMATIC,PETROL,187000.0,USED,56.5,2024-12-14
TOYOTA,VITZ,2008,990.0,AUTOMATIC,PETROL,187000.0,USED,55.0,2024-12-13
TOYOTA,VITZ,2008,1300.0,AUTOMATIC,PETROL,187000.0,NEW,60.8,2024-12-10
TOYOTA,VITZ,2008,1300.0,AUTOMATIC,PETROL,187000.0,USED,55.39868421052632,2024-12-05
TOYOTA,VITZ,2008,1000.0,AUTOMATIC,PETROL,187000.0,USED,56.5,2024-12-05
TOYOTA,VITZ,2008,1000.0,AUTOMATIC,PETROL,187000.0,USED,55.5,2024-12-04
TOYOTA,VITZ,2008,990.0,AUTOMATIC,PETROL,187000.0,USED,57.5,2024-12-04
TOYOTA,VITZ,2008,1300.0,AUTOMATIC,PETROL,146000.0,USED,57.6,2026-09-23
TOYOTA,VITZ,2009,1000.0,AUTOMATIC,PETROL,176000.0,USED,57.26714285714286,2025-02-04
TOYOTA,VITZ,2009,1000.0,AUTOMATIC,PETROL,176000.0,USED,54.75,2025-02-01
TOYOTA,VITZ,2009,1000.0,AUTOMATIC,PETROL,176000.0,USED,57.5,2025-02-01
TOYOTA,VITZ,2009,1000.0,AUTOMATIC,PETROL,176000.0,USED,55.0,2025-01-15
TOYOTA,VITZ,2009,1000.0,AUTOMATIC,PETROL,176000.0,USED,61.0,2025-01-08
TOYOTA,VITZ,2009,1000.0,AUTOMATIC,PETROL,176000.0,USED,56.25,2025-01-08
TOYOTA,VITZ,2009,1000.0,AUTOMATIC,PETROL,176000.0,USED,51.99,2025-01-08
TOYOTA,VITZ,2009,1300.0,AUTOMATIC,PETROL,176000.0,USED,62.0,2025-01-06
TOYOTA,VITZ,2009,1000.0,AUTOMATIC,PETROL,176000.0,USED,57.26714285714286,2025-01-25
TOYOTA,VITZ,2009,1000.0,AUTOMATIC,PETROL,176000.0,USED,59.5,2024-12-25
TOYOTA,VITZ,2009,1077.0,AUTOMATIC,PETROL,176000.0,USED,55.0,2024-12-25
TOYOTA,VITZ,2009,1000.0,AUTOMATIC,PETROL,176000.0,USED,58.0,2024-12-21
TOYOTA,VITZ,2009,1000.0,AUTOMATIC,PETROL,176000.0,USED,59.5,2024-12-20
TOYOTA,VITZ,2009,1000.0,AUTOMATIC,PETROL,176000.0,USED,58.0,2024-12-15
TOYOTA,VITZ,2009,990.0,AUTOMATIC,PETROL,176000.0,USED,56.25,2024-12-15
TOYOTA,VITZ,2009,1000.0,AUTOMATIC,PETROL,176000.0,USED,57.0,2024-12-07
TOYOTA,VITZ,2010,1000.0,AUTOMATIC,PETROL,165000.0,USED,56.5,2025-02-04
TOYOTA,VITZ,2010,1000.0,AUTOMATIC,PETROL,165000.0,USED,60.1125,2025-02-01
TOYOTA,VITZ,2010,990.0,AUTOMATIC,PETROL,165000.0,USED,56.75,2025-01-31
TOYOTA,VITZ,2010,1000.0,AUTOMATIC,PETROL,165000.0,USED,55.25,2025-01-31
TOYOTA,VITZ,2010,1000.0,AUTOMATIC,PETROL,165000.0,USED,57.5,2025-01-29
TOYOTA,VITZ,2010,1000.0,AUTOMATIC,PETROL,165000.0,USED,54.75,2025-01-18
TOYOTA,VITZ,2010,1300.0,AUTOMATIC,PETROL,165000.0,USED,60.1125,2025-01-14
TOYOTA,VITZ,2010,1000.0,AUTOMATIC,PETROL,165000.0,USED,60.1125,2025-01-13
TOYOTA,VITZ,2010,990.0,AUTOMATIC,PETROL,165000.0,USED,60.1125,2025-01-11
TOYOTA,VITZ,2010,1000.0,AUTOMATIC,PETROL,165000.0,USED,60.1125,2025-01-09
TOYOTA,VITZ,2010,1300.0,AUTOMATIC,PETROL,165000.0,USED,64.0,2025-01-09
TOYOTA,VITZ,2010,1000.0,AUTOMATIC,PETROL,165000.0,USED,60.1125,2025-01-07
TOYOTA,VITZ,2010,1000.0,AUTOMATIC,PETROL,165000.0,USED,58.9,2025-01-06
TOYOTA,VITZ,2010,1000.0,AUTOMATIC,PETROL,165000.0,USED,60.0,2025-01-26
TOYOTA,VITZ,2010,1000.0,AUTOMATIC,PETROL,165000.0,USED,60.1125,2025-01-24
TOYOTA,VITZ,2010,990.0,AUTOMATIC,PETROL,165000.0,USED,56.0,2025-01-01
TOYOTA,VITZ,2010,1000.0,AUTOMATIC,PETROL,165000.0,USED,62.5,2024-12-25
TOYOTA,VITZ,2010,1300.0,AUTOMATIC,PETROL,165000.0,USED,58.0,2024-12-25
TOYOTA,VITZ,2010,1300.0,AUTOMATIC,PETROL,165000.0,USED,60.1125,2024-12-22
TOYOTA,VITZ,2010,1000.0,AUTOMATIC,PETROL,165000.0,USED,63.5,2024-12-21
TOYOTA,VITZ,2010,1300.0,AUTOMATIC,PETROL,165000.0,USED,64.7,2024-12-20
TOYOTA,VITZ,2010,1300.0,AUTOMATIC,PETROL,165000.0,USED,60.1125,2024-12-19
TOYOTA,VITZ,2010,1300.0,AUTOMATIC,PETROL,165000.0,USED,65.0,2024-12-19
TOYOTA,VITZ,2010,990.0,AUTOMATIC,PETROL,165000.0,USED,63.75,2024-12-18
TOYOTA,VITZ,2012,1000.0,AUTOMATIC,PETROL,143000.0,USED,69.5,2025-01-25
TOYOTA,VITZ,2012,1000.0,AUTOMATIC,PETROL,143000.0,USED,66.5,2025-01-25
TOYOTA,VITZ,2012,1000.0,AUTOMATIC,PETROL,143000.0,USED,65.0,2024-12-25
TOYOTA,VITZ,2012,1300.0,AUTOMATIC,PETROL,143000.0,USED,64.7,2024-12-20
TOYOTA,VITZ,2012,1000.0,AUTOMATIC,PETROL,135000.0,USED,57.5,2026-09-23
TOYOTA,VITZ,2013,1000.0,AUTOMATIC,PETROL,132000.0,USED,67.5,2025-02-02
TOYOTA,VITZ,2013,1000.0,AUTOMATIC,PETROL,132000.0,USED,67.5,2025-01-20
TOYOTA,VITZ,2014,1000.0,AUTOMATIC,PETROL,121000.0,USED,115.59375,2025-01-11
TOYOTA,VITZ,2014,1000.0,AUTOMATIC,PETROL,121000.0,USED,115.59375,2024-12-25
TOYOTA,VITZ,2014,1000.0,AUTOMATIC,PETROL,100000.0,USED,70.0,2026-09-24
TOYOTA,VITZ,2015,1000.0,AUTOMATIC,PETROL,110000.0,USED,72.0,2025-02-05
TOYOTA,VITZ,2015,1000.0,AUTOMATIC,PETROL,110000.0,USED,74.15,2025-02-05
TOYOTA,VITZ,2015,1000.0,AUTOMATIC,PETROL,110000.0,USED,74.75,2025-02-05
TOYOTA,VITZ,2015,990.0,AUTOMATIC,PETROL,110000.0,USED,76.0,2025-02-05
TOYOTA,VITZ,2015,990.0,AUTOMATIC,PETROL,110000.0,USED,74.0,2025-02-05
TOYOTA,VITZ,2015,1000.0,AUTOMATIC,PETROL,110000.0,USED,72.0,2025-02-03
TOYOTA,VITZ,2015,1000.0,AUTOMATIC,PETROL,110000.0,USED,72.5,2025-02-02
TOYOTA,VITZ,2015,1000.0,AUTOMATIC,PETROL,110000.0,USED,71.5,2025-01-29
TOYOTA,VITZ,2015,1000.0,AUTOMATIC,PETROL,110000.0,USED,70.0,2025-01-18
TOYOTA,VITZ,2015,1000.0,AUTOMATIC,PETROL,110000.0,USED,75.5,2025-01-13
TOYOTA,VITZ,2015,1000.0,AUTOMATIC,PETROL,110000.0,USED,75.0,2025-01-12
TOYOTA,VITZ,2015,1000.0,AUTOMATIC,PETROL,110000.0,USED,73.5,2025-01-28
TOYOTA,VITZ,2015,1000.0,AUTOMATIC,PETROL,110000.0,USED,73.0,2025-01-27
TOYOTA,VITZ,2015,1000.0,AUTOMATIC,PETROL,110000.0,USED,70.0,2025-01-25
TOYOTA,VITZ,2015,1000.0,AUTOMATIC,PETROL,110000.0,USED,72.0,2025-01-23
TOYOTA,VITZ,2015,1000.0,AUTOMATIC,PETROL,110000.0,USED,72.0,2025-01-22
TOYOTA,VITZ,2015,1300.0,AUTOMATIC,PETROL,110000.0,USED,79.5,2025-01-20
TOYOTA,VITZ,2015,1000.0,AUTOMATIC,PETROL,110000.0,USED,75.0,2024-12-22
TOYOTA,VITZ,2015,1000.0,AUTOMATIC,PETROL,110000.0,USED,73.25,2024-12-14
TOYOTA,VITZ,2015,1000.0,AUTOMATIC,PETROL,110000.0,USED,78.5,2024-12-14
TOYOTA,VITZ,2015,990.0,AUTOMATIC,PETROL,110000.0,USED,74.0,2024-12-13
TOYOTA,VITZ,2015,1077.0,AUTOMATIC,PETROL,110000.0,USED,76.5,2024-12-08
TOYOTA,VITZ,2015,1000.0,AUTOMATIC,PETROL,110000.0,USED,73.5,2024-12-07
TOYOTA,VITZ,2015,1000.0,AUTOMATIC,PETROL,110000.0,USED,76.0,2024-12-07
TOYOTA,VITZ,2015,1000.0,AUTOMATIC,PETROL,110000.0,USED,74.0,2024-12-07
TOYOTA,VITZ,2015,990.0,AUTOMATIC,PETROL,110000.0,USED,74.15,2024-12-06
TOYOTA,VITZ,2015,1000.0,AUTOMATIC,PETROL,110000.0,USED,78.9,2024-12-04
TOYOTA,VITZ,2015,1500.0,AUTOMATIC,PETROL,110000.0,USED,75.0,2024-12-04
TOYOTA,VITZ,2015,1000.0,AUTOMATIC,PETROL,108000.0,USED,72.0,2026-09-26
TOYOTA,VITZ,2015,990.0,AUTOMATIC,PETROL,135000.0,USED,76.0,2026-09-26
TOYOTA,VITZ,2015,1000.0,AUTOMATIC,PETROL,96000.0,USED,73.5,2026-09-25
TOYOTA,VITZ,2015,1000.0,AUTOMATIC,PETROL,180000.0,USED,70.0,2026-09-24
TOYOTA,VITZ,2015,1000.0,AUTOMATIC,PETROL,70000.0,USED,74.0,2026-09-26
TOYOTA,VITZ,2016,1500.0,AUTOMATIC,PETROL,99000.0,USED,77.56627906976743,2025-02-05
TOYOTA,VITZ,2016,990.0,AUTOMATIC,PETROL,99000.0,USED,79.9,2025-02-05
TOYOTA,VITZ,2016,990.0,AUTOMATIC,PETROL,99000.0,USED,81.5,2025-02-05
TOYOTA,VITZ,2016,1000.0,AUTOMATIC,PETROL,99000.0,USED,75.0,2025-02-05
TOYOTA,VITZ,2016,1000.0,AUTOMATIC,PETROL,99000.0,USED,75.25,2025-02-03
TOYOTA,VITZ,2016,1000.0,AUTOMATIC,PETROL,99000.0,USED,77.56627906976743,2025-02-03
TOYOTA,VITZ,2016,1000.0,AUTOMATIC,PETROL,99000.0,USED,74.75,2025-02-02
TOYOTA,VITZ,2016,1000.0,AUTOMATIC,PETROL,99000.0,USED,76.0,2025-02-02
TOYOTA,VITZ,2016,990.0,AUTOMATIC,PETROL,99000.0,USED,74.0,2025-02-01
TOYOTA,VITZ,2016,990.0,AUTOMATIC,PETROL,99000.0,USED,80.0,2025-02-01
TOYOTA,VITZ,2016,1000.0,AUTOMATIC,PETROL,99000.0,USED,76.5,2025-02-01
TOYOTA,VITZ,2016,990.0,AUTOMATIC,PETROL,99000.0,USED,74.25,2025-02-01
TOYOTA,VITZ,2016,1000.0,AUTOMATIC,PETROL,99000.0,USED,77.56627906976743,2025-01-31
TOYOTA,VITZ,2016,1000.0,AUTOMATIC,PETROL,99000.0,USED,75.5,2025-01-31
TOYOTA,VITZ,2016,1000.0,AUTOMATIC,PETROL,99000.0,USED,77.56627906976743,2025-01-30
TOYOTA,VITZ,2016,1000.0,AUTOMATIC,PETROL,99000.0,USED,79.5,2025-01-17
TOYOTA,VITZ,2016,1000.0,AUTOMATIC,PETROL,99000.0,USED,78.75,2025-01-17
TOYOTA,VITZ,2016,1000.0,AUTOMATIC,PETROL,99000.0,USED,76.75,2025-01-17
TOYOTA,VITZ,2016,1000.0,AUTOMATIC,PETROL,99000.0,USED,77.9,2025-01-16
TOYOTA,VITZ,2016,1000.0,AUTOMATIC,PETROL,99000.0,USED,79.0,2025-01-14
TOYOTA,VITZ,2016,990.0,AUTOMATIC,PETROL,99000.0,USED,78.5,2025-01-09
TOYOTA,VITZ,2016,1500.0,AUTOMATIC,PETROL,99000.0,USED,77.56627906976743,2025-01-09
TOYOTA,VITZ,2016,1000.0,AUTOMATIC,PETROL,99000.0,USED,85.0,2025-01-08
TOYOTA,VITZ,2016,1000.0,AUTOMATIC,PETROL,99000.0,USED,77.56627906976743,2025-01-07
TOYOTA,VITZ,2016,1000.0,AUTOMATIC,PETROL,99000.0,USED,78.6,2025-01-06
TOYOTA,VITZ,2016,1000.0,AUTOMATIC,PETROL,99000.0,USED,74.0,2025-01-05
TOYOTA,VITZ,2016,1000.0,AUTOMATIC,PETROL,99000.0,USED,75.5,2025-01-05
TOYOTA,VITZ,2016,1000.0,AUTOMATIC,PETROL,99000.0,USED,76.5,2025-01-28
TOYOTA,VITZ,2016,1300.0,AUTOMATIC,PETROL,99000.0,USED,79.5,2025-01-26
TOYOTA,VITZ,2016,1000.0,AUTOMATIC,PETROL,99000.0,USED,76.0,2025-01-26
TOYOTA,VITZ,2016,999.0,AUTOMATIC,PETROL,99000.0,USED,75.75,2025-01-25
TOYOTA,VITZ,2016,1000.0,AUTOMATIC,PETROL,99000.0,USED,77.56627906976743,2025-01-25
TOYOTA,VITZ,2016,1000.0,AUTOMATIC,PETROL,99000.0,USED,73.5,2025-01-24
TOYOTA,VITZ,2016,1000.0,AUTOMATIC,PETROL,99000.0,USED,72.0,2025-01-23
TOYOTA,VITZ,2016,990.0,AUTOMATIC,PETROL,99000.0,USED,76.6,2025-01-22
TOYOTA,VITZ,2016,1000.0,AUTOMATIC,PETROL,99000.0,USED,74.5,2025-01-20
TOYOTA,VITZ,2016,1000.0,AUTOMATIC,PETROL,99000.0,USED,77.56627906976743,2025-01-19
TOYOTA,VITZ,2016,1000.0,AUTOMATIC,PETROL,99000.0,USED,75.0,2025-01-03
TOYOTA,VITZ,2016,1000.0,AUTOMATIC,PETROL,99000.0,USED,85.0,2025-01-02
TOYOTA,VITZ,2016,1000.0,AUTOMATIC,PETROL,99000.0,USED,74.9,2025-01-02
TOYOTA,VITZ,2016,990.0,AUTOMATIC,PETROL,99000.0,USED,76.0,2025-01-02
TOYOTA,VITZ,2016,1000.0,AUTOMATIC,PETROL,99000.0,USED,76.75,2024-12-30
TOYOTA,VITZ,2016,1000.0,AUTOMATIC,PETROL,99000.0,USED,76.0,2024-12-29
TOYOTA,VITZ,2016,1000.0,AUTOMATIC,PETROL,99000.0,USED,77.5,2024-12-28
TOYOTA,VITZ,2016,990.0,AUTOMATIC,PETROL,99000.0,USED,77.56627906976743,2024-12-27
TOYOTA,VITZ,2016,1000.0,AUTOMATIC,PETROL,99000.0,USED,77.56627906976743,2024-12-26
TOYOTA,VITZ,2016,1000.0,AUTOMATIC,PETROL,99000.0,USED,82.9,2024-12-22
TOYOTA,VITZ,2016,1000.0,AUTOMATIC,PETROL,99000.0,USED,75.8,2024-12-19
TOYOTA,VITZ,2016,1077.0,AUTOMATIC,PETROL,99000.0,USED,77.56627906976743,2024-12-19
TOYOTA,VITZ,2016,990.0,AUTOMATIC,PETROL,99000.0,USED,86.0,2024-12-17
TOYOTA,VITZ,2016,1000.0,AUTOMATIC,PETROL,99000.0,USED,82.0,2024-12-16
TOYOTA,VITZ,2016,1000.0,AUTOMATIC,PETROL,99000.0,USED,77.56627906976743,2024-12-14
TOYOTA,VITZ,2016,1200.0,AUTOMATIC,PETROL,99000.0,USED,79.5,2024-12-13
TOYOTA,VITZ,2016,1200.0,AUTOMATIC,PETROL,99000.0,USED,81.0,2024-12-11
TOYOTA,VITZ,2016,1000.0,AUTOMATIC,PETROL,99000.0,USED,77.56627906976743,2024-12-05
TOYOTA,VITZ,2016,1000.0,AUTOMATIC,PETROL,69000.0,USED,70.5,2026-09-25
TOYOTA,VITZ,2016,1000.0,AUTOMATIC,PETROL,90000.0,USED,76.0,2026-09-24
TOYOTA,VITZ,2016,990.0,AUTOMATIC,PETROL,87000.0,USED,78.0,2026-09-26
TOYOTA,VITZ,2016,990.0,AUTOMATIC,PETROL,86000.0,USED,81.0,2026-09-23
TOYOTA,VITZ,2016,990.0,AUTOMATIC,PETROL,95000.0,USED,77.5,2026-09-26
TOYOTA,VITZ,2016,1000.0,AUTOMATIC,PETROL,76800.0,USED,76.5,2026-09-26
TOYOTA,VITZ,2016,1000.0,AUTOMATIC,PETROL,129000.0,USED,74.9,2026-09-26
TOYOTA,VITZ,2017,1000.0,AUTOMATIC,PETROL,88000.0,USED,84.1,2025-02-05
TOYOTA,VITZ,2017,1000.0,AUTOMATIC,PETROL,88000.0,USED,92.5,2025-02-03
TOYOTA,VITZ,2017,1000.0,AUTOMATIC,PETROL,88000.0,USED,81.75,2025-02-03
TOYOTA,VITZ,2017,1000.0,AUTOMATIC,PETROL,88000.0,USED,85.75,2025-02-02
TOYOTA,VITZ,2017,1000.0,AUTOMATIC,PETROL,88000.0,USED,79.0,2025-01-29
TOYOTA,VITZ,2017,1000.0,AUTOMATIC,PETROL,88000.0,USED,82.5,2025-01-14
TOYOTA,VITZ,2017,1000.0,AUTOMATIC,PETROL,88000.0,USED,84.75,2025-01-14
TOYOTA,VITZ,2017,1000.0,AUTOMATIC,PETROL,88000.0,USED,84.1,2025-01-11
TOYOTA,VITZ,2017,1000.0,AUTOMATIC,PETROL,88000.0,USED,84.1,2025-01-08
TOYOTA,VITZ,2017,1000.0,AUTOMATIC,PETROL,88000.0,USED,78.5,2025-01-05
TOYOTA,VITZ,2017,1000.0,AUTOMATIC,PETROL,88000.0,USED,84.1,2025-01-25
TOYOTA,VITZ,2017,1000.0,AUTOMATIC,PETROL,88000.0,USED,87.5,2025-01-23
TOYOTA,VITZ,2017,990.0,AUTOMATIC,PETROL,88000.0,USED,84.1,2025-01-20
TOYOTA,VITZ,2017,1000.0,AUTOMATIC,PETROL,88000.0,USED,86.5,2025-01-03
TOYOTA,VITZ,2017,1000.0,AUTOMATIC,PETROL,88000.0,USED,84.1,2024-12-30
TOYOTA,VITZ,2017,990.0,AUTOMATIC,PETROL,88000.0,USED,86.0,2024-12-30
TOYOTA,VITZ,2017,990.0,AUTOMATIC,PETROL,88000.0,USED,84.1,2024-12-29
TOYOTA,VITZ,2017,1000.0,AUTOMATIC,PETROL,88000.0,USED,79.0,2024-12-28
TOYOTA,VITZ,2017,1000.0,AUTOMATIC,PETROL,88000.0,USED,87.0,2024-12-26
TOYOTA,VITZ,2017,1000.0,AUTOMATIC,PETROL,88000.0,USED,84.1,2024-12-25
TOYOTA,VITZ,2017,1000.0,AUTOMATIC,PETROL,88000.0,USED,86.0,2024-12-21
TOYOTA,VITZ,2017,1000.0,AUTOMATIC,PETROL,88000.0,USED,81.0,2024-12-19
TOYOTA,VITZ,2017,1300.0,AUTOMATIC,PETROL,88000.0,USED,84.1,2024-12-16
TOYOTA,VITZ,2017,1000.0,AUTOMATIC,PETROL,88000.0,USED,84.1,2024-12-08
TOYOTA,VITZ,2017,1000.0,AUTOMATIC,PETROL,88000.0,USED,83.75,2024-12-05
TOYOTA,VITZ,2017,1000.0,AUTOMATIC,PETROL,83000.0,USED,77.0,2026-09-24
TOYOTA,VITZ,2017,1000.0,AUTOMATIC,PETROL,45000.0,USED,77.0,2026-09-24
TOYOTA,VITZ,2017,1000.0,AUTOMATIC,PETROL,72000.0,USED,72.9,2026-09-26
TOYOTA,VITZ,2017,1000.0,MANUAL,PETROL,87000.0,USED,82.0,2026-09-26
TOYOTA,VITZ,2017,1000.0,AUTOMATIC,PETROL,120000.0,USED,76.5,2026-09-25
TOYOTA,VITZ,2017,1000.0,AUTOMATIC,PETROL,92600.0,USED,78.0,2026-09-25
TOYOTA,VITZ,2017,1000.0,AUTOMATIC,PETROL,79000.0,USED,79.9,2026-09-25
TOYOTA,VITZ,2018,1000.0,AUTOMATIC,PETROL,77000.0,USED,84.9,2025-02-04
TOYOTA,VITZ,2018,1000.0,AUTOMATIC,PETROL,77000.0,USED,89.8,2025-02-04
TOYOTA,VITZ,2018,1000.0,AUTOMATIC,PETROL,77000.0,USED,91.75,2025-02-03
TOYOTA,VITZ,2018,1000.0,AUTOMATIC,PETROL,77000.0,USED,86.0,2025-02-03
TOYOTA,VITZ,2018,1000.0,AUTOMATIC,PETROL,77000.0,USED,90.70925925925924,2025-02-02
TOYOTA,VITZ,2018,1000.0,AUTOMATIC,PETROL,77000.0,USED,87.0,2025-01-31
TOYOTA,VITZ,2018,990.0,AUTOMATIC,PETROL,77000.0,USED,89.55,2025-01-31
TOYOTA,VITZ,2018,1000.0,AUTOMATIC,PETROL,77000.0,USED,85.0,2025-01-31
TOYOTA,VITZ,2018,1000.0,AUTOMATIC,PETROL,77000.0,USED,92.5,2025-01-29
TOYOTA,VITZ,2018,990.0,AUTOMATIC,PETROL,77000.0,USED,95.0,2025-01-29
TOYOTA,VITZ,2018,1000.0,AUTOMATIC,PETROL,77000.0,USED,90.70925925925924,2025-01-28
TOYOTA,VITZ,2018,1490.0,AUTOMATIC,HYBRID,77000.0,USED,90.70925925925924,2025-01-18
TOYOTA,VITZ,2018,1000.0,AUTOMATIC,PETROL,77000.0,USED,90.70925925925924,2025-01-18
TOYOTA,VITZ,2018,1000.0,AUTOMATIC,PETROL,77000.0,USED,88.5,2025-01-14
TOYOTA,VITZ,2018,1490.0,AUTOMATIC,PETROL,77000.0,USED,98.75,2025-01-11
TOYOTA,VITZ,2018,1000.0,AUTOMATIC,PETROL,77000.0,USED,93.0,2025-01-09
TOYOTA,VITZ,2018,990.0,AUTOMATIC,PETROL,77000.0,USED,90.0,2025-01-22
TOYOTA,VITZ,2018,1000.0,AUTOMATIC,PETROL,77000.0,USED,90.70925925925924,2025-01-22
TOYOTA,VITZ,2018,990.0,AUTOMATIC,PETROL,77000.0,USED,91.0,2025-01-21
TOYOTA,VITZ,2018,1077.0,AUTOMATIC,PETROL,77000.0,USED,85.0,2025-01-20
TOYOTA,VITZ,2018,990.0,AUTOMATIC,PETROL,77000.0,USED,89.0,2025-01-19
TOYOTA,VITZ,2018,1000.0,AUTOMATIC,PETROL,77000.0,USED,90.70925925925924,2025-01-19
TOYOTA,VITZ,2018,1000.0,AUTOMATIC,PETROL,77000.0,USED,90.70925925925924,2025-01-04
TOYOTA,VITZ,2018,1000.0,AUTOMATIC,PETROL,77000.0,USED,100.0,2025-01-03
TOYOTA,VITZ,2018,1000.0,AUTOMATIC,PETROL,77000.0,USED,90.70925925925924,2025-01-02
TOYOTA,VITZ,2018,1000.0,AUTOMATIC,PETROL,77000.0,USED,86.5,2024-12-28
TOYOTA,VITZ,2018,1000.0,AUTOMATIC,PETROL,77000.0,USED,87.0,2024-12-28
TOYOTA,VITZ,2018,1000.0,AUTOMATIC,PETROL,77000.0,USED,92.0,2024-12-24
TOYOTA,VITZ,2018,1000.0,AUTOMATIC,PETROL,77000.0,USED,91.9,2024-12-18
TOYOTA,VITZ,2018,1000.0,AUTOMATIC,PETROL,77000.0,USED,90.0,2024-12-16
TOYOTA,VITZ,2018,1000.0,AUTOMATIC,PETROL,77000.0,USED,90.0,2024-12-15
TOYOTA,VITZ,2018,1300.0,AUTOMATIC,PETROL,77000.0,USED,90.70925925925924,2024-12-11
TOYOTA,VITZ,2018,1000.0,AUTOMATIC,PETROL,77000.0,USED,95.0,2024-12-10
TOYOTA,VITZ,2018,1000.0,AUTOMATIC,PETROL,77000.0,USED,88.0,2024-12-10
TOYOTA,VITZ,2018,1000.0,AUTOMATIC,PETROL,77000.0,USED,99.0,2024-12-09
TOYOTA,VITZ,2018,990.0,AUTOMATIC,PETROL,77000.0,USED,93.0,2024-12-05
TOYOTA,VITZ,2018,1000.0,AUTOMATIC,PETROL,123900.0,USED,79.9,2026-09-25
TOYOTA,VITZ,2018,1000.0,AUTOMATIC,PETROL,70000.0,USED,82.0,2026-09-25
TOYOTA,VITZ,2018,1000.0,AUTOMATIC,PETROL,85500.0,USED,83.0,2026-09-24
TOYOTA,VITZ,2018,1496.0,AUTOMATIC,PETROL,53333.0,USED,84.5,2026-09-26
TOYOTA,VITZ,2018,1000.0,AUTOMATIC,PETROL,76000.0,USED,84.5,2026-09-26
TOYOTA,VITZ,2018,1000.0,AUTOMATIC,PETROL,98000.0,USED,87.0,2026-09-26
TOYOTA,VITZ,2018,1000.0,AUTOMATIC,PETROL,126700.0,USED,79.9,2026-09-26
TOYOTA,VITZ,2019,1000.0,AUTOMATIC,PETROL,66000.0,USED,98.775,2025-02-05
TOYOTA,VITZ,2019,1077.0,AUTOMATIC,PETROL,66000.0,USED,98.775,2025-02-04
TOYOTA,VITZ,2019,1000.0,AUTOMATIC,PETROL,66000.0,NEW,93.5,2025-02-04
TOYOTA,VITZ,2019,1000.0,AUTOMATIC,PETROL,66000.0,USED,98.75,2025-01-29
TOYOTA,VITZ,2019,1000.0,AUTOMATIC,PETROL,66000.0,USED,95.0,2025-01-18
TOYOTA,VITZ,2019,1000.0,AUTOMATIC,PETROL,66000.0,USED,98.775,2025-01-14
TOYOTA,VITZ,2019,1000.0,AUTOMATIC,PETROL,66000.0,USED,95.5,2025-01-19
TOYOTA,VITZ,2019,990.0,AUTOMATIC,PETROL,66000.0,USED,98.5,2025-01-05
TOYOTA,VITZ,2019,1000.0,AUTOMATIC,PETROL,66000.0,USED,107.0,2024-12-25
TOYOTA,VITZ,2019,990.0,AUTOMATIC,PETROL,66000.0,USED,96.75,2024-12-24
TOYOTA,VITZ,2019,1000.0,AUTOMATIC,PETROL,66000.0,USED,98.775,2024-12-22
TOYOTA,VITZ,2019,990.0,AUTOMATIC,PETROL,66000.0,USED,108.0,2024-12-17
TOYOTA,VITZ,2019,1000.0,AUTOMATIC,PETROL,66000.0,USED,98.775,2024-12-12
TOYOTA,VITZ,2019,1500.0,AUTOMATIC,PETROL,66000.0,USED,98.775,2024-12-12
TOYOTA,VITZ,2019,1000.0,AUTOMATIC,PETROL,66000.0,USED,97.75,2024-12-05
TOYOTA,VITZ,2019,1000.0,AUTOMATIC,PETROL,66000.0,USED,97.0,2024-12-04
TOYOTA,VITZ,2019,1000.0,AUTOMATIC,PETROL,70000.0,USED,87.5,2026-09-25
TOYOTA,VITZ,2019,1000.0,AUTOMATIC,PETROL,55500.0,USED,89.5,2026-09-26
TOYOTA,VITZ,2019,1000.0,AUTOMATIC,PETROL,77000.0,USED,89.0,2026-09-24
TOYOTA,VITZ,2019,1000.0,AUTOMATIC,PETROL,114000.0,USED,88.95,2026-09-23
TOYOTA,VITZ,2019,1000.0,AUTOMATIC,PETROL,63000.0,USED,87.5,2026-09-23
TOYOTA,VITZ,2019,1000.0,AUTOMATIC,PETROL,80000.0,USED,87.9,2026-09-26
TOYOTA,VITZ,2019,1000.0,AUTOMATIC,PETROL,91000.0,USED,79.5,2026-09-26
TOYOTA,VITZ,2019,1000.0,AUTOMATIC,PETROL,89000.0,USED,86.75,2026-09-26
TOYOTA,VITZ 8,2008,1000.0,AUTOMATIC,PETROL,187000.0,USED,57.5,2024-12-16
TOYOTA,VITZ EDITION,2017,1000.0,AUTOMATIC,PETROL,88000.0,USED,85.0,2025-02-02
TOYOTA,VITZ EDITION 2,2015,1000.0,AUTOMATIC,PETROL,110000.0,USED,82.0,2025-02-05
TOYOTA,VITZ EDITION 2,2018,1000.0,AUTOMATIC,PETROL,77000.0,USED,88.5,2025-02-05
TOYOTA,VITZ EDITION 2,2018,1000.0,AUTOMATIC,PETROL,77000.0,USED,87.0,2025-02-05
TOYOTA,VITZ EDITION 2,2018,1000.0,AUTOMATIC,PETROL,77000.0,USED,86.9,2025-02-05
TOYOTA,VITZ EDITION 2,2018,1000.0,AUTOMATIC,PETROL,77000.0,USED,88.5,2025-02-04
TOYOTA,VITZ EDITION 2,2018,1000.0,AUTOMATIC,PETROL,77000.0,USED,90.1375,2025-02-04
TOYOTA,VITZ EDITION 2,2018,1000.0,AUTOMATIC,PETROL,77000.0,USED,92.5,2025-02-03
TOYOTA,VITZ EDITION 2,2018,1000.0,AUTOMATIC,PETROL,77000.0,USED,90.1375,2025-02-01
TOYOTA,VITZ EDITION 2,2018,1000.0,AUTOMATIC,PETROL,77000.0,USED,93.0,2025-02-01
TOYOTA,VITZ EDITION 2,2018,1000.0,AUTOMATIC,PETROL,77000.0,USED,87.5,2025-01-31
TOYOTA,VITZ EDITION 2,2018,1000.0,AUTOMATIC,PETROL,77000.0,USED,90.1375,2025-01-31
TOYOTA,VITZ EDITION 2,2018,1000.0,AUTOMATIC,PETROL,77000.0,USED,86.5,2025-01-30
TOYOTA,VITZ EDITION 2,2018,1000.0,AUTOMATIC,PETROL,77000.0,USED,91.5,2025-01-09
TOYOTA,VITZ EDITION 2,2018,1000.0,AUTOMATIC,PETROL,77000.0,USED,92.75,2025-01-21
TOYOTA,VITZ EDITION 2,2018,1000.0,AUTOMATIC,PETROL,77000.0,USED,90.1375,2024-12-20
TOYOTA,VITZ EDITION 2,2018,1000.0,AUTOMATIC,PETROL,77000.0,USED,96.0,2024-12-14
TOYOTA,VITZ EDITION 2,2018,1000.0,AUTOMATIC,PETROL,77000.0,USED,91.0,2024-12-04
TOYOTA,VITZ EDITION 2,2019,1000.0,AUTOMATIC,PETROL,66000.0,USED,92.75,2025-02-05
TOYOTA,VITZ EDITION 2 SAFETY,2018,1000.0,AUTOMATIC,PETROL,77000.0,USED,89.9,2025-01-31
TOYOTA,VITZ EDITION 3,2019,1000.0,AUTOMATIC,PETROL,66000.0,USED,91.0,2025-01-30
TOYOTA,VITZ EDITION 3,2019,1000.0,AUTOMATIC,PETROL,66000.0,USED,98.9,2025-01-10
TOYOTA,VITZ EDITION 3,2019,1000.0,AUTOMATIC,PETROL,66000.0,USED,89.75,2025-01-25
TOYOTA,VITZ EDITION 3,2019,990.0,AUTOMATIC,PETROL,66000.0,USED,99.0,2024-12-22
TOYOTA,VITZ EDITION 3,2019,1000.0,AUTOMATIC,PETROL,66000.0,USED,104.5,2024-12-11
TOYOTA,VITZ EDITION 3S,2019,1000.0,AUTOMATIC,PETROL,66000.0,USED,95.75,2025-02-03
TOYOTA,VITZ ILL,2012,1300.0,AUTOMATIC,PETROL,143000.0,USED,65.9,2025-01-26
TOYOTA,VITZ JEWELA,2015,1000.0,AUTOMATIC,PETROL,110000.0,USED,79.0,2024-12-21
TOYOTA,VITZ JEWELA,2016,1000.0,AUTOMATIC,PETROL,99000.0,USED,75.5,2025-01-05
TOYOTA,VITZ JEWELA,2018,1000.0,AUTOMATIC,PETROL,77000.0,USED,97.0,2025-01-16
TOYOTA,VITZ KSP 99,2007,1000.0,AUTOMATIC,PETROL,198000.0,USED,53.25,2025-02-05
TOYOTA,VITZ KSP130,2011,999.0,AUTOMATIC,PETROL,154000.0,USED,69.5,2024-12-25
TOYOTA,VITZ KSP130,2014,1000.0,AUTOMATIC,PETROL,121000.0,USED,72.5,2025-01-05
TOYOTA,VITZ KSP130,2015,1000.0,AUTOMATIC,PETROL,110000.0,USED,71.9,2025-02-02
TOYOTA,VITZ KSP130,2015,1000.0,AUTOMATIC,PETROL,110000.0,USED,75.5,2025-01-18
TOYOTA,VITZ KSP130,2015,1000.0,AUTOMATIC,PETROL,110000.0,USED,71.9,2025-01-14
TOYOTA,VITZ KSP130,2015,1000.0,AUTOMATIC,PETROL,110000.0,USED,73.25,2025-01-11
TOYOTA,VITZ KSP130,2015,1000.0,AUTOMATIC,PETROL,110000.0,USED,72.75,2025-01-26
TOYOTA,VITZ KSP130,2015,1000.0,AUTOMATIC,PETROL,110000.0,USED,73.75,2024-12-25
TOYOTA,VITZ KSP130,2015,1000.0,AUTOMATIC,PETROL,110000.0,USED,74.99,2024-12-04
TOYOTA,VITZ KSP130,2016,990.0,AUTOMATIC,PETROL,99000.0,USED,75.5,2024-12-28
TOYOTA,VITZ KSP130,2016,990.0,AUTOMATIC,PETROL,99000.0,USED,74.5,2024-12-04
TOYOTA,VITZ KSP130,2017,990.0,AUTOMATIC,PETROL,88000.0,USED,83.75,2025-01-19
TOYOTA,VITZ KSP130,2017,990.0,AUTOMATIC,PETROL,88000.0,USED,80.0,2025-01-05
TOYOTA,VITZ KSP130,2019,990.0,AUTOMATIC,PETROL,66000.0,USED,85.4375,2025-02-05
TOYOTA,VITZ KSP130,2019,1000.0,AUTOMATIC,PETROL,66000.0,USED,85.4375,2025-02-04
TOYOTA,VITZ KSP130 EDITION,2011,1000.0,AUTOMATIC,PETROL,154000.0,USED,66.5,2025-02-04
TOYOTA,VITZ KSP130 EDITION,2016,1000.0,AUTOMATIC,PETROL,99000.0,USED,77.75,2025-02-05
TOYOTA,VITZ KSP130 EDITION 2,2018,990.0,AUTOMATIC,PETROL,77000.0,USED,89.75,2025-02-05
TOYOTA,VITZ KSP90,2005,1000.0,AUTOMATIC,PETROL,220000.0,USED,55.0,2024-12-26
TOYOTA,VITZ KSP90,2006,1000.0,AUTOMATIC,PETROL,209000.0,USED,53.75,2025-02-02
TOYOTA,VITZ KSP90,2006,1300.0,AUTOMATIC,PETROL,209000.0,USED,55.0,2025-01-14
TOYOTA,VITZ KSP90,2007,1000.0,AUTOMATIC,PETROL,198000.0,USED,54.5,2025-02-04
TOYOTA,VITZ KSP90,2007,1000.0,AUTOMATIC,PETROL,198000.0,USED,53.0,2025-02-04
TOYOTA,VITZ KSP90,2007,990.0,AUTOMATIC,PETROL,198000.0,USED,50.9,2025-02-03
TOYOTA,VITZ KSP90,2007,1000.0,AUTOMATIC,PETROL,198000.0,USED,53.61875,2025-02-03
TOYOTA,VITZ KSP90,2007,1000.0,AUTOMATIC,PETROL,198000.0,USED,54.75,2025-02-02
TOYOTA,VITZ KSP90,2007,990.0,AUTOMATIC,PETROL,198000.0,USED,53.61875,2025-02-02
TOYOTA,VITZ KSP90,2007,1000.0,AUTOMATIC,PETROL,198000.0,USED,51.5,2025-02-01
TOYOTA,VITZ KSP90,2007,1000.0,AUTOMATIC,PETROL,198000.0,USED,53.0,2025-01-31
TOYOTA,VITZ KSP90,2007,990.0,AUTOMATIC,PETROL,198000.0,USED,56.5,2025-01-29
TOYOTA,VITZ KSP90,2007,1015.0,AUTOMATIC,PETROL,198000.0,USED,53.61875,2025-01-12
TOYOTA,VITZ KSP90,2007,1000.0,AUTOMATIC,PETROL,198000.0,USED,54.5,2025-01-11
TOYOTA,VITZ KSP90,2007,1000.0,AUTOMATIC,PETROL,198000.0,USED,53.61875,2025-01-11
TOYOTA,VITZ KSP90,2007,990.0,AUTOMATIC,PETROL,198000.0,USED,51.0,2025-01-05
TOYOTA,VITZ KSP90,2007,1000.0,AUTOMATIC,PETROL,198000.0,USED,52.5,2025-01-26
TOYOTA,VITZ KSP90,2007,1000.0,AUTOMATIC,PETROL,198000.0,USED,52.75,2025-01-25
TOYOTA,VITZ KSP90,2007,1000.0,AUTOMATIC,PETROL,198000.0,USED,55.0,2024-12-27
TOYOTA,VITZ KSP90,2007,1000.0,AUTOMATIC,PETROL,198000.0,USED,57.0,2024-12-27
TOYOTA,VITZ KSP90,2007,990.0,AUTOMATIC,PETROL,198000.0,USED,53.61875,2024-12-24
TOYOTA,VITZ KSP90,2007,990.0,AUTOMATIC,PETROL,198000.0,USED,55.0,2024-12-20
TOYOTA,VITZ KSP90,2007,1000.0,AUTOMATIC,PETROL,198000.0,USED,52.75,2024-12-06
TOYOTA,VITZ KSP90,2007,1000.0,AUTOMATIC,PETROL,198000.0,USED,53.25,2024-12-06
TOYOTA,VITZ KSP90,2008,1000.0,AUTOMATIC,PETROL,187000.0,USED,57.5,2025-02-05
TOYOTA,VITZ KSP90,2008,1000.0,AUTOMATIC,PETROL,187000.0,USED,53.75,2025-02-05
TOYOTA,VITZ KSP90,2008,1000.0,AUTOMATIC,PETROL,187000.0,USED,54.5,2025-02-04
TOYOTA,VITZ KSP90,2008,1000.0,AUTOMATIC,PETROL,187000.0,USED,55.5,2025-02-04
TOYOTA,VITZ KSP90,2008,1000.0,AUTOMATIC,PETROL,187000.0,USED,56.411764705882355,2025-02-03
TOYOTA,VITZ KSP90,2008,1000.0,AUTOMATIC,PETROL,187000.0,USED,54.75,2025-02-02
TOYOTA,VITZ KSP90,2008,1000.0,AUTOMATIC,PETROL,187000.0,USED,53.9,2025-01-30
TOYOTA,VITZ KSP90,2008,1000.0,AUTOMATIC,PETROL,187000.0,USED,56.411764705882355,2025-01-29
TOYOTA,VITZ KSP90,2008,990.0,AUTOMATIC,PETROL,187000.0,USED,56.411764705882355,2025-01-18
TOYOTA,VITZ KSP90,2008,1000.0,AUTOMATIC,PETROL,187000.0,USED,56.411764705882355,2025-01-17
TOYOTA,VITZ KSP90,2008,1000.0,AUTOMATIC,PETROL,187000.0,USED,54.5,2025-01-16
TOYOTA,VITZ KSP90,2008,1000.0,AUTOMATIC,PETROL,187000.0,USED,55.0,2025-01-13
TOYOTA,VITZ KSP90,2008,1300.0,AUTOMATIC,PETROL,187000.0,USED,60.1,2025-01-06
TOYOTA,VITZ KSP90,2008,1000.0,AUTOMATIC,PETROL,187000.0,USED,57.5,2025-01-24
TOYOTA,VITZ KSP90,2008,1000.0,AUTOMATIC,PETROL,187000.0,USED,56.0,2024-12-29
TOYOTA,VITZ KSP90,2008,1000.0,AUTOMATIC,PETROL,187000.0,USED,57.0,2024-12-28
TOYOTA,VITZ KSP90,2008,1300.0,AUTOMATIC,PETROL,187000.0,USED,60.60128676470589,2024-12-26
TOYOTA,VITZ KSP90,2008,1000.0,AUTOMATIC,PETROL,187000.0,USED,55.0,2024-12-19
TOYOTA,VITZ KSP90,2008,1000.0,AUTOMATIC,PETROL,187000.0,USED,59.0,2024-12-15
TOYOTA,VITZ KSP90,2008,1000.0,AUTOMATIC,PETROL,187000.0,USED,56.0,2024-12-14
TOYOTA,VITZ KSP90,2008,1000.0,AUTOMATIC,PETROL,187000.0,USED,58.0,2024-12-08
TOYOTA,VITZ KSP90,2010,990.0,AUTOMATIC,PETROL,165000.0,USED,60.0,2025-01-28
TOYOTA,VITZ KSP90,2012,1000.0,AUTOMATIC,PETROL,143000.0,USED,59.75,2025-01-29
TOYOTA,VITZ RS,2008,1300.0,AUTOMATIC,PETROL,187000.0,USED,59.75,2025-02-01
TOYOTA,VITZ RS,2008,1300.0,AUTOMATIC,PETROL,187000.0,USED,59.75,2025-01-23
TOYOTA,VITZ RS TURBO,2003,1500.0,MANUAL,PETROL,242000.0,USED,55.9,2025-01-23
TOYOTA,VITZ SAFETY,2015,1000.0,AUTOMATIC,PETROL,110000.0,USED,77.5,2025-01-26
TOYOTA,VITZ SAFETY,2016,1000.0,AUTOMATIC,PETROL,99000.0,USED,75.9,2025-02-03
TOYOTA,VITZ SAFETY,2016,1000.0,AUTOMATIC,PETROL,99000.0,USED,78.75,2025-02-02
TOYOTA,VITZ SAFETY,2016,1000.0,AUTOMATIC,PETROL,99000.0,USED,73.95,2025-02-01
TOYOTA,VITZ SAFETY,2016,1000.0,AUTOMATIC,PETROL,99000.0,USED,79.9,2025-01-16
TOYOTA,VITZ SAFETY,2016,990.0,AUTOMATIC,PETROL,99000.0,USED,77.125,2025-01-25
TOYOTA,VITZ SAFETY,2016,1000.0,AUTOMATIC,PETROL,99000.0,USED,76.5,2025-01-19
TOYOTA,VITZ SAFETY,2016,1000.0,AUTOMATIC,PETROL,99000.0,USED,77.75,2024-12-22
TOYOTA,VITZ SAFETY,2017,1000.0,AUTOMATIC,PETROL,88000.0,USED,89.9,2025-01-25
TOYOTA,VITZ SAFETY,2017,1000.0,AUTOMATIC,PETROL,88000.0,USED,89.9,2025-01-21
TOYOTA,VITZ SAFETY,2018,1000.0,AUTOMATIC,PETROL,77000.0,USED,95.0,2025-02-05
TOYOTA,VITZ SAFETY,2018,1000.0,AUTOMATIC,PETROL,77000.0,USED,85.0,2025-02-04
TOYOTA,VITZ SAFETY CBG CAR,2016,1000.0,AUTOMATIC,PETROL,99000.0,USED,73.5,2025-02-02
TOYOTA,VITZ SAFETY EDITION,2016,1000.0,AUTOMATIC,PETROL,99000.0,USED,76.0,2025-01-27
TOYOTA,VITZ SAFETY EDITION,2016,990.0,AUTOMATIC,PETROL,99000.0,USED,77.95,2025-01-19
TOYOTA,VITZ SAFETY EDITION,2016,990.0,AUTOMATIC,PETROL,99000.0,USED,79.9,2024-12-10
TOYOTA,VITZ SAFETY EDITION,2017,1000.0,AUTOMATIC,PETROL,88000.0,USED,80.0,2025-02-05
TOYOTA,VITZ SAFETY EDITION,2017,1000.0,AUTOMATIC,PETROL,88000.0,USED,86.25,2025-02-03
TOYOTA,VITZ SAFETY EDITION,2017,1000.0,AUTOMATIC,PETROL,88000.0,USED,82.85,2025-01-30
TOYOTA,VITZ SAFETY EDITION,2017,990.0,AUTOMATIC,PETROL,88000.0,USED,79.5,2025-01-28
TOYOTA,VITZ SAFETY EDITION,2017,1000.0,AUTOMATIC,PETROL,88000.0,USED,84.0,2025-01-02
TOYOTA,VITZ SAFETY EDITION,2017,1000.0,AUTOMATIC,PETROL,88000.0,USED,84.75,2025-01-02
TOYOTA,VITZ SAFETY EDITION,2017,1000.0,AUTOMATIC,PETROL,88000.0,USED,83.5,2025-01-02
TOYOTA,VITZ SAFETY EDITION,2017,990.0,AUTOMATIC,PETROL,88000.0,USED,81.95,2024-12-30
TOYOTA,VITZ SAFETY EDITION,2018,1000.0,AUTOMATIC,PETROL,77000.0,USED,89.0,2025-02-04
TOYOTA,VITZ SAFETY EDITION,2018,1000.0,AUTOMATIC,PETROL,77000.0,USED,89.0,2025-02-02
TOYOTA,VITZ SAFETY EDITION 1,2017,1000.0,AUTOMATIC,PETROL,88000.0,USED,81.0,2025-02-05
TOYOTA,VITZ SAFETY EDITION 2,2018,1000.0,AUTOMATIC,PETROL,77000.0,USED,89.5,2025-02-04
TOYOTA,VITZ SAFETY EDITION 2,2018,1000.0,AUTOMATIC,PETROL,77000.0,USED,93.8,2025-02-01
TOYOTA,VITZ SAFETY EDITION 2,2018,1000.0,AUTOMATIC,PETROL,77000.0,USED,94.0,2025-02-01
TOYOTA,VITZ SAFETY EDITION 2,2018,1000.0,AUTOMATIC,PETROL,77000.0,USED,94.5,2025-02-01
TOYOTA,VITZ SAFETY EDITION 2,2018,1000.0,AUTOMATIC,PETROL,77000.0,USED,91.55,2025-01-07
TOYOTA,VITZ SAFETY EDITION 2,2018,1000.0,AUTOMATIC,PETROL,77000.0,USED,88.0,2025-01-26
TOYOTA,VITZ SAFETY EDITION 2,2018,1000.0,AUTOMATIC,PETROL,77000.0,USED,89.5,2025-01-22
TOYOTA,VITZ SAFETY EDITION 3,2019,1000.0,AUTOMATIC,PETROL,66000.0,USED,90.0,2025-01-21
TOYOTA,VITZ SAFETY EDITION 3,2019,1000.0,AUTOMATIC,PETROL,66000.0,USED,97.0,2024-12-27
TOYOTA,VITZ SAFETY EDITION 3,2019,1000.0,AUTOMATIC,PETROL,66000.0,USED,98.5,2024-12-15
TOYOTA,VITZ SAFETY PACK,2016,1500.0,AUTOMATIC,PETROL,99000.0,USED,73.95,2025-02-03
TOYOTA,VITZ SAFFTY EDITION 2,2018,1000.0,AUTOMATIC,PETROL,77000.0,USED,85.0,2025-01-19
TOYOTA,VITZ SCP 10,2001,1000.0,AUTOMATIC,PETROL,264000.0,USED,39.85,2025-01-16
TOYOTA,VITZ SCP90,2007,1300.0,AUTOMATIC,PETROL,198000.0,USED,54.1875,2025-02-04
TOYOTA,VITZ SCP90,2007,1300.0,AUTOMATIC,PETROL,198000.0,USED,56.5,2025-01-17
TOYOTA,VITZ SCP90,2007,1300.0,AUTOMATIC,PETROL,198000.0,USED,58.5,2025-01-02
TOYOTA,VITZ SCP90,2007,1300.0,AUTOMATIC,PETROL,198000.0,USED,57.5,2024-12-04
TOYOTA,VITZ SCP90,2008,1300.0,AUTOMATIC,PETROL,187000.0,USED,59.5,2025-02-04
TOYOTA,VITZ SCP90,2008,1300.0,AUTOMATIC,PETROL,187000.0,USED,57.0,2024-12-15
TOYOTA,WAGON,1990,1970.0,MANUAL,DIESEL,385000.0,USED,7.95,2025-01-09
TOYOTA,WAGON KE72,1985,1300.0,MANUAL,PETROL,440000.0,USED,7.0,2025-01-17
TOYOTA,WAGON R PIXIS MEGA,2018,650.0,AUTOMATIC,PETROL,77000.0,USED,69.9,2025-02-04
TOYOTA,WIGO,2017,1000.0,AUTOMATIC,PETROL,88000.0,USED,65.0,2025-02-04
TOYOTA,WIGO,2017,1000.0,AUTOMATIC,PETROL,88000.0,USED,64.0,2025-01-12
TOYOTA,WIGO,2017,1000.0,AUTOMATIC,PETROL,88000.0,USED,67.0,2024-12-31
TOYOTA,WIGO,2017,1000.0,AUTOMATIC,PETROL,88000.0,USED,68.0,2024-12-24
TOYOTA,WIGO,2017,1000.0,AUTOMATIC,PETROL,88000.0,USED,66.0,2024-12-04
TOYOTA,WIGO,2017,1000.0,AUTOMATIC,PETROL,88000.0,USED,64.9,2026-09-24
TOYOTA,WIGO,2018,1000.0,AUTOMATIC,PETROL,77000.0,USED,69.9,2025-02-02
TOYOTA,WIGO,2018,998.0,AUTOMATIC,PETROL,77000.0,USED,69.9,2025-02-02
TOYOTA,WIGO,2018,1000.0,AUTOMATIC,PETROL,77000.0,USED,66.0,2025-01-19
TOYOTA,XE COROLLA 110,1999,1500.0,AUTOMATIC,PETROL,286000.0,USED,42.5,2024-12-04
TOYOTA,YARIS,2006,1300.0,AUTOMATIC,PETROL,209000.0,USED,60.0,2025-02-04
TOYOTA,YARIS,2006,1300.0,AUTOMATIC,PETROL,209000.0,USED,61.14166666666667,2025-02-04
TOYOTA,YARIS,2006,1300.0,AUTOMATIC,PETROL,209000.0,USED,64.25,2025-01-13
TOYOTA,YARIS,2006,1300.0,AUTOMATIC,PETROL,209000.0,USED,59.75,2025-01-27
TOYOTA,YARIS,2006,1300.0,AUTOMATIC,PETROL,209000.0,USED,59.0,2024-12-30
TOYOTA,YARIS,2006,1300.0,AUTOMATIC,PETROL,209000.0,USED,61.5,2024-12-29
TOYOTA,YARIS,2006,1300.0,AUTOMATIC,PETROL,209000.0,USED,62.35,2024-12-24
TOYOTA,YARIS,2007,1300.0,AUTOMATIC,PETROL,198000.0,USED,64.5,2025-02-05
TOYOTA,YARIS,2007,1300.0,AUTOMATIC,PETROL,198000.0,USED,64.0,2025-02-05
TOYOTA,YARIS,2007,1300.0,AUTOMATIC,PETROL,198000.0,USED,64.5,2025-02-04
TOYOTA,YARIS,2007,1500.0,AUTOMATIC,PETROL,198000.0,USED,65.9,2025-02-03
TOYOTA,YARIS,2007,1300.0,AUTOMATIC,PETROL,198000.0,USED,72.92500000000001,2025-01-31
TOYOTA,YARIS,2007,1300.0,AUTOMATIC,PETROL,198000.0,USED,59.75,2025-01-29
TOYOTA,YARIS,2007,1300.0,AUTOMATIC,PETROL,198000.0,USED,63.85,2025-01-18
TOYOTA,YARIS,2007,1300.0,AUTOMATIC,PETROL,198000.0,USED,64.5,2025-01-13
TOYOTA,YARIS,2007,1300.0,AUTOMATIC,PETROL,198000.0,USED,59.75,2025-01-09
TOYOTA,YARIS,2007,1300.0,AUTOMATIC,PETROL,198000.0,USED,72.92500000000001,2025-01-06
TOYOTA,YARIS,2007,1298.0,AUTOMATIC,PETROL,198000.0,USED,63.85,2025-01-25
TOYOTA,YARIS,2007,1300.0,AUTOMATIC,PETROL,198000.0,USED,62.0,2025-01-20
TOYOTA,YARIS,2007,1300.0,AUTOMATIC,PETROL,198000.0,USED,66.0,2025-01-04
TOYOTA,YARIS,2007,1300.0,AUTOMATIC,PETROL,198000.0,USED,72.92500000000001,2025-01-04
TOYOTA,YARIS,2007,1300.0,MANUAL,PETROL,198000.0,USED,57.5,2024-12-25
TOYOTA,YARIS,2007,1300.0,AUTOMATIC,PETROL,198000.0,USED,63.0,2024-12-24
TOYOTA,YARIS,2007,1300.0,AUTOMATIC,PETROL,198000.0,USED,72.92500000000001,2024-12-23
TOYOTA,YARIS,2007,1300.0,AUTOMATIC,PETROL,198000.0,USED,61.35,2024-12-21
TOYOTA,YARIS,2007,1300.0,AUTOMATIC,PETROL,198000.0,USED,65.9,2024-12-20
TOYOTA,YARIS,2007,1300.0,AUTOMATIC,PETROL,198000.0,USED,62.0,2024-12-05
TOYOTA,YARIS,2008,1300.0,AUTOMATIC,PETROL,187000.0,USED,65.35416666666667,2025-02-05
TOYOTA,YARIS,2008,1300.0,AUTOMATIC,PETROL,187000.0,USED,65.35416666666667,2025-02-02
TOYOTA,YARIS,2008,1300.0,AUTOMATIC,PETROL,187000.0,USED,72.92500000000001,2025-02-01
TOYOTA,YARIS,2008,1276.0,AUTOMATIC,PETROL,187000.0,USED,65.35416666666667,2025-01-17
TOYOTA,YARIS,2008,1350.0,AUTOMATIC,PETROL,187000.0,USED,65.35416666666667,2025-01-17
TOYOTA,YARIS,2008,1300.0,AUTOMATIC,PETROL,187000.0,USED,65.0,2025-01-17
TOYOTA,YARIS,2008,1300.0,AUTOMATIC,PETROL,187000.0,USED,62.5,2025-01-13
TOYOTA,YARIS,2008,1300.0,AUTOMATIC,PETROL,187000.0,USED,65.0,2025-01-09
TOYOTA,YARIS,2008,1300.0,AUTOMATIC,PETROL,187000.0,USED,65.5,2025-01-06
TOYOTA,YARIS,2008,1300.0,AUTOMATIC,PETROL,187000.0,USED,59.5,2025-01-06
TOYOTA,YARIS,2008,1300.0,AUTOMATIC,PETROL,187000.0,USED,65.0,2025-01-21
TOYOTA,YARIS,2008,1300.0,AUTOMATIC,PETROL,187000.0,USED,66.5,2025-01-21
TOYOTA,YARIS,2008,1300.0,AUTOMATIC,PETROL,187000.0,USED,65.5,2025-01-20
TOYOTA,YARIS,2008,1276.0,MANUAL,PETROL,187000.0,USED,65.35416666666667,2025-01-04
TOYOTA,YARIS,2008,1300.0,AUTOMATIC,PETROL,187000.0,USED,62.5,2025-01-03
TOYOTA,YARIS,2008,1300.0,AUTOMATIC,PETROL,187000.0,USED,66.75,2024-12-23
TOYOTA,YARIS,2008,1300.0,AUTOMATIC,PETROL,187000.0,USED,65.35416666666667,2024-12-21
TOYOTA,YARIS,2008,1300.0,AUTOMATIC,PETROL,187000.0,USED,66.0,2024-12-13
TOYOTA,YARIS,2008,1300.0,AUTOMATIC,PETROL,187000.0,USED,65.35416666666667,2024-12-08
TOYOTA,YARIS,2008,1300.0,AUTOMATIC,PETROL,170000.0,USED,62.5,2026-09-25
TOYOTA,YARIS,2009,1300.0,AUTOMATIC,PETROL,176000.0,USED,56.12499999999999,2024-12-09
TOYOTA,YARIS,2011,1300.0,AUTOMATIC,PETROL,154000.0,USED,72.92500000000001,2025-01-31
TOYOTA,YARIS,2011,1300.0,AUTOMATIC,PETROL,154000.0,USED,71.5,2025-01-15
TOYOTA,YARIS,2011,1300.0,AUTOMATIC,PETROL,154000.0,USED,72.92500000000001,2025-01-24
TOYOTA,YARIS,2011,1300.0,AUTOMATIC,PETROL,154000.0,USED,72.92500000000001,2025-01-03
TOYOTA,YARIS,2011,1300.0,AUTOMATIC,PETROL,154000.0,USED,72.92500000000001,2024-12-22
TOYOTA,YARIS,2014,1300.0,AUTOMATIC,PETROL,121000.0,USED,72.92500000000001,2025-01-26
TOYOTA,YARIS,2019,1500.0,AUTOMATIC,PETROL,66000.0,USED,72.92500000000001,2025-01-05
TOYOTA,YARIS,2019,1100.0,AUTOMATIC,PETROL,66000.0,USED,72.92500000000001,2024-12-19
TOYOTA,YARIS,2021,1000.0,AUTOMATIC,PETROL,11000.0,USED,111.0,2026-09-25
TOYOTA,YARIS,2023,1000.0,AUTOMATIC,PETROL,4000.0,USED,99.65,2026-09-26
TOYOTA,YARIS,2023,1000.0,AUTOMATIC,PETROL,35000.0,USED,86.0,2026-09-26
TOYOTA,YARIS,2023,1000.0,AUTOMATIC,PETROL,12000.0,USED,89.5,2026-09-26
TOYOTA,YARIS,2023,990.0,AUTOMATIC,PETROL,8000.0,USED,105.0,2026-09-24
TOYOTA,YARIS,2023,1000.0,AUTOMATIC,PETROL,28000.0,USED,88.5,2026-09-26
TOYOTA,YARIS,2023,990.0,AUTOMATIC,PETROL,13000.0,USED,91.4,2026-09-26
TOYOTA,YARIS,2023,1000.0,AUTOMATIC,PETROL,31000.0,USED,96.5,2026-09-23
TOYOTA,YARIS,2023,1000.0,AUTOMATIC,PETROL,22000.0,USED,102.75,2026-09-26
TOYOTA,YARIS,2023,996.0,AUTOMATIC,PETROL,44000.0,USED,86.0,2026-09-26
TOYOTA,YARIS,2023,1000.0,AUTOMATIC,PETROL,7700.0,USED,92.5,2026-09-26
TOYOTA,YARIS,2023,1000.0,AUTOMATIC,PETROL,25000.0,USED,97.5,2026-09-26
TOYOTA,YARIS,2023,990.0,AUTOMATIC,PETROL,4400.0,USED,91.5,2026-09-26
TOYOTA,YARIS,2023,1000.0,AUTOMATIC,PETROL,68000.0,USED,86.0,2026-09-26
TOYOTA,YARIS,2023,1000.0,AUTOMATIC,PETROL,17000.0,USED,94.75,2026-09-26
TOYOTA,YARIS,2023,1000.0,AUTOMATIC,PETROL,19000.0,USED,96.5,2026-09-25
TOYOTA,YARIS,2023,1000.0,AUTOMATIC,PETROL,5000.0,USED,108.0,2026-09-25
TOYOTA,YARIS,2024,990.0,AUTOMATIC,PETROL,35000.0,USED,93.5,2026-09-26
TOYOTA,YARIS,2024,990.0,AUTOMATIC,PETROL,30000.0,USED,91.5,2026-09-26
TOYOTA,YARIS,2024,990.0,AUTOMATIC,PETROL,4000.0,USED,102.5,2026-09-26
TOYOTA,YARIS,2024,1000.0,AUTOMATIC,PETROL,700.0,NEW,106.5,2026-09-26
TOYOTA,YARIS,2024,1000.0,AUTOMATIC,PETROL,45000.0,USED,93.75,2026-09-26
TOYOTA,YARIS,2024,1000.0,AUTOMATIC,PETROL,11000.0,USED,106.5,2026-09-24
TOYOTA,YARIS,2024,1500.0,AUTOMATIC,PETROL,5000.0,USED,97.75,2026-09-27
TOYOTA,YARIS,2024,1000.0,AUTOMATIC,PETROL,5900.0,USED,106.9,2026-09-24
TOYOTA,YARIS,2024,1000.0,AUTOMATIC,PETROL,34000.0,USED,90.0,2026-09-24
TOYOTA,YARIS,2024,1000.0,AUTOMATIC,PETROL,29000.0,USED,93.5,2026-09-24
TOYOTA,YARIS,2024,1000.0,AUTOMATIC,PETROL,19000.0,USED,92.5,2026-09-26
TOYOTA,YARIS,2024,1000.0,AUTOMATIC,PETROL,3000.0,USED,101.5,2026-09-23
TOYOTA,YARIS,2024,1000.0,AUTOMATIC,PETROL,30000.0,USED,90.0,2026-09-26
TOYOTA,YARIS,2024,1000.0,AUTOMATIC,PETROL,13000.0,USED,98.5,2026-09-26
TOYOTA,YARIS,2024,1000.0,AUTOMATIC,PETROL,20000.0,USED,95.9,2026-09-26
TOYOTA,YARIS,2024,1000.0,AUTOMATIC,PETROL,49500.0,USED,93.9,2026-09-26
TOYOTA,YARIS,2024,1000.0,AUTOMATIC,PETROL,8000.0,USED,93.8,2026-09-26
TOYOTA,YARIS,2024,1000.0,AUTOMATIC,PETROL,14000.0,USED,93.75,2026-09-26
TOYOTA,YARIS,2024,1000.0,AUTOMATIC,PETROL,11000.0,NEW,101.0,2026-09-26
TOYOTA,YARIS,2024,1000.0,AUTOMATIC,PETROL,35000.0,USED,90.0,2026-09-26
TOYOTA,YARIS,2024,1000.0,AUTOMATIC,PETROL,4000.0,NEW,99.75,2026-09-26
TOYOTA,YARIS,2024,1000.0,AUTOMATIC,PETROL,25000.0,USED,95.9,2026-09-26
TOYOTA,YARIS,2024,1000.0,AUTOMATIC,PETROL,35000.0,USED,89.75,2026-09-26
TOYOTA,YARIS,2024,1000.0,AUTOMATIC,PETROL,14000.0,NEW,96.0,2026-09-26
TOYOTA,YARIS,2024,1000.0,AUTOMATIC,PETROL,25000.0,USED,94.75,2026-09-26
TOYOTA,YARIS,2024,1000.0,AUTOMATIC,PETROL,700.0,NEW,106.5,2026-09-25
TOYOTA,YARIS,2024,1000.0,AUTOMATIC,PETROL,4500.0,USED,98.9,2026-09-26
TOYOTA,YARIS,2025,990.0,AUTOMATIC,PETROL,7000.0,USED,104.25,2026-09-26
TOYOTA,YARIS,2025,990.0,AUTOMATIC,PETROL,5000.0,USED,96.75,2026-09-26
TOYOTA,YARIS,2025,990.0,AUTOMATIC,PETROL,0.0,NEW,96.75,2026-09-26
TOYOTA,YARIS,2025,1000.0,AUTOMATIC,PETROL,330.0,NEW,105.9,2026-09-25
TOYOTA,YARIS,2025,1000.0,AUTOMATIC,PETROL,1500.0,USED,101.0,2026-09-25
TOYOTA,YARIS,2025,1000.0,AUTOMATIC,PETROL,9000.0,USED,102.9,2026-09-24
TOYOTA,YARIS,2025,990.0,AUTOMATIC,PETROL,11500.0,USED,107.0,2026-09-24
TOYOTA,YARIS,2025,1000.0,AUTOMATIC,PETROL,11000.0,USED,98.5,2026-09-24
TOYOTA,YARIS,2025,1500.0,AUTOMATIC,HYBRID,0.0,NEW,194.0,2026-09-24
TOYOTA,YARIS,2025,1000.0,AUTOMATIC,PETROL,8443.0,USED,104.0,2026-09-26
TOYOTA,YARIS,2025,990.0,AUTOMATIC,PETROL,4000.0,USED,99.0,2026-09-26
TOYOTA,YARIS,2025,1000.0,AUTOMATIC,PETROL,16000.0,USED,93.0,2026-09-26
TOYOTA,YARIS,2025,1000.0,AUTOMATIC,PETROL,5000.0,USED,109.9,2026-09-26
TOYOTA,YARIS,2025,1000.0,AUTOMATIC,PETROL,0.0,NEW,101.0,2026-09-26
TOYOTA,YARIS,2026,1000.0,AUTOMATIC,PETROL,200.0,USED,112.0,2026-09-27
TOYOTA,YARIS,2026,1000.0,AUTOMATIC,PETROL,15.0,NEW,103.5,2026-09-26
TOYOTA,YARIS,2026,990.0,AUTOMATIC,PETROL,0.0,NEW,104.5,2026-09-26
TOYOTA,YARIS,2026,990.0,AUTOMATIC,PETROL,0.0,NEW,104.75,2026-09-26
TOYOTA,YARIS,2026,990.0,AUTOMATIC,PETROL,0.0,NEW,108.5,2026-09-26
TOYOTA,YARIS,2026,1000.0,AUTOMATIC,PETROL,0.0,NEW,105.0,2026-09-26
TOYOTA,YARIS,2026,1000.0,AUTOMATIC,PETROL,0.0,NEW,106.5,2026-09-25
TOYOTA,YARIS,2026,1000.0,AUTOMATIC,PETROL,0.0,NEW,119.5,2026-09-25
TOYOTA,YARIS,2026,1000.0,AUTOMATIC,PETROL,0.0,NEW,112.0,2026-09-25
TOYOTA,YARIS,2026,1000.0,AUTOMATIC,PETROL,0.0,NEW,109.85,2026-09-25
TOYOTA,YARIS,2026,1000.0,AUTOMATIC,PETROL,0.0,NEW,115.9,2026-09-25
TOYOTA,YARIS,2026,990.0,AUTOMATIC,PETROL,0.0,NEW,115.0,2026-09-24
TOYOTA,YARIS,2026,990.0,AUTOMATIC,PETROL,0.0,NEW,108.0,2026-09-24
TOYOTA,YARIS,2026,1000.0,AUTOMATIC,PETROL,30.0,USED,106.95,2026-09-24
TOYOTA,YARIS,2026,1000.0,AUTOMATIC,PETROL,32.0,NEW,113.9,2026-09-24
TOYOTA,YARIS,2026,1000.0,AUTOMATIC,PETROL,0.0,NEW,113.9,2026-09-24
TOYOTA,YARIS,2026,1000.0,AUTOMATIC,PETROL,10.0,NEW,114.75,2026-09-23
TOYOTA,YARIS,2026,1000.0,AUTOMATIC,PETROL,48.0,NEW,115.5,2026-09-26
TOYOTA,YARIS,2026,1000.0,AUTOMATIC,PETROL,0.0,NEW,109.75,2026-09-26
TOYOTA,YARIS,2026,1000.0,AUTOMATIC,PETROL,0.0,NEW,114.75,2026-09-26
TOYOTA,YARIS,2026,1000.0,AUTOMATIC,PETROL,0.0,NEW,114.5,2026-09-26
TOYOTA,YARIS,2026,1000.0,AUTOMATIC,PETROL,0.0,NEW,105.75,2026-09-26
TOYOTA,YARIS,2026,1000.0,AUTOMATIC,PETROL,0.0,NEW,106.9,2026-09-26
TOYOTA,YARIS,2026,1200.0,AUTOMATIC,HYBRID,0.0,NEW,147.9,2026-09-25
TOYOTA,YARIS,2026,1000.0,AUTOMATIC,PETROL,6.0,NEW,116.5,2026-09-25
TOYOTA,YARIS ATIV,2025,1500.0,AUTOMATIC,HYBRID,0.0,NEW,187.0,2026-09-25
TOYOTA,YARIS ATIV G GRADE,2019,1300.0,AUTOMATIC,PETROL,66000.0,USED,129.0,2025-01-31
TOYOTA,YARIS CROSS,2023,1500.0,AUTOMATIC,HYBRID,10300.0,USED,155.0,2026-09-26
TOYOTA,YARIS CROSS,2023,1500.0,AUTOMATIC,HYBRID,4000.0,USED,158.0,2026-09-26
TOYOTA,YARIS CROSS,2024,1500.0,AUTOMATIC,HYBRID,25000.0,USED,172.0,2026-09-26
TOYOTA,YARIS CROSS,2024,1500.0,AUTOMATIC,HYBRID,4590.0,USED,175.0,2026-09-24
TOYOTA,YARIS CROSS,2025,1500.0,AUTOMATIC,HYBRID,17500.0,USED,180.0,2026-09-24
TOYOTA,YARIS CROSS,2025,1500.0,AUTOMATIC,HYBRID,13750.0,USED,172.0,2026-09-26
TOYOTA,YARIS CROSS,2026,1500.0,AUTOMATIC,HYBRID,20.0,NEW,164.0,2026-09-26
TOYOTA,YARIS CROSS,2026,1500.0,AUTOMATIC,HYBRID,0.0,NEW,235.0,2026-09-24
TOYOTA,YARIS CROSS,2026,1500.0,AUTOMATIC,HYBRID,0.0,NEW,179.9,2026-09-26
TOYOTA,YARIS CROSS,2026,1500.0,AUTOMATIC,HYBRID,0.0,NEW,182.9,2026-09-26
TOYOTA,YARIS G GRADE,2014,1300.0,AUTOMATIC,PETROL,121000.0,USED,96.5,2025-01-06
TOYOTA,YARIS VVTI,2012,1300.0,AUTOMATIC,PETROL,143000.0,USED,79.9,2025-02-05
VOLKSWAGEN,BEETLE,1969,1500.0,MANUAL,PETROL,616000.0,USED,9.0,2025-02-02
VOLKSWAGEN,GOLF,1975,1600.0,MANUAL,PETROL,3000.0,USED,15.0,2026-09-25
VOLKSWAGEN,GOLF,2023,1000.0,AUTOMATIC,PETROL,11000.0,USED,149.9,2026-09-26
VOLKSWAGEN,JETTA,1987,1300.0,MANUAL,PETROL,418000.0,USED,7.25,2025-02-04
VOLKSWAGEN,JETTA,2008,1900.0,MANUAL,DIESEL,187000.0,USED,65.0,2025-01-28
VOLKSWAGEN,JETTA,2016,1400.0,AUTOMATIC,PETROL,99000.0,USED,95.0,2025-01-14
VOLKSWAGEN,PASSAT,2000,1900.0,MANUAL,DIESEL,275000.0,USED,26.9,2025-01-04
VOLKSWAGEN,PASSAT,2000,1896.0,MANUAL,DIESEL,275000.0,USED,23.0,2024-12-20
VOLKSWAGEN,PASSAT,2006,2000.0,AUTOMATIC,PETROL,209000.0,USED,93.0,2025-01-27
VOLKSWAGEN,PASSAT,2007,1600.0,AUTOMATIC,PETROL,155000.0,USED,59.9,2026-09-23
VOLKSWAGEN,PASSAT,2010,1800.0,AUTOMATIC,PETROL,165000.0,USED,95.5,2024-12-26
VOLKSWAGEN,PASSAT,2012,2000.0,AUTOMATIC,DIESEL,107000.0,USED,82.75,2026-09-26
VOLKSWAGEN,PASSAT 1.8,2001,1800.0,MANUAL,PETROL,264000.0,USED,22.75,2025-02-05
VOLKSWAGEN,PASSAT B5.5 TURBO,2002,1800.0,AUTOMATIC,PETROL,253000.0,USED,24.5,2025-01-27
VOLKSWAGEN,POLO,2023,1000.0,AUTOMATIC,PETROL,15200.0,USED,107.8,2026-09-26
VOLKSWAGEN,POLO,2023,1000.0,AUTOMATIC,PETROL,17000.0,USED,112.9,2026-09-23
VOLKSWAGEN,POLO GT,2015,1200.0,AUTOMATIC,PETROL,110000.0,USED,70.0,2025-02-01
VOLKSWAGEN,POLO R-LINE,2019,1000.0,AUTOMATIC,PETROL,66000.0,USED,110.0,2025-02-04
VOLKSWAGEN,POLO R-LINE,2019,1000.0,AUTOMATIC,PETROL,66000.0,USED,128.0,2025-01-15
VOLKSWAGEN,T-CROSS,2023,1000.0,AUTOMATIC,PETROL,12030.0,USED,142.5,2026-09-25
VOLKSWAGEN,T-CROSS,2023,1000.0,AUTOMATIC,PETROL,20700.0,USED,136.35,2026-09-24
VOLKSWAGEN,T-CROSS,2024,1000.0,AUTOMATIC,PETROL,12000.0,USED,136.5,2026-09-26
VOLKSWAGEN,T-CROSS,2024,1000.0,AUTOMATIC,PETROL,1000.0,USED,159.9,2026-09-26
VOLKSWAGEN,TAIGUN,2026,1000.0,AUTOMATIC,PETROL,3400.0,USED,122.5,2026-09-26
VOLKSWAGEN,TAIGUN,2026,1000.0,AUTOMATIC,PETROL,0.0,NEW,128.5,2026-09-26
VOLKSWAGEN,TAIGUN,2026,1000.0,AUTOMATIC,PETROL,0.0,NEW,122.9,2026-09-26
VOLKSWAGEN,TIGUAN ALLSPACE,2018,1400.0,AUTOMATIC,PETROL,77000.0,USED,240.0,2025-01-14
VOLVO,740 GLE,1990,2300.0,MANUAL,PETROL,385000.0,USED,9.5,2025-01-28
VOLVO,740 HEARSE,1995,2000.0,AUTOMATIC,PETROL,330000.0,USED,60.0,2025-01-09
VOLVO,850,1995,2000.0,AUTOMATIC,PETROL,330000.0,NEW,16.5,2025-02-05
VOLVO,850,1996,2000.0,MANUAL,PETROL,319000.0,USED,9.75,2024-12-29
VOLVO,940,1995,2770.0,AUTOMATIC,DIESEL,330000.0,USED,13.75,2024-12-09
VOLVO,940 GLE TURBO,1996,2300.0,AUTOMATIC,DIESEL,319000.0,NEW,25.0,2024-12-18
VOLVO,S40,1997,1800.0,AUTOMATIC,PETROL,308000.0,USED,20.0,2025-01-23
VOLVO,S40,1999,1980.0,AUTOMATIC,PETROL,286000.0,USED,39.5,2025-02-04
VOLVO,S40,1999,1948.0,MANUAL,PETROL,286000.0,USED,26.95,2025-01-31
VOLVO,S40,2000,1870.0,MANUAL,DIESEL,275000.0,USED,23.95,2024-12-07
VOLVO,S40,2002,1800.0,MANUAL,DIESEL,253000.0,USED,30.0,2025-01-25
VOLVO,S40,2004,1798.0,MANUAL,PETROL,231000.0,USED,53.5,2024-12-09
VOLVO,S60,2004,2000.0,MANUAL,PETROL,231000.0,USED,34.75,2025-01-18
VOLVO,S60,2004,1990.0,MANUAL,PETROL,231000.0,USED,43.5,2024-12-29
VOLVO,S70,2000,1800.0,MANUAL,DIESEL,275000.0,USED,32.0,2025-01-11
VOLVO,S80,1999,2000.0,AUTOMATIC,PETROL,274000.0,USED,28.0,2026-09-27
VOLVO,V70 HEARSE,2000,2400.0,AUTOMATIC,PETROL,275000.0,USED,85.0,2025-01-09
VOLVO,VOLVO,1996,1397.0,AUTOMATIC,DIESEL,319000.0,USED,7.5,2025-02-02
VOLVO,XC90,2021,1969.0,AUTOMATIC,PETROL,82000.0,USED,290.0,2026-09-25
WILLYS,AMERICAN WILLYS,1962,2800.0,MANUAL,DIESEL,693000.0,USED,39.5,2025-01-23
WILLYS,CJ7,1981,2400.0,MANUAL,DIESEL,484000.0,USED,21.0,2024-12-26
ZOTYE,NOMAD,2011,1300.0,MANUAL,PETROL,55000.0,USED,40.0,2026-09-26
ZOTYE,NOMAD,2011,1300.0,MANUAL,PETROL,33000.0,USED,38.0,2026-09-24
ZOTYE,NOMAD,2012,1500.0,MANUAL,PETROL,102000.0,USED,36.5,2026-09-26
ZOTYE,Z100,2017,1000.0,MANUAL,PETROL,88000.0,USED,28.95,2025-02-05
ZOTYE,Z100,2017,1000.0,MANUAL,PETROL,88000.0,USED,27.5,2025-02-02
ZOTYE,Z100,2017,1000.0,MANUAL,PETROL,88000.0,USED,26.5,2025-02-02
ZOTYE,Z100,2017,1000.0,MANUAL,PETROL,88000.0,USED,27.5,2025-02-01
ZOTYE,Z100,2017,1000.0,MANUAL,PETROL,88000.0,USED,27.75,2025-01-31
ZOTYE,Z100,2017,1300.0,MANUAL,PETROL,88000.0,USED,22.8125,2025-01-14
ZOTYE,Z100,2017,1000.0,MANUAL,PETROL,88000.0,USED,27.75,2025-01-09
ZOTYE,Z100,2017,1000.0,MANUAL,PETROL,88000.0,USED,29.9,2025-01-08
ZOTYE,Z100,2017,1000.0,MANUAL,PETROL,88000.0,USED,25.86,2024-12-21
ZOTYE,Z100,2017,1000.0,MANUAL,PETROL,88000.0,USED,27.5,2024-12-04
ZOTYE,Z100,2018,1000.0,MANUAL,PETROL,77000.0,USED,28.75,2024-12-18
ZOTYE,Z100,2018,1000.0,MANUAL,PETROL,77000.0,USED,27.5,2024-12-16
ZOTYE,Z100,2019,998.0,MANUAL,PETROL,66000.0,USED,24.75,2025-02-01
ZOTYE,Z100,2019,1000.0,MANUAL,PETROL,66000.0,USED,30.25,2025-01-17
ZOTYE,Z100,2019,998.0,MANUAL,PETROL,66000.0,USED,28.0,2024-12-29
ZOTYE,Z100,2019,998.0,MANUAL,PETROL,66000.0,USED,29.0,2024-12-12
ZOTYE,Z100,2020,1000.0,MANUAL,PETROL,55000.0,USED,32.0,2025-02-05
ZOTYE,Z100,2020,1000.0,MANUAL,PETROL,55000.0,USED,30.95,2025-02-05
ZOTYE,Z100,2020,1000.0,MANUAL,PETROL,55000.0,USED,31.5,2025-02-03
ZOTYE,Z100,2020,1000.0,MANUAL,PETROL,55000.0,USED,30.0,2025-01-31
ZOTYE,Z100,2020,1000.0,MANUAL,PETROL,55000.0,USED,28.5,2025-01-06
ZOTYE,Z100,2021,1000.0,MANUAL,PETROL,44000.0,USED,30.75,2025-02-05
ZOTYE,Z100,2021,1000.0,MANUAL,PETROL,44000.0,USED,31.5,2025-02-02
ZOTYE,Z100,2021,1000.0,MANUAL,PETROL,44000.0,USED,30.75,2025-02-01
ZOTYE,Z100,2021,1000.0,MANUAL,PETROL,44000.0,USED,33.0,2025-01-06
ZOTYE,ZOTYE,1999,1900.0,AUTOMATIC,PETROL,286000.0,USED,15.5,2025-01-19
ZOTYE,ZOTYE,2017,1300.0,MANUAL,PETROL,88000.0,USED,8.75,2025-01-13
