Brand,Model,YOM,Engine (cc),Gear,Fuel Type,Millage(KM),Price,Condition,Date
NISSAN,ROOX,2024,660,AUTOMATIC,HYBRID,30000,88.75,USED,2026-09-26
SUZUKI,CELERIO,2016,1000,AUTOMATIC,PETROL,97000,52.5,USED,2026-09-18
FORD,RAPTOR RANGER,2025,2000,AUTOMATIC,DIESEL,7300,330.0,USED,2026-09-26
RENAULT,KWID,2017,800,MANUAL,PETROL,89000,36.9,USED,2026-09-27
TOYOTA,PREMIO,2016,1500,AUTOMATIC,PETROL,188000,146.9,USED,2026-09-27
TOYOTA,RAIZE,2026,1200,AUTOMATIC,HYBRID,0,140.9,NEW,2026-09-27
HONDA,CRV,2019,1500,AUTOMATIC,PETROL,125000,155.0,USED,2026-09-27
TOYOTA,AXIO,2015,1500,AUTOMATIC,HYBRID,140000,98.5,USED,2026-09-27
HYUNDAI,EON,2017,800,MANUAL,PETROL,87000,41.75,USED,2026-09-27
TOYOTA,AXIO,2016,1500,AUTOMATIC,HYBRID,180000,105.0,USED,2026-09-27
HONDA,VEZEL,2026,1500,AUTOMATIC,HYBRID,200,203.5,NEW,2026-09-27
HONDA,FIT SHUTTLE,2016,1330,AUTOMATIC,HYBRID,135000,81.75,USED,2026-09-27
DFSK,GLORY,2021,1500,AUTOMATIC,PETROL,56000,74.0,USED,2026-09-27
TOYOTA,RAIZE,2024,1200,AUTOMATIC,HYBRID,10000,133.0,USED,2026-09-27
TOYOTA,YARIS,2026,1000,AUTOMATIC,PETROL,200,112.0,USED,2026-09-27
BMW,535I,2012,4500,AUTOMATIC,HYBRID,58000,190.0,USED,2026-09-26
TOYOTA,AXIO,2017,1500,AUTOMATIC,HYBRID,96000,112.0,USED,2026-09-26
HONDA,FIT,2014,1500,AUTOMATIC,HYBRID,82000,82.0,USED,2026-09-26
HONDA,VEZEL,2023,1500,AUTOMATIC,HYBRID,30500,165.75,USED,2026-09-26
TOYOTA,LAND CRUISER PRADO,2026,2800,AUTOMATIC,PETROL,0,615.75,NEW,2026-09-26
MICRO,PANDA,2015,1000,MANUAL,PETROL,88700,31.5,USED,2026-09-26
MARUTI SUZUKI,800,2003,800,MANUAL,PETROL,200000,18.0,USED,2026-09-26
TOYOTA,LAND CRUISER PRADO,2025,2800,AUTOMATIC,PETROL,0,597.75,NEW,2026-09-26
TOYOTA,LAND CRUISER PRADO,2026,2800,AUTOMATIC,PETROL,0,615.75,NEW,2026-09-26
MINI,COUNTRYMAN,2024,1500,AUTOMATIC,PETROL,9000,332.5,USED,2026-09-26
TOYOTA,YARIS,2023,1000,AUTOMATIC,PETROL,4000,99.65,USED,2026-09-26
NISSAN,ROOX,2025,660,AUTOMATIC,HYBRID,12000,83.5,USED,2026-09-26
DAIHATSU,MIRA,2024,660,AUTOMATIC,PETROL,5000,69.9,USED,2026-09-26
TOYOTA,RAIZE,2024,1200,AUTOMATIC,HYBRID,4925,130.95,USED,2026-09-26
TOYOTA,AXIO,2018,1500,AUTOMATIC,HYBRID,159000,123.5,USED,2026-09-26
TOYOTA,URBANCRUISER HYRYDER,2026,1500,AUTOMATIC,HYBRID,0,172.5,NEW,2026-09-26
KIA,SONET,2026,1000,TIPTRONIC,PETROL,46,118.5,NEW,2026-09-26
NISSAN,SUNNY,2001,1500,AUTOMATIC,PETROL,174975,46.5,USED,2026-09-26
LAND-ROVER,DEFENDER,2024,2000,AUTOMATIC,HYBRID,0,764.9,NEW,2026-09-26
TOYOTA,TANK,2018,1000,AUTOMATIC,PETROL,116000,78.0,USED,2026-09-26
SUZUKI,ALTO,2024,660,AUTOMATIC,PETROL,12800,66.55,USED,2026-09-26
AUDI,Q3,2016,1500,AUTOMATIC,PETROL,140000,108.75,USED,2026-09-26
SUZUKI,WAGON R,2026,660,AUTOMATIC,HYBRID,10,91.0,NEW,2026-09-26
TOYOTA,RAIZE,2026,1200,AUTOMATIC,HYBRID,8,139.65,NEW,2026-09-26
SUZUKI,SWIFT,2008,1490,AUTOMATIC,PETROL,229500,55.0,USED,2026-09-26
BMW,730LD,2011,3000,AUTOMATIC,DIESEL,50000,229.5,USED,2026-09-26
BMW,520D,2013,2000,AUTOMATIC,DIESEL,127000,189.5,USED,2026-09-26
KIA,RIO,2006,1500,MANUAL,PETROL,190575,29.8,USED,2026-09-26
MERCEDES-BENZ,E200,2011,1800,AUTOMATIC,PETROL,135000,128.5,USED,2026-09-26
DAIHATSU,MIRA,2018,650,AUTOMATIC,PETROL,62068,58.9,USED,2026-09-26
SUZUKI,WAGON R,2017,650,AUTOMATIC,PETROL,132283,64.9,USED,2026-09-26
MG,ZS,2019,999,AUTOMATIC,PETROL,82000,90.0,USED,2026-09-26
LAND-ROVER,DEFENDER,2026,2000,AUTOMATIC,PETROL,65,765.0,NEW,2026-09-26
TOYOTA,RAIZE,2026,1200,AUTOMATIC,HYBRID,374,140.5,NEW,2026-09-26
HONDA,VEZEL,2025,1500,AUTOMATIC,HYBRID,20,190.0,NEW,2026-09-26
TOYOTA,RAIZE,2026,1200,AUTOMATIC,HYBRID,20,136.0,NEW,2026-09-26
SUZUKI,WAGON R,2025,660,AUTOMATIC,PETROL,11830,76.5,USED,2026-09-26
TOYOTA,ROOMY,2025,1000,AUTOMATIC,PETROL,15000,107.5,USED,2026-09-21
TOYOTA,LAND CRUISER,2015,2700,AUTOMATIC,PETROL,119000,375.0,USED,2026-09-09
TOYOTA,RAIZE,2026,1200,AUTOMATIC,HYBRID,0,141.0,NEW,2026-09-26
KIA,PICANTO,2016,1000,AUTOMATIC,PETROL,115000,54.75,USED,2026-09-26
SUZUKI,WAGON R,2018,660,AUTOMATIC,PETROL,150000,70.0,USED,2026-09-26
TOYOTA,YARIS,2026,1000,AUTOMATIC,PETROL,15,103.5,NEW,2026-09-26
NISSAN,DAYZ,2024,650,AUTOMATIC,PETROL,7000,71.5,USED,2026-09-26
TOYOTA,BELTA,2008,1000,AUTOMATIC,PETROL,173000,61.9,USED,2026-09-26
SUZUKI,ALTO,2023,650,AUTOMATIC,PETROL,9500,65.75,USED,2026-09-26
HYUNDAI,ACCENT,2002,1300,MANUAL,PETROL,265000,28.5,USED,2026-09-26
SUZUKI,ALTO,2013,800,MANUAL,PETROL,94000,29.6,USED,2026-09-26
TOYOTA,PREMIO,2018,1500,AUTOMATIC,PETROL,128000,148.0,USED,2026-09-26
MITSUBISHI,L200,2007,2450,AUTOMATIC,DIESEL,110000,90.0,USED,2026-09-26
AUDI,Q3,2018,1400,AUTOMATIC,PETROL,89000,119.5,USED,2026-09-26
DFSK,GLORY,2022,1500,AUTOMATIC,PETROL,31390,105.0,USED,2026-09-26
TOYOTA,RAIZE,2025,1000,AUTOMATIC,PETROL,18000,111.5,USED,2026-09-26
TOYOTA,VITZ,2015,1000,AUTOMATIC,PETROL,108000,72.0,USED,2026-09-26
HYUNDAI,ACCENT,2000,1500,MANUAL,PETROL,270000,24.9,USED,2026-09-26
TOYOTA,RAIZE,2025,1000,AUTOMATIC,PETROL,8700,112.5,USED,2026-09-26
TOYOTA,RAIZE,2025,1000,AUTOMATIC,PETROL,5200,112.9,USED,2026-09-26
TOYOTA,RAIZE,2024,1190,AUTOMATIC,HYBRID,11000,129.5,USED,2026-09-26
TOYOTA,RAIZE,2024,1190,AUTOMATIC,PETROL,30000,125.0,USED,2026-09-26
TOYOTA,RAIZE,2025,990,AUTOMATIC,PETROL,12000,115.0,USED,2026-09-26
TOYOTA,RAIZE,2024,990,AUTOMATIC,PETROL,11000,116.5,USED,2026-09-26
TOYOTA,RAIZE,2023,990,AUTOMATIC,PETROL,35000,119.5,USED,2026-09-26
TOYOTA,RAIZE,2024,990,AUTOMATIC,PETROL,30000,116.5,USED,2026-09-26
TOYOTA,RAIZE,2025,990,AUTOMATIC,PETROL,13000,117.5,USED,2026-09-26
HONDA,VEZEL,2016,1500,AUTOMATIC,HYBRID,33000,115.0,USED,2026-09-22
DAIHATSU,MIRA,2025,660,AUTOMATIC,PETROL,1691,71.0,USED,2026-09-26
HONDA,VEZEL,2023,1490,AUTOMATIC,HYBRID,30000,169.0,USED,2026-09-26
HONDA,VEZEL,2026,1490,AUTOMATIC,HYBRID,5,204.75,NEW,2026-09-26
HONDA,VEZEL,2026,1490,AUTOMATIC,HYBRID,0,204.5,NEW,2026-09-26
HONDA,VEZEL,2026,1490,AUTOMATIC,HYBRID,0,180.0,NEW,2026-09-26
HONDA,VEZEL,2023,1490,AUTOMATIC,HYBRID,30000,169.0,USED,2026-09-26
HONDA,VEZEL,2024,1490,AUTOMATIC,HYBRID,16000,174.0,USED,2026-09-26
HONDA,VEZEL,2024,1490,AUTOMATIC,HYBRID,13000,183.0,USED,2026-09-26
HONDA,VEZEL,2026,1490,AUTOMATIC,HYBRID,0,195.0,NEW,2026-09-26
HONDA,VEZEL,2024,1490,AUTOMATIC,HYBRID,20000,189.0,USED,2026-09-26
HONDA,VEZEL,2026,1490,AUTOMATIC,HYBRID,0,195.0,NEW,2026-09-26
HONDA,VEZEL,2024,1490,AUTOMATIC,HYBRID,35000,182.0,USED,2026-09-26
HONDA,VEZEL,2024,1490,AUTOMATIC,HYBRID,21000,172.0,USED,2026-09-26
HONDA,VEZEL,2023,1490,AUTOMATIC,HYBRID,10000,172.0,USED,2026-09-26
HONDA,VEZEL,2024,1490,AUTOMATIC,HYBRID,16000,189.0,USED,2026-09-26
SUZUKI,EVERY,2026,660,AUTOMATIC,PETROL,300,81.75,NEW,2026-09-26
TOYOTA,YARIS,2025,990,AUTOMATIC,PETROL,7000,104.25,USED,2026-09-26
TOYOTA,YARIS,2025,990,AUTOMATIC,PETROL,5000,96.75,USED,2026-09-26
TOYOTA,YARIS,2025,990,AUTOMATIC,PETROL,0,96.75,NEW,2026-09-26
TOYOTA,YARIS,2024,990,AUTOMATIC,PETROL,35000,93.5,USED,2026-09-26
TOYOTA,YARIS,2026,990,AUTOMATIC,PETROL,0,104.5,NEW,2026-09-26
TOYOTA,YARIS,2024,990,AUTOMATIC,PETROL,30000,91.5,USED,2026-09-26
TOYOTA,YARIS,2026,990,AUTOMATIC,PETROL,0,104.75,NEW,2026-09-26
TOYOTA,YARIS,2026,990,AUTOMATIC,PETROL,0,108.5,NEW,2026-09-26
TOYOTA,YARIS,2024,990,AUTOMATIC,PETROL,4000,102.5,USED,2026-09-26
BMW,X1,2011,2000,AUTOMATIC,DIESEL,340000,84.0,USED,2026-09-24
TOYOTA,RAIZE,2025,1000,AUTOMATIC,PETROL,1000,112.0,USED,2026-09-20
DFSK,GLORY,2021,1500,TIPTRONIC,PETROL,38000,90.0,USED,2026-09-15
TOYOTA,LAND CRUISER,2023,3340,AUTOMATIC,DIESEL,8000,975.0,USED,2026-09-26
TOYOTA,LAND CRUISER SAHARA,2024,3300,AUTOMATIC,DIESEL,0,1275.0,NEW,2026-09-26
HONDA,VEZEL,2026,1490,AUTOMATIC,HYBRID,0,187.5,NEW,2026-09-26
HONDA,VEZEL,2026,1490,AUTOMATIC,HYBRID,0,187.5,NEW,2026-09-26
MITSUBISHI,ECLIPSE CROSS,2026,1490,AUTOMATIC,PETROL,6000,198.5,USED,2026-09-26
HONDA,VEZEL,2023,1490,AUTOMATIC,HYBRID,11000,172.5,USED,2026-09-26
HONDA,VEZEL,2025,1490,AUTOMATIC,HYBRID,0,200.0,NEW,2026-09-26
TOYOTA,RAIZE,2026,1190,AUTOMATIC,PETROL,5,139.0,NEW,2026-09-26
NISSAN,MAGNITE,2025,1000,AUTOMATIC,PETROL,10500,82.0,USED,2026-09-26
SUZUKI,EVERY,2026,660,AUTOMATIC,PETROL,300,91.75,NEW,2026-09-26
SUZUKI,SPACIA,2024,660,AUTOMATIC,HYBRID,3000,93.75,USED,2026-09-26
ISUZU,GEMINI,1988,1200,MANUAL,DIESEL,100000,11.75,USED,2026-09-26
NISSAN,SUNNY,1985,1300,MANUAL,PETROL,343403,12.75,USED,2026-09-26
TOYOTA,COROLLA,2008,1600,AUTOMATIC,PETROL,162000,63.9,USED,2026-09-26
HONDA,GRACE,2014,1500,AUTOMATIC,HYBRID,113000,92.5,USED,2026-09-26
SUZUKI,WAGON R ZX,2026,650,AUTOMATIC,HYBRID,0,89.4,NEW,2026-09-26
TOYOTA,ALLION,2019,1490,AUTOMATIC,PETROL,73736,144.5,USED,2026-09-26
TOYOTA,RAIZE,2026,1200,AUTOMATIC,HYBRID,0,144.75,NEW,2026-09-26
TOYOTA,RAV4,2013,2400,AUTOMATIC,PETROL,72700,100.0,USED,2026-09-26
TOYOTA,AQUA,2015,1500,AUTOMATIC,HYBRID,142000,73.25,USED,2026-09-26
TOYOTA,RAIZE,2025,1200,AUTOMATIC,HYBRID,14900,134.0,USED,2026-09-26
NISSAN,B11,1994,1489,AUTOMATIC,PETROL,53210,6.85,USED,2026-09-26
BMW,740LI,2005,4000,AUTOMATIC,PETROL,49000,119.0,USED,2026-09-26
TOYOTA,RAIZE,2026,1200,AUTOMATIC,HYBRID,10,140.25,NEW,2026-09-26
TOYOTA,PRIUS,2012,1800,AUTOMATIC,HYBRID,107000,79.5,USED,2026-09-26
TOYOTA,RAIZE,2026,1200,AUTOMATIC,HYBRID,0,140.25,NEW,2026-09-26
TOYOTA,AQUA,2012,1500,AUTOMATIC,HYBRID,242000,69.75,USED,2026-09-26
HONDA,VEZEL,2026,1500,AUTOMATIC,HYBRID,0,203.6,NEW,2026-09-26
VOLKSWAGEN,POLO,2023,1000,AUTOMATIC,PETROL,15200,107.8,USED,2026-09-26
KIA,SONET,2026,1000,AUTOMATIC,PETROL,0,119.5,NEW,2026-09-26
DAIHATSU,MIRA,2024,660,AUTOMATIC,PETROL,18000,72.9,USED,2026-09-26
NISSAN,SERENA,2025,1400,AUTOMATIC,HYBRID,0,224.5,NEW,2026-09-26
TOYOTA,URBANCRUISER HYRYDER,2026,1500,AUTOMATIC,HYBRID,0,174.5,NEW,2026-09-26
SUZUKI,SWIFT,2005,1320,AUTOMATIC,PETROL,121297,46.0,USED,2026-09-26
HONDA,VEZEL,2025,1500,AUTOMATIC,HYBRID,1,206.75,NEW,2026-09-26
NISSAN,DAYZ,2025,660,AUTOMATIC,HYBRID,3000,86.0,USED,2026-09-26
BMW,318I,2018,1499,AUTOMATIC,PETROL,114000,189.0,USED,2026-09-26
TOYOTA,RAIZE,2026,1200,AUTOMATIC,HYBRID,1,149.75,NEW,2026-09-26
SUZUKI,WAGON R,2026,660,AUTOMATIC,HYBRID,0,90.0,NEW,2026-09-26
TOYOTA,YARIS,2024,1000,AUTOMATIC,PETROL,700,106.5,NEW,2026-09-26
HONDA,VEZEL,2026,1500,AUTOMATIC,HYBRID,0,191.75,NEW,2026-09-26
AUDI,A1,2016,1000,AUTOMATIC,PETROL,139000,76.0,USED,2026-09-26
HONDA,VEZEL,2026,1500,AUTOMATIC,HYBRID,0,203.55,NEW,2026-09-26
HONDA,VEZEL,2026,1500,AUTOMATIC,HYBRID,0,203.5,NEW,2026-09-26
TOYOTA,RAIZE,2020,1000,AUTOMATIC,PETROL,80000,115.0,USED,2026-09-26
TOYOTA,AXIO,2015,1456,AUTOMATIC,HYBRID,156000,104.0,USED,2026-09-26
TOYOTA,RAIZE,2024,1200,AUTOMATIC,PETROL,49000,119.5,USED,2026-09-26
TOYOTA,VANGUARD,2010,2400,AUTOMATIC,PETROL,142000,105.0,USED,2026-09-22
MITSUBISHI,ECLIPSE CROSS,2025,1500,AUTOMATIC,PETROL,2800,182.0,USED,2026-09-26
AUDI,A3,2018,1200,AUTOMATIC,PETROL,127000,143.5,USED,2026-09-26
TOYOTA,RAIZE,2025,1200,AUTOMATIC,HYBRID,0,136.9,NEW,2026-09-26
SUZUKI,SPACIA,2023,660,AUTOMATIC,HYBRID,13000,79.9,USED,2026-09-26
TOYOTA,ROOMY,2024,1000,AUTOMATIC,PETROL,10000,88.5,USED,2026-09-26
TOYOTA,RAIZE,2026,1200,AUTOMATIC,HYBRID,0,139.0,NEW,2026-09-26
TOYOTA,CARINA,1984,1800,MANUAL,PETROL,150000,20.9,USED,2026-09-26
TOYOTA,ROOMY,2024,1000,AUTOMATIC,PETROL,19000,104.75,USED,2026-09-26
MERCEDES-BENZ,GLB,2025,1300,AUTOMATIC,PETROL,0,395.0,NEW,2026-09-26
TOYOTA,TAISOR,2026,1000,AUTOMATIC,PETROL,0,112.5,NEW,2026-09-26
TOYOTA,YARIS,2026,1000,AUTOMATIC,PETROL,0,105.0,NEW,2026-09-26
TOYOTA,COROLLA,1998,2000,AUTOMATIC,DIESEL,389040,44.25,USED,2026-09-26
HONDA,VEZEL,2025,1500,AUTOMATIC,HYBRID,50,175.5,NEW,2026-09-26
SUZUKI,WAGON R FX,2025,660,AUTOMATIC,PETROL,3000,76.5,USED,2026-09-26
HONDA,VEZEL,2025,1500,AUTOMATIC,HYBRID,50,175.5,NEW,2026-09-26
HYUNDAI,GETZ,2007,1500,AUTOMATIC,PETROL,169000,35.0,USED,2026-09-26
SUZUKI,WAGON R,2025,660,AUTOMATIC,PETROL,3000,76.0,USED,2026-09-26
TOYOTA,LAND CRUISER,2010,4600,AUTOMATIC,PETROL,80000,345.0,USED,2026-09-26
NISSAN,DAYZ,2024,660,AUTOMATIC,PETROL,20000,85.0,USED,2026-09-26
SUZUKI,WAGON R,2026,660,AUTOMATIC,PETROL,0,85.0,NEW,2026-09-26
SUZUKI,WAGON R ZX,2026,660,AUTOMATIC,HYBRID,0,91.75,NEW,2026-09-26
TOYOTA,LAND CRUISER,2026,2700,TIPTRONIC,PETROL,200,615.0,NEW,2026-09-26
SUZUKI,CELERIO,2017,998,AUTOMATIC,PETROL,72500,58.0,USED,2026-09-26
SUZUKI,WAGON R FX,2025,660,AUTOMATIC,PETROL,3532,75.9,USED,2026-09-26
TOYOTA,TAISOR,2026,1000,AUTOMATIC,PETROL,0,111.0,NEW,2026-09-19
TATA,NEXON,2018,1200,TIPTRONIC,PETROL,101000,63.0,USED,2026-09-26
SUZUKI,FRONX,2026,1000,AUTOMATIC,HYBRID,0,107.5,NEW,2026-09-26
SUZUKI,WAGON R FX,2025,650,AUTOMATIC,PETROL,810,78.5,USED,2026-09-26
SUZUKI,FRONX,2026,1000,AUTOMATIC,HYBRID,0,107.5,NEW,2026-09-26
NISSAN,SERENA,2026,1400,AUTOMATIC,HYBRID,0,234.5,NEW,2026-09-26
TOYOTA,LAND CRUISER PRADO,2017,2700,AUTOMATIC,PETROL,80000,360.0,USED,2026-09-26
TOYOTA,LAND CRUISER PRADO,2018,2700,AUTOMATIC,PETROL,180000,480.0,USED,2026-09-26
KIA,SONET,2026,1000,AUTOMATIC,PETROL,50,108.0,NEW,2026-09-26
DAIHATSU,MIRA,2025,660,AUTOMATIC,PETROL,1000,65.0,NEW,2026-09-26
PEUGEOT,3008,2018,1200,AUTOMATIC,PETROL,118000,120.0,USED,2026-09-26
SUZUKI,WAGON R ZX,2025,650,AUTOMATIC,HYBRID,1200,97.0,NEW,2026-09-26
TOYOTA,RAIZE,2025,1200,AUTOMATIC,HYBRID,3500,136.75,USED,2026-09-26
TOYOTA,AXIO,2008,1500,AUTOMATIC,PETROL,193000,75.0,USED,2026-09-26
TOYOTA,ROOMY,2026,996,AUTOMATIC,PETROL,0,122.0,NEW,2026-09-26
MITSUBISHI,MONTERO,2000,3500,AUTOMATIC,PETROL,166000,107.0,USED,2026-09-26
SUZUKI,ALTO,2024,660,AUTOMATIC,PETROL,5000,66.5,USED,2026-09-26
SUZUKI,ALTO,1999,660,MANUAL,PETROL,165000,18.75,USED,2026-09-26
HONDA,VEZEL,2026,1500,AUTOMATIC,HYBRID,0,194.75,NEW,2026-09-26
HONDA,CIVIC,2007,1600,AUTOMATIC,PETROL,174000,70.0,USED,2026-09-26
SUZUKI,WAGON R,2018,660,AUTOMATIC,PETROL,97941,66.5,USED,2026-09-26
TOYOTA,PRIUS,2013,1800,AUTOMATIC,HYBRID,214000,94.9,USED,2026-09-26
DAIHATSU,MIRA,2024,650,AUTOMATIC,PETROL,4900,69.5,NEW,2026-09-26
NISSAN,PATROL,2026,3500,TIPTRONIC,PETROL,0,1100.0,NEW,2026-09-26
HONDA,CITY,2025,1000,TIPTRONIC,PETROL,13800,124.9,USED,2026-09-26
TATA,INDICA,2014,1200,MANUAL,PETROL,182000,25.0,USED,2026-09-26
SUZUKI,WAGON R FX,2024,650,AUTOMATIC,PETROL,6900,83.9,NEW,2026-09-26
TOYOTA,YARIS,2023,1000,AUTOMATIC,PETROL,35000,86.0,USED,2026-09-26
HONDA,VEZEL,2025,1500,AUTOMATIC,HYBRID,8000,191.5,USED,2026-09-26
MERCEDES-BENZ,C180,2017,1600,AUTOMATIC,PETROL,50000,175.0,USED,2026-09-21
TOYOTA,LAND CRUISER,2017,4600,AUTOMATIC,PETROL,103000,545.0,USED,2026-09-26
DAIHATSU,MIRA,2025,650,AUTOMATIC,PETROL,3900,71.0,NEW,2026-09-26
HYUNDAI,VENUE,2026,1000,AUTOMATIC,PETROL,0,125.9,NEW,2026-09-26
AUDI,A3,2023,1000,AUTOMATIC,PETROL,6000,209.75,USED,2026-09-26
SUZUKI,WAGON R,2018,660,AUTOMATIC,HYBRID,72000,73.0,USED,2026-09-26
AUDI,A4,2016,1400,AUTOMATIC,PETROL,192000,139.9,USED,2026-09-26
TOYOTA,YARIS CROSS,2026,1500,AUTOMATIC,HYBRID,20,164.0,NEW,2026-09-26
SUZUKI,WAGON R,2025,660,AUTOMATIC,PETROL,11590,75.5,USED,2026-09-26
HYUNDAI,VENUE,2026,1000,AUTOMATIC,PETROL,0,119.9,NEW,2026-09-26
SUZUKI,WAGON R FX,2024,650,AUTOMATIC,PETROL,7900,84.0,NEW,2026-09-26
TOYOTA,ALLION,2010,1500,AUTOMATIC,PETROL,188300,99.0,USED,2026-09-26
HYUNDAI,VENUE,2026,1000,AUTOMATIC,PETROL,0,125.75,NEW,2026-09-26
TOYOTA,AQUA,2014,1496,AUTOMATIC,HYBRID,157500,79.5,USED,2026-09-26
DAIHATSU,TAFT,2024,650,AUTOMATIC,PETROL,18000,82.5,NEW,2026-09-26
DAIHATSU,TAFT,2025,650,AUTOMATIC,PETROL,23306,79.5,USED,2026-09-26
MAZDA,FLAIR,2023,650,AUTOMATIC,HYBRID,14505,76.5,USED,2026-09-26
ZOTYE,NOMAD,2011,1300,MANUAL,PETROL,55000,40.0,USED,2026-09-26
TOYOTA,RAIZE,2026,1200,AUTOMATIC,HYBRID,0,143.0,NEW,2026-09-26
TOYOTA,TAISOR,2026,1000,AUTOMATIC,PETROL,0,120.5,NEW,2026-09-26
HONDA,VEZEL,2024,1490,AUTOMATIC,HYBRID,35000,167.9,USED,2026-09-26
AUDI,A3,2023,1000,AUTOMATIC,PETROL,15000,215.0,USED,2026-09-26
TOYOTA,HILUX,2024,2800,AUTOMATIC,DIESEL,25000,275.0,USED,2026-09-26
TOYOTA,COROLLA,1987,2190,MANUAL,DIESEL,200000,21.5,USED,2026-09-26
TOYOTA,COROLLA,1987,2197,MANUAL,DIESEL,200000,21.5,USED,2026-09-26
TOYOTA,CHR,2018,1200,AUTOMATIC,PETROL,98000,130.0,USED,2026-09-26
TOYOTA,TAISOR,2026,1000,AUTOMATIC,PETROL,8,112.95,NEW,2026-09-24
LAND-ROVER,DEFENDER,2023,2000,AUTOMATIC,PETROL,17000,685.0,USED,2026-09-26
TOYOTA,YARIS,2023,1000,AUTOMATIC,PETROL,12000,89.5,USED,2026-09-26
NISSAN,NAVARA,2007,2488,AUTOMATIC,DIESEL,100000,67.5,USED,2026-09-26
DAIHATSU,MIRA,2026,660,AUTOMATIC,PETROL,268,66.95,NEW,2026-09-26
HONDA,N-BOX,2024,650,AUTOMATIC,PETROL,6200,88.75,NEW,2026-09-26
BMW,520D,2014,1995,AUTOMATIC,DIESEL,84000,240.0,USED,2026-09-26
JETOUR,T2,2026,1998,AUTOMATIC,HYBRID,0,314.0,NEW,2026-09-26
TOYOTA,VITZ,2015,990,AUTOMATIC,PETROL,135000,76.0,USED,2026-09-26
HYUNDAI,SANTA FE,2006,2200,AUTOMATIC,DIESEL,207000,57.0,USED,2026-09-26
AUDI,Q2,2018,1000,AUTOMATIC,PETROL,96000,129.5,USED,2026-09-26
DAIHATSU,MIRA,2025,660,AUTOMATIC,PETROL,7,66.95,NEW,2026-09-26
SUZUKI,SWIFT,2017,1000,AUTOMATIC,PETROL,90000,84.5,USED,2026-09-26
HONDA,FIT,2013,1500,AUTOMATIC,HYBRID,131000,75.5,USED,2026-09-26
SUZUKI,SWIFT,2017,1200,AUTOMATIC,HYBRID,152000,83.0,USED,2026-09-26
TOYOTA,ROOMY,2024,1000,AUTOMATIC,PETROL,5800,109.5,NEW,2026-09-26
HONDA,VEZEL,2026,1500,AUTOMATIC,HYBRID,0,192.0,NEW,2026-09-26
FORD,RAPTOR RANGER,2025,2000,AUTOMATIC,DIESEL,0,340.0,NEW,2026-09-26
SUZUKI,WAGON R,2025,660,AUTOMATIC,PETROL,11000,74.9,USED,2026-09-26
DAIHATSU,MIRA,2025,660,AUTOMATIC,PETROL,0,66.9,NEW,2026-09-26
TOYOTA,RAIZE,2026,1200,AUTOMATIC,HYBRID,0,145.0,NEW,2026-09-26
SUZUKI,ALTO,2015,800,MANUAL,PETROL,120000,40.75,USED,2026-09-26
TATA,SAFARI,2003,2000,MANUAL,DIESEL,90000,26.0,USED,2026-08-13
MERCEDES-BENZ,G450D,2025,3000,AUTOMATIC,DIESEL,0,1650.0,NEW,2026-09-25
LAND-ROVER,RANGE ROVER,2025,4400,AUTOMATIC,PETROL,0,2550.0,NEW,2026-09-25
LAND-ROVER,RANGE ROVER,2025,3000,AUTOMATIC,PETROL,0,1595.0,NEW,2026-09-25
LAND-ROVER,RANGE ROVER,2025,3000,AUTOMATIC,PETROL,0,1675.0,NEW,2026-09-25
BMW,X2,2025,2000,AUTOMATIC,PETROL,0,645.0,NEW,2026-09-25
PORSCHE,718 CAYMAN,2024,2000,AUTOMATIC,PETROL,5000,745.0,USED,2026-09-25
LAND-ROVER,RANGE ROVER EVOQUE,2025,1500,AUTOMATIC,PETROL,0,475.0,NEW,2026-09-25
MERCEDES-BENZ,G WAGON,2025,4000,AUTOMATIC,PETROL,0,2350.0,NEW,2026-09-25
MERCEDES-BENZ,GLE 300D,2019,2000,AUTOMATIC,DIESEL,58000,399.0,USED,2026-09-25
CHEVROLET,CAMARO,2024,2000,AUTOMATIC,PETROL,19000,545.0,USED,2026-09-25
BMW,X5 M,2015,4400,AUTOMATIC,PETROL,17000,495.0,USED,2026-09-25
MERCEDES-BENZ,E300,2018,2000,AUTOMATIC,PETROL,18000,325.0,USED,2026-09-25
KIA,SONET,2026,1000,AUTOMATIC,PETROL,0,109.9,NEW,2026-09-25
SUZUKI,ALTO,2023,650,AUTOMATIC,HYBRID,8000,68.5,USED,2026-09-26
TOYOTA,LAND CRUISER SAHARA,2023,3500,AUTOMATIC,DIESEL,4000,995.0,USED,2026-09-26
KIA,SONET,2026,1000,AUTOMATIC,PETROL,0,109.9,NEW,2026-09-25
HONDA,VEZEL,2016,1500,AUTOMATIC,HYBRID,220000,100.0,USED,2026-09-26
KIA,SONET,2026,1000,AUTOMATIC,PETROL,0,109.9,NEW,2026-09-25
LAND-ROVER,RANGE ROVER SPORT,2018,2000,AUTOMATIC,PETROL,50000,399.0,USED,2026-09-25
BMW,740E,2018,2000,AUTOMATIC,PETROL,45000,295.0,USED,2026-09-25
HONDA,FIT,2013,1300,AUTOMATIC,HYBRID,210000,64.3,USED,2026-09-26
LAND-ROVER,RANGE ROVER,2019,2000,AUTOMATIC,PETROL,82000,675.0,USED,2026-09-25
KIA,SONET,2026,1000,AUTOMATIC,PETROL,0,109.9,NEW,2026-09-25
DAIHATSU,MIRA,2024,660,AUTOMATIC,PETROL,2000,64.5,USED,2026-09-26
TOYOTA,PASSO,2023,1000,AUTOMATIC,PETROL,40000,84.5,USED,2026-09-25
TOYOTA,STARLET,1993,1330,MANUAL,PETROL,245000,37.0,USED,2026-09-25
AUDI,Q7,2016,2000,AUTOMATIC,PETROL,89000,225.0,USED,2026-09-23
SUZUKI,A-STAR,2012,998,AUTOMATIC,PETROL,126000,45.0,USED,2026-09-25
KIA,SONET,2026,1000,AUTOMATIC,PETROL,0,119.9,NEW,2026-09-25
LEXUS,LX570,2017,5700,AUTOMATIC,PETROL,70000,675.0,USED,2026-09-25
LAND-ROVER,RANGE ROVER,2025,3000,AUTOMATIC,PETROL,0,1580.0,NEW,2026-09-25
KIA,SONET,2026,1000,AUTOMATIC,PETROL,0,119.9,NEW,2026-09-25
JEEP,COMPASS,2019,1400,AUTOMATIC,PETROL,92000,135.0,USED,2026-09-25
MERCEDES-BENZ,GLB,2020,1332,AUTOMATIC,PETROL,50000,220.0,USED,2026-09-25
LAND-ROVER,RANGE ROVER,2019,2000,AUTOMATIC,PETROL,58000,795.0,USED,2026-09-25
NISSAN,X-TRAIL,2025,1490,AUTOMATIC,HYBRID,0,271.95,NEW,2026-09-25
AUDI,A5,2018,1500,AUTOMATIC,PETROL,65000,180.0,USED,2026-09-25
SUZUKI,WAGON R FX,2024,660,AUTOMATIC,HYBRID,20000,79.5,USED,2026-09-25
NISSAN,ROOX HIGHWAY STAR X,2025,660,AUTOMATIC,HYBRID,12000,91.95,USED,2026-09-25
TOYOTA,ROOMY,2024,1000,AUTOMATIC,PETROL,14000,92.0,USED,2026-09-26
SUZUKI,WAGON R FZ,2017,650,AUTOMATIC,HYBRID,104000,68.0,USED,2026-09-25
AUDI,A6,2017,1800,AUTOMATIC,PETROL,60000,172.0,USED,2026-09-25
NISSAN,DAYZ,2024,650,AUTOMATIC,PETROL,3500,92.9,USED,2026-09-26
TOYOTA,ROOMY,2024,1000,AUTOMATIC,PETROL,28000,98.0,USED,2026-09-26
TOYOTA,ROOMY,2023,1000,AUTOMATIC,PETROL,19000,104.5,USED,2026-09-26
BMW,X5,2016,2000,AUTOMATIC,PETROL,78000,210.0,USED,2026-09-25
HONDA,CIVIC,2007,1600,AUTOMATIC,PETROL,193000,68.9,USED,2026-09-25
DFSK,GLORY,2021,1500,AUTOMATIC,PETROL,41000,75.0,USED,2026-09-25
TOYOTA,HILUX,2023,2400,AUTOMATIC,DIESEL,25000,235.0,USED,2026-09-25
TOYOTA,ROOMY,2024,1000,AUTOMATIC,PETROL,8000,89.5,USED,2026-09-26
TOYOTA,RAIZE,2024,1200,AUTOMATIC,HYBRID,11000,132.5,USED,2026-09-23
MG,ZS,2019,990,AUTOMATIC,PETROL,47420,93.0,USED,2026-09-23
SUZUKI,FRONX,2026,1000,AUTOMATIC,PETROL,38,112.0,NEW,2026-09-26
TOYOTA,RAIZE,2025,1200,AUTOMATIC,HYBRID,1000,139.9,NEW,2026-09-26
TOYOTA,LAND CRUISER SAHARA,2015,4600,AUTOMATIC,PETROL,67000,469.0,USED,2026-09-25
SUZUKI,ALTO,2025,660,AUTOMATIC,HYBRID,8000,71.95,USED,2026-09-25
LAND-ROVER,RANGE ROVER,2024,3000,AUTOMATIC,PETROL,786,1480.0,NEW,2026-09-25
DAIHATSU,MOVE,2025,660,AUTOMATIC,PETROL,5000,94.9,USED,2026-09-26
HONDA,GRACE,2015,1500,AUTOMATIC,HYBRID,115000,92.5,USED,2026-09-25
TOYOTA,ROOMY,2025,1000,AUTOMATIC,PETROL,5000,115.5,USED,2026-09-25
TOYOTA,RAIZE,2025,1000,AUTOMATIC,PETROL,4000,136.7,USED,2026-09-26
DAIHATSU,MIRA,2024,660,AUTOMATIC,PETROL,8000,68.5,USED,2026-09-26
TOYOTA,LAND CRUISER PRADO,2015,2700,AUTOMATIC,PETROL,119000,350.0,USED,2026-09-26
AUDI,A4,2017,1400,AUTOMATIC,PETROL,99301,160.0,USED,2026-09-25
TOYOTA,YARIS,2008,1300,AUTOMATIC,PETROL,170000,62.5,USED,2026-09-25
AUDI,Q2,2018,1000,AUTOMATIC,PETROL,35587,134.0,USED,2026-09-25
HONDA,VEZEL,2026,1500,AUTOMATIC,HYBRID,22,209.5,NEW,2026-09-25
DAIHATSU,TAFT,2024,660,AUTOMATIC,PETROL,17000,78.0,USED,2026-09-25
SUZUKI,WAGON R,2025,660,AUTOMATIC,PETROL,20,94.9,NEW,2026-09-26
AUDI,Q7,2016,3000,AUTOMATIC,PETROL,144000,345.0,USED,2026-09-25
TOYOTA,AXIO,2015,1500,AUTOMATIC,HYBRID,123000,106.5,USED,2026-09-25
SUZUKI,ALTO,2024,660,AUTOMATIC,PETROL,1500,69.9,USED,2026-09-26
MARUTI SUZUKI,800,2000,800,MANUAL,PETROL,130000,17.5,USED,2026-09-26
DAIHATSU,TAFT,2024,660,AUTOMATIC,PETROL,25000,83.9,USED,2026-09-25
TOYOTA,PASSO,2017,1000,AUTOMATIC,PETROL,72000,72.9,USED,2026-09-25
SUZUKI,EVERY,2017,650,TIPTRONIC,PETROL,136000,60.8,USED,2026-09-25
HONDA,VEZEL,2026,1500,AUTOMATIC,HYBRID,20,193.75,NEW,2026-09-26
LAND-ROVER,RANGE ROVER EVOQUE,2013,2179,AUTOMATIC,DIESEL,105792,165.0,USED,2026-09-26
SUZUKI,WAGON R,2026,660,AUTOMATIC,HYBRID,50,91.95,NEW,2026-09-25
MAHINDRA,SCORPIO,2026,2179,MANUAL,DIESEL,0,76.22881,NEW,2026-09-25
MAHINDRA,SCORPIO PIKUP,2026,2179,MANUAL,DIESEL,0,76.22881,NEW,2026-09-25
MAHINDRA,SCORPIO PIKUP,2026,2179,MANUAL,DIESEL,0,76.22881,NEW,2026-09-25
MAHINDRA,SCORPIO PIKUP,2026,2179,MANUAL,DIESEL,0,76.22881,NEW,2026-09-25
MAHINDRA,SCORPIO,2026,2179,MANUAL,DIESEL,0,76.22881,NEW,2026-09-25
MAHINDRA,SCORPIO PIKUP,2026,2179,MANUAL,DIESEL,0,76.22881,NEW,2026-09-25
MAHINDRA,SCORPIO,2026,2179,MANUAL,DIESEL,0,76.22881,NEW,2026-09-25
MAHINDRA,SCORPIO,2026,2179,MANUAL,DIESEL,0,76.22881,NEW,2026-09-25
MAHINDRA,SCORPIO PIKUP,2026,2179,MANUAL,DIESEL,0,76.22881,NEW,2026-09-25
MAHINDRA,SCORPIO,2026,2179,MANUAL,DIESEL,0,76.22881,NEW,2026-09-25
MAHINDRA,SCORPIO PIKUP,2026,2179,MANUAL,DIESEL,0,76.22881,NEW,2026-09-25
MAHINDRA,SCORPIO,2026,2179,MANUAL,DIESEL,0,76.22881,NEW,2026-09-25
SUZUKI,ALTO,2015,1000,MANUAL,PETROL,130000,41.0,USED,2026-09-26
HONDA,VEZEL,2026,1500,AUTOMATIC,PETROL,0,185.0,NEW,2026-09-25
SSANG YONG,KYRON,2008,2000,AUTOMATIC,DIESEL,194564,52.75,USED,2026-09-25
HYUNDAI,SANTA FE,2008,2000,AUTOMATIC,DIESEL,147000,59.65,USED,2026-09-25
SUZUKI,WAGON R FZ,2014,660,AUTOMATIC,PETROL,103687,57.5,USED,2026-09-26
KIA,SYROS,2026,1000,AUTOMATIC,PETROL,0,115.9,NEW,2026-09-25
DAIHATSU,MOVE,2025,660,AUTOMATIC,PETROL,20,94.9,NEW,2026-09-26
HYUNDAI,ELANTRA,2011,1490,AUTOMATIC,PETROL,135000,63.9,USED,2026-09-25
BENTLEY,FLYING SPUR,2024,3000,TIPTRONIC,PETROL,0,2180.0,NEW,2026-09-25
AUDI,Q7,2025,1500,AUTOMATIC,PETROL,100,725.0,NEW,2026-09-25
DAIHATSU,TAFT,2024,660,AUTOMATIC,PETROL,11000,89.75,USED,2026-09-26
NISSAN,DAYZ,2023,660,AUTOMATIC,PETROL,20000,76.5,NEW,2026-09-24
SUZUKI,XBEE,2025,990,AUTOMATIC,HYBRID,11800,87.0,USED,2026-09-25
DAIHATSU,MIRA,2025,660,AUTOMATIC,PETROL,0,67.5,NEW,2026-09-25
DAIHATSU,MIRA,2025,660,AUTOMATIC,PETROL,0,68.5,NEW,2026-09-25
PEUGEOT,508,2012,1600,AUTOMATIC,PETROL,90000,75.0,USED,2026-09-25
SUZUKI,WAGON R,2017,660,AUTOMATIC,HYBRID,92000,65.0,USED,2026-09-25
MERCEDES-BENZ,S500,2015,4700,AUTOMATIC,PETROL,31000,525.0,USED,2026-09-25
SUZUKI,WAGON R,2026,650,AUTOMATIC,PETROL,6,85.9,NEW,2026-09-25
TOYOTA,ROOMY,2024,1000,AUTOMATIC,PETROL,23000,91.95,USED,2026-09-25
SUZUKI,WAGON R STINGRAY,2014,650,AUTOMATIC,HYBRID,92300,61.5,USED,2026-09-25
SUZUKI,WAGON R FX,2023,658,AUTOMATIC,PETROL,8737,75.9,USED,2026-09-25
TOYOTA,RAIZE,2026,1200,AUTOMATIC,HYBRID,12,141.9,NEW,2026-09-25
NISSAN,SERENA,2025,1430,AUTOMATIC,PETROL,100,234.9,NEW,2026-09-26
TOYOTA,HILUX,1980,2188,MANUAL,DIESEL,460000,22.0,USED,2026-09-25
TOYOTA,PIXIS,2024,658,AUTOMATIC,PETROL,2340,74.9,USED,2026-09-25
TOYOTA,RAIZE,2026,1200,AUTOMATIC,HYBRID,10,146.9,NEW,2026-09-25
SSANG YONG,REXTON,2018,2200,AUTOMATIC,DIESEL,82000,215.0,USED,2026-09-25
BMW,530E,2018,2000,AUTOMATIC,HYBRID,11000,275.0,USED,2026-09-25
DAIHATSU,MIRA,2023,660,AUTOMATIC,PETROL,8900,65.4,USED,2026-09-25
TOYOTA,YARIS,2024,1000,AUTOMATIC,PETROL,45000,93.75,USED,2026-09-26
HYUNDAI,ATOS,2001,1000,MANUAL,PETROL,143000,28.5,USED,2026-09-27
DAIHATSU,MIRA,2020,1000,AUTOMATIC,PETROL,123000,57.75,USED,2026-09-25
DAIHATSU,MIRA,2025,650,AUTOMATIC,PETROL,10,67.9,NEW,2026-09-25
DAIHATSU,MIRA,2026,650,AUTOMATIC,PETROL,10,79.5,NEW,2026-09-25
MERCEDES-BENZ,GLB,2025,1300,AUTOMATIC,PETROL,0,395.0,NEW,2026-09-26
SUZUKI,VITARA,2019,1000,AUTOMATIC,PETROL,56000,97.0,USED,2026-09-25
KIA,SYROS,2026,1000,AUTOMATIC,PETROL,0,123.9,NEW,2026-09-25
PEUGEOT,5008,2025,1200,AUTOMATIC,HYBRID,20,367.9,NEW,2026-09-26
SUZUKI,CELERIO,2015,1000,MANUAL,PETROL,79950,51.9,USED,2026-09-25
KIA,SYROS,2026,1000,AUTOMATIC,PETROL,0,123.9,NEW,2026-09-25
HONDA,FIT,2013,1500,AUTOMATIC,HYBRID,65000,79.9,USED,2026-09-25
HONDA,FIT,2013,1500,AUTOMATIC,HYBRID,134000,75.9,USED,2026-09-25
BAIC,X55 II,2025,1500,AUTOMATIC,PETROL,11500,138.5,USED,2026-09-25
SUZUKI,WAGON R,2025,660,AUTOMATIC,PETROL,5000,94.9,USED,2026-09-26
TOYOTA,COROLLA,2008,1580,AUTOMATIC,PETROL,145000,65.9,USED,2026-09-25
BMW,318I,2018,1500,TIPTRONIC,PETROL,104000,189.0,USED,2026-09-25
DAIHATSU,MIRA,2023,658,AUTOMATIC,PETROL,7331,77.9,USED,2026-09-25
SUZUKI,ALTO,2024,658,AUTOMATIC,PETROL,5808,71.9,USED,2026-09-25
TOYOTA,YARIS,2021,1000,AUTOMATIC,PETROL,11000,111.0,USED,2026-09-25
BMW,318I,2018,1500,TIPTRONIC,PETROL,97000,188.0,USED,2026-09-25
TOYOTA,RAIZE,2025,1190,AUTOMATIC,HYBRID,13402,143.0,USED,2026-09-25
TOYOTA,RAIZE,2025,1200,AUTOMATIC,HYBRID,4121,141.0,USED,2026-09-25
HONDA,VEZEL,2026,1500,AUTOMATIC,HYBRID,0,191.0,NEW,2026-09-25
TOYOTA,ALLION,2002,1490,AUTOMATIC,PETROL,168000,66.9,USED,2026-09-25
TOYOTA,RAIZE,2026,1200,AUTOMATIC,HYBRID,6,139.0,NEW,2026-09-25
SUZUKI,WAGON R ZX,2025,660,AUTOMATIC,HYBRID,10,91.9,NEW,2026-09-25
NISSAN,MARCH,1982,1000,MANUAL,PETROL,200000,14.9,USED,2026-09-25
VOLVO,XC90,2021,1969,AUTOMATIC,PETROL,82000,290.0,USED,2026-09-25
AUDI,A4,2011,1800,AUTOMATIC,PETROL,130000,98.0,USED,2026-09-27
TOYOTA,ROOMY,2023,1000,AUTOMATIC,PETROL,28000,99.0,USED,2026-09-27
TOYOTA,RAIZE,2025,1200,AUTOMATIC,HYBRID,15000,149.9,USED,2026-09-26
NISSAN,DAYZ,2024,650,AUTOMATIC,HYBRID,39500,83.9,USED,2026-09-25
TOYOTA,HILUX,2023,2400,AUTOMATIC,DIESEL,9000,240.0,USED,2026-09-25
TOYOTA,HARRIER,2025,2500,AUTOMATIC,PETROL,10,395.0,NEW,2026-09-25
TOYOTA,RAIZE,2025,1200,AUTOMATIC,HYBRID,17000,137.0,USED,2026-09-26
SUZUKI,WAGON R ZX,2026,660,AUTOMATIC,HYBRID,3,91.0,NEW,2026-09-25
TOYOTA,TAISOR,2026,1000,AUTOMATIC,PETROL,0,107.9,NEW,2026-09-25
MAZDA,6,2015,2500,AUTOMATIC,PETROL,94000,138.0,USED,2026-09-25
HONDA,VEZEL,2026,1500,AUTOMATIC,HYBRID,10,208.0,NEW,2026-09-25
TOYOTA,TAISOR,2026,1000,AUTOMATIC,PETROL,0,107.9,NEW,2026-09-25
MITSUBISHI,OUTLANDER,2015,1999,AUTOMATIC,HYBRID,205000,112.0,USED,2026-09-25
SUZUKI,WAGON R FX,2024,660,AUTOMATIC,PETROL,8000,76.0,USED,2026-09-25
HONDA,VEZEL,2026,1500,TIPTRONIC,HYBRID,3,189.9,NEW,2026-09-25
NISSAN,DAYZ,2025,660,AUTOMATIC,HYBRID,1500,88.9,USED,2026-09-25
TOYOTA,TAISOR,2026,1000,AUTOMATIC,PETROL,0,113.9,NEW,2026-09-25
KIA,STONIC,2025,998,AUTOMATIC,PETROL,0,155.0,NEW,2026-09-25
HONDA,VEZEL,2026,1500,AUTOMATIC,HYBRID,10,189.9,NEW,2026-09-25
TOYOTA,VITZ,2016,1000,AUTOMATIC,PETROL,69000,70.5,USED,2026-09-25
TOYOTA,RAIZE,2025,1000,AUTOMATIC,PETROL,15000,123.75,USED,2026-09-26
HONDA,VEZEL,2025,1500,AUTOMATIC,HYBRID,10,201.9,NEW,2026-09-25
TOYOTA,YARIS,2025,1000,AUTOMATIC,PETROL,330,105.9,NEW,2026-09-25
TOYOTA,LAND CRUISER PRADO,2025,2700,AUTOMATIC,PETROL,10,620.0,NEW,2026-09-25
LAND-ROVER,DEFENDER,2026,2000,AUTOMATIC,PETROL,10,795.0,NEW,2026-09-25
HONDA,VEZEL,2026,1500,TIPTRONIC,HYBRID,0,203.0,NEW,2026-09-25
KIA,RIO,2015,1400,AUTOMATIC,PETROL,90000,67.25,USED,2026-09-18
SUZUKI,WAGON R ZX,2026,650,AUTOMATIC,HYBRID,0,92.0,NEW,2026-09-25
SUZUKI,WAGON R ZX,2026,660,AUTOMATIC,HYBRID,10,90.9,NEW,2026-09-25
DAIHATSU,ROCKY,2026,1200,AUTOMATIC,HYBRID,10,137.0,NEW,2026-09-25
VOLKSWAGEN,GOLF,1975,1600,MANUAL,PETROL,3000,15.0,USED,2026-09-25
TOYOTA,RAIZE,2026,1000,AUTOMATIC,PETROL,0,122.5,NEW,2026-09-25
TOYOTA,YARIS,2026,1000,AUTOMATIC,PETROL,0,106.5,NEW,2026-09-25
TOYOTA,RAIZE,2026,1200,AUTOMATIC,HYBRID,10,143.9,NEW,2026-09-25
SUZUKI,WAGON R ZX,2026,660,AUTOMATIC,HYBRID,3,91.0,NEW,2026-09-25
KIA,SONET,2026,1000,TIPTRONIC,PETROL,0,122.5,NEW,2026-09-25
MAZDA,CX-5,2013,2000,AUTOMATIC,PETROL,174000,101.5,USED,2026-09-25
HYUNDAI,TUCSON,2011,2000,AUTOMATIC,DIESEL,218000,73.9,USED,2026-09-26
SUZUKI,WAGON R FX,2023,660,MANUAL,PETROL,23000,72.9,USED,2026-09-26
HONDA,VEZEL,2014,1500,AUTOMATIC,PETROL,156600,96.0,USED,2026-09-25
PEUGEOT,2008,2018,1200,AUTOMATIC,PETROL,142000,107.5,USED,2026-09-25
KIA,SONET,2026,1000,TIPTRONIC,PETROL,0,122.5,NEW,2026-09-25
TOYOTA,RAIZE,2026,1000,TIPTRONIC,PETROL,0,128.0,NEW,2026-09-25
KIA,SORENTO,2013,2200,AUTOMATIC,DIESEL,153000,89.5,USED,2026-09-25
TOYOTA,CARINA,1998,1500,AUTOMATIC,PETROL,159000,52.75,USED,2026-09-25
TOYOTA,TAISOR,2026,1000,AUTOMATIC,PETROL,0,112.9,NEW,2026-09-25
SUZUKI,ALTO,2011,796,MANUAL,PETROL,204500,29.5,USED,2026-09-25
TOYOTA,RAIZE,2025,1200,AUTOMATIC,HYBRID,5000,134.0,USED,2026-09-23
DAIHATSU,ESSE,2010,660,AUTOMATIC,PETROL,163000,42.0,USED,2026-09-25
TOYOTA,RAIZE,2024,1000,AUTOMATIC,PETROL,11200,121.0,USED,2026-09-25
TOYOTA,TAISOR,2026,1000,TIPTRONIC,PETROL,0,112.5,NEW,2026-09-25
MARUTI SUZUKI,800,2011,800,MANUAL,PETROL,63000,22.9,USED,2026-09-25
HONDA,VEZEL,2026,1490,AUTOMATIC,HYBRID,0,190.0,NEW,2026-09-25
TOYOTA,VITZ,2018,1000,AUTOMATIC,PETROL,123900,79.9,USED,2026-09-25
SUZUKI,WAGON R FX,2017,650,AUTOMATIC,HYBRID,83000,63.25,USED,2026-09-25
SUZUKI,FRONX,2026,1000,AUTOMATIC,PETROL,0,110.75,NEW,2026-09-25
TOYOTA,ALLION,2018,1500,AUTOMATIC,PETROL,156000,130.0,USED,2026-09-25
TOYOTA,TAISOR,2026,1000,TIPTRONIC,PETROL,0,112.5,NEW,2026-09-25
DAIHATSU,MIRA,2024,650,AUTOMATIC,PETROL,10000,67.0,USED,2026-09-25
TOYOTA,VELOZ,2026,1500,AUTOMATIC,PETROL,0,229.0,NEW,2026-09-25
HYUNDAI,SANTA FE,2008,2200,TIPTRONIC,DIESEL,188000,69.9,USED,2026-09-25
TOYOTA,TAISOR,2026,1000,TIPTRONIC,PETROL,0,112.5,NEW,2026-09-25
SUZUKI,WAGON R,2018,660,AUTOMATIC,HYBRID,94100,68.75,USED,2026-09-25
DAIHATSU,MIRA,2025,650,AUTOMATIC,PETROL,2500,67.5,USED,2026-09-25
TOYOTA,LAND CRUISER PRADO,2020,2700,TIPTRONIC,PETROL,100000,415.0,USED,2026-09-25
TOYOTA,TAISOR,2026,1000,TIPTRONIC,PETROL,0,112.5,NEW,2026-09-25
DAIHATSU,MIRA,2025,650,AUTOMATIC,PETROL,1600,67.0,USED,2026-09-25
TOYOTA,HARRIER,2017,2000,TIPTRONIC,PETROL,164000,187.0,USED,2026-09-25
MITSUBISHI,LANCER,1984,1400,MANUAL,PETROL,95000,8.25,USED,2026-09-25
KIA,SONET,2026,1000,AUTOMATIC,PETROL,0,117.75,NEW,2026-09-25
DAIHATSU,MIRA,2024,650,AUTOMATIC,PETROL,5300,66.5,USED,2026-09-25
SUZUKI,WAGON R STINGRAY,2025,650,AUTOMATIC,PETROL,0,99.0,NEW,2026-09-25
SUZUKI,SPACIA,2025,650,AUTOMATIC,HYBRID,2600,95.75,USED,2026-09-25
TOYOTA,ROOMY,2024,1000,AUTOMATIC,PETROL,5000,106.0,USED,2026-09-27
TOYOTA,RAIZE,2026,1200,AUTOMATIC,HYBRID,0,147.5,NEW,2026-09-26
SUZUKI,FRONX,2026,1000,AUTOMATIC,PETROL,0,110.0,NEW,2026-09-11
TOYOTA,RAIZE,2026,1000,AUTOMATIC,PETROL,3609,121.0,USED,2026-09-26
LAND-ROVER,DEFENDER,2026,2000,TIPTRONIC,PETROL,0,815.0,NEW,2026-09-25
HONDA,CRV,2025,1500,AUTOMATIC,PETROL,150,295.0,NEW,2026-09-25
NISSAN,PRESEA,1999,1500,AUTOMATIC,PETROL,203000,34.9,USED,2026-09-25
LAND-ROVER,DEFENDER,2026,2000,TIPTRONIC,PETROL,0,780.0,NEW,2026-09-25
SUZUKI,ALTO,2024,650,AUTOMATIC,HYBRID,32000,67.5,USED,2026-09-25
TOYOTA,TAISOR,2026,1000,AUTOMATIC,PETROL,0,110.75,NEW,2026-09-25
BMW,740LE,2017,2000,TIPTRONIC,HYBRID,27000,385.0,USED,2026-09-26
LAND-ROVER,DEFENDER,2024,2000,TIPTRONIC,PETROL,5000,685.0,USED,2026-09-25
TOYOTA,TAISOR,2026,1000,AUTOMATIC,PETROL,0,110.75,NEW,2026-09-25
TOYOTA,RAIZE,2025,1000,AUTOMATIC,PETROL,8500,126.5,USED,2026-09-25
KIA,SYROS,2026,1000,AUTOMATIC,PETROL,0,134.75,NEW,2026-09-25
TOYOTA,TAISOR,2026,1000,AUTOMATIC,PETROL,0,111.9,NEW,2026-09-25
TOYOTA,RAIZE,2026,1200,AUTOMATIC,HYBRID,0,139.5,NEW,2026-09-25
HYUNDAI,VENUE,2026,1000,AUTOMATIC,PETROL,88,126.0,NEW,2026-09-25
TOYOTA,TAISOR,2026,1000,AUTOMATIC,PETROL,0,125.0,NEW,2026-09-25
MERCEDES-BENZ,C200,2025,1500,AUTOMATIC,PETROL,1000,385.0,USED,2026-09-25
KIA,SONET,2026,1000,AUTOMATIC,PETROL,0,121.0,NEW,2026-09-25
TOYOTA,TAISOR,2026,1000,AUTOMATIC,PETROL,0,112.9,NEW,2026-09-25
HONDA,VEZEL,2026,1500,AUTOMATIC,HYBRID,0,194.0,NEW,2026-09-25
LAND-ROVER,DEFENDER,2024,2000,TIPTRONIC,PETROL,10000,675.0,USED,2026-09-25
AUDI,Q3,2026,1500,TIPTRONIC,PETROL,0,419.5,NEW,2026-09-25
TOYOTA,RAIZE,2026,1000,AUTOMATIC,PETROL,0,130.0,NEW,2026-09-25
TOYOTA,LAND CRUISER PRADO,2024,2700,AUTOMATIC,PETROL,11500,595.0,NEW,2026-09-27
AUDI,A4,2018,1400,AUTOMATIC,PETROL,86789,195.0,USED,2026-09-25
AUDI,Q3,2024,1000,TIPTRONIC,PETROL,3000,295.0,USED,2026-09-25
TOYOTA,RAIZE,2026,1200,AUTOMATIC,HYBRID,0,139.5,NEW,2026-09-25
TATA,NANO,2016,624,MANUAL,PETROL,96000,25.0,USED,2026-09-26
TOYOTA,URBAN CRUISER,2026,1000,AUTOMATIC,PETROL,0,113.5,NEW,2026-09-25
MERCEDES-BENZ,C180,2024,1500,TIPTRONIC,PETROL,3000,335.0,USED,2026-09-25
TOYOTA,HILUX,2006,2500,MANUAL,DIESEL,109315,96.5,USED,2026-09-25
BMW,520D,2012,2000,AUTOMATIC,DIESEL,122000,225.0,USED,2026-09-25
MERCEDES-BENZ,EQS 450,2024,4000,TIPTRONIC,PETROL,0,850.0,NEW,2026-09-25
BMW,X5,2016,2000,AUTOMATIC,PETROL,70175,245.0,USED,2026-09-25
NISSAN,DAYZ,2023,660,AUTOMATIC,PETROL,32000,78.5,USED,2026-09-25
TOYOTA,LAND CRUISER PRADO,2014,2700,AUTOMATIC,PETROL,109000,315.0,USED,2026-09-25
TOYOTA,RAIZE,2025,1000,AUTOMATIC,PETROL,13500,119.5,USED,2026-09-25
TOYOTA,YARIS,2026,1000,AUTOMATIC,PETROL,0,119.5,NEW,2026-09-25
BMW,528I,2011,2000,AUTOMATIC,PETROL,106000,185.0,USED,2026-09-25
TOYOTA,LAND CRUISER PRADO,2023,2700,AUTOMATIC,PETROL,23880,565.5,USED,2026-09-25
FORD,RAPTOR RANGER,2025,3000,AUTOMATIC,PETROL,0,358.5,NEW,2026-09-25
MERCEDES-BENZ,C350,2016,2000,AUTOMATIC,HYBRID,97000,165.0,USED,2026-09-25
BMW,520D,2015,2000,AUTOMATIC,DIESEL,94500,285.0,USED,2026-09-25
TOYOTA,RAIZE,2023,1000,AUTOMATIC,PETROL,15000,129.0,USED,2026-09-25
AUDI,A3,2017,1000,AUTOMATIC,PETROL,113125,120.0,USED,2026-09-22
DAIHATSU,ROCKY,2023,1000,AUTOMATIC,PETROL,13040,115.0,USED,2026-09-04
BMW,740I,2024,3000,TIPTRONIC,PETROL,0,1200.0,NEW,2026-09-25
BMW,420D,2014,2000,AUTOMATIC,DIESEL,66000,295.0,USED,2026-09-25
MICRO,PANDA,2015,1000,MANUAL,PETROL,46200,32.75,USED,2026-09-25
NISSAN,SUNNY,1992,1500,MANUAL,PETROL,78000,24.0,USED,2026-09-25
BMW,523I,2024,2000,TIPTRONIC,PETROL,5000,525.0,USED,2026-09-25
HYUNDAI,VENUE,2026,1000,AUTOMATIC,PETROL,78,126.0,NEW,2026-09-25
BMW,318I,2018,1500,AUTOMATIC,PETROL,97500,195.0,USED,2026-09-25
MG,HECTOR PLUS,2026,1500,AUTOMATIC,PETROL,0,198.9,NEW,2026-09-25
HONDA,VEZEL,2026,1500,AUTOMATIC,HYBRID,200,189.0,NEW,2026-09-25
NISSAN,WINGROAD,2007,1500,AUTOMATIC,PETROL,222500,55.5,USED,2026-09-25
DAIHATSU,MIRA,2025,650,AUTOMATIC,PETROL,11,78.5,NEW,2026-09-25
MERCEDES-BENZ,C200,2015,1600,AUTOMATIC,DIESEL,54604,232.0,USED,2026-09-25
DAIHATSU,MIRA,2025,660,AUTOMATIC,PETROL,18000,69.0,USED,2026-09-25
HONDA,VEZEL,2016,1500,AUTOMATIC,HYBRID,106000,117.0,USED,2026-09-25
BMW,740LE,2017,2000,AUTOMATIC,PETROL,60900,390.0,USED,2026-09-25
HONDA,VEZEL,2026,1496,AUTOMATIC,HYBRID,0,190.0,NEW,2026-09-25
TOYOTA,URBAN CRUISER,2026,1000,AUTOMATIC,PETROL,0,113.5,NEW,2026-09-25
TOYOTA,RAIZE,2025,990,AUTOMATIC,PETROL,1330,132.9,USED,2026-09-25
SUZUKI,ALTO,2024,650,AUTOMATIC,HYBRID,1735,75.9,USED,2026-09-25
TOYOTA,URBAN CRUISER,2026,1000,AUTOMATIC,PETROL,0,113.5,NEW,2026-09-25
HONDA,VEZEL,2026,1500,AUTOMATIC,HYBRID,0,197.9,NEW,2026-09-25
BMW,X1,2025,1500,TIPTRONIC,PETROL,0,333.0,NEW,2026-09-25
MITSUBISHI,EK WAGON,2025,660,AUTOMATIC,PETROL,17500,74.5,USED,2026-09-25
DAIHATSU,MIRA,2026,660,AUTOMATIC,PETROL,300,76.9,NEW,2026-09-21
TOYOTA,RAIZE,2026,1200,AUTOMATIC,HYBRID,0,140.9,NEW,2026-09-25
SUZUKI,WAGON R,2026,660,AUTOMATIC,PETROL,0,84.5,NEW,2026-09-25
SUZUKI,WAGON R FX,2025,660,AUTOMATIC,PETROL,0,78.5,NEW,2026-09-25
NISSAN,DAYZ,2025,660,AUTOMATIC,HYBRID,1500,85.5,USED,2026-09-25
MITSUBISHI,EK WAGON,2025,660,AUTOMATIC,PETROL,3500,75.9,USED,2026-09-25
TOYOTA,RAIZE,2025,1200,AUTOMATIC,HYBRID,25,138.9,NEW,2026-09-25
TOYOTA,LAND CRUISER PRADO,2015,2700,AUTOMATIC,PETROL,160000,348.0,USED,2026-09-25
TOYOTA,URBAN CRUISER,2026,1000,AUTOMATIC,PETROL,0,114.0,NEW,2026-09-25
SUZUKI,CELERIO,2017,1000,AUTOMATIC,PETROL,107000,56.75,USED,2026-09-25
MG,HECTOR PLUS,2026,1500,AUTOMATIC,PETROL,0,198.9,NEW,2026-09-25
TOYOTA,CROWN,2026,2500,AUTOMATIC,HYBRID,0,510.0,NEW,2026-09-25
MERCEDES-BENZ,CLA 200,2019,1332,AUTOMATIC,PETROL,59341,225.0,USED,2026-09-25
TOYOTA,RAIZE,2026,1200,AUTOMATIC,PETROL,0,142.5,NEW,2026-09-25
TOYOTA,RAIZE,2025,1200,AUTOMATIC,HYBRID,5000,136.5,USED,2026-09-19
TOYOTA,RAIZE,2025,1200,AUTOMATIC,PETROL,5000,138.5,USED,2026-09-25
TOYOTA,YARIS,2026,1000,AUTOMATIC,PETROL,0,106.5,NEW,2026-09-25
HONDA,CRV,2019,1500,AUTOMATIC,PETROL,99300,152.75,USED,2026-09-25
MERCEDES-BENZ,C200,2019,1500,AUTOMATIC,PETROL,77998,265.0,USED,2026-09-25
BMW,X5 M,2016,2000,TIPTRONIC,PETROL,50000,233.0,USED,2026-09-25
MG,HECTOR PLUS,2026,1500,AUTOMATIC,PETROL,0,198.9,NEW,2026-09-25
HYUNDAI,VENUE,2026,1000,AUTOMATIC,PETROL,85,105.0,NEW,2026-09-25
MERCEDES-BENZ,E180,2019,1600,AUTOMATIC,PETROL,34900,370.0,USED,2026-09-25
TOYOTA,LAND CRUISER,2011,4500,AUTOMATIC,DIESEL,198000,395.5,USED,2026-09-25
AUDI,A3,2019,1000,AUTOMATIC,PETROL,70000,143.9,USED,2026-09-25
NISSAN,DAYZ,2026,650,AUTOMATIC,PETROL,0,81.5,NEW,2026-09-25
MERCEDES-BENZ,S400,2013,3500,AUTOMATIC,PETROL,71745,375.0,USED,2026-09-25
DAIHATSU,MIRA,2025,658,AUTOMATIC,PETROL,1700,68.5,USED,2026-09-25
HONDA,VEZEL,2018,1500,AUTOMATIC,HYBRID,110000,121.5,USED,2026-09-25
TOYOTA,LAND CRUISER,2010,4600,AUTOMATIC,PETROL,142000,389.5,USED,2026-09-25
AUDI,A6,2016,2000,TIPTRONIC,PETROL,65000,145.0,USED,2026-09-25
MERCEDES-BENZ,E350,2013,3500,AUTOMATIC,DIESEL,111688,215.0,USED,2026-09-25
DAIHATSU,MIRA,2025,658,AUTOMATIC,PETROL,3600,68.5,USED,2026-09-25
HONDA,CIVIC,2017,1000,AUTOMATIC,PETROL,85000,119.0,USED,2026-09-25
HONDA,N WGN,2015,660,AUTOMATIC,PETROL,108500,60.75,USED,2026-09-25
JETOUR,DASHING,2025,1500,TIPTRONIC,PETROL,11200,178.0,USED,2026-09-25
MERCEDES-BENZ,GLA 180,2018,1600,AUTOMATIC,PETROL,77000,190.0,USED,2026-09-25
SUZUKI,CELERIO,2015,1000,AUTOMATIC,PETROL,121834,55.0,USED,2026-09-25
SUZUKI,MARUTI,2005,800,MANUAL,PETROL,73222,22.95,USED,2026-09-26
MERCEDES-BENZ,C350,2017,2000,AUTOMATIC,PETROL,84637,175.0,USED,2026-09-25
SUZUKI,WAGON R,2015,660,AUTOMATIC,HYBRID,92000,58.9,USED,2026-09-26
BMW,520D,2016,2000,AUTOMATIC,DIESEL,160000,255.0,USED,2026-09-25
NISSAN,ROOX,2024,660,AUTOMATIC,PETROL,9200,79.9,USED,2026-09-25
AUDI,A6,2011,2000,AUTOMATIC,PETROL,125000,105.0,USED,2026-09-19
LAND-ROVER,RANGE ROVER,2019,2000,TIPTRONIC,PETROL,70000,635.0,USED,2026-09-25
MERCEDES-BENZ,C180,2016,1600,AUTOMATIC,PETROL,89176,175.0,USED,2026-09-25
MITSUBISHI,OUTLANDER,2014,1990,AUTOMATIC,HYBRID,268874,104.65,USED,2026-09-26
MERCEDES-BENZ,C200,2019,1500,AUTOMATIC,PETROL,74000,235.0,USED,2026-09-25
HONDA,CIVIC,2003,1590,AUTOMATIC,PETROL,140154,59.95,USED,2026-09-25
BMW,740LE,2018,2000,TIPTRONIC,PETROL,40000,427.0,USED,2026-09-25
SUZUKI,ALTO,2024,660,AUTOMATIC,PETROL,52000,66.25,USED,2026-09-25
MICRO,MX7,2012,1500,MANUAL,PETROL,144000,30.95,USED,2026-09-25
NISSAN,MAGNITE,2025,1000,TIPTRONIC,PETROL,12000,82.0,USED,2026-09-25
TOYOTA,ROOMY,2023,1000,AUTOMATIC,PETROL,90000,83.5,USED,2026-09-25
TOYOTA,LAND CRUISER PRADO,2025,2700,AUTOMATIC,PETROL,0,610.0,NEW,2026-09-25
HONDA,VEZEL,2026,1500,TIPTRONIC,HYBRID,0,207.5,NEW,2026-09-08
HONDA,VEZEL,2023,1500,AUTOMATIC,HYBRID,8200,174.8,USED,2026-09-27
TOYOTA,ALPHARD,2013,2500,AUTOMATIC,HYBRID,118432,265.5,USED,2026-09-25
TOYOTA,VITZ,2018,1000,AUTOMATIC,PETROL,70000,82.0,USED,2026-09-25
ISUZU,TROOPER,1991,3000,AUTOMATIC,DIESEL,293697,72.95,USED,2026-09-25
TOYOTA,HARRIER,2023,2000,AUTOMATIC,PETROL,2120,369.5,USED,2026-09-25
TOYOTA,YARIS,2026,1000,AUTOMATIC,PETROL,0,112.0,NEW,2026-09-25
BMW,220I,2025,1500,AUTOMATIC,PETROL,5000,285.0,USED,2026-09-25
NISSAN,DAYZ,2023,650,AUTOMATIC,PETROL,8000,74.5,USED,2026-09-26
HONDA,VEZEL,2026,1500,AUTOMATIC,HYBRID,0,189.45,NEW,2026-09-25
SUZUKI,SPACIA,2026,658,AUTOMATIC,HYBRID,22,117.0,NEW,2026-09-25
BMW,X5,2015,2000,AUTOMATIC,PETROL,87300,200.0,USED,2026-09-25
TOYOTA,ROOMY,2024,1000,AUTOMATIC,PETROL,1000,107.9,NEW,2026-09-25
TOYOTA,RAIZE,2025,1200,AUTOMATIC,HYBRID,0,136.45,NEW,2026-09-25
BMW,520D,2016,2000,AUTOMATIC,DIESEL,146000,255.5,USED,2026-09-25
BMW,520D,2012,2000,AUTOMATIC,DIESEL,138000,208.5,USED,2026-09-25
NISSAN,DAYZ,2024,660,AUTOMATIC,PETROL,41800,75.0,USED,2026-09-25
KIA,PICANTO,2016,1000,AUTOMATIC,PETROL,128330,58.95,USED,2026-09-25
TOYOTA,YARIS,2026,1000,AUTOMATIC,PETROL,0,109.85,NEW,2026-09-25
HONDA,VEZEL,2026,1500,AUTOMATIC,HYBRID,0,189.45,NEW,2026-09-25
HONDA,VEZEL,2024,1500,AUTOMATIC,HYBRID,10000,181.5,USED,2026-09-25
HONDA,VEZEL,2026,1500,AUTOMATIC,HYBRID,50,185.0,NEW,2026-09-19
SUZUKI,WAGON R ZX,2026,658,AUTOMATIC,HYBRID,0,91.8,NEW,2026-09-25
TOYOTA,AXIO,2014,1500,AUTOMATIC,HYBRID,220558,93.95,USED,2026-09-25
DATSUN,REDI-GO,2017,800,MANUAL,PETROL,69000,36.5,USED,2026-09-25
MAZDA,CAROL,2023,660,AUTOMATIC,PETROL,16000,65.9,USED,2026-09-25
TOYOTA,ROOMY,2024,1000,AUTOMATIC,PETROL,11172,98.5,USED,2026-09-25
AUDI,A3,2024,1000,AUTOMATIC,PETROL,9800,177.9,USED,2026-09-25
SUZUKI,SMILE,2024,660,AUTOMATIC,PETROL,2200,78.5,USED,2026-09-25
HYUNDAI,VENUE,2026,1000,AUTOMATIC,PETROL,0,123.9,NEW,2026-09-25
SUZUKI,WAGON R ZX,2026,658,AUTOMATIC,HYBRID,0,91.8,NEW,2026-09-25
MAZDA,CAROL,2023,658,AUTOMATIC,PETROL,12886,64.9,USED,2026-09-25
DAIHATSU,MIRA,2023,658,AUTOMATIC,PETROL,20320,65.9,USED,2026-09-25
PEUGEOT,407,2007,2000,MANUAL,PETROL,137000,50.95,USED,2026-09-25
DFSK,GLORY,2021,1500,AUTOMATIC,PETROL,40000,89.9,USED,2026-09-25
DAIHATSU,MIRA,2025,658,AUTOMATIC,PETROL,5401,71.9,USED,2026-09-25
SUZUKI,HUSTLER,2015,660,AUTOMATIC,HYBRID,170000,58.5,USED,2026-09-25
TOYOTA,LAND CRUISER PRADO,2026,2700,AUTOMATIC,PETROL,0,600.0,NEW,2026-09-25
KIA,SYROS,2026,1000,AUTOMATIC,PETROL,0,126.0,NEW,2026-09-17
TOYOTA,TAISOR,2026,1000,AUTOMATIC,PETROL,0,112.5,NEW,2026-09-26
AUDI,A6,2015,1800,AUTOMATIC,PETROL,128000,188.9,USED,2026-09-25
BMW,320D,2013,2000,AUTOMATIC,DIESEL,57840,163.95,USED,2026-09-25
SUZUKI,EVERY,2023,660,AUTOMATIC,PETROL,12700,75.0,USED,2026-09-25
AUDI,A4,2011,1800,AUTOMATIC,PETROL,170000,100.0,USED,2026-09-25
TOYOTA,LAND CRUISER PRADO,2015,2700,AUTOMATIC,PETROL,160000,326.9,USED,2026-09-25
TOYOTA,LAND CRUISER,1988,3000,AUTOMATIC,DIESEL,140000,125.0,USED,2026-09-26
DATSUN,REDI-GO,2016,800,MANUAL,PETROL,93492,33.9,USED,2026-09-25
TOYOTA,YARIS ATIV,2025,1500,AUTOMATIC,HYBRID,0,187.0,NEW,2026-09-25
HONDA,FREED,2025,1500,AUTOMATIC,HYBRID,0,183.0,NEW,2026-09-25
TOYOTA,LAND CRUISER,1998,3000,AUTOMATIC,DIESEL,190000,128.0,USED,2026-09-26
LAND-ROVER,DISCOVERY,2014,3000,AUTOMATIC,DIESEL,160000,298.9,USED,2026-09-25
TOYOTA,YARIS,2026,1000,AUTOMATIC,PETROL,0,115.9,NEW,2026-09-25
HYUNDAI,TUCSON,2005,1975,MANUAL,PETROL,163337,41.5,USED,2026-09-25
JEEP,WRANGLER,2016,2800,AUTOMATIC,DIESEL,85000,317.9,USED,2026-09-25
HONDA,VEZEL,2014,1500,AUTOMATIC,HYBRID,78000,93.9,USED,2026-09-25
MICRO,PANDA,2016,1000,MANUAL,PETROL,160000,32.95,USED,2026-09-25
TOYOTA,RAIZE,2025,1200,AUTOMATIC,HYBRID,5900,139.9,USED,2026-09-25
MAZDA,CAROL,2023,660,AUTOMATIC,PETROL,16400,65.0,USED,2026-09-25
KIA,SPORTAGE,2011,2000,AUTOMATIC,PETROL,207360,71.65,USED,2026-09-25
TOYOTA,ROOMY,2023,1000,AUTOMATIC,PETROL,19000,105.9,USED,2026-09-25
MITSUBISHI,MONTERO,2015,3200,AUTOMATIC,DIESEL,148000,252.5,USED,2026-09-25
MITSUBISHI,EK WAGON,2023,660,AUTOMATIC,PETROL,17200,74.5,USED,2026-09-25
TOYOTA,RAIZE,2026,1200,AUTOMATIC,HYBRID,0,142.9,NEW,2026-09-25
LAND-ROVER,DEFENDER,2026,1997,AUTOMATIC,PETROL,0,770.0,NEW,2026-09-25
DAIHATSU,MIRA,2025,660,AUTOMATIC,PETROL,0,70.0,NEW,2026-09-27
TOYOTA,RAIZE,2026,1200,AUTOMATIC,HYBRID,0,139.0,NEW,2026-09-27
SUZUKI,WAGON R,2025,660,AUTOMATIC,HYBRID,2326,89.5,USED,2026-09-25
MERCEDES-BENZ,GLB,2025,1300,AUTOMATIC,PETROL,10000,385.0,USED,2026-09-25
TOYOTA,RAIZE,2024,1200,AUTOMATIC,HYBRID,12147,138.75,USED,2026-09-25
TOYOTA,HILUX,2026,2800,AUTOMATIC,DIESEL,0,299.5,NEW,2026-09-25
TOYOTA,VITZ,2019,1000,AUTOMATIC,PETROL,70000,87.5,USED,2026-09-25
TOYOTA,AXIO,2018,1490,AUTOMATIC,PETROL,130000,125.0,USED,2026-09-25
TOYOTA,STARLET,1990,1300,MANUAL,PETROL,231592,25.95,USED,2026-09-25
PEUGEOT,3008,2017,1200,AUTOMATIC,PETROL,110000,117.75,USED,2026-09-25
HONDA,VEZEL,2026,1500,TIPTRONIC,HYBRID,0,182.5,NEW,2026-09-25
TOYOTA,AXIO,2018,1500,AUTOMATIC,HYBRID,132697,132.0,USED,2026-09-25
PEUGEOT,5008,2025,1200,AUTOMATIC,HYBRID,30,349.0,NEW,2026-09-25
SUZUKI,WAGON R FX,2024,660,AUTOMATIC,HYBRID,3000,78.9,USED,2026-09-25
HONDA,VEZEL,2026,1500,AUTOMATIC,HYBRID,3,193.5,USED,2026-09-26
TOYOTA,RAIZE,2026,1200,AUTOMATIC,HYBRID,0,143.5,NEW,2026-09-25
DAIHATSU,THOR,2023,1000,AUTOMATIC,PETROL,24130,102.5,USED,2026-09-25
VOLKSWAGEN,T-CROSS,2023,1000,AUTOMATIC,PETROL,12030,142.5,USED,2026-09-25
SUZUKI,SPACIA,2023,660,AUTOMATIC,HYBRID,25000,93.9,USED,2026-09-25
HONDA,VEZEL,2026,1500,AUTOMATIC,HYBRID,0,195.5,NEW,2026-09-25
TOYOTA,ROOMY,2024,1000,AUTOMATIC,PETROL,19000,92.9,USED,2026-09-25
NISSAN,GRAVITE,2026,1000,AUTOMATIC,PETROL,0,96.9,NEW,2026-09-25
HONDA,VEZEL,2026,1500,AUTOMATIC,HYBRID,0,206.5,NEW,2026-09-25
MITSUBISHI,LANCER,2000,1300,MANUAL,PETROL,220000,43.5,USED,2026-09-16
NISSAN,SUNNY,1990,1500,MANUAL,DIESEL,150000,19.5,USED,2026-09-13
SUZUKI,WAGON R,2017,660,AUTOMATIC,HYBRID,67000,73.9,USED,2026-09-25
MITSUBISHI,EK WAGON,2025,660,AUTOMATIC,PETROL,1100,75.0,USED,2026-09-25
HONDA,VEZEL,2026,1500,AUTOMATIC,HYBRID,0,206.0,NEW,2026-09-25
NISSAN,DAYZ,2025,660,AUTOMATIC,PETROL,2738,88.5,USED,2026-09-25
MITSUBISHI,L200,2007,2477,AUTOMATIC,DIESEL,238800,89.0,USED,2026-09-25
MERCEDES-BENZ,CLA 180,2017,1660,AUTOMATIC,PETROL,117000,175.0,USED,2026-09-25
TATA,NANO,2011,624,MANUAL,PETROL,350000,14.0,USED,2026-09-25
DAIHATSU,MIRA,2025,660,AUTOMATIC,PETROL,3000,67.9,USED,2026-09-25
TOYOTA,LAND CRUISER PRADO,2018,2800,AUTOMATIC,PETROL,120000,399.9,USED,2026-09-25
TOYOTA,VITZ,2015,1000,AUTOMATIC,PETROL,96000,73.5,USED,2026-09-25
SUZUKI,WAGON R FX,2024,660,AUTOMATIC,PETROL,2008,75.5,USED,2026-09-26
SUZUKI,FRONX,2026,1000,AUTOMATIC,PETROL,0,108.5,NEW,2026-09-25
SUZUKI,WAGON R ZX,2025,660,AUTOMATIC,PETROL,1800,81.5,USED,2026-09-27
SUZUKI,WAGON R ZX,2025,660,AUTOMATIC,HYBRID,2856,91.9,USED,2026-09-26
SUZUKI,WAGON R ZX,2023,660,AUTOMATIC,HYBRID,1900,88.5,USED,2026-09-26
TOYOTA,BELTA,2008,1300,AUTOMATIC,PETROL,136000,67.5,USED,2026-09-25
NISSAN,SUNNY,1987,1000,MANUAL,PETROL,195000,8.5,USED,2026-09-25
SUZUKI,WAGON R ZX,2026,660,AUTOMATIC,HYBRID,4,93.9,USED,2026-09-26
DAIHATSU,MIRA,2023,660,AUTOMATIC,PETROL,9000,66.5,USED,2026-09-25
NISSAN,DAYZ,2024,660,AUTOMATIC,PETROL,11920,87.5,USED,2026-09-25
SUZUKI,WAGON R,2026,660,AUTOMATIC,HYBRID,4,92.75,NEW,2026-09-25
TOYOTA,LAND CRUISER PRADO,1997,3000,AUTOMATIC,DIESEL,350000,112.5,USED,2026-09-25
TOYOTA,YARIS,2025,1000,AUTOMATIC,PETROL,1500,101.0,USED,2026-09-25
TOYOTA,LAND CRUISER SAHARA,2017,4500,AUTOMATIC,PETROL,125000,519.0,USED,2026-09-25
DAIHATSU,ROCKY,2024,1200,TIPTRONIC,HYBRID,3000,132.9,USED,2026-09-25
NISSAN,DAYZ,2024,660,AUTOMATIC,PETROL,12000,74.5,USED,2026-09-26
DAIHATSU,MIRA,2025,660,AUTOMATIC,PETROL,12000,73.9,USED,2026-09-26
HONDA,CIVIC,1992,1500,MANUAL,PETROL,125000,29.75,USED,2026-09-25
PERODUA,AXIA,2016,1000,AUTOMATIC,PETROL,58387,62.0,USED,2026-09-25
HONDA,VEZEL,2026,1500,AUTOMATIC,HYBRID,25,189.5,NEW,2026-09-25
RENAULT,KWID,2017,800,MANUAL,PETROL,95000,36.9008,USED,2026-09-25
SUZUKI,WAGON R FX,2017,650,AUTOMATIC,HYBRID,110000,57.5,USED,2026-09-25
NISSAN,X-TRAIL,2011,2000,AUTOMATIC,PETROL,167000,79.5,USED,2026-09-25
TOYOTA,RAIZE,2026,1200,AUTOMATIC,HYBRID,25,144.75,NEW,2026-09-25
TOYOTA,RAIZE,2026,1200,AUTOMATIC,HYBRID,26,144.9,NEW,2026-09-25
TOYOTA,COROLLA,2026,1800,AUTOMATIC,HYBRID,50,293.0,NEW,2026-09-25
DAIHATSU,MIRA,2025,660,AUTOMATIC,PETROL,5000,68.9,USED,2026-09-26
LAND-ROVER,DISCOVERY,2016,3000,AUTOMATIC,DIESEL,226000,290.0,USED,2026-09-25
TOYOTA,PREMIO,2019,1500,AUTOMATIC,PETROL,120000,175.0,USED,2026-09-25
NISSAN,SUNNY,1980,1400,MANUAL,PETROL,542800,7.65,USED,2026-09-25
MITSUBISHI,DELICA,2024,660,AUTOMATIC,HYBRID,18,81.9,NEW,2026-09-25
SUZUKI,WAGON R,2017,660,AUTOMATIC,PETROL,103900,69.0,USED,2026-09-26
SUZUKI,ALTO,2024,660,AUTOMATIC,PETROL,17500,65.75,USED,2026-09-24
DAIHATSU,MIRA,2023,660,AUTOMATIC,PETROL,17500,64.9,USED,2026-09-24
NISSAN,ALMERA,2025,1000,AUTOMATIC,PETROL,0,144.5,NEW,2026-09-23
NISSAN,ROOX HIGHWAY STAR X,2025,660,AUTOMATIC,HYBRID,7500,88.5,USED,2026-09-24
HONDA,VEZEL,2026,1490,AUTOMATIC,HYBRID,0,187.75,NEW,2026-09-24
BMW,X1,2019,1500,AUTOMATIC,PETROL,76000,147.0,USED,2026-09-24
TOYOTA,PIXIS,2023,660,AUTOMATIC,PETROL,9500,63.5,USED,2026-09-24
HONDA,VEZEL,2014,1500,AUTOMATIC,HYBRID,149500,91.0,USED,2026-09-24
BAJAJ,QUTE,2019,216,MANUAL,PETROL,41000,11.5,USED,2026-09-24
MITSUBISHI,LANCER,1990,1500,MANUAL,PETROL,471034,18.5,USED,2026-09-24
MERCEDES-BENZ,C350,2016,2000,TIPTRONIC,PETROL,58000,210.0,USED,2026-09-24
TOYOTA,YARIS,2025,1000,AUTOMATIC,PETROL,9000,102.9,USED,2026-09-24
TOYOTA,YARIS,2026,990,AUTOMATIC,PETROL,0,115.0,NEW,2026-09-24
TOYOTA,HILUX,2026,2800,AUTOMATIC,DIESEL,0,295.0,NEW,2026-09-25
HYUNDAI,VENUE,2026,1000,AUTOMATIC,PETROL,0,125.95,NEW,2026-09-24
HYUNDAI,VENUE,2026,1000,AUTOMATIC,PETROL,0,126.9,NEW,2026-09-24
AUDI,A3,2023,990,AUTOMATIC,PETROL,6600,195.0,USED,2026-09-24
HONDA,CIVIC,1991,1500,MANUAL,PETROL,142090,23.5,USED,2026-09-24
TOYOTA,ROOMY,2026,990,AUTOMATIC,PETROL,0,122.0,NEW,2026-09-24
HYUNDAI,VENUE,2026,1000,AUTOMATIC,PETROL,0,125.9,NEW,2026-09-24
HYUNDAI,VENUE,2026,1000,AUTOMATIC,PETROL,0,125.9,NEW,2026-09-24
HYUNDAI,VENUE,2026,1000,AUTOMATIC,PETROL,0,119.9,NEW,2026-09-24
NISSAN,ROOX HIGHWAY STAR X,2024,660,AUTOMATIC,PETROL,0,90.5,NEW,2026-09-24
TOYOTA,TAISOR,2026,1000,AUTOMATIC,PETROL,0,113.9,NEW,2026-09-26
TOYOTA,ROOMY,2025,990,AUTOMATIC,PETROL,0,115.9,NEW,2026-09-26
SUZUKI,ALTO,2015,800,MANUAL,PETROL,61000,42.0,USED,2026-09-24
TOYOTA,YARIS,2026,990,AUTOMATIC,PETROL,0,108.0,NEW,2026-09-24
TOYOTA,COROLLA,2006,1300,MANUAL,PETROL,186000,60.0,USED,2026-09-24
LAND-ROVER,RANGE ROVER,2026,3000,TIPTRONIC,HYBRID,0,1725.0,NEW,2026-09-24
MERCEDES-BENZ,E350,2024,2000,AUTOMATIC,PETROL,9800,690.0,USED,2026-09-24
TOYOTA,YARIS,2025,990,AUTOMATIC,PETROL,11500,107.0,USED,2026-09-24
TOYOTA,RAIZE,2026,1200,AUTOMATIC,HYBRID,0,144.5,NEW,2026-09-24
TOYOTA,ALPHARD,2024,2480,AUTOMATIC,PETROL,3300,645.0,USED,2026-09-24
LAND-ROVER,DEFENDER,2023,2000,AUTOMATIC,PETROL,10000,695.0,USED,2026-09-24
TOYOTA,AXIO,2023,1500,AUTOMATIC,PETROL,14000,153.5,USED,2026-09-24
TOYOTA,ROOMY,2023,990,AUTOMATIC,PETROL,30000,105.0,USED,2026-09-24
TOYOTA,YARIS,2023,990,AUTOMATIC,PETROL,8000,105.0,USED,2026-09-24
AUDI,A3,2024,1500,AUTOMATIC,PETROL,24500,155.0,USED,2026-09-24
TOYOTA,YARIS,2026,990,AUTOMATIC,PETROL,0,115.0,NEW,2026-09-24
SUZUKI,ALTO,2015,800,MANUAL,PETROL,61000,40.25,USED,2026-09-24
TOYOTA,RAIZE,2025,1200,AUTOMATIC,HYBRID,4000,139.0,USED,2026-09-24
TOYOTA,YARIS CROSS,2024,1500,AUTOMATIC,HYBRID,25000,172.0,USED,2026-09-26
TOYOTA,RAIZE,2025,1200,AUTOMATIC,PETROL,0,139.0,NEW,2026-09-24
TOYOTA,RAIZE,2025,1200,AUTOMATIC,HYBRID,19000,131.5,USED,2026-09-26
AUDI,A3,2024,1000,AUTOMATIC,PETROL,10000,188.0,USED,2026-09-24
TOYOTA,YARIS,2023,1000,AUTOMATIC,PETROL,28000,88.5,USED,2026-09-26
HONDA,VEZEL,2026,1500,AUTOMATIC,PETROL,0,195.5,NEW,2026-09-24
HYUNDAI,MATRIX,2002,1590,AUTOMATIC,PETROL,185000,27.0,USED,2026-09-24
SUZUKI,ALTO,2015,800,MANUAL,PETROL,69000,42.75,USED,2026-09-26
NISSAN,DUTSUN,1986,2500,MANUAL,DIESEL,228686,15.0,USED,2026-09-24
MAZDA,FAMILIA,2008,1500,MANUAL,PETROL,160000,39.9,USED,2026-09-24
HONDA,VEZEL,2025,1500,AUTOMATIC,PETROL,2000,188.0,USED,2026-09-24
TOYOTA,LAND CRUISER PRADO,2025,2693,AUTOMATIC,PETROL,5000,610.0,USED,2026-09-24
RENAULT,KWID,2019,1000,AUTOMATIC,PETROL,93000,45.75,USED,2026-09-25
TOYOTA,CHR,2019,1500,AUTOMATIC,PETROL,67000,145.0,USED,2026-09-24
TOYOTA,ROOMY,2023,1000,AUTOMATIC,PETROL,20000,98.75,USED,2026-09-24
TOYOTA,RAIZE,2026,1200,AUTOMATIC,HYBRID,0,141.5,NEW,2026-09-24
TOYOTA,COROLLA,2026,1800,AUTOMATIC,HYBRID,0,295.0,NEW,2026-09-24
TOYOTA,COROLLA,1997,2000,AUTOMATIC,DIESEL,340000,32.5,USED,2026-09-24
NISSAN,DAYZ,2024,650,AUTOMATIC,PETROL,42000,74.5,USED,2026-09-24
HONDA,N WGN,2024,650,AUTOMATIC,PETROL,50000,68.5,USED,2026-09-24
TOYOTA,ROOMY,2023,1000,AUTOMATIC,PETROL,92000,83.0,USED,2026-09-24
TOYOTA,ROOMY,2023,1000,AUTOMATIC,PETROL,92000,83.25,USED,2026-09-24
MERCEDES-BENZ,GLB,2025,1330,AUTOMATIC,PETROL,5000,375.0,USED,2026-09-24
DAIHATSU,TAFT,2025,650,AUTOMATIC,PETROL,16000,79.0,USED,2026-09-24
NISSAN,ROOX,2024,650,AUTOMATIC,PETROL,42000,79.5,USED,2026-09-24
MITSUBISHI,EK WAGON,2025,650,AUTOMATIC,PETROL,800,74.5,NEW,2026-09-24
TOYOTA,LAND CRUISER SAHARA,2009,4600,AUTOMATIC,PETROL,250000,315.0,USED,2026-09-24
TOYOTA,PIXIS,2019,660,AUTOMATIC,PETROL,64850,66.85,USED,2026-09-24
MITSUBISHI,EK WAGON,2024,650,AUTOMATIC,PETROL,17000,73.5,USED,2026-09-24
DAIHATSU,CAST ACTIVA,2019,660,AUTOMATIC,HYBRID,78500,65.85,USED,2026-09-24
NISSAN,DAYZ,2019,660,AUTOMATIC,PETROL,68750,66.85,USED,2026-09-24
HONDA,N-BOX,2024,650,AUTOMATIC,PETROL,60000,76.5,USED,2026-09-24
TOYOTA,YARIS,2025,1000,AUTOMATIC,PETROL,11000,98.5,USED,2026-09-24
SUZUKI,ALTO,2025,660,AUTOMATIC,PETROL,2000,66.75,USED,2026-09-27
HONDA,VEZEL,2026,1500,AUTOMATIC,HYBRID,20,196.5,NEW,2026-09-26
DAIHATSU,MOVE,2018,650,AUTOMATIC,HYBRID,64890,65.85,USED,2026-09-24
SUZUKI,CELERIO,2015,1000,TIPTRONIC,PETROL,15000,53.5,USED,2026-09-26
BMW,735LI,2013,3000,TIPTRONIC,PETROL,50000,245.0,USED,2026-09-24
DAIHATSU,MOVE,2018,660,AUTOMATIC,HYBRID,68850,66.85,USED,2026-09-24
TOYOTA,VITZ,2016,1000,AUTOMATIC,PETROL,90000,76.0,USED,2026-09-24
BMW,318I,2018,1500,AUTOMATIC,PETROL,25000,210.0,USED,2026-09-25
HONDA,VEZEL,2023,1500,AUTOMATIC,HYBRID,26000,179.5,USED,2026-09-24
TOYOTA,COROLLA,1999,1450,AUTOMATIC,PETROL,150000,45.5,USED,2026-09-24
TOYOTA,RAIZE,2026,1200,AUTOMATIC,HYBRID,0,142.5,NEW,2026-09-24
TOYOTA,RAIZE,2026,1200,AUTOMATIC,HYBRID,0,139.2,NEW,2026-09-24
TOYOTA,RAIZE,2026,1200,AUTOMATIC,HYBRID,0,139.25,NEW,2026-09-24
TOYOTA,HILUX,2026,2800,AUTOMATIC,DIESEL,40,329.0,NEW,2026-09-24
VOLKSWAGEN,TAIGUN,2026,1000,AUTOMATIC,PETROL,3400,122.5,USED,2026-09-26
HONDA,VEZEL,2026,1500,AUTOMATIC,HYBRID,300,193.0,NEW,2026-09-24
HONDA,VEZEL,2026,1500,AUTOMATIC,HYBRID,250,193.0,NEW,2026-09-24
TOYOTA,SIENTA,2025,1500,AUTOMATIC,HYBRID,10000,165.0,USED,2026-09-24
DAIHATSU,MIRA,2025,650,AUTOMATIC,PETROL,3000,72.5,USED,2026-09-26
HONDA,WR-V,2024,1500,TIPTRONIC,PETROL,208,169.9,NEW,2026-09-25
SUZUKI,EVERY,2024,650,AUTOMATIC,PETROL,12000,85.5,USED,2026-09-24
HYUNDAI,TUCSON,2013,2000,AUTOMATIC,DIESEL,100000,84.5,USED,2026-09-24
HONDA,VEZEL,2026,1500,AUTOMATIC,HYBRID,30,206.95,NEW,2026-09-24
HONDA,VEZEL,2026,1500,AUTOMATIC,HYBRID,30,189.95,NEW,2026-09-24
TOYOTA,LAND CRUISER PRADO,2017,2700,AUTOMATIC,PETROL,120000,355.0,USED,2026-09-24
NISSAN,SERENA,2025,1400,AUTOMATIC,HYBRID,0,224.5,NEW,2026-09-24
DAIHATSU,MIRA,2026,660,AUTOMATIC,PETROL,650,71.95,NEW,2026-09-25
SUZUKI,WAGON R FZ,2014,660,AUTOMATIC,HYBRID,120000,56.0,USED,2026-09-24
BMW,530E,2017,2000,AUTOMATIC,HYBRID,70000,285.0,USED,2026-09-24
NISSAN,CEFIRO,2001,2000,AUTOMATIC,PETROL,136091,41.5,USED,2026-09-24
TOYOTA,LAND CRUISER PRADO,2026,2700,TIPTRONIC,PETROL,0,607.5,NEW,2026-09-24
NISSAN,SUNNY,1993,1300,MANUAL,PETROL,154000,19.75,USED,2026-09-26
SUZUKI,FRONX,2026,1000,AUTOMATIC,HYBRID,0,107.5,NEW,2026-09-24
TOYOTA,ROOMY,2023,1000,AUTOMATIC,PETROL,11000,103.5,USED,2026-09-24
SUZUKI,FRONX,2026,1000,AUTOMATIC,HYBRID,0,107.5,NEW,2026-09-26
DAIHATSU,MIRA,2006,1000,MANUAL,PETROL,191000,36.5,USED,2026-09-24
JAGUAR,X TYPE,2000,2500,AUTOMATIC,PETROL,115000,54.0,USED,2026-09-24
TATA,INDICA,2015,1100,MANUAL,PETROL,96000,27.5,USED,2026-09-27
SUZUKI,WAGON R,2026,660,AUTOMATIC,HYBRID,0,92.95,NEW,2026-09-26
PERODUA,KENARI,2007,1000,AUTOMATIC,PETROL,106000,35.75,USED,2026-09-24
TOYOTA,FORTUNER,2014,2988,AUTOMATIC,DIESEL,100000,150.0,USED,2026-09-25
HONDA,FIT,2014,1500,AUTOMATIC,PETROL,83000,83.0,USED,2026-09-24
LAND-ROVER,DISCOVERY,2019,2000,TIPTRONIC,DIESEL,50000,375.0,USED,2026-09-24
HONDA,FIT SHUTTLE,2014,1330,AUTOMATIC,PETROL,225000,92.0,USED,2026-09-24
LAND-ROVER,RANGE ROVER,2018,2000,TIPTRONIC,PETROL,50000,495.0,USED,2026-09-24
LAND-ROVER,DEFENDER,2015,2200,MANUAL,DIESEL,103000,225.0,USED,2026-09-24
LEXUS,NX 300H,2015,2500,TIPTRONIC,PETROL,118000,172.0,USED,2026-09-24
HYUNDAI,ACCENT,2012,1591,AUTOMATIC,PETROL,185000,52.0,USED,2026-09-26
TOYOTA,HARRIER,2014,2500,AUTOMATIC,HYBRID,80000,179.5,USED,2026-09-24
LAND-ROVER,RANGE ROVER,2018,3000,TIPTRONIC,PETROL,70000,495.0,USED,2026-09-25
LAND-ROVER,FREELANDER,2014,2200,TIPTRONIC,DIESEL,115000,95.5,USED,2026-09-24
SUZUKI,ALTO,2023,660,AUTOMATIC,PETROL,2000,68.5,USED,2026-09-24
AUDI,Q3,2016,2000,TIPTRONIC,PETROL,90000,117.5,USED,2026-09-24
SUZUKI,ALTO,2023,650,AUTOMATIC,PETROL,12000,66.0,USED,2026-09-24
TOYOTA,URBAN CRUISER,2026,1000,AUTOMATIC,PETROL,0,113.5,NEW,2026-09-24
MERCEDES-BENZ,E300,2017,2000,TIPTRONIC,PETROL,33000,275.0,USED,2026-09-24
LAND-ROVER,RANGE ROVER SPORT,2019,2000,TIPTRONIC,DIESEL,60000,355.0,USED,2026-09-24
TOYOTA,TAISOR,2026,1000,AUTOMATIC,PETROL,0,113.5,NEW,2026-09-24
TOYOTA,TAISOR,2026,1000,AUTOMATIC,PETROL,0,113.5,NEW,2026-09-24
TOYOTA,URBAN CRUISER,2026,1000,AUTOMATIC,PETROL,0,113.5,NEW,2026-09-24
AUDI,Q7,2018,2000,TIPTRONIC,PETROL,71000,265.0,USED,2026-09-25
MICRO,PANDA,2015,1000,MANUAL,PETROL,87000,32.0,USED,2026-09-24
SUZUKI,ALTO,2023,650,AUTOMATIC,PETROL,8500,65.0,USED,2026-09-24
BMW,X6 M,2017,4000,TIPTRONIC,DIESEL,57000,450.0,USED,2026-09-24
DAIHATSU,TAFT,2025,650,AUTOMATIC,PETROL,16000,79.0,USED,2026-09-24
TOYOTA,URBAN CRUISER,2026,1000,AUTOMATIC,PETROL,7,108.75,NEW,2026-09-25
AUDI,Q7,2017,3000,TIPTRONIC,PETROL,69000,235.0,USED,2026-09-24
SUZUKI,ESTILO,2011,1000,MANUAL,PETROL,63000,38.75,USED,2026-09-26
SUZUKI,CELERIO,2015,1000,AUTOMATIC,PETROL,86000,53.5,USED,2026-09-24
TOYOTA,URBAN CRUISER,2026,1000,AUTOMATIC,PETROL,0,113.5,NEW,2026-09-24
PROTON,WIRA,2007,1299,MANUAL,PETROL,142650,27.5,USED,2026-09-24
NISSAN,SUNNY,2000,1500,AUTOMATIC,PETROL,145000,33.5,USED,2026-09-24
TOYOTA,URBAN CRUISER,2026,1000,AUTOMATIC,PETROL,0,113.5,NEW,2026-09-24
SUZUKI,FRONX,2026,1000,AUTOMATIC,PETROL,0,108.75,NEW,2026-09-24
MG,ZS,2018,1000,AUTOMATIC,PETROL,112000,83.0,USED,2026-09-25
AUDI,Q3,2016,1500,AUTOMATIC,PETROL,45000,135.0,USED,2026-09-24
TOYOTA,URBAN CRUISER,2026,1000,AUTOMATIC,PETROL,0,108.75,NEW,2026-09-25
SUZUKI,FRONX,2026,1000,AUTOMATIC,PETROL,0,111.25,NEW,2026-09-24
SUZUKI,WAGON R FZ,2017,650,AUTOMATIC,PETROL,77978,62.75,USED,2026-09-24
TOYOTA,VITZ,2014,1000,AUTOMATIC,PETROL,100000,70.0,USED,2026-09-24
TOYOTA,URBAN CRUISER,2026,1000,AUTOMATIC,PETROL,0,108.75,NEW,2026-09-25
AUDI,Q7,2017,2000,AUTOMATIC,PETROL,58000,295.0,USED,2026-09-24
AUDI,A6,2017,1800,AUTOMATIC,PETROL,100000,167.5,USED,2026-09-24
SUZUKI,FRONX,2026,1000,AUTOMATIC,PETROL,0,108.75,NEW,2026-09-24
BMW,520D,2016,2000,AUTOMATIC,DIESEL,110000,284.0,USED,2026-09-24
SUZUKI,FRONX,2026,1000,AUTOMATIC,PETROL,1000,113.5,NEW,2026-09-24
KIA,SONET,2026,1000,AUTOMATIC,PETROL,0,112.5,NEW,2026-09-24
JEEP,GRAND CHEROKEE,2005,4700,AUTOMATIC,PETROL,187000,85.0,USED,2026-09-24
BMW,X1,2018,1499,AUTOMATIC,PETROL,25900,159.0,USED,2026-09-24
HYUNDAI,VENUE,2026,1000,AUTOMATIC,PETROL,59,123.0,NEW,2026-09-24
LEXUS,RX500H,2025,2400,AUTOMATIC,HYBRID,5000,600.0,USED,2026-09-24
KIA,SORENTO,2012,2200,AUTOMATIC,DIESEL,98000,105.0,USED,2026-09-24
SUZUKI,ALTO,2024,650,AUTOMATIC,PETROL,12000,65.75,USED,2026-09-24
TOYOTA,URBAN CRUISER,2026,1000,AUTOMATIC,PETROL,0,111.5,NEW,2026-09-24
SUZUKI,ALTO,2023,650,AUTOMATIC,PETROL,8500,65.75,USED,2026-09-24
TOYOTA,URBAN CRUISER,2026,1000,AUTOMATIC,PETROL,0,111.5,NEW,2026-09-24
HONDA,CRV,2016,2000,AUTOMATIC,PETROL,172000,111.9,USED,2026-09-24
NISSAN,DAYZ,2023,660,AUTOMATIC,PETROL,20000,74.75,USED,2026-09-27
NISSAN,MARCH,2010,1000,AUTOMATIC,PETROL,76000,65.0,USED,2026-09-24
HONDA,CIVIC,2018,1000,AUTOMATIC,PETROL,120000,110.5,USED,2026-09-24
TOYOTA,HARRIER,2014,2400,AUTOMATIC,HYBRID,123000,178.95,USED,2026-09-24
HONDA,VEZEL,2015,1500,TIPTRONIC,HYBRID,185000,94.9,USED,2026-09-24
SUZUKI,WAGON R,2024,650,AUTOMATIC,PETROL,2500,77.5,USED,2026-09-24
SUZUKI,SPACIA,2024,660,AUTOMATIC,HYBRID,20000,77.9,USED,2026-09-24
TOYOTA,ALLION,2010,1500,AUTOMATIC,PETROL,240000,90.0,USED,2026-09-24
DAIHATSU,ROCKY,2025,1200,AUTOMATIC,HYBRID,1300,135.0,USED,2026-09-24
TOYOTA,COROLLA,1997,1500,AUTOMATIC,PETROL,170043,42.95,USED,2026-09-24
LAND-ROVER,DEFENDER,2026,2000,AUTOMATIC,HYBRID,100,765.0,USED,2026-09-24
MERCEDES-BENZ,C200,2019,1500,AUTOMATIC,PETROL,25000,257.5,USED,2026-09-24
TOYOTA,PASSO,2023,1000,AUTOMATIC,PETROL,38000,78.5,USED,2026-09-24
HONDA,N WGN,2024,650,AUTOMATIC,PETROL,50000,68.5,USED,2026-09-24
SKODA,KYLAQ,2025,1000,AUTOMATIC,PETROL,0,122.0,NEW,2026-09-24
NISSAN,DAYZ,2024,660,AUTOMATIC,PETROL,6800,85.0,USED,2026-09-24
NISSAN,SUNNY,2000,1500,AUTOMATIC,PETROL,157000,39.85,USED,2026-09-24
NISSAN,NAVARA,2010,2488,AUTOMATIC,DIESEL,142000,50.0,USED,2026-09-24
HYUNDAI,VENUE,2026,1000,AUTOMATIC,PETROL,56,122.0,NEW,2026-09-24
HYUNDAI,VENUE,2026,1000,AUTOMATIC,PETROL,3000,119.75,USED,2026-09-24
TOYOTA,ROOMY,2023,1000,AUTOMATIC,PETROL,92000,83.0,USED,2026-09-24
NISSAN,DAYZ,2024,650,AUTOMATIC,PETROL,1500,75.0,USED,2026-09-24
FORD,RAPTOR RANGER,2025,2000,AUTOMATIC,DIESEL,0,335.0,NEW,2026-09-24
TOYOTA,YARIS,2026,1000,AUTOMATIC,PETROL,30,106.95,USED,2026-09-24
TOYOTA,IST,2007,1500,AUTOMATIC,PETROL,123000,66.25,USED,2026-09-24
LAND-ROVER,DISCOVERY SPORT,2025,1500,AUTOMATIC,HYBRID,5200,519.0,USED,2026-09-24
MG,ZS,2019,1200,AUTOMATIC,PETROL,83500,88.75,USED,2026-09-24
HONDA,VEZEL,2026,1500,AUTOMATIC,HYBRID,0,185.0,NEW,2026-09-24
TOYOTA,RAIZE,2026,1200,AUTOMATIC,HYBRID,0,139.9,NEW,2026-09-26
TOYOTA,TAISOR,2026,1000,AUTOMATIC,PETROL,0,113.25,NEW,2026-09-24
TOYOTA,TAISOR,2026,1000,AUTOMATIC,PETROL,0,113.25,NEW,2026-09-24
JETOUR,T2,2026,1500,AUTOMATIC,PETROL,0,245.0,NEW,2026-09-26
LAND-ROVER,RANGE ROVER,2013,2000,AUTOMATIC,DIESEL,160000,132.0,USED,2026-09-24
MG,ZS,2019,1000,AUTOMATIC,PETROL,52000,85.95,USED,2026-09-24
TOYOTA,SUPRA,2025,2000,AUTOMATIC,PETROL,5000,480.0,USED,2026-09-24
JETOUR,T2,2026,1500,AUTOMATIC,HYBRID,0,290.0,NEW,2026-09-26
MERCEDES-BENZ,CLA 180,2024,1300,AUTOMATIC,PETROL,13000,370.0,USED,2026-09-24
DFSK,GLORY,2021,1500,AUTOMATIC,PETROL,28463,88.0,USED,2026-09-24
KIA,PICANTO,2016,1000,AUTOMATIC,PETROL,103000,55.75,USED,2026-09-24
SUZUKI,WAGON R,2017,660,AUTOMATIC,HYBRID,90000,75.0,USED,2026-09-24
TOYOTA,HILUX,2005,3000,MANUAL,DIESEL,210000,75.0,USED,2026-09-10
NISSAN,GRAVITE,2026,1000,AUTOMATIC,PETROL,0,92.4,NEW,2026-09-24
SUZUKI,ALTO,2016,796,MANUAL,PETROL,124376,41.5,USED,2026-09-26
SUZUKI,WAGON R,2016,650,AUTOMATIC,PETROL,85585,65.0,USED,2026-09-24
BMW,528I,2011,2000,AUTOMATIC,PETROL,85900,169.0,USED,2026-09-24
LAND-ROVER,DEFENDER,1978,2495,MANUAL,DIESEL,112000,135.0,USED,2026-09-02
HONDA,FIT,2013,1330,AUTOMATIC,HYBRID,137637,67.75,USED,2026-09-12
KIA,SONET,2026,1000,AUTOMATIC,PETROL,0,119.9,NEW,2026-09-24
SUZUKI,WAGON R STINGRAY,2018,660,AUTOMATIC,HYBRID,85500,72.5,USED,2026-09-24
DAEWOO,ESPERO,1996,1500,AUTOMATIC,PETROL,160000,8.5,USED,2026-09-24
MERCEDES-BENZ,A180,2025,1300,AUTOMATIC,HYBRID,2000,355.0,USED,2026-09-24
TOYOTA,TAISOR,2026,1000,AUTOMATIC,PETROL,0,112.5,NEW,2026-09-24
TOYOTA,RAIZE,2023,1200,AUTOMATIC,PETROL,24600,129.5,USED,2026-09-24
SUZUKI,ESCUDO,2023,1500,AUTOMATIC,HYBRID,23000,142.5,USED,2026-09-24
TOYOTA,LAND CRUISER,2011,4600,AUTOMATIC,PETROL,102000,374.95,USED,2026-09-24
TOYOTA,LAND CRUISER PRADO,2023,2700,AUTOMATIC,PETROL,3500,520.0,USED,2026-09-24
LAND-ROVER,DISCOVERY,2015,3000,AUTOMATIC,DIESEL,140000,285.0,USED,2026-09-24
DAIHATSU,MIRA,2024,660,AUTOMATIC,PETROL,16500,73.5,USED,2026-09-24
TOYOTA,YARIS CROSS,2025,1500,AUTOMATIC,HYBRID,17500,180.0,USED,2026-09-24
TOYOTA,RAIZE,2023,1000,AUTOMATIC,PETROL,10000,120.0,USED,2026-09-26
AUDI,Q5,2011,2000,AUTOMATIC,PETROL,87500,119.9,USED,2026-09-24
HONDA,FIT,2015,1490,AUTOMATIC,HYBRID,165000,112.0,USED,2026-09-24
DAIHATSU,MIRA,2025,660,AUTOMATIC,PETROL,12500,76.5,USED,2026-09-26
TOYOTA,ALPHARD,2024,2500,AUTOMATIC,HYBRID,1000,674.5,USED,2026-09-24
LEXUS,LBX,2025,1500,AUTOMATIC,PETROL,6300,225.0,USED,2026-09-24
MERCEDES-BENZ,SLK 200,2007,1800,AUTOMATIC,PETROL,44000,158.0,USED,2026-09-25
LAND-ROVER,DEFENDER,2026,2000,AUTOMATIC,PETROL,0,770.0,NEW,2026-09-24
LAND-ROVER,RANGE ROVER VELAR,2018,2000,AUTOMATIC,PETROL,45000,434.9,USED,2026-09-24
DAIHATSU,MIRA,2025,660,AUTOMATIC,PETROL,1500,67.9,USED,2026-09-26
SUZUKI,EVERY,2025,660,AUTOMATIC,PETROL,0,96.0,NEW,2026-09-27
TOYOTA,LAND CRUISER SAHARA,2015,4500,TIPTRONIC,PETROL,124000,525.0,USED,2026-09-25
HONDA,VEZEL,2024,1490,AUTOMATIC,HYBRID,42130,169.5,USED,2026-09-24
TOYOTA,ROOMY,2024,1000,AUTOMATIC,PETROL,2309,101.9,USED,2026-09-24
MITSUBISHI,LANCER,1989,1500,MANUAL,PETROL,327000,18.5,USED,2026-09-24
TOYOTA,BELTA,2007,1000,AUTOMATIC,PETROL,132702,63.5,USED,2026-09-24
BMW,I8,2014,1500,AUTOMATIC,HYBRID,42000,285.0,USED,2026-09-25
TOYOTA,ROOMY,2023,990,AUTOMATIC,PETROL,8300,102.0,USED,2026-09-24
SUZUKI,WAGON R STINGRAY,2025,660,AUTOMATIC,PETROL,12500,87.5,USED,2026-09-24
DAIHATSU,MIRA,2025,650,AUTOMATIC,PETROL,3612,67.5,USED,2026-09-24
TOYOTA,LAND CRUISER PRADO,2015,2700,AUTOMATIC,PETROL,67000,325.0,USED,2026-09-24
NISSAN,DAYZ,2020,660,AUTOMATIC,PETROL,1305,84.75,USED,2026-09-24
TOYOTA,CROWN,2010,2500,AUTOMATIC,PETROL,67000,137.5,USED,2026-09-24
NISSAN,X-TRAIL,2016,2000,TIPTRONIC,HYBRID,35000,125.0,USED,2026-09-24
SUZUKI,SMILE,2024,660,AUTOMATIC,PETROL,15700,79.5,USED,2026-09-24
HONDA,CRV,2013,2000,AUTOMATIC,PETROL,130000,92.5,USED,2026-09-24
TOYOTA,ALLION,2004,1500,AUTOMATIC,PETROL,224209,69.9,USED,2026-09-24
HONDA,N-BOX,2024,660,AUTOMATIC,PETROL,63900,78.5,USED,2026-09-24
TOYOTA,LAND CRUISER PRADO,2026,2700,AUTOMATIC,PETROL,2600,585.0,USED,2026-09-24
SUZUKI,WAGON R FX,2025,650,AUTOMATIC,HYBRID,6380,84.5,USED,2026-09-24
HONDA,VEZEL,2026,1490,AUTOMATIC,HYBRID,12,202.9,NEW,2026-09-24
BYD,SHARK 6,2025,1500,AUTOMATIC,HYBRID,40000,239.0,USED,2026-09-24
TOYOTA,YARIS,2026,1000,AUTOMATIC,PETROL,32,113.9,NEW,2026-09-24
TOYOTA,YARIS,2024,1000,AUTOMATIC,PETROL,11000,106.5,USED,2026-09-24
PEUGEOT,3008,2018,1200,AUTOMATIC,PETROL,84000,130.0,USED,2026-09-25
KIA,SPORTAGE,2015,1000,AUTOMATIC,DIESEL,29000,118.0,USED,2026-09-24
MITSUBISHI,LANCER,1985,1500,MANUAL,PETROL,203444,15.0,USED,2026-09-24
SUZUKI,WAGON R ZX,2026,650,AUTOMATIC,HYBRID,10,94.0,NEW,2026-09-24
HONDA,VEZEL,2014,1490,AUTOMATIC,HYBRID,148000,97.0,USED,2026-09-24
DAIHATSU,MIRA,2025,660,AUTOMATIC,PETROL,2500,76.5,USED,2026-09-24
KIA,SONET,2026,1000,AUTOMATIC,PETROL,0,118.5,NEW,2026-09-24
LAND-ROVER,DEFENDER,2026,2000,AUTOMATIC,PETROL,0,680.0,NEW,2026-09-24
NISSAN,GRAVITE,2026,1000,AUTOMATIC,PETROL,0,92.4,NEW,2026-09-24
TOYOTA,LAND CRUISER PRADO,2023,2693,AUTOMATIC,PETROL,26000,556.5,USED,2026-09-24
HONDA,FREED,2013,1500,AUTOMATIC,HYBRID,380000,89.0,USED,2026-09-24
DAIHATSU,MIRA,2024,660,AUTOMATIC,PETROL,3000,69.5,USED,2026-09-24
BMW,520D,2012,2000,TIPTRONIC,DIESEL,77000,182.5,USED,2026-09-24
HONDA,VEZEL,2026,1490,AUTOMATIC,HYBRID,0,187.95,NEW,2026-09-24
TOYOTA,VITZ,2017,1000,AUTOMATIC,PETROL,83000,77.0,USED,2026-09-24
TOYOTA,CROWN,2025,2500,AUTOMATIC,PETROL,600,495.0,USED,2026-09-24
MERCEDES-BENZ,C180,2010,1600,TIPTRONIC,PETROL,97000,118.0,USED,2026-09-24
SUZUKI,WAGON R,2018,660,AUTOMATIC,HYBRID,106000,68.0,USED,2026-09-24
AUDI,Q3,2024,1500,AUTOMATIC,PETROL,1500,300.0,USED,2026-09-24
HYUNDAI,VENUE,2026,1000,AUTOMATIC,PETROL,0,124.5,NEW,2026-09-24
SUZUKI,WAGON R FX,2025,660,AUTOMATIC,PETROL,17000,77.9,USED,2026-09-24
NISSAN,SUNNY,1995,1290,MANUAL,PETROL,20000,28.0,USED,2026-09-24
TOYOTA,ROOMY,2024,1000,AUTOMATIC,PETROL,42000,96.9,USED,2026-09-24
HONDA,VEZEL,2026,1500,AUTOMATIC,HYBRID,0,196.0,NEW,2026-09-24
TOYOTA,YARIS,2024,1500,AUTOMATIC,PETROL,5000,97.75,USED,2026-09-27
TOYOTA,TAISOR,2026,1000,AUTOMATIC,PETROL,6000,55.0,USED,2026-09-12
TOYOTA,YARIS,2024,1000,AUTOMATIC,PETROL,5900,106.9,USED,2026-09-24
SUZUKI,WAGON R,2024,658,AUTOMATIC,HYBRID,13488,86.9,USED,2026-09-24
DAIHATSU,BOON,2023,1000,AUTOMATIC,PETROL,21230,84.9,USED,2026-09-24
DAIHATSU,MIRA,2025,660,AUTOMATIC,PETROL,2000,78.25,USED,2026-09-24
TOYOTA,YARIS,2025,1500,AUTOMATIC,HYBRID,0,194.0,NEW,2026-09-24
MITSUBISHI,EK WAGON,2025,650,AUTOMATIC,PETROL,2500,79.75,USED,2026-09-24
TOYOTA,RAIZE,2024,1200,AUTOMATIC,HYBRID,3000,132.5,USED,2026-09-24
SUZUKI,WAGON R FX,2024,658,AUTOMATIC,PETROL,3855,76.9,USED,2026-09-24
NISSAN,X-TRAIL,2015,2000,AUTOMATIC,HYBRID,150000,89.75,USED,2026-09-24
TOYOTA,ALPHARD,2019,2490,AUTOMATIC,PETROL,50400,395.0,USED,2026-09-24
TOYOTA,RAIZE,2026,1200,AUTOMATIC,HYBRID,0,148.5,NEW,2026-09-24
LEXUS,LBX,2024,1500,AUTOMATIC,HYBRID,3500,253.5,USED,2026-09-24
TOYOTA,YARIS CROSS,2024,1500,AUTOMATIC,HYBRID,4590,175.0,USED,2026-09-24
SUZUKI,EVERY,2025,660,AUTOMATIC,PETROL,5500,72.4,USED,2026-09-24
MITSUBISHI,MONTERO,2012,2400,AUTOMATIC,DIESEL,140000,125.0,USED,2026-09-24
DAIHATSU,MIRA,2025,660,AUTOMATIC,PETROL,0,76.95,NEW,2026-09-24
MICRO,PANDA,2015,1000,MANUAL,PETROL,89000,34.25,USED,2026-09-24
AUDI,A3,2018,1000,AUTOMATIC,PETROL,75000,119.0,USED,2026-09-24
TATA,SUMO,2006,2000,MANUAL,DIESEL,160000,35.5,USED,2026-09-24
TOYOTA,RAIZE,2025,1200,AUTOMATIC,HYBRID,8000,136.0,USED,2026-09-24
DFSK,GLORY,2023,1500,AUTOMATIC,PETROL,12000,103.0,USED,2026-09-24
MERCEDES-BENZ,C350,2017,2000,AUTOMATIC,HYBRID,68000,195.0,USED,2026-09-25
TATA,INDICA,2004,1500,MANUAL,PETROL,260000,23.0,USED,2026-09-24
TOYOTA,RAIZE,2026,1000,AUTOMATIC,PETROL,0,130.0,NEW,2026-09-26
BMW,X2,2019,1499,AUTOMATIC,PETROL,38715,189.5,USED,2026-09-23
MERCEDES-BENZ,GLB,2024,1300,AUTOMATIC,PETROL,11000,372.0,USED,2026-09-23
TOYOTA,YARIS,2023,990,AUTOMATIC,PETROL,13000,91.4,USED,2026-09-26
TATA,INDICA,2006,1489,MANUAL,PETROL,120000,17.7,USED,2026-09-24
BMW,520D,2012,2000,AUTOMATIC,DIESEL,140000,165.0,USED,2026-09-24
TOYOTA,COROLLA,2010,1600,AUTOMATIC,PETROL,200000,72.75,USED,2026-09-24
MICRO,KORONDO,2015,2000,AUTOMATIC,DIESEL,132618,66.95,USED,2026-09-24
NISSAN,ROOX,2024,660,AUTOMATIC,PETROL,9000,79.75,USED,2026-09-24
SUZUKI,ALTO,2014,800,MANUAL,PETROL,86000,38.5,USED,2026-09-25
VOLKSWAGEN,T-CROSS,2023,1000,AUTOMATIC,PETROL,20700,136.35,USED,2026-09-24
MITSUBISHI,MONTERO,2011,2500,AUTOMATIC,DIESEL,230000,122.5,USED,2026-09-24
AUDI,A5,2018,1500,AUTOMATIC,PETROL,55000,187.5,USED,2026-09-24
HONDA,VEZEL,2023,1490,AUTOMATIC,HYBRID,14250,199.5,USED,2026-09-24
TOYOTA,YARIS CROSS,2026,1500,AUTOMATIC,HYBRID,0,235.0,NEW,2026-09-24
TOYOTA,PRIUS,2008,1490,AUTOMATIC,HYBRID,198738,64.9,USED,2026-09-24
KIA,SONET,2026,1000,AUTOMATIC,PETROL,0,118.0,NEW,2026-09-24
ZOTYE,NOMAD,2011,1300,MANUAL,PETROL,33000,38.0,USED,2026-09-24
HONDA,VEZEL,2014,1500,AUTOMATIC,HYBRID,151000,89.0,USED,2026-09-24
TOYOTA,AQUA,2014,1500,AUTOMATIC,HYBRID,134000,78.5,USED,2026-09-24
DAIHATSU,ROCKY,2024,1200,AUTOMATIC,HYBRID,20150,135.5,USED,2026-09-24
SUZUKI,IGNIS,2002,1500,AUTOMATIC,PETROL,155000,42.5,USED,2026-09-24
MITSUBISHI,MONTERO,2012,2500,AUTOMATIC,DIESEL,149000,138.5,USED,2026-09-24
MITSUBISHI,OUTLANDER,2014,2400,AUTOMATIC,PETROL,91939,117.95,USED,2026-09-24
TOYOTA,RAV4,2008,2500,AUTOMATIC,PETROL,175000,80.0,USED,2026-09-24
NISSAN,PATROL,2008,3000,AUTOMATIC,DIESEL,235000,209.5,USED,2026-09-24
NISSAN,X-TRAIL,2015,2000,AUTOMATIC,PETROL,124000,109.5,USED,2026-09-24
BMW,318I,2019,1500,TIPTRONIC,PETROL,35000,185.0,USED,2026-09-27
KIA,SPORTAGE,2013,2000,AUTOMATIC,DIESEL,165000,87.5,USED,2026-09-24
HONDA,N WGN,2024,660,AUTOMATIC,PETROL,50000,69.5,USED,2026-09-24
SUZUKI,WAGON R,2018,655,AUTOMATIC,PETROL,88100,70.0,USED,2026-09-24
SUZUKI,WAGON R STINGRAY,2015,650,AUTOMATIC,HYBRID,142683,62.85,USED,2026-09-24
JETOUR,T2,2026,1500,AUTOMATIC,HYBRID,1000,305.0,USED,2026-09-25
HONDA,CITY,2026,1000,AUTOMATIC,PETROL,0,133.5,NEW,2026-09-24
SUZUKI,SPACIA,2024,660,AUTOMATIC,HYBRID,4000,99.9,USED,2026-09-24
MITSUBISHI,EK WAGON,2024,650,AUTOMATIC,PETROL,1334,74.5,USED,2026-09-24
NISSAN,DAYZ,2024,660,AUTOMATIC,PETROL,4500,72.25,USED,2026-09-24
DAIHATSU,ROCKY,2026,1200,AUTOMATIC,HYBRID,0,135.9,NEW,2026-09-24
FORD,SUPER DUTY,2026,3000,AUTOMATIC,DIESEL,0,369.9,NEW,2026-09-24
KIA,SONET,2026,998,AUTOMATIC,PETROL,0,118.99,NEW,2026-09-24
NISSAN,DAYZ,2023,660,AUTOMATIC,PETROL,22000,74.25,USED,2026-09-24
HONDA,VEZEL,2026,1500,AUTOMATIC,HYBRID,0,198.9,NEW,2026-09-24
NISSAN,SUNNY,2011,1300,MANUAL,PETROL,57840,58.65,USED,2026-09-24
TOYOTA,YARIS,2024,1000,AUTOMATIC,PETROL,34000,90.0,USED,2026-09-24
SUZUKI,ALTO,2004,650,AUTOMATIC,PETROL,170029,37.5,USED,2026-09-24
TOYOTA,NOAH,2006,1800,AUTOMATIC,PETROL,116500,70.9,USED,2026-09-24
MERCEDES-BENZ,GLA 180,2017,1690,AUTOMATIC,PETROL,37893,171.95,USED,2026-09-24
MERCEDES-BENZ,C200,2024,1500,AUTOMATIC,PETROL,15000,396.5,USED,2026-09-24
DAIHATSU,MIRA,2023,660,AUTOMATIC,PETROL,12250,65.9,USED,2026-09-24
TOYOTA,VIOS,2010,1500,AUTOMATIC,PETROL,165000,55.9,USED,2026-09-24
DAIHATSU,MIRA,2025,660,AUTOMATIC,PETROL,11000,67.75,USED,2026-09-27
MERCEDES-BENZ,GLB,2025,1300,AUTOMATIC,PETROL,0,435.5,NEW,2026-09-27
AUDI,A3,2023,1000,AUTOMATIC,PETROL,18000,158.5,USED,2026-09-24
AUDI,A3,2023,1000,AUTOMATIC,PETROL,18000,158.5,USED,2026-09-24
TOYOTA,PREMIO,2014,1500,AUTOMATIC,PETROL,154924,121.95,USED,2026-09-24
AUDI,A3,2023,1000,AUTOMATIC,PETROL,12000,189.9,USED,2026-09-24
AUDI,A3,2018,1500,AUTOMATIC,PETROL,93000,132.0,USED,2026-09-02
KIA,SONET,2026,1000,AUTOMATIC,PETROL,0,114.9,NEW,2026-09-24
TOYOTA,RAIZE,2025,1000,AUTOMATIC,PETROL,15000,110.0,USED,2026-09-24
BMW,X1,2018,1500,AUTOMATIC,PETROL,73000,164.9,USED,2026-09-24
NISSAN,SUNNY,2001,1490,AUTOMATIC,PETROL,120000,48.0,USED,2026-09-24
TOYOTA,AQUA,2012,1500,AUTOMATIC,HYBRID,185000,74.75,USED,2026-09-24
TOYOTA,RAIZE,2026,1200,AUTOMATIC,HYBRID,0,139.9,NEW,2026-09-24
TOYOTA,TAISOR,2026,1000,AUTOMATIC,PETROL,0,106.9,NEW,2026-09-24
AUSTIN,MINI COOPER,1950,1300,TIPTRONIC,PETROL,438400,33.0,USED,2026-09-25
AUDI,A4,2018,1400,AUTOMATIC,PETROL,75000,177.9,USED,2026-09-24
MITSUBISHI,OUTLANDER,2026,1500,AUTOMATIC,PETROL,14000,198.5,USED,2026-09-24
SUZUKI,WAGON R,2024,660,AUTOMATIC,PETROL,65000,75.0,USED,2026-09-24
TOYOTA,PASSO,2023,1000,AUTOMATIC,PETROL,39000,79.5,USED,2026-09-24
BMW,520D,2012,2000,AUTOMATIC,DIESEL,140000,167.5,USED,2026-09-24
TOYOTA,TAISOR,2026,1000,AUTOMATIC,PETROL,0,113.5,NEW,2026-09-24
HONDA,FIT,2014,1490,AUTOMATIC,HYBRID,174000,76.5,USED,2026-09-27
DAIHATSU,MIRA,2025,660,AUTOMATIC,PETROL,0,69.5,NEW,2026-09-24
MAXUS,T90,2025,2000,AUTOMATIC,DIESEL,0,182.0,NEW,2026-09-24
AUDI,A1,2017,1000,AUTOMATIC,PETROL,77000,85.5,USED,2026-09-24
BMW,430I,2017,2000,AUTOMATIC,PETROL,30000,308.0,USED,2026-09-24
TOYOTA,RAIZE,2026,1200,AUTOMATIC,HYBRID,0,142.0,NEW,2026-09-24
KIA,SONET,2026,1000,AUTOMATIC,PETROL,0,119.5,NEW,2026-09-24
DAIHATSU,CHARADE,1995,1000,MANUAL,PETROL,185000,17.5,USED,2026-09-24
TOYOTA,YARIS,2024,1000,AUTOMATIC,PETROL,29000,93.5,USED,2026-09-24
NISSAN,DAYZ,2025,660,AUTOMATIC,HYBRID,0,85.9,NEW,2026-09-24
TOYOTA,LAND CRUISER PRADO,2026,2800,AUTOMATIC,DIESEL,0,567.9,NEW,2026-09-24
TOYOTA,CHR,2019,1200,AUTOMATIC,PETROL,60000,143.0,USED,2026-09-24
HYUNDAI,SANTA FE,2015,2200,AUTOMATIC,DIESEL,93000,130.0,USED,2026-09-24
HONDA,N WGN,2022,650,AUTOMATIC,PETROL,46000,71.5,USED,2026-09-24
SUZUKI,FRONX,2026,1000,AUTOMATIC,HYBRID,0,113.25,NEW,2026-09-24
AUDI,A3,2024,1000,AUTOMATIC,PETROL,10000,175.0,USED,2026-09-24
TOYOTA,TAISOR,2026,1000,AUTOMATIC,PETROL,0,107.0,NEW,2026-09-24
NISSAN,DAYZ,2026,660,AUTOMATIC,PETROL,0,81.9,NEW,2026-09-25
TOYOTA,VITZ,2018,1000,AUTOMATIC,PETROL,85500,83.0,USED,2026-09-24
MERCEDES-BENZ,C200,2022,1500,AUTOMATIC,PETROL,8000,365.0,USED,2026-09-24
NISSAN,SUNNY,1999,1500,MANUAL,PETROL,12000,29.75,USED,2026-09-24
SUZUKI,SPACIA,2023,660,AUTOMATIC,HYBRID,25860,96.9,USED,2026-09-24
TOYOTA,RUSH,2018,1500,AUTOMATIC,PETROL,134500,118.5,USED,2026-09-24
KIA,SONET,2026,1000,AUTOMATIC,PETROL,0,110.0,NEW,2026-09-24
TOYOTA,RAIZE,2026,1200,AUTOMATIC,HYBRID,0,139.9,NEW,2026-09-24
NISSAN,TIIDA,2010,1500,AUTOMATIC,PETROL,179200,54.75,USED,2026-09-25
MITSUBISHI,GALANT,1971,1400,MANUAL,PETROL,121221,4.35,USED,2026-09-24
TOYOTA,YARIS,2024,1000,AUTOMATIC,PETROL,19000,92.5,USED,2026-09-26
PERODUA,VIVA ELITE,2011,1000,AUTOMATIC,PETROL,260000,44.98,USED,2026-09-24
DAIHATSU,MIRA,2026,660,AUTOMATIC,PETROL,0,77.9,NEW,2026-09-24
SUZUKI,FRONX,2026,1000,AUTOMATIC,HYBRID,0,110.75,NEW,2026-09-24
HONDA,VEZEL,2025,1500,AUTOMATIC,HYBRID,0,185.0,NEW,2026-09-24
MERCEDES-BENZ,CLA 180,2013,2200,AUTOMATIC,DIESEL,106800,159.0,USED,2026-09-24
TOYOTA,YARIS,2026,1000,AUTOMATIC,PETROL,0,113.9,NEW,2026-09-24
TOYOTA,RAIZE,2026,1200,AUTOMATIC,HYBRID,0,141.5,NEW,2026-09-24
HONDA,VEZEL,2026,1500,AUTOMATIC,HYBRID,0,204.5,NEW,2026-09-24
PEUGEOT,404,1969,2000,MANUAL,DIESEL,124457,6.2,USED,2026-09-24
TOYOTA,RAIZE,2026,1200,AUTOMATIC,HYBRID,0,146.5,NEW,2026-09-24
NISSAN,PULSAR,1996,1970,AUTOMATIC,DIESEL,133467,32.5,USED,2026-09-24
SUZUKI,WAGON R ZX,2026,650,AUTOMATIC,HYBRID,0,91.75,NEW,2026-09-25
MERCEDES-BENZ,GLB,2025,1400,AUTOMATIC,PETROL,0,382.0,NEW,2026-09-24
HONDA,FIT,2015,1500,AUTOMATIC,HYBRID,133000,79.5,USED,2026-09-24
HONDA,VEZEL,2026,1500,TIPTRONIC,HYBRID,0,189.9,NEW,2026-09-20
HONDA,FIT,2014,1500,AUTOMATIC,HYBRID,88000,80.0,USED,2026-09-26
SUZUKI,WAGON R,2026,660,AUTOMATIC,PETROL,4,82.75,NEW,2026-09-24
MICRO,REXTON,2016,2000,AUTOMATIC,DIESEL,160000,98.75,USED,2026-09-24
TOYOTA,COROLLA,1991,1300,MANUAL,PETROL,200000,19.85,USED,2026-09-24
NISSAN,MARCH,2004,1300,AUTOMATIC,PETROL,180000,34.85,USED,2026-09-24
TOYOTA,VITZ,2019,1000,AUTOMATIC,PETROL,55500,89.5,USED,2026-09-26
NISSAN,SUNNY,2019,1500,AUTOMATIC,PETROL,82000,59.5,USED,2026-09-24
NISSAN,DAYZ,2025,660,AUTOMATIC,PETROL,600,89.5,NEW,2026-09-24
DAIHATSU,MIRA,2025,660,AUTOMATIC,PETROL,700,70.5,NEW,2026-09-24
TOYOTA,VITZ,2016,990,AUTOMATIC,PETROL,87000,78.0,USED,2026-09-26
BMW,318I,2018,1500,AUTOMATIC,PETROL,28000,198.0,USED,2026-09-27
SUZUKI,WAGON R,2024,660,AUTOMATIC,PETROL,5000,76.9,USED,2026-09-24
TOYOTA,RAIZE,2026,1200,AUTOMATIC,HYBRID,300,147.0,NEW,2026-09-24
DAIHATSU,MIRA,2026,650,AUTOMATIC,PETROL,0,66.5,NEW,2026-09-24
TOYOTA,WIGO,2017,1000,AUTOMATIC,PETROL,88000,64.9,USED,2026-09-24
TOYOTA,CARINA,1998,1500,AUTOMATIC,PETROL,165000,52.5,USED,2026-09-24
AUDI,A5,2019,1400,AUTOMATIC,PETROL,36800,199.5,USED,2026-09-24
TOYOTA,ALLION,2008,1500,AUTOMATIC,PETROL,225000,84.0,USED,2026-09-25
NISSAN,X-TRAIL,2016,2000,AUTOMATIC,HYBRID,170000,92.75,USED,2026-09-24
KIA,SORENTO,2012,2200,AUTOMATIC,DIESEL,180000,98.0,USED,2026-09-24
TOYOTA,YARIS,2025,1000,AUTOMATIC,PETROL,8443,104.0,USED,2026-09-26
TOYOTA,RAIZE,2026,1500,AUTOMATIC,HYBRID,0,133.95,NEW,2026-09-24
TOYOTA,RAIZE,2023,1200,AUTOMATIC,HYBRID,10000,136.0,USED,2026-09-26
TOYOTA,RAIZE,2025,1000,AUTOMATIC,PETROL,11500,125.0,USED,2026-09-24
HONDA,VEZEL,2026,1500,AUTOMATIC,HYBRID,0,182.5,NEW,2026-09-25
HONDA,VEZEL,2026,1500,AUTOMATIC,HYBRID,0,196.25,NEW,2026-09-24
HONDA,VEZEL,2026,1500,AUTOMATIC,HYBRID,0,197.5,NEW,2026-09-24
HONDA,VEZEL,2026,1500,AUTOMATIC,HYBRID,0,183.75,NEW,2026-09-25
DAIHATSU,MIRA,2025,650,AUTOMATIC,PETROL,6000,63.0,USED,2026-09-24
TOYOTA,RAIZE,2026,1200,AUTOMATIC,HYBRID,0,133.5,NEW,2026-09-24
TOYOTA,PRIUS,2014,1800,AUTOMATIC,HYBRID,167500,129.9,USED,2026-09-24
TOYOTA,VITZ,2019,1000,AUTOMATIC,PETROL,77000,89.0,USED,2026-09-24
TOYOTA,VITZ,2015,1000,AUTOMATIC,PETROL,180000,70.0,USED,2026-09-24
NISSAN,X-TRAIL,2015,2000,AUTOMATIC,HYBRID,186000,92.0,USED,2026-09-24
LAND-ROVER,RANGE ROVER SPORT,2018,2000,AUTOMATIC,DIESEL,135000,360.0,USED,2026-09-24
TOYOTA,COROLLA,2012,1600,MANUAL,PETROL,89000,78.9,USED,2026-09-24
TATA,NANO,2015,650,MANUAL,PETROL,120000,21.9,USED,2026-09-25
SUZUKI,MARUTI,2011,800,MANUAL,PETROL,123000,23.5,USED,2026-09-24
OPEL,ASTRA,2002,1200,AUTOMATIC,PETROL,120000,22.9,USED,2026-09-24
MITSUBISHI,LANCER,2013,1600,AUTOMATIC,PETROL,65000,87.5,USED,2026-09-24
MAZDA,6,2014,2500,AUTOMATIC,PETROL,130000,106.5,USED,2026-09-24
SUZUKI,ALTO,2021,800,MANUAL,PETROL,140000,40.9,USED,2026-09-24
KIA,SORENTO,2012,2200,AUTOMATIC,DIESEL,121000,102.0,USED,2026-09-24
RENAULT,KWID,2016,800,MANUAL,PETROL,117000,38.4,USED,2026-09-24
TOYOTA,PRIUS,2007,1500,AUTOMATIC,HYBRID,139000,62.5,USED,2026-09-24
NISSAN,DAYZ,2017,660,AUTOMATIC,PETROL,83000,60.5,USED,2026-09-24
TOYOTA,RAIZE,2026,1200,AUTOMATIC,HYBRID,5,134.95,USED,2026-09-24
TOYOTA,AQUA,2026,1500,AUTOMATIC,HYBRID,0,154.0,NEW,2026-09-24
TOYOTA,RAIZE,2025,1000,AUTOMATIC,PETROL,19000,114.75,USED,2026-09-23
SUZUKI,BALENO,2018,1200,AUTOMATIC,PETROL,83000,74.0,USED,2026-09-23
SUZUKI,WAGON R,2018,660,AUTOMATIC,HYBRID,88000,72.0,USED,2026-09-23
NISSAN,DAYZ,2024,660,AUTOMATIC,HYBRID,12000,84.75,USED,2026-09-23
SUZUKI,WAGON R,2014,660,AUTOMATIC,PETROL,91000,60.5,USED,2026-09-23
TOYOTA,CHR,2017,1200,AUTOMATIC,PETROL,85000,124.75,USED,2026-09-23
SSANG YONG,REXTON,2016,2000,AUTOMATIC,DIESEL,116000,114.75,USED,2026-09-23
MG,ZS,2021,1000,AUTOMATIC,PETROL,11000,101.0,USED,2026-09-23
MERCEDES-BENZ,GLA 200,2015,1600,AUTOMATIC,PETROL,94360,125.0,USED,2026-09-26
TOYOTA,CORONA,1984,1500,MANUAL,PETROL,24563,9.5,USED,2026-09-23
HONDA,GRACE,2015,1500,AUTOMATIC,HYBRID,152000,94.0,USED,2026-09-23
TOYOTA,YARIS,2024,1000,AUTOMATIC,PETROL,3000,101.5,USED,2026-09-23
TOYOTA,VITZ,2012,1000,AUTOMATIC,PETROL,135000,57.5,USED,2026-09-23
TOYOTA,RAIZE,2024,1200,AUTOMATIC,HYBRID,8000,132.0,USED,2026-09-23
SUZUKI,EVERY,2025,660,AUTOMATIC,PETROL,0,87.5,NEW,2026-09-23
HYUNDAI,ACCENT,2000,1500,MANUAL,PETROL,50000,23.0,USED,2026-09-23
TOYOTA,RAIZE,2025,1200,AUTOMATIC,HYBRID,13000,133.0,USED,2026-09-24
TOYOTA,AQUA,2014,1490,AUTOMATIC,HYBRID,134000,79.9,USED,2026-09-23
BAJAJ,QUTE,2018,216,MANUAL,PETROL,25000,13.1,USED,2026-09-24
NISSAN,SUNNY,1997,2000,AUTOMATIC,DIESEL,5000,25.5,USED,2026-09-23
BAJAJ,QUTE,2018,216,MANUAL,PETROL,36000,13.5,USED,2026-09-23
SUZUKI,EVERY,2026,660,AUTOMATIC,PETROL,0,100.0,NEW,2026-09-23
TOYOTA,ALLION,2011,1500,AUTOMATIC,PETROL,115000,98.9,USED,2026-09-23
SUZUKI,WAGON R STINGRAY,2018,650,AUTOMATIC,HYBRID,85000,75.0,USED,2026-09-23
HONDA,ACCORD,2015,2000,AUTOMATIC,HYBRID,255000,122.5,USED,2026-09-23
NISSAN,SUNNY,2003,1500,AUTOMATIC,PETROL,115000,49.75,USED,2026-09-23
FORD,RAPTOR RANGER,2025,3000,AUTOMATIC,PETROL,18000,320.0,USED,2026-09-23
AUDI,A3,2020,1400,TIPTRONIC,PETROL,80000,128.0,USED,2026-09-23
SUZUKI,BALENO,2016,1000,TIPTRONIC,PETROL,75800,72.5,USED,2026-09-23
SUZUKI,SWIFT,2017,1240,TIPTRONIC,PETROL,103600,78.5,USED,2026-09-27
HONDA,VEZEL,2026,1500,AUTOMATIC,HYBRID,0,187.75,NEW,2026-09-23
HONDA,VEZEL,2026,1500,TIPTRONIC,HYBRID,0,184.9,NEW,2026-09-23
TOYOTA,CHR,2017,1200,AUTOMATIC,PETROL,110360,136.0,USED,2026-09-23
MERCEDES-BENZ,CLA 200,2019,1332,AUTOMATIC,PETROL,69000,190.0,USED,2026-09-25
HONDA,CIVIC,1995,1500,MANUAL,PETROL,300000,38.5,USED,2026-09-23
TOYOTA,VITZ,2017,1000,AUTOMATIC,PETROL,45000,77.0,USED,2026-09-24
HONDA,VEZEL,2026,1490,AUTOMATIC,HYBRID,0,187.95,NEW,2026-09-23
TOYOTA,RAIZE,2026,1200,AUTOMATIC,HYBRID,0,136.0,NEW,2026-09-23
SUZUKI,WAGON R,2026,660,AUTOMATIC,PETROL,0,79.48,NEW,2026-09-23
TOYOTA,COROLLA,1986,1300,MANUAL,PETROL,85000,10.5,USED,2026-09-23
HONDA,VEZEL,2026,1500,AUTOMATIC,HYBRID,5000,182.75,USED,2026-09-23
HONDA,VEZEL,2026,1500,AUTOMATIC,HYBRID,0,187.35,NEW,2026-09-23
SUZUKI,WAGON R FX,2018,650,AUTOMATIC,HYBRID,108452,62.9,USED,2026-09-23
TOYOTA,ROOMY,2025,1000,AUTOMATIC,PETROL,5000,115.0,USED,2026-09-23
LAND-ROVER,RANGE ROVER VELAR,2024,2000,AUTOMATIC,HYBRID,2400,765.55,USED,2026-09-23
SUZUKI,WAGON R,2025,660,AUTOMATIC,PETROL,3000,76.0,USED,2026-09-23
MITSUBISHI,DELICA,2025,1200,AUTOMATIC,HYBRID,14000,127.0,USED,2026-09-23
HONDA,VEZEL,2026,1490,AUTOMATIC,HYBRID,0,194.5,NEW,2026-09-23
HONDA,VEZEL,2024,1490,AUTOMATIC,HYBRID,35000,179.5,USED,2026-09-23
MICRO,PANDA,2014,1000,MANUAL,PETROL,108000,31.0,USED,2026-09-24
TOYOTA,ROOMY,2025,1000,AUTOMATIC,PETROL,3000,110.0,USED,2026-09-23
HONDA,VEZEL,2026,1490,AUTOMATIC,HYBRID,0,194.5,NEW,2026-09-23
SUZUKI,WAGON R,2025,660,AUTOMATIC,PETROL,3000,76.5,USED,2026-09-23
DAIHATSU,MIRA,2025,650,AUTOMATIC,PETROL,8,67.9,NEW,2026-09-23
HONDA,FIT,2014,1500,AUTOMATIC,HYBRID,118000,79.9,USED,2026-09-23
HONDA,VEZEL,2026,1490,AUTOMATIC,HYBRID,0,204.5,NEW,2026-09-23
TOYOTA,PREMIO,2007,1500,AUTOMATIC,PETROL,182500,86.9,USED,2026-09-27
KIA,SEPHIA,2000,1500,AUTOMATIC,PETROL,123456,23.95,USED,2026-09-23
TOYOTA,HILUX,2020,2800,TIPTRONIC,DIESEL,87000,208.0,USED,2026-09-23
HONDA,VEZEL,2026,1490,AUTOMATIC,HYBRID,0,204.5,NEW,2026-09-23
TOYOTA,VITZ,2016,990,AUTOMATIC,PETROL,86000,81.0,USED,2026-09-23
TOYOTA,COROLLA,2024,1800,AUTOMATIC,HYBRID,30000,242.0,USED,2026-09-23
NISSAN,SYLPHY,2005,1500,MANUAL,PETROL,190000,49.75,USED,2026-09-23
HONDA,VEZEL,2025,1490,AUTOMATIC,HYBRID,0,199.5,NEW,2026-09-23
KIA,SPORTAGE,2013,2000,AUTOMATIC,DIESEL,215000,99.8,USED,2026-09-23
SUZUKI,WAGON R,2026,660,AUTOMATIC,HYBRID,0,90.0,NEW,2026-09-26
HONDA,VEZEL,2025,1490,AUTOMATIC,HYBRID,0,199.5,NEW,2026-09-23
HONDA,VEZEL,2025,1490,AUTOMATIC,HYBRID,0,199.5,NEW,2026-09-23
MARUTI SUZUKI,800,2002,796,MANUAL,PETROL,99000,18.75,USED,2026-09-23
MARUTI SUZUKI,ALTO,2014,796,MANUAL,PETROL,90648,41.9,USED,2026-09-23
HONDA,VEZEL,2024,650,AUTOMATIC,HYBRID,15000,193.5,USED,2026-09-23
NISSAN,DAYZ,2025,650,AUTOMATIC,PETROL,4211,82.75,USED,2026-09-23
NISSAN,DAYZ,2024,650,AUTOMATIC,PETROL,2574,74.75,USED,2026-09-23
TOYOTA,PREMIO,2011,1500,AUTOMATIC,PETROL,202000,95.0,USED,2026-09-23
HONDA,VEZEL,2024,1490,AUTOMATIC,HYBRID,21000,184.5,USED,2026-09-23
HONDA,VEZEL,2025,1496,AUTOMATIC,PETROL,3697,181.4,USED,2026-09-23
SUZUKI,WAGON R STINGRAY,2014,660,AUTOMATIC,PETROL,85541,58.5,USED,2026-09-26
MERCEDES-BENZ,C200,2018,1500,TIPTRONIC,PETROL,80000,220.0,USED,2026-08-31
TOYOTA,RAIZE,2025,1200,AUTOMATIC,PETROL,230,143.2,NEW,2026-09-24
TOYOTA,RAIZE,2025,1200,AUTOMATIC,HYBRID,5000,135.5,USED,2026-09-23
HONDA,VEZEL,2024,1490,AUTOMATIC,HYBRID,16000,184.5,USED,2026-09-23
SUZUKI,WAGON R,2025,660,AUTOMATIC,PETROL,4000,88.5,USED,2026-09-26
SUZUKI,WAGON R,2024,660,AUTOMATIC,HYBRID,17500,75.95,USED,2026-09-23
SUZUKI,WAGON R ZX,2026,650,AUTOMATIC,HYBRID,0,91.25,NEW,2026-09-23
TOYOTA,VITZ,2019,1000,AUTOMATIC,PETROL,114000,88.95,USED,2026-09-23
TOYOTA,RAIZE,2026,1200,AUTOMATIC,PETROL,230,141.9,NEW,2026-09-24
KIA,SONET,2025,1000,AUTOMATIC,PETROL,15000,110.5,USED,2026-09-23
HONDA,VEZEL,2014,1500,AUTOMATIC,HYBRID,188000,86.25,USED,2026-09-23
BMW,X1,2011,2200,AUTOMATIC,DIESEL,167000,94.75,USED,2026-09-23
TOYOTA,AXIO,2015,1500,AUTOMATIC,HYBRID,118800,89.0,USED,2026-09-23
TOYOTA,LAND CRUISER PRADO,2023,2700,AUTOMATIC,PETROL,37000,498.5,USED,2026-09-23
SUZUKI,EVERY,2024,650,AUTOMATIC,PETROL,9800,96.5,USED,2026-09-23
SUZUKI,WAGON R ZX,2026,650,AUTOMATIC,HYBRID,10,917.5,NEW,2026-09-23
VOLKSWAGEN,PASSAT,2007,1600,AUTOMATIC,PETROL,155000,59.9,USED,2026-09-23
TOYOTA,AXIO,2010,1500,AUTOMATIC,PETROL,160000,73.0,USED,2026-09-23
SUZUKI,WAGON R ZX,2026,660,AUTOMATIC,HYBRID,0,93.0,NEW,2026-09-23
TATA,INDICA,2005,1390,MANUAL,PETROL,135000,19.5,USED,2026-09-23
TOYOTA,ROOMY,2023,1000,AUTOMATIC,PETROL,13000,91.9,USED,2026-09-26
TOYOTA,ROOMY,2023,1000,AUTOMATIC,PETROL,12000,88.9,USED,2026-09-26
HYUNDAI,ACCENT,2001,1500,AUTOMATIC,PETROL,150000,26.5,USED,2026-09-16
TOYOTA,YARIS,2026,1000,AUTOMATIC,PETROL,10,114.75,NEW,2026-09-23
TOYOTA,RAIZE,2026,1200,AUTOMATIC,HYBRID,10,139.5,NEW,2026-09-23
TOYOTA,PRIUS,2012,1800,AUTOMATIC,HYBRID,285000,110.0,USED,2026-09-25
VOLVO,S80,1999,2000,AUTOMATIC,PETROL,274000,28.0,USED,2026-09-27
AUDI,A5,2025,2000,AUTOMATIC,PETROL,5000,450.0,USED,2026-09-23
TOYOTA,RAIZE,2026,1200,AUTOMATIC,HYBRID,10,139.5,NEW,2026-09-23
HYUNDAI,EON,2015,814,MANUAL,PETROL,85000,43.5,USED,2026-09-23
HONDA,INSIGHT,2018,1500,AUTOMATIC,HYBRID,140000,159.5,USED,2026-09-23
BMW,318I,2016,1500,AUTOMATIC,PETROL,58000,167.95,USED,2026-09-23
PERODUA,VIVA ELITE,2011,1000,AUTOMATIC,PETROL,133000,46.5,USED,2026-09-23
SUZUKI,BALENO,2018,1000,AUTOMATIC,PETROL,136000,72.0,USED,2026-09-23
DAIHATSU,MIRA,2024,650,AUTOMATIC,PETROL,20000,64.5,USED,2026-09-24
NISSAN,DAYZ,2024,660,AUTOMATIC,PETROL,13000,79.5,USED,2026-09-23
SUZUKI,WAGON R,2024,650,AUTOMATIC,PETROL,8500,77.5,USED,2026-09-24
SUZUKI,ALTO,2024,650,AUTOMATIC,PETROL,12500,66.5,USED,2026-09-24
MAZDA,RX,2004,2000,MANUAL,PETROL,82826,52.0,USED,2026-09-23
AUDI,A1,2017,1000,AUTOMATIC,PETROL,64000,87.5,USED,2026-09-23
MITSUBISHI,EK WAGON,2025,650,AUTOMATIC,PETROL,1200,74.75,USED,2026-09-23
NISSAN,NAVARA,2008,2500,MANUAL,DIESEL,133225,75.0,USED,2026-09-23
HONDA,N-BOX,2024,650,AUTOMATIC,PETROL,59000,76.5,USED,2026-09-23
SUZUKI,ALTO,2023,650,AUTOMATIC,PETROL,8500,65.0,USED,2026-09-23
TOYOTA,ROOMY,2023,650,AUTOMATIC,PETROL,92000,83.0,USED,2026-09-23
NISSAN,ROOX,2024,650,AUTOMATIC,PETROL,45000,79.5,USED,2026-09-23
SUZUKI,WAGON R,2025,650,AUTOMATIC,PETROL,2000,77.0,USED,2026-09-23
HONDA,N WGN,2023,650,AUTOMATIC,PETROL,50000,72.9,USED,2026-09-23
DAIHATSU,BOON,2023,1000,AUTOMATIC,PETROL,19000,82.75,USED,2026-09-23
SUZUKI,WAGON R,2014,658,AUTOMATIC,PETROL,179642,60.0,USED,2026-09-26
DAIHATSU,TAFT,2025,650,AUTOMATIC,PETROL,8500,78.75,USED,2026-09-23
BMW,520D,2013,2000,AUTOMATIC,DIESEL,130000,186.5,USED,2026-09-23
TOYOTA,RAIZE,2025,1000,AUTOMATIC,PETROL,3280,124.9,USED,2026-09-23
KIA,PICANTO,2016,998,AUTOMATIC,PETROL,92590,54.9,USED,2026-09-23
SUZUKI,ALTO,2024,650,AUTOMATIC,PETROL,8500,66.5,USED,2026-09-23
HONDA,VEZEL,2026,1500,AUTOMATIC,HYBRID,0,193.0,NEW,2026-09-23
TOYOTA,LAND CRUISER,2005,4900,AUTOMATIC,PETROL,212000,198.0,USED,2026-09-23
MITSUBISHI,EK WAGON,2018,650,AUTOMATIC,PETROL,26693,64.75,USED,2026-09-23
SUZUKI,XBEE,2018,990,AUTOMATIC,PETROL,133794,78.5,USED,2026-09-23
TOYOTA,TAISOR,2026,1000,AUTOMATIC,PETROL,0,110.0,NEW,2026-09-26
SUZUKI,ALTO,2018,796,MANUAL,PETROL,86000,45.0,USED,2026-09-23
SUZUKI,WAGON R,2026,650,AUTOMATIC,PETROL,0,82.5,NEW,2026-09-23
SUZUKI,WAGON R FX,2025,650,AUTOMATIC,PETROL,13000,74.5,USED,2026-09-23
SUZUKI,WAGON R FX,2025,650,AUTOMATIC,PETROL,11000,74.5,USED,2026-09-23
SUZUKI,WAGON R FX,2024,650,AUTOMATIC,PETROL,10000,74.5,USED,2026-09-23
SUZUKI,WAGON R FX,2024,650,AUTOMATIC,PETROL,10000,74.5,USED,2026-09-23
SUZUKI,WAGON R ZX,2026,650,AUTOMATIC,HYBRID,0,91.25,NEW,2026-09-23
SUZUKI,WAGON R ZX,2026,650,AUTOMATIC,HYBRID,0,91.25,NEW,2026-09-23
HONDA,VEZEL,2024,1500,AUTOMATIC,HYBRID,30000,182.0,USED,2026-09-23
SUZUKI,WAGON R,2024,660,AUTOMATIC,PETROL,5000,74.9,USED,2026-09-23
NISSAN,MARCH,1995,1300,AUTOMATIC,PETROL,10000,24.5,USED,2026-09-23
SUZUKI,ALTO,2024,660,AUTOMATIC,PETROL,15000,63.95,USED,2026-09-23
MAHINDRA,KUV 100,2021,1200,AUTOMATIC,DIESEL,191000,54.0,USED,2026-09-23
SUZUKI,WAGON R,2024,660,AUTOMATIC,PETROL,5000,74.9,USED,2026-09-23
SUZUKI,WAGON R,2025,660,AUTOMATIC,PETROL,2000,76.9,USED,2026-09-23
TOYOTA,RAIZE,2026,1000,AUTOMATIC,PETROL,0,130.9,NEW,2026-09-23
DAIHATSU,MIRA,2025,660,AUTOMATIC,PETROL,0,70.5,NEW,2026-09-23
TOYOTA,COROLLA,2024,1800,AUTOMATIC,HYBRID,30000,265.0,USED,2026-09-23
SUZUKI,EVERY,2025,650,AUTOMATIC,PETROL,0,99.5,NEW,2026-09-23
SUZUKI,WAGON R ZX,2026,650,AUTOMATIC,HYBRID,10,94.0,NEW,2026-09-23
MITSUBISHI,PAJERO,2012,3200,TIPTRONIC,DIESEL,144000,220.0,USED,2026-09-27
SUZUKI,EVERY,2025,650,AUTOMATIC,PETROL,8000,98.5,USED,2026-09-23
SUZUKI,EVERY,2026,650,AUTOMATIC,PETROL,0,101.0,NEW,2026-09-23
TOYOTA,RAIZE,2026,1000,AUTOMATIC,PETROL,269,129.0,NEW,2026-09-23
SUZUKI,EVERY,2025,650,AUTOMATIC,PETROL,0,102.0,NEW,2026-09-23
SUZUKI,EVERY,2025,650,AUTOMATIC,PETROL,0,79.75,NEW,2026-09-23
AUDI,A1,2017,1000,AUTOMATIC,PETROL,77000,86.0,USED,2026-09-23
PEUGEOT,2008,2019,1200,AUTOMATIC,PETROL,69000,105.0,USED,2026-09-24
SUZUKI,EVERY,2024,650,AUTOMATIC,PETROL,7000,79.75,USED,2026-09-23
PEUGEOT,3008,2018,1200,AUTOMATIC,PETROL,103248,115.0,USED,2026-09-23
TOYOTA,LAND CRUISER,2026,2700,AUTOMATIC,HYBRID,0,585.0,NEW,2026-09-23
MERCEDES-BENZ,C200,2019,1500,AUTOMATIC,PETROL,85000,227.5,USED,2026-09-23
NISSAN,SUNNY,2004,1265,AUTOMATIC,PETROL,125563,45.0,USED,2026-09-25
NISSAN,ROOX,2026,660,AUTOMATIC,PETROL,0,104.9,NEW,2026-09-23
TOYOTA,ROOMY,2023,1000,AUTOMATIC,PETROL,17000,89.9,USED,2026-09-23
TOYOTA,ROOMY,2025,1000,AUTOMATIC,PETROL,20000,110.0,USED,2026-09-22
KIA,SONET,2026,1000,AUTOMATIC,PETROL,0,119.0,NEW,2026-09-23
TOYOTA,RAIZE,2026,1200,AUTOMATIC,HYBRID,17,150.0,NEW,2026-09-23
SUZUKI,ALTO,2025,660,AUTOMATIC,PETROL,2000,68.9,USED,2026-09-23
HONDA,VEZEL,2026,1500,AUTOMATIC,HYBRID,0,202.0,NEW,2026-09-23
TOYOTA,RAIZE,2026,1200,AUTOMATIC,HYBRID,15,148.5,NEW,2026-09-23
NISSAN,ROOX,2024,660,AUTOMATIC,PETROL,2500,89.45,USED,2026-09-23
HONDA,VEZEL,2026,1500,AUTOMATIC,HYBRID,0,200.0,NEW,2026-09-23
DAIHATSU,ROCKY,2026,1200,AUTOMATIC,HYBRID,16,141.0,NEW,2026-09-23
DAIHATSU,MIRA,2026,650,AUTOMATIC,PETROL,0,71.75,NEW,2026-09-23
NISSAN,DAYZ,2024,660,AUTOMATIC,PETROL,18000,86.9,USED,2026-09-23
HONDA,VEZEL,2026,1500,AUTOMATIC,HYBRID,0,186.0,NEW,2026-09-23
DAIHATSU,MIRA,2026,650,AUTOMATIC,PETROL,0,75.5,NEW,2026-09-23
HONDA,CRV,2025,1500,AUTOMATIC,PETROL,0,282.0,NEW,2026-09-23
TOYOTA,ROOMY,2023,1000,AUTOMATIC,PETROL,5000,93.5,USED,2026-09-23
HONDA,VEZEL,2026,1500,AUTOMATIC,HYBRID,0,178.0,NEW,2026-09-23
VOLKSWAGEN,POLO,2023,1000,AUTOMATIC,PETROL,17000,112.9,USED,2026-09-23
HONDA,VEZEL,2026,1500,AUTOMATIC,PETROL,0,207.9,NEW,2026-09-23
HONDA,VEZEL,2026,1500,AUTOMATIC,HYBRID,6,206.5,NEW,2026-09-23
DAIHATSU,MIRA,2026,1000,AUTOMATIC,PETROL,0,67.0,NEW,2026-09-23
DAIHATSU,MIRA,2026,1000,AUTOMATIC,PETROL,0,71.0,NEW,2026-09-23
DAIHATSU,MIRA,2026,660,AUTOMATIC,PETROL,0,76.0,NEW,2026-09-23
TOYOTA,VITZ,2019,1000,AUTOMATIC,PETROL,63000,87.5,USED,2026-09-23
SUZUKI,EVERY,2026,660,AUTOMATIC,PETROL,0,92.45,NEW,2026-09-23
KIA,SONET,2026,1000,AUTOMATIC,PETROL,0,118.0,NEW,2026-09-23
SUZUKI,EVERY,2026,650,AUTOMATIC,PETROL,0,91.5,NEW,2026-09-23
KIA,SYROS,2026,1000,AUTOMATIC,PETROL,0,125.0,NEW,2026-09-23
TOYOTA,TAISOR,2026,1000,AUTOMATIC,PETROL,0,113.0,NEW,2026-09-23
TOYOTA,TAISOR,2026,1000,AUTOMATIC,PETROL,0,109.0,NEW,2026-09-23
PERODUA,VIVA ELITE,2014,850,MANUAL,PETROL,98500,46.9,USED,2026-09-23
TOYOTA,RAIZE,2025,1000,AUTOMATIC,PETROL,8500,126.0,USED,2026-09-23
TOYOTA,HILUX,2009,2500,MANUAL,DIESEL,136000,85.5,USED,2026-09-23
SUZUKI,FRONX,2026,1000,AUTOMATIC,PETROL,0,108.0,NEW,2026-09-23
SUZUKI,FRONX,2026,1000,AUTOMATIC,PETROL,0,107.0,NEW,2026-09-23
SUZUKI,FRONX,2026,1000,AUTOMATIC,PETROL,0,112.5,NEW,2026-09-23
BMW,530E,2018,1998,AUTOMATIC,HYBRID,120321,245.0,USED,2026-09-23
TOYOTA,RAIZE,2026,1000,AUTOMATIC,PETROL,0,122.5,NEW,2026-09-23
SUZUKI,EVERY,2026,650,AUTOMATIC,PETROL,0,106.75,NEW,2026-09-23
TOYOTA,AXIO,2016,1500,AUTOMATIC,HYBRID,143000,124.0,USED,2026-09-23
KIA,SYROS,2026,1000,AUTOMATIC,PETROL,0,125.0,NEW,2026-09-23
TOYOTA,RAIZE,2025,1000,AUTOMATIC,PETROL,3000,126.5,USED,2026-09-23
SUZUKI,WAGON R,2005,1100,AUTOMATIC,PETROL,92000,35.75,USED,2026-09-23
HYUNDAI,ACCENT,2000,1300,MANUAL,PETROL,272000,25.8,USED,2026-09-23
TOYOTA,VITZ,2008,1300,AUTOMATIC,PETROL,146000,57.6,USED,2026-09-23
TOYOTA,ROOMY,2022,1000,AUTOMATIC,PETROL,33000,93.0,USED,2026-09-23
TOYOTA,LAND CRUISER PRADO,2015,2700,AUTOMATIC,PETROL,97000,365.0,USED,2026-09-23
SUZUKI,WAGON R FX,2024,650,AUTOMATIC,HYBRID,8000,85.5,USED,2026-09-25
HONDA,VEZEL,2024,1500,AUTOMATIC,PETROL,43000,158.95,USED,2026-09-23
KIA,SORENTO,2012,2200,AUTOMATIC,DIESEL,175000,104.5,USED,2026-09-23
NISSAN,ROOX,2024,650,AUTOMATIC,HYBRID,9000,79.5,USED,2026-09-23
NISSAN,SERENA,2024,1000,AUTOMATIC,HYBRID,2000,219.0,USED,2026-09-22
SUZUKI,ALTO,2014,800,MANUAL,PETROL,79000,41.75,USED,2026-09-23
TOYOTA,RAIZE,2026,1200,AUTOMATIC,HYBRID,0,140.0,NEW,2026-09-23
TOYOTA,YARIS,2023,1000,AUTOMATIC,PETROL,31000,96.5,USED,2026-09-23
TOYOTA,FIELDER,2024,1500,AUTOMATIC,HYBRID,49000,160.0,USED,2026-09-23
TOYOTA,RAIZE,2026,1200,AUTOMATIC,HYBRID,0,140.9,NEW,2026-09-23
TOYOTA,URBAN CRUISER,2026,1000,AUTOMATIC,PETROL,0,108.75,NEW,2026-09-25
SUZUKI,WAGON R STINGRAY,2018,650,AUTOMATIC,PETROL,177000,71.0,USED,2026-09-23
TOYOTA,ROOMY,2023,1000,AUTOMATIC,PETROL,11000,99.5,USED,2026-09-23
SUZUKI,SPACIA,2024,650,AUTOMATIC,PETROL,7270,98.25,USED,2026-09-24
SUZUKI,FRONX,2026,1000,AUTOMATIC,PETROL,0,112.5,NEW,2026-09-23
NISSAN,MAGNITE,2026,1000,AUTOMATIC,PETROL,1,93.5,NEW,2026-09-23
TOYOTA,COROLLA,2025,1500,AUTOMATIC,PETROL,24000,185.0,USED,2026-09-23
TOYOTA,PASSO,2010,1000,AUTOMATIC,PETROL,109297,58.65,USED,2026-09-23
TOYOTA,HARRIER,2017,1980,AUTOMATIC,PETROL,163327,195.0,USED,2026-09-23
SUZUKI,FRONX,2026,1000,AUTOMATIC,PETROL,0,112.5,NEW,2026-09-23
TOYOTA,HILUX,2010,3000,MANUAL,DIESEL,164913,95.75,USED,2026-09-24
HONDA,VEZEL,2024,1500,AUTOMATIC,HYBRID,32000,168.75,USED,2026-09-23
MITSUBISHI,LANCER,1985,1400,MANUAL,PETROL,150000,10.0,USED,2026-09-23
PEUGEOT,307,2001,1500,MANUAL,PETROL,92000,34.95,USED,2026-09-23
SUZUKI,FRONX,2026,1000,AUTOMATIC,PETROL,0,109.0,NEW,2026-09-23
HONDA,CIVIC,2013,1500,AUTOMATIC,HYBRID,130000,85.0,USED,2026-09-22
TOYOTA,ROOMY,2024,1000,AUTOMATIC,PETROL,5800,109.8,NEW,2026-09-26
SUZUKI,ALTO,2015,800,MANUAL,PETROL,137000,41.0,USED,2026-09-26
TOYOTA,RAIZE,2025,1200,AUTOMATIC,HYBRID,19000,135.75,NEW,2026-09-26
SUZUKI,SWIFT,2017,1000,AUTOMATIC,PETROL,90000,84.5,USED,2026-09-26
HONDA,CRV,2018,1500,AUTOMATIC,PETROL,160000,148.0,USED,2026-09-26
TOYOTA,ROOMY,2024,990,AUTOMATIC,PETROL,12500,109.75,USED,2026-09-26
LAND-ROVER,RANGE ROVER SPORT,2018,2000,AUTOMATIC,HYBRID,70000,385.0,USED,2026-09-26
SUZUKI,WAGON R ZX,2025,650,AUTOMATIC,HYBRID,2200,90.0,USED,2026-09-26
TOYOTA,RAIZE,2020,1000,AUTOMATIC,PETROL,108000,107.5,USED,2026-09-26
MAHINDRA,KUV 100,2023,1200,AUTOMATIC,DIESEL,65000,63.9,USED,2026-09-26
SUZUKI,EVERY,2025,650,AUTOMATIC,PETROL,2500,76.75,USED,2026-09-26
SUZUKI,WAGON R,2025,660,AUTOMATIC,HYBRID,5075,89.5,USED,2026-09-26
SUZUKI,WAGON R FX,2024,650,AUTOMATIC,PETROL,4500,74.5,USED,2026-09-26
KIA,SPORTAGE,2013,2000,AUTOMATIC,DIESEL,135000,95.5,USED,2026-09-26
DAIHATSU,MIRA,2025,650,AUTOMATIC,PETROL,2900,69.5,USED,2026-09-26
FORD,FESTIVA,2000,1300,MANUAL,PETROL,85600,16.0,USED,2026-09-26
TOYOTA,COROLLA,1985,1500,MANUAL,PETROL,205000,15.0,USED,2026-09-26
KIA,SPORTAGE,2013,2000,AUTOMATIC,DIESEL,135000,95.5,USED,2026-09-26
TOYOTA,VITZ,2016,990,AUTOMATIC,PETROL,95000,77.5,USED,2026-09-26
SUZUKI,WAGON R,2019,1000,AUTOMATIC,PETROL,60640,55.75,USED,2026-09-26
HYUNDAI,SONATA,2001,2000,AUTOMATIC,PETROL,153000,23.5,USED,2026-09-26
SUZUKI,WAGON R STINGRAY,2014,650,AUTOMATIC,HYBRID,120000,58.5,NEW,2026-09-26
NISSAN,BLUEBIRD,1997,2000,MANUAL,PETROL,300000,27.5,USED,2026-09-26
MERCEDES-BENZ,GLB,2025,1300,AUTOMATIC,PETROL,0,395.0,NEW,2026-09-26
NISSAN,MARCH,2002,1240,AUTOMATIC,PETROL,148000,33.5,USED,2026-09-26
TOYOTA,YARIS,2024,1000,AUTOMATIC,PETROL,30000,90.0,USED,2026-09-26
DAIHATSU,CHARADE,1994,1490,AUTOMATIC,PETROL,126696,23.95,USED,2026-09-26
SUZUKI,BALENO,2017,1200,AUTOMATIC,PETROL,150000,66.75,USED,2026-09-26
TOYOTA,COROLLA,2000,2000,AUTOMATIC,DIESEL,413500,34.5,USED,2026-09-26
TOYOTA,RAIZE,2024,990,AUTOMATIC,PETROL,11000,114.0,USED,2026-09-26
LAND-ROVER,RANGE ROVER EVOQUE,2025,2000,AUTOMATIC,PETROL,3000,460.0,USED,2026-09-26
TOYOTA,VITZ,2018,1496,AUTOMATIC,PETROL,53333,84.5,USED,2026-09-26
TOYOTA,LAND CRUISER SAHARA,2018,4500,MANUAL,DIESEL,68400,375.0,USED,2026-09-26
TOYOTA,RAIZE,2024,1200,AUTOMATIC,HYBRID,10500,134.0,NEW,2026-09-26
TOYOTA,RAIZE,2025,990,AUTOMATIC,PETROL,13000,116.5,USED,2026-09-26
TOYOTA,RAIZE,2026,1190,AUTOMATIC,HYBRID,0,139.5,NEW,2026-09-26
TOYOTA,RAIZE,2026,1190,AUTOMATIC,HYBRID,0,139.5,NEW,2026-09-26
TOYOTA,LAND CRUISER PRADO,2011,3000,MANUAL,DIESEL,135000,250.0,USED,2026-09-26
LAND-ROVER,DISCOVERY,2014,3000,AUTOMATIC,DIESEL,185000,270.0,USED,2026-09-26
TOYOTA,RAIZE,2026,1200,AUTOMATIC,HYBRID,0,140.5,NEW,2026-09-26
TATA,INDICA,2015,1193,MANUAL,PETROL,62400,29.5,USED,2026-09-26
SUZUKI,WAGON R,2025,660,AUTOMATIC,PETROL,580,74.0,NEW,2026-09-26
KIA,RIO,2000,1500,AUTOMATIC,PETROL,165000,24.5,USED,2026-09-26
SUZUKI,WAGON R ZX,2026,660,AUTOMATIC,HYBRID,25,91.5,NEW,2026-09-26
MG,ZS,2026,1000,AUTOMATIC,PETROL,0,129.89,NEW,2026-09-26
TOYOTA,RAIZE,2025,1200,AUTOMATIC,HYBRID,6000,132.0,NEW,2026-09-26
TOYOTA,RAIZE,2026,1200,AUTOMATIC,HYBRID,20,139.5,NEW,2026-09-26
HONDA,VEZEL,2026,1500,AUTOMATIC,HYBRID,0,188.0,NEW,2026-09-26
BMW,X1,2016,1500,AUTOMATIC,PETROL,116000,142.0,USED,2026-09-26
TOYOTA,HILUX,2025,2800,AUTOMATIC,DIESEL,2000,250.0,USED,2026-09-26
SUZUKI,WAGON R ZX,2026,660,AUTOMATIC,HYBRID,0,92.25,NEW,2026-09-26
TOYOTA,ROOMY,2023,1000,AUTOMATIC,PETROL,8000,98.0,USED,2026-09-26
HONDA,CRV,2018,1500,AUTOMATIC,PETROL,180000,152.0,USED,2026-09-22
TOYOTA,AXIO,2015,1500,AUTOMATIC,HYBRID,182243,94.0,USED,2026-09-26
TOYOTA,AQUA,2015,1500,AUTOMATIC,HYBRID,148000,85.5,USED,2026-09-26
TOYOTA,CHR,2018,1200,AUTOMATIC,PETROL,118000,119.0,USED,2026-09-26
HONDA,FIT,2014,1490,AUTOMATIC,PETROL,150000,82.0,USED,2026-09-26
BMW,528I,2011,2000,TIPTRONIC,PETROL,161000,168.0,USED,2026-09-26
SUZUKI,EVERY,2025,650,AUTOMATIC,PETROL,10,99.0,NEW,2026-09-26
NISSAN,PATROL,2011,3000,AUTOMATIC,DIESEL,289000,228.0,USED,2026-09-26
MERCEDES-BENZ,A180,2019,1500,AUTOMATIC,PETROL,11657,200.0,USED,2026-09-26
TOYOTA,YARIS,2025,990,AUTOMATIC,PETROL,4000,99.0,USED,2026-09-26
TOYOTA,ALLION,2006,1500,AUTOMATIC,PETROL,143000,75.9,USED,2026-09-26
MICRO,PANDA,2015,1000,MANUAL,PETROL,103000,29.75,USED,2026-09-26
TOYOTA,YARIS CROSS,2026,1500,AUTOMATIC,HYBRID,0,179.9,NEW,2026-09-26
TOYOTA,AVANZA,2011,1300,MANUAL,PETROL,190000,65.5,USED,2026-09-26
TOYOTA,AXIO,2007,1500,AUTOMATIC,PETROL,134000,70.5,USED,2026-09-26
MITSUBISHI,EK WAGON,2016,650,AUTOMATIC,PETROL,110000,58.0,USED,2026-09-26
KIA,SONET,2023,1000,AUTOMATIC,PETROL,55,118.5,NEW,2026-09-26
HYUNDAI,GRAND I10,2015,1000,AUTOMATIC,PETROL,100630,52.0,USED,2026-09-20
TOYOTA,LAND CRUISER PRADO,2025,2700,TIPTRONIC,PETROL,1700,625.0,USED,2026-09-26
SUZUKI,BALENO,2019,1000,MANUAL,PETROL,131000,79.9,USED,2026-09-27
TOYOTA,YARIS,2025,1000,AUTOMATIC,PETROL,16000,93.0,USED,2026-09-26
TOYOTA,LAND CRUISER,2012,4500,AUTOMATIC,DIESEL,115000,480.0,USED,2026-09-26
KIA,SONET,2026,990,AUTOMATIC,PETROL,35,117.5,NEW,2026-09-26
MG,ZS,2026,1500,AUTOMATIC,HYBRID,0,184.0,NEW,2026-09-26
KIA,SONET,2026,990,AUTOMATIC,PETROL,25,117.5,NEW,2026-09-26
DAIHATSU,MIRA,2025,660,AUTOMATIC,PETROL,8000,69.0,USED,2026-09-26
DAIHATSU,MIRA,2026,660,AUTOMATIC,PETROL,0,77.5,NEW,2026-09-26
TOYOTA,LAND CRUISER SAHARA,2013,4500,AUTOMATIC,DIESEL,152000,465.0,USED,2026-09-26
BMW,X5,2016,2000,AUTOMATIC,HYBRID,75200,230.0,USED,2026-09-26
TOYOTA,RAIZE,2026,1200,TIPTRONIC,HYBRID,1,139.9,NEW,2026-09-26
TOYOTA,YARIS CROSS,2023,1500,AUTOMATIC,HYBRID,10300,155.0,USED,2026-09-26
TOYOTA,VITZ,2017,1000,AUTOMATIC,PETROL,72000,72.9,USED,2026-09-26
SUZUKI,ALTO,2017,660,AUTOMATIC,PETROL,22153,60.0,USED,2026-09-26
TOYOTA,YARIS,2023,1000,AUTOMATIC,PETROL,22000,102.75,USED,2026-09-26
KIA,SONET,2026,1000,AUTOMATIC,PETROL,3150,109.0,USED,2026-09-26
TOYOTA,LAND CRUISER SAHARA,2014,4500,AUTOMATIC,DIESEL,134000,535.0,USED,2026-09-26
HONDA,VEZEL,2026,1490,AUTOMATIC,HYBRID,0,204.5,NEW,2026-09-26
TOYOTA,RAIZE,2026,1200,AUTOMATIC,HYBRID,50,144.9,NEW,2026-09-26
TOYOTA,VITZ,2019,1000,AUTOMATIC,PETROL,80000,87.9,USED,2026-09-26
MITSUBISHI,OUTLANDER,2013,2000,AUTOMATIC,HYBRID,150000,109.0,USED,2026-09-26
VOLKSWAGEN,TAIGUN,2026,1000,AUTOMATIC,PETROL,0,128.5,NEW,2026-09-26
TOYOTA,TAISOR,2026,998,AUTOMATIC,PETROL,0,111.5,NEW,2026-09-26
LAND-ROVER,DEFENDER,2025,2000,AUTOMATIC,HYBRID,8000,889.0,USED,2026-09-26
TOYOTA,TAISOR,2026,998,AUTOMATIC,PETROL,0,111.5,NEW,2026-09-26
TOYOTA,RAIZE,2026,1190,AUTOMATIC,HYBRID,0,139.5,NEW,2026-09-26
LAND-ROVER,DEFENDER,2026,2000,AUTOMATIC,PETROL,0,779.0,NEW,2026-09-26
TOYOTA,LAND CRUISER PRADO,2015,3000,AUTOMATIC,DIESEL,98000,348.0,USED,2026-09-26
LAND-ROVER,DEFENDER,2026,2000,AUTOMATIC,PETROL,0,769.5,NEW,2026-09-26
MITSUBISHI,L200,2016,2500,AUTOMATIC,DIESEL,155000,165.0,USED,2026-09-26
LAND-ROVER,DEFENDER,2026,2000,AUTOMATIC,HYBRID,0,769.5,NEW,2026-09-26
TOYOTA,LAND CRUISER PRADO,2024,2800,AUTOMATIC,PETROL,1200,620.0,USED,2026-09-26
MERCEDES-BENZ,E200,2025,2000,AUTOMATIC,PETROL,5000,625.0,USED,2026-09-26
NISSAN,DAYZ,2024,660,AUTOMATIC,PETROL,0,77.5,NEW,2026-09-26
FORD,RANGER,2012,2500,MANUAL,DIESEL,160000,83.0,USED,2026-09-26
SUZUKI,FRONX,2026,1000,AUTOMATIC,PETROL,0,112.5,NEW,2026-09-26
NISSAN,SUNNY,1987,1500,MANUAL,PETROL,150000,22.0,USED,2026-09-26
TOYOTA,LAND CRUISER,2026,2700,AUTOMATIC,PETROL,0,595.0,NEW,2026-09-26
MG,HS HYBRID+,2026,1500,AUTOMATIC,HYBRID,0,197.65,NEW,2026-09-26
TOYOTA,RAIZE,2025,1000,AUTOMATIC,PETROL,20000,112.5,USED,2026-09-26
BAJAJ,QUTE,2020,200,MANUAL,PETROL,35000,14.5,USED,2026-09-26
MERCEDES-BENZ,E240,2002,2600,AUTOMATIC,PETROL,148000,69.5,USED,2026-09-26
BMW,740LE,2016,2000,AUTOMATIC,PETROL,94000,305.0,USED,2026-09-26
TOYOTA,TAISOR,2026,1000,AUTOMATIC,PETROL,0,114.0,NEW,2026-09-26
VOLKSWAGEN,T-CROSS,2024,1000,AUTOMATIC,PETROL,12000,136.5,USED,2026-09-26
NISSAN,MAGNITE,2025,999,AUTOMATIC,PETROL,12200,87.5,USED,2026-09-26
SUZUKI,ALTO,2024,650,TIPTRONIC,HYBRID,2500,70.0,USED,2026-09-26
TOYOTA,ROOMY,2023,1000,AUTOMATIC,PETROL,14000,94.999,USED,2026-09-26
HYUNDAI,VENUE,2026,1000,AUTOMATIC,PETROL,0,129.5,NEW,2026-09-26
HYUNDAI,VENUE,2026,1000,AUTOMATIC,PETROL,0,129.5,NEW,2026-09-26
HONDA,VEZEL,2026,1500,AUTOMATIC,HYBRID,0,204.0,NEW,2026-09-26
DAIHATSU,MIRA,2025,650,AUTOMATIC,PETROL,2000,66.25,NEW,2026-09-26
TOYOTA,YARIS,2024,1000,AUTOMATIC,PETROL,13000,98.5,USED,2026-09-26
TOYOTA,AXIO,2007,1500,AUTOMATIC,PETROL,200000,75.0,USED,2026-09-26
TOYOTA,RAIZE,2026,1200,AUTOMATIC,PETROL,0,140.5,NEW,2026-09-26
HONDA,VEZEL,2026,1500,AUTOMATIC,HYBRID,0,189.9,NEW,2026-09-26
DAIHATSU,TAFT,2025,660,AUTOMATIC,PETROL,11700,79.5,USED,2026-09-26
HONDA,VEZEL,2026,1500,AUTOMATIC,HYBRID,0,204.0,NEW,2026-09-26
HONDA,VEZEL,2026,1500,AUTOMATIC,HYBRID,0,189.75,NEW,2026-09-26
KIA,SYROS,2026,1000,AUTOMATIC,PETROL,0,129.5,NEW,2026-09-26
HONDA,VEZEL,2026,1500,AUTOMATIC,HYBRID,0,189.5,NEW,2026-09-26
KIA,SONET,2026,1000,AUTOMATIC,PETROL,0,119.5,NEW,2026-09-26
TOYOTA,ALLION,2007,1500,AUTOMATIC,PETROL,122560,79.5,USED,2026-09-26
HONDA,N WGN,2024,660,AUTOMATIC,PETROL,61500,73.0,USED,2026-09-26
TOYOTA,ALLION,2018,1500,AUTOMATIC,PETROL,66000,134.5,USED,2026-09-26
FORD,RANGER,2025,2000,AUTOMATIC,DIESEL,24500,328.0,USED,2026-09-26
PERODUA,AXIA,2015,1000,AUTOMATIC,PETROL,123000,56.9,USED,2026-09-26
TOYOTA,COROLLA,2023,1500,AUTOMATIC,PETROL,10000,160.0,USED,2026-09-26
LAND-ROVER,RANGE ROVER EVOQUE,2026,1500,AUTOMATIC,HYBRID,0,580.0,NEW,2026-09-26
HONDA,VEZEL,2026,1500,AUTOMATIC,HYBRID,0,182.5,NEW,2026-09-26
KIA,SONET,2026,1000,AUTOMATIC,PETROL,0,119.5,NEW,2026-09-26
TOYOTA,TAISOR,2026,1000,AUTOMATIC,PETROL,0,112.5,NEW,2026-09-26
TOYOTA,TAISOR,2026,998,AUTOMATIC,PETROL,0,112.5,NEW,2026-09-26
KIA,SONET,2026,998,AUTOMATIC,PETROL,0,118.5,NEW,2026-09-26
TOYOTA,TAISOR,2026,998,AUTOMATIC,PETROL,0,112.5,NEW,2026-09-26
TOYOTA,TAISOR,2026,998,AUTOMATIC,PETROL,0,112.5,NEW,2026-09-26
TOYOTA,YARIS,2024,1000,AUTOMATIC,PETROL,20000,95.9,USED,2026-09-26
KIA,SONET,2026,1000,AUTOMATIC,PETROL,0,119.5,NEW,2026-09-26
HONDA,VEZEL,2026,1500,AUTOMATIC,HYBRID,0,193.5,NEW,2026-09-26
TOYOTA,LAND CRUISER,2013,4500,AUTOMATIC,DIESEL,120000,480.0,USED,2026-09-17
HONDA,CIVIC,2018,1000,AUTOMATIC,PETROL,53000,140.75,USED,2026-09-20
DAIHATSU,MIRA,2026,660,AUTOMATIC,PETROL,20,79.5,NEW,2026-09-26
SUZUKI,FRONX,2026,1000,AUTOMATIC,HYBRID,0,107.5,NEW,2026-09-26
KIA,SONET,2026,998,AUTOMATIC,PETROL,0,118.5,NEW,2026-09-26
KIA,SONET,2026,998,AUTOMATIC,PETROL,0,118.5,NEW,2026-09-26
HYUNDAI,VENUE,2026,1000,AUTOMATIC,PETROL,0,129.0,NEW,2026-09-26
RENAULT,KWID,2016,800,MANUAL,PETROL,148000,35.0,USED,2026-09-26
KIA,SONET,2026,998,AUTOMATIC,PETROL,0,110.5,NEW,2026-09-26
HONDA,VEZEL,2024,1500,AUTOMATIC,HYBRID,25000,179.5,USED,2026-09-26
TOYOTA,TAISOR,2026,1000,AUTOMATIC,PETROL,0,113.5,NEW,2026-09-26
KIA,SONET,2026,998,AUTOMATIC,PETROL,0,110.5,NEW,2026-09-26
SUZUKI,FRONX,2026,1000,AUTOMATIC,HYBRID,0,107.5,NEW,2026-09-26
NISSAN,DAYZ,2024,660,AUTOMATIC,PETROL,19000,75.0,USED,2026-09-26
NISSAN,ROOX,2024,660,AUTOMATIC,PETROL,9200,79.75,USED,2026-09-26
TOYOTA,RAIZE,2024,1200,AUTOMATIC,PETROL,50000,128.0,USED,2026-09-26
AUDI,Q7,2016,2000,AUTOMATIC,PETROL,78000,270.0,USED,2026-09-26
TOYOTA,TAISOR,2026,1000,AUTOMATIC,PETROL,0,113.5,NEW,2026-09-26
MERCEDES-BENZ,C200,2019,1500,AUTOMATIC,PETROL,62000,247.5,USED,2026-09-26
SUZUKI,WAGON R FZ,2018,658,AUTOMATIC,PETROL,97141,69.95,USED,2026-09-26
TOYOTA,RAIZE,2026,1200,AUTOMATIC,HYBRID,0,147.75,NEW,2026-09-26
SUZUKI,WAGON R FZ,2018,658,AUTOMATIC,PETROL,79453,70.9,USED,2026-09-26
TOYOTA,YARIS,2026,1000,AUTOMATIC,PETROL,48,115.5,NEW,2026-09-26
HONDA,VEZEL,2026,1490,AUTOMATIC,HYBRID,50,174.9,USED,2026-09-26
AUDI,A3,2014,1800,AUTOMATIC,PETROL,96000,111.9,USED,2026-09-26
HONDA,VEZEL,2026,1500,AUTOMATIC,HYBRID,0,205.75,NEW,2026-09-26
SUZUKI,WAGON R,2014,650,AUTOMATIC,PETROL,127327,62.5,USED,2026-09-26
TOYOTA,FORTUNER,2013,3000,AUTOMATIC,DIESEL,150000,167.0,USED,2026-09-26
BMW,520D,2016,2000,AUTOMATIC,DIESEL,110000,284.0,USED,2026-09-26
NISSAN,BLUEBIRD,2000,1800,MANUAL,DIESEL,243800,29.5,USED,2026-09-26
TOYOTA,RAIZE,2025,1000,AUTOMATIC,PETROL,3000,125.0,NEW,2026-09-26
SUZUKI,WAGON R,2025,658,AUTOMATIC,PETROL,11670,87.9,USED,2026-09-26
CHERY,TIGGO,2026,1500,AUTOMATIC,HYBRID,0,165.0,NEW,2026-09-26
NISSAN,MAGNITE,2025,999,AUTOMATIC,PETROL,22556,89.95,USED,2026-09-26
HONDA,VEZEL,2026,1490,AUTOMATIC,HYBRID,50,193.9,USED,2026-09-26
TOYOTA,PASSO,2015,1000,AUTOMATIC,PETROL,132000,65.7,USED,2026-09-26
TOYOTA,AXIO,2007,1500,AUTOMATIC,PETROL,176000,70.5,USED,2026-09-26
TOYOTA,RAIZE,2026,1200,AUTOMATIC,HYBRID,0,145.75,NEW,2026-09-26
SUZUKI,ALTO,2016,650,AUTOMATIC,PETROL,102806,56.9,USED,2026-09-26
DAIHATSU,MIRA,2025,660,AUTOMATIC,PETROL,20,75.0,USED,2026-09-26
TOYOTA,VITZ,2007,1000,AUTOMATIC,PETROL,87889,58.5,USED,2026-09-26
TOYOTA,TAISOR,2026,1000,AUTOMATIC,PETROL,0,111.5,NEW,2026-09-26
TOYOTA,LAND CRUISER PRADO,2015,2700,AUTOMATIC,PETROL,158000,318.0,USED,2026-09-26
TOYOTA,RAIZE,2023,1000,AUTOMATIC,PETROL,10000,114.0,USED,2026-09-26
DAIHATSU,MIRA,2025,650,AUTOMATIC,PETROL,1281,67.25,USED,2026-09-26
TOYOTA,RAIZE,2026,1200,AUTOMATIC,HYBRID,0,143.9,NEW,2026-09-26
TOYOTA,RAIZE,2026,1200,AUTOMATIC,HYBRID,0,139.0,NEW,2026-09-26
HONDA,VEZEL,2024,1500,AUTOMATIC,HYBRID,3370,187.5,USED,2026-09-26
NISSAN,SUNNY,2000,1600,MANUAL,PETROL,170825,40.0,USED,2026-09-26
TOYOTA,RAIZE,2026,1200,AUTOMATIC,HYBRID,0,143.75,NEW,2026-09-26
SUZUKI,WAGON R,2025,660,AUTOMATIC,HYBRID,3106,88.9,USED,2026-09-26
NISSAN,DAYZ,2025,660,AUTOMATIC,HYBRID,1800,85.5,NEW,2026-09-26
HONDA,VEZEL,2026,1500,TIPTRONIC,HYBRID,0,210.0,NEW,2026-09-26
TOYOTA,RAIZE,2025,1200,AUTOMATIC,HYBRID,0,137.5,NEW,2026-09-26
TOYOTA,ROOMY,2024,1000,AUTOMATIC,PETROL,12000,108.0,USED,2026-09-26
HYUNDAI,ACCENT,2001,1500,MANUAL,PETROL,200000,27.9,USED,2026-09-26
DAIHATSU,MIRA,2025,660,AUTOMATIC,PETROL,7,68.75,NEW,2026-09-26
DAIHATSU,MIRA,2015,660,AUTOMATIC,PETROL,118400,56.5,USED,2026-09-26
SUZUKI,WAGON R ZX,2026,660,AUTOMATIC,HYBRID,20,92.0,USED,2026-09-26
HONDA,VEZEL,2026,1490,AUTOMATIC,HYBRID,50,183.9,USED,2026-09-26
SUZUKI,WAGON R FX,2016,650,AUTOMATIC,HYBRID,130000,57.9,USED,2026-09-26
AUDI,A3,2023,1000,AUTOMATIC,PETROL,26000,164.0,USED,2026-09-26
MITSUBISHI,MONTERO,2012,2400,AUTOMATIC,DIESEL,181000,127.0,USED,2026-09-26
HONDA,VEZEL,2025,1500,AUTOMATIC,PETROL,0,203.0,NEW,2026-09-26
BMW,218I,2025,1500,AUTOMATIC,PETROL,5000,275.0,USED,2026-09-26
LAND-ROVER,DISCOVERY,2014,3000,AUTOMATIC,DIESEL,143000,215.0,USED,2026-09-26
HONDA,VEZEL,2026,1500,AUTOMATIC,HYBRID,0,192.0,NEW,2026-09-26
MG,HS HYBRID+,2026,1500,AUTOMATIC,HYBRID,0,214.5,NEW,2026-09-26
MERCEDES-BENZ,E200,2011,1800,AUTOMATIC,PETROL,100000,125.0,USED,2026-09-26
HONDA,VEZEL,2026,1500,AUTOMATIC,HYBRID,0,205.0,NEW,2026-09-26
DAIHATSU,MIRA,2025,650,AUTOMATIC,PETROL,8,67.25,NEW,2026-09-26
KIA,SELTOS,2026,1500,TIPTRONIC,PETROL,0,212.0,NEW,2026-09-26
NISSAN,DAYZ,2025,660,AUTOMATIC,HYBRID,3000,86.0,USED,2026-09-26
MAZDA,CAROL,2023,660,AUTOMATIC,PETROL,18850,65.5,USED,2026-09-26
TOYOTA,RAIZE,2026,1200,AUTOMATIC,HYBRID,0,144.95,NEW,2026-09-26
TOYOTA,RAIZE,2026,1200,AUTOMATIC,HYBRID,0,140.9,NEW,2026-09-26
AUDI,Q7,2017,2000,AUTOMATIC,PETROL,95000,245.0,USED,2026-09-26
NISSAN,SUNNY,2004,1500,AUTOMATIC,PETROL,198000,48.25,USED,2026-09-26
TATA,NANO,2012,624,MANUAL,PETROL,113000,12.75,USED,2026-09-26
MINI,COOPER,1978,1300,MANUAL,PETROL,75000,25.0,USED,2026-09-26
MERCEDES-BENZ,C200,2019,1500,AUTOMATIC,PETROL,70000,222.7,USED,2026-09-26
MG,ZS,2026,1000,AUTOMATIC,PETROL,0,129.89,NEW,2026-09-26
SUZUKI,CELERIO,2015,1000,AUTOMATIC,PETROL,79000,55.85,USED,2026-09-26
MITSUBISHI,MONTERO,2012,2500,AUTOMATIC,DIESEL,173000,118.0,USED,2026-09-26
HONDA,CRV,2018,1500,AUTOMATIC,PETROL,140000,154.0,USED,2026-09-26
TOYOTA,YARIS,2024,1000,AUTOMATIC,PETROL,49500,93.9,USED,2026-09-26
HONDA,N-VAN,2024,660,AUTOMATIC,PETROL,5700,73.9,USED,2026-09-26
BMW,316I,2014,1600,AUTOMATIC,PETROL,93000,148.0,USED,2026-09-26
TOYOTA,RAIZE,2026,1200,AUTOMATIC,HYBRID,0,143.0,NEW,2026-09-26
MERCEDES-BENZ,GLB,2024,1350,AUTOMATIC,PETROL,5000,345.0,USED,2026-09-26
MICRO,PANDA,2015,1000,MANUAL,PETROL,114000,29.8,USED,2026-09-26
TOYOTA,RAIZE,2026,1200,AUTOMATIC,HYBRID,0,140.75,NEW,2026-09-26
MAZDA,3,1989,1300,MANUAL,PETROL,31917,15.5,USED,2026-09-26
HONDA,VEZEL,2026,1500,AUTOMATIC,HYBRID,0,202.0,NEW,2026-09-26
NISSAN,ROOX,2024,660,AUTOMATIC,PETROL,44849,79.5,USED,2026-09-26
KIA,SORENTO,2012,2200,AUTOMATIC,DIESEL,160000,97.5,USED,2026-09-26
KIA,SONET,2025,1000,AUTOMATIC,PETROL,11500,115.0,USED,2026-09-26
TOYOTA,RAIZE,2025,1200,AUTOMATIC,HYBRID,0,140.0,NEW,2026-09-26
MICRO,PANDA,2015,1000,MANUAL,PETROL,14200,35.0,USED,2026-09-26
SUZUKI,CELERIO,2019,998,AUTOMATIC,PETROL,93097,64.9,USED,2026-09-26
TOYOTA,ROOMY,2026,1000,AUTOMATIC,PETROL,0,123.75,NEW,2026-09-26
TOYOTA,COROLLA,2005,1500,AUTOMATIC,PETROL,246000,61.9,USED,2026-09-26
MICRO,PANDA,2015,997,MANUAL,PETROL,36627,36.9,USED,2026-09-26
TOYOTA,LAND CRUISER SAHARA,2015,4600,AUTOMATIC,PETROL,135000,490.0,USED,2026-09-26
TOYOTA,YARIS,2024,1000,AUTOMATIC,PETROL,8000,93.8,USED,2026-09-26
MG,ZS,2021,1000,AUTOMATIC,PETROL,50000,102.5,USED,2026-09-26
SUZUKI,WAGON R FZ,2016,650,AUTOMATIC,PETROL,106039,61.75,USED,2026-09-26
TOYOTA,YARIS,2026,1000,AUTOMATIC,PETROL,0,109.75,NEW,2026-09-26
HONDA,VEZEL,2025,1500,AUTOMATIC,PETROL,0,182.0,NEW,2026-09-26
MITSUBISHI,XPANDER,2025,1500,AUTOMATIC,PETROL,24000,183.0,USED,2026-09-26
TOYOTA,RAIZE,2026,1000,AUTOMATIC,PETROL,0,132.9,NEW,2026-09-26
HONDA,VEZEL,2026,1500,AUTOMATIC,HYBRID,0,191.5,NEW,2026-09-26
TOYOTA,HILUX,2024,2800,TIPTRONIC,DIESEL,10000,279.75,USED,2026-09-26
SUBARU,XV,2020,1600,TIPTRONIC,PETROL,118000,125.0,USED,2026-09-26
SUZUKI,VITARA,2019,1000,TIPTRONIC,PETROL,95500,92.95,USED,2026-09-26
SUZUKI,SWIFT,2017,1000,AUTOMATIC,PETROL,108000,79.9,USED,2026-09-26
TOYOTA,ALLION,2016,1500,AUTOMATIC,PETROL,111000,135.0,USED,2026-09-26
LAND-ROVER,DISCOVERY SPORT,2017,2000,AUTOMATIC,DIESEL,139000,179.0,USED,2026-09-26
HONDA,CIVIC,2025,1500,MANUAL,PETROL,0,228.0,NEW,2026-09-26
TOYOTA,RUSH,2019,1500,AUTOMATIC,PETROL,104500,116.75,USED,2026-09-26
TOYOTA,VITZ,2007,1000,AUTOMATIC,PETROL,114777,59.0,USED,2026-09-20
DAIHATSU,MIRA,2024,660,AUTOMATIC,PETROL,7651,65.95,USED,2026-09-21
SUZUKI,WAGON R,2014,650,AUTOMATIC,PETROL,139322,627.5,USED,2026-09-26
AUDI,Q2,2017,1000,AUTOMATIC,PETROL,68000,115.0,USED,2026-09-26
MERCEDES-BENZ,E200,2004,1795,AUTOMATIC,PETROL,170000,76.0,USED,2026-09-26
SUZUKI,SWIFT,2024,1200,AUTOMATIC,HYBRID,19000,115.5,USED,2026-09-26
TOYOTA,AVANZA,2012,1300,AUTOMATIC,PETROL,220000,70.0,USED,2026-09-26
TOYOTA,HILUX,2026,2800,AUTOMATIC,DIESEL,0,312.0,NEW,2026-09-26
NISSAN,X-TRAIL,2016,2000,AUTOMATIC,HYBRID,167000,94.75,USED,2026-09-26
TOYOTA,RAIZE,2026,1000,AUTOMATIC,PETROL,0,132.75,NEW,2026-09-26
DAIHATSU,MIRA,2025,650,AUTOMATIC,PETROL,6800,69.65,USED,2026-09-26
SUZUKI,ALTO,2007,800,MANUAL,PETROL,122500,33.0,USED,2026-09-26
MG,ZS,2025,999,AUTOMATIC,PETROL,15800,112.8,USED,2026-09-26
SUZUKI,BALENO,2019,1000,AUTOMATIC,PETROL,225454,74.0,USED,2026-09-26
TOYOTA,RAIZE,2026,1000,AUTOMATIC,PETROL,0,133.5,NEW,2026-09-26
MITSUBISHI,MONTERO,2001,3200,TIPTRONIC,DIESEL,285000,139.5,USED,2026-09-26
TOYOTA,CHR,2023,1200,AUTOMATIC,PETROL,12000,164.5,USED,2026-09-26
TOYOTA,VITZ,2017,1000,MANUAL,PETROL,87000,82.0,USED,2026-09-26
TOYOTA,AQUA,2014,1496,AUTOMATIC,HYBRID,124387,79.9,USED,2026-09-26
TOYOTA,RAIZE,2026,1000,AUTOMATIC,PETROL,0,130.75,NEW,2026-09-26
LAND-ROVER,RANGE ROVER SPORT,2013,3000,AUTOMATIC,DIESEL,112000,275.0,USED,2026-09-26
MITSUBISHI,L200,2007,2477,AUTOMATIC,DIESEL,194075,91.0,USED,2026-09-26
NISSAN,SERENA,2026,1400,AUTOMATIC,HYBRID,0,234.5,NEW,2026-09-26
LAND-ROVER,DEFENDER,2026,2000,AUTOMATIC,HYBRID,0,885.0,NEW,2026-09-26
TOYOTA,RAIZE,2026,1200,AUTOMATIC,HYBRID,0,139.75,NEW,2026-09-26
DFSK,GLORY,2022,1498,AUTOMATIC,PETROL,42957,79.9,USED,2026-09-26
TOYOTA,RAIZE,2026,1000,AUTOMATIC,PETROL,0,128.9,NEW,2026-09-26
MERCEDES-BENZ,W123,1977,1900,MANUAL,DIESEL,104092,18.5,USED,2026-09-09
SUZUKI,WAGON R STINGRAY,2018,650,AUTOMATIC,HYBRID,69000,72.9,USED,2026-09-26
KIA,SELTOS,2026,1500,AUTOMATIC,PETROL,0,197.9,NEW,2026-09-26
SUZUKI,EVERY,2026,660,AUTOMATIC,PETROL,0,92.9,NEW,2026-09-26
TOYOTA,ROOMY,2024,1000,AUTOMATIC,PETROL,42200,96.9,USED,2026-09-26
TOYOTA,TAISOR,2026,1000,AUTOMATIC,PETROL,0,112.5,NEW,2026-09-26
MERCEDES-BENZ,GLE 300D,2020,2000,AUTOMATIC,DIESEL,30000,440.0,USED,2026-09-26
SUZUKI,WAGON R,2026,660,AUTOMATIC,PETROL,3,83.75,NEW,2026-09-26
MG,ZS,2018,999,AUTOMATIC,PETROL,79284,86.5,USED,2026-09-26
HONDA,VEZEL,2026,1500,AUTOMATIC,HYBRID,0,179.75,NEW,2026-09-26
KIA,PICANTO,2017,1000,AUTOMATIC,PETROL,127892,59.0,USED,2026-09-26
TOYOTA,PREMIO,2019,1500,AUTOMATIC,PETROL,127000,163.5,USED,2026-09-26
HYUNDAI,VENUE,2026,1000,AUTOMATIC,PETROL,0,124.5,NEW,2026-09-26
TOYOTA,AXIO,2015,1490,AUTOMATIC,PETROL,156018,102.0,USED,2026-09-26
SUZUKI,BALENO,2016,1200,AUTOMATIC,PETROL,92165,79.0,USED,2026-09-26
HONDA,VEZEL,2023,1500,AUTOMATIC,HYBRID,5200,188.5,USED,2026-09-26
KIA,SORENTO,2011,2200,AUTOMATIC,DIESEL,162500,95.0,USED,2026-09-26
ZOTYE,NOMAD,2012,1500,MANUAL,PETROL,102000,36.5,USED,2026-09-26
TOYOTA,YARIS,2026,1000,AUTOMATIC,PETROL,0,114.75,NEW,2026-09-26
NISSAN,X-TRAIL,2015,2000,AUTOMATIC,HYBRID,128000,97.0,USED,2026-09-26
TOYOTA,PRIUS,2012,1800,AUTOMATIC,HYBRID,161000,106.0,USED,2026-09-26
HONDA,GRACE,2015,1500,AUTOMATIC,HYBRID,130000,88.75,USED,2026-09-26
PERODUA,BEZZA,2025,998,AUTOMATIC,PETROL,17487,87.95,USED,2026-09-26
TOYOTA,YARIS,2026,1000,AUTOMATIC,PETROL,0,114.5,NEW,2026-09-26
SUZUKI,WAGON R FX,2025,660,AUTOMATIC,PETROL,3000,78.9,USED,2026-09-26
TOYOTA,SIENTA,2018,1500,AUTOMATIC,PETROL,149000,133.75,USED,2026-09-26
MITSUBISHI,MONTERO,2012,2500,AUTOMATIC,DIESEL,110000,144.75,USED,2026-09-26
TOYOTA,AQUA,2012,1490,AUTOMATIC,PETROL,128958,76.9,USED,2026-09-26
MERCEDES-BENZ,CLA 180,2020,1400,AUTOMATIC,HYBRID,33600,224.5,USED,2026-09-26
TOYOTA,RAIZE,2026,1000,AUTOMATIC,PETROL,0,129.75,NEW,2026-09-26
NISSAN,ALMERA,2025,1000,AUTOMATIC,PETROL,13000,117.75,USED,2026-09-26
TOYOTA,YARIS,2026,1000,AUTOMATIC,PETROL,0,105.75,NEW,2026-09-26
MICRO,KYRON,2008,1998,AUTOMATIC,DIESEL,237000,54.75,USED,2026-09-26
TOYOTA,RAIZE,2026,1200,AUTOMATIC,HYBRID,0,140.9,NEW,2026-09-26
TOYOTA,VITZ,2015,1000,AUTOMATIC,PETROL,70000,74.0,USED,2026-09-26
SUZUKI,WAGON R ZX,2026,650,AUTOMATIC,HYBRID,0,91.75,NEW,2026-09-26
HONDA,VEZEL,2020,1500,AUTOMATIC,HYBRID,48000,127.75,USED,2026-09-26
TOYOTA,YARIS,2023,996,AUTOMATIC,PETROL,44000,86.0,USED,2026-09-26
TOYOTA,RAIZE,2026,1200,AUTOMATIC,HYBRID,0,139.85,NEW,2026-09-26
TOYOTA,HILUX,2023,2390,AUTOMATIC,DIESEL,9000,225.0,USED,2026-09-26
SUZUKI,WAGON R ZX,2026,650,AUTOMATIC,HYBRID,0,91.5,NEW,2026-09-26
TOYOTA,LAND CRUISER SAHARA,2016,4500,AUTOMATIC,DIESEL,115000,690.0,NEW,2026-09-26
TOYOTA,VITZ,2019,1000,AUTOMATIC,PETROL,91000,79.5,USED,2026-09-26
NISSAN,DAYZ,2026,650,AUTOMATIC,HYBRID,0,89.75,NEW,2026-09-26
SUZUKI,WAGON R FX,2025,660,AUTOMATIC,HYBRID,0,82.9,NEW,2026-09-26
HONDA,VEZEL,2014,1500,AUTOMATIC,HYBRID,180000,90.75,USED,2026-09-22
DFSK,GLORY,2022,1500,AUTOMATIC,PETROL,45000,94.5,USED,2026-09-26
HONDA,VEZEL,2014,1500,AUTOMATIC,HYBRID,138000,92.5,USED,2026-09-26
TOYOTA,AXIO,2020,1500,AUTOMATIC,PETROL,108500,116.5,USED,2026-09-26
HONDA,VEZEL,2026,1500,AUTOMATIC,HYBRID,250,183.0,NEW,2026-09-26
JAGUAR,XF,2013,2000,AUTOMATIC,DIESEL,121000,132.0,USED,2026-09-26
PERODUA,BEZZA,2025,1000,AUTOMATIC,PETROL,16000,82.75,USED,2026-09-26
HONDA,FIT,2018,1500,AUTOMATIC,HYBRID,79100,89.9,USED,2026-09-26
SUZUKI,SWIFT,2018,1000,AUTOMATIC,PETROL,74200,82.75,USED,2026-09-26
HONDA,VEZEL,2026,1500,AUTOMATIC,HYBRID,0,188.9,NEW,2026-09-26
HONDA,CRV,2019,1500,AUTOMATIC,PETROL,70000,149.75,USED,2026-09-26
TOYOTA,PRIUS,2014,1800,AUTOMATIC,PETROL,111200,104.5,USED,2026-09-26
TOYOTA,YARIS,2025,1000,AUTOMATIC,PETROL,5000,109.9,USED,2026-09-26
NISSAN,DAYZ,2025,660,AUTOMATIC,HYBRID,7000,86.75,USED,2026-09-26
SUZUKI,ALTO,2024,660,AUTOMATIC,PETROL,5500,65.95,USED,2026-09-26
TOYOTA,RAIZE,2024,1200,AUTOMATIC,HYBRID,17000,128.5,USED,2026-09-26
HONDA,VEZEL,2026,1500,AUTOMATIC,HYBRID,800,172.5,USED,2026-09-26
HONDA,CRV,2019,1500,AUTOMATIC,PETROL,62000,175.0,USED,2026-09-26
TOYOTA,PRIUS,2016,1800,AUTOMATIC,PETROL,110000,104.5,USED,2026-09-26
TOYOTA,RAIZE,2026,1200,AUTOMATIC,HYBRID,20,141.5,NEW,2026-09-26
SUZUKI,SPACIA,2025,660,AUTOMATIC,HYBRID,4000,100.0,USED,2026-09-26
HONDA,VEZEL,2025,1490,AUTOMATIC,HYBRID,25000,169.75,USED,2026-09-26
TOYOTA,YARIS,2023,1000,AUTOMATIC,PETROL,7700,92.5,USED,2026-09-26
TOYOTA,YARIS,2024,1000,AUTOMATIC,PETROL,14000,93.75,USED,2026-09-26
TOYOTA,AXIO,2020,1500,AUTOMATIC,HYBRID,138100,122.75,USED,2026-09-26
TOYOTA,ALLION,2013,1500,AUTOMATIC,PETROL,160000,96.5,USED,2026-09-26
DAIHATSU,MIRA,2024,660,AUTOMATIC,PETROL,3255,65.9,USED,2026-09-26
SUZUKI,WAGON R STINGRAY,2016,650,AUTOMATIC,HYBRID,119857,62.5,USED,2026-09-26
NISSAN,MAGNITE,2025,1000,AUTOMATIC,PETROL,9000,75.75,USED,2026-09-26
HONDA,CRV,2019,1500,AUTOMATIC,PETROL,67000,149.75,USED,2026-09-26
TOYOTA,RAIZE,2026,1200,AUTOMATIC,HYBRID,0,140.0,NEW,2026-09-26
DAIHATSU,MIRA,2026,650,AUTOMATIC,PETROL,0,77.0,NEW,2026-09-26
HYUNDAI,VENUE,2026,1000,AUTOMATIC,PETROL,0,128.9,NEW,2026-09-26
SUZUKI,EVERY,2024,660,AUTOMATIC,PETROL,9000,74.9,USED,2026-09-26
HONDA,VEZEL,2017,1500,AUTOMATIC,HYBRID,89000,118.75,USED,2026-09-26
TOYOTA,PREMIO,2011,1500,AUTOMATIC,PETROL,162000,90.75,USED,2026-09-26
HONDA,GRACE,2017,1500,AUTOMATIC,HYBRID,91200,99.75,USED,2026-09-26
TATA,INDICA,2015,1198,MANUAL,PETROL,104344,29.9,USED,2026-09-26
DAIHATSU,MIRA,2025,650,AUTOMATIC,PETROL,0,72.75,NEW,2026-09-26
HONDA,VEZEL,2026,1500,AUTOMATIC,HYBRID,0,193.0,NEW,2026-09-26
TOYOTA,HARRIER,2017,2000,TIPTRONIC,PETROL,37700,217.5,USED,2026-09-26
HONDA,VEZEL,2017,1500,AUTOMATIC,HYBRID,89000,116.75,USED,2026-09-26
TOYOTA,ROOMY,2024,1000,AUTOMATIC,PETROL,19600,92.9,USED,2026-09-26
TOYOTA,LAND CRUISER PRADO,2025,2700,AUTOMATIC,PETROL,0,620.0,NEW,2026-09-26
MERCEDES-BENZ,S300,2015,2200,AUTOMATIC,DIESEL,51000,375.0,USED,2026-09-26
DAIHATSU,MIRA,2025,650,AUTOMATIC,PETROL,1000,72.5,NEW,2026-09-26
SUZUKI,WAGON R FX,2018,650,AUTOMATIC,HYBRID,91184,66.5,USED,2026-09-26
JETOUR,T2,2026,1500,AUTOMATIC,HYBRID,0,297.0,NEW,2026-09-26
TOYOTA,VITZ,2018,1000,AUTOMATIC,PETROL,76000,84.5,USED,2026-09-26
DAIHATSU,MIRA,2025,650,AUTOMATIC,PETROL,3000,72.6,USED,2026-09-26
AUDI,A5,2019,1400,AUTOMATIC,PETROL,76000,230.0,USED,2026-09-26
NISSAN,X-TRAIL,2001,2500,AUTOMATIC,PETROL,235000,62.0,USED,2026-09-26
SUZUKI,WAGON R FX,2017,650,AUTOMATIC,HYBRID,114000,68.5,USED,2026-09-26
DAIHATSU,MIRA,2025,650,AUTOMATIC,PETROL,2000,68.0,USED,2026-09-26
TOYOTA,TAISOR,2026,1000,AUTOMATIC,PETROL,0,113.0,NEW,2026-09-26
TOYOTA,RAIZE,2024,990,AUTOMATIC,PETROL,35000,109.9,USED,2026-09-26
NISSAN,GRAVITE,2026,1000,AUTOMATIC,PETROL,0,98.5,NEW,2026-09-26
DAIHATSU,MIRA,2024,650,AUTOMATIC,PETROL,2000,67.75,USED,2026-09-26
HONDA,CRV,2019,1500,AUTOMATIC,PETROL,67000,149.75,USED,2026-09-26
TOYOTA,HILUX,1991,3000,MANUAL,DIESEL,200000,62.0,USED,2026-09-26
TOYOTA,AXIO,2020,1500,AUTOMATIC,PETROL,108500,116.5,USED,2026-09-26
DAIHATSU,MIRA,2024,650,AUTOMATIC,PETROL,8000,67.5,USED,2026-09-26
TOYOTA,PRIUS,2014,1800,AUTOMATIC,PETROL,111200,104.5,USED,2026-09-26
NISSAN,ROOX,2024,660,AUTOMATIC,PETROL,47000,79.75,USED,2026-09-26
HONDA,VEZEL,2026,1500,AUTOMATIC,HYBRID,0,201.75,NEW,2026-09-26
KIA,SELTOS,2026,1500,AUTOMATIC,PETROL,0,197.9,NEW,2026-09-26
SUZUKI,WAGON R FX,2018,650,AUTOMATIC,HYBRID,110802,66.5,USED,2026-09-26
DAIHATSU,TAFT,2025,660,AUTOMATIC,PETROL,0,88.75,NEW,2026-09-26
NISSAN,ALMERA,2025,1000,AUTOMATIC,PETROL,8500,122.5,USED,2026-09-26
HONDA,VEZEL,2026,1500,AUTOMATIC,HYBRID,0,179.75,NEW,2026-09-26
HONDA,VEZEL,2026,1500,AUTOMATIC,HYBRID,0,192.5,NEW,2026-09-26
CHEVROLET,CRUZE,2004,1300,AUTOMATIC,PETROL,143500,40.0,USED,2026-09-26
DFSK,GLORY,2021,1500,AUTOMATIC,PETROL,47000,88.5,USED,2026-09-22
KIA,SONET,2026,1000,AUTOMATIC,PETROL,0,110.9,NEW,2026-09-26
KIA,PICANTO,2017,1000,AUTOMATIC,PETROL,57000,63.0,USED,2026-09-26
VOLKSWAGEN,PASSAT,2012,2000,AUTOMATIC,DIESEL,107000,82.75,USED,2026-09-26
TOYOTA,AXIO,2015,1340,AUTOMATIC,PETROL,49000,897.5,USED,2026-09-26
DAIHATSU,MIRA,2026,660,AUTOMATIC,PETROL,0,67.9,NEW,2026-09-26
TOYOTA,CHR,2019,1200,AUTOMATIC,PETROL,80000,139.0,USED,2026-09-26
HONDA,VEZEL,2025,1500,AUTOMATIC,HYBRID,0,199.9,NEW,2026-09-26
SUZUKI,WAGON R FX,2018,660,AUTOMATIC,HYBRID,116000,63.0,USED,2026-09-26
MICRO,PANDA,2011,1342,MANUAL,PETROL,175635,26.75,USED,2026-09-26
TOYOTA,LAND CRUISER PRADO,2024,2700,TIPTRONIC,PETROL,15000,547.0,USED,2026-09-26
MERCEDES-BENZ,E350,2017,2000,AUTOMATIC,HYBRID,70000,249.9,USED,2026-09-26
AUDI,A6,2007,2000,AUTOMATIC,PETROL,105000,80.0,USED,2026-09-26
MERCEDES-BENZ,C180,2010,1800,AUTOMATIC,PETROL,130000,75.0,USED,2026-09-26
TOYOTA,ROOMY,2025,1000,AUTOMATIC,PETROL,0,113.75,NEW,2026-09-26
TOYOTA,RAIZE,2025,990,AUTOMATIC,PETROL,990,125.9,NEW,2026-09-26
TOYOTA,ROOMY,2026,1000,AUTOMATIC,PETROL,0,119.75,NEW,2026-09-26
SUZUKI,WAGON R STINGRAY,2018,660,AUTOMATIC,HYBRID,170000,69.8,USED,2026-09-26
SUZUKI,ALTO,2015,800,MANUAL,PETROL,117555,41.9,USED,2026-09-26
VOLKSWAGEN,TAIGUN,2026,1000,AUTOMATIC,PETROL,0,122.9,NEW,2026-09-26
TOYOTA,RAIZE,2026,1000,AUTOMATIC,PETROL,0,131.0,NEW,2026-09-26
HONDA,VEZEL,2026,1500,AUTOMATIC,HYBRID,0,189.9,NEW,2026-09-26
NISSAN,DAYZ,2024,660,AUTOMATIC,PETROL,19000,75.25,USED,2026-09-26
MITSUBISHI,MONTERO,2014,2500,AUTOMATIC,DIESEL,175000,151.5,USED,2026-09-26
TOYOTA,AXIO,2017,1500,AUTOMATIC,PETROL,129000,118.6,USED,2026-09-26
TOYOTA,PRIUS,2013,1800,AUTOMATIC,HYBRID,150000,103.0,USED,2026-09-26
MERCEDES-BENZ,C200,2019,1497,AUTOMATIC,PETROL,89000,220.0,USED,2026-09-26
DAIHATSU,MIRA,2025,660,AUTOMATIC,PETROL,0,66.9,NEW,2026-09-26
NISSAN,SUNNY,2001,1597,AUTOMATIC,PETROL,247840,43.75,USED,2026-09-26
TOYOTA,ROOMY,2025,1000,AUTOMATIC,PETROL,0,113.75,NEW,2026-09-26
NISSAN,X-TRAIL,2011,2488,MANUAL,PETROL,267893,65.25,USED,2026-09-26
SUZUKI,WAGON R STINGRAY,2017,660,AUTOMATIC,HYBRID,87000,69.25,USED,2026-09-26
KIA,SONET,2026,1000,AUTOMATIC,PETROL,0,120.0,NEW,2026-09-26
MINI,COOPER,2015,1500,AUTOMATIC,PETROL,67500,109.0,USED,2026-09-26
SUZUKI,SPACIA,2024,660,AUTOMATIC,HYBRID,4000,99.9,USED,2026-09-26
KIA,SYROS,2026,1000,AUTOMATIC,PETROL,0,134.5,NEW,2026-09-26
SUZUKI,WAGON R FX,2025,660,AUTOMATIC,HYBRID,0,82.9,NEW,2026-09-26
NISSAN,SUNNY,2010,1600,AUTOMATIC,PETROL,149000,54.75,USED,2026-09-26
VOLKSWAGEN,T-CROSS,2024,1000,AUTOMATIC,PETROL,1000,159.9,USED,2026-09-26
VOLKSWAGEN,GOLF,2023,1000,AUTOMATIC,PETROL,11000,149.9,USED,2026-09-26
HONDA,VEZEL,2026,1500,AUTOMATIC,HYBRID,100,203.0,NEW,2026-09-26
TOYOTA,RAIZE,2026,1000,AUTOMATIC,PETROL,0,129.9,NEW,2026-09-26
HONDA,VEZEL,2014,1500,AUTOMATIC,HYBRID,126000,90.0,USED,2026-09-26
TOYOTA,RAIZE,2026,1200,AUTOMATIC,HYBRID,0,139.9,NEW,2026-09-26
TOYOTA,PREMIO,2019,1500,AUTOMATIC,PETROL,59000,172.5,USED,2026-09-26
AUDI,A3,2024,1000,AUTOMATIC,PETROL,11000,179.9,USED,2026-09-26
BMW,X1,2011,1490,AUTOMATIC,PETROL,275000,79.8,USED,2026-09-26
SUZUKI,ALTO,2025,660,AUTOMATIC,PETROL,4000,67.9,USED,2026-09-26
KIA,SONET,2026,1200,AUTOMATIC,PETROL,0,123.0,NEW,2026-09-26
HONDA,CRV,2013,2000,AUTOMATIC,PETROL,127000,110.0,USED,2026-09-26
TOYOTA,RAIZE,2026,1200,AUTOMATIC,HYBRID,0,143.0,NEW,2026-09-26
DAIHATSU,MIRA,2024,660,AUTOMATIC,PETROL,8000,65.0,USED,2026-09-26
NISSAN,ROOX,2023,660,AUTOMATIC,PETROL,10548,88.5,USED,2026-09-26
SUZUKI,ZEN,2002,993,MANUAL,PETROL,100000,17.2,USED,2026-09-26
SUZUKI,WAGON R,2026,660,AUTOMATIC,HYBRID,0,90.75,NEW,2026-09-26
KIA,PICANTO,2017,1000,AUTOMATIC,PETROL,130000,62.5,USED,2026-09-26
DAIHATSU,MIRA,2024,660,AUTOMATIC,PETROL,40000,59.9,USED,2026-09-26
KIA,SONET,2026,1000,AUTOMATIC,PETROL,0,118.75,NEW,2026-09-26
TOYOTA,AQUA,2013,1500,AUTOMATIC,HYBRID,166500,77.0,USED,2026-09-26
BMW,X1,2025,1500,AUTOMATIC,PETROL,0,325.0,NEW,2026-09-26
SUZUKI,WAGON R ZX,2026,660,AUTOMATIC,HYBRID,0,92.5,NEW,2026-09-26
SUZUKI,WAGON R,2024,600,AUTOMATIC,HYBRID,20000,79.0,USED,2026-09-26
TOYOTA,VITZ,2016,1000,AUTOMATIC,PETROL,76800,76.5,USED,2026-09-26
TOYOTA,RAIZE,2026,1200,AUTOMATIC,HYBRID,0,142.0,NEW,2026-09-26
SUZUKI,WAGON R,2017,650,AUTOMATIC,HYBRID,110000,61.75,USED,2026-09-26
TOYOTA,AXIO,2024,1500,AUTOMATIC,PETROL,15000,150.9,USED,2026-09-26
LAND-ROVER,DEFENDER,2026,2000,AUTOMATIC,PETROL,37,765.0,NEW,2026-09-26
AUDI,A1,2016,1000,TIPTRONIC,PETROL,105000,80.0,USED,2026-09-26
TOYOTA,RAIZE,2025,1200,AUTOMATIC,HYBRID,16000,138.5,USED,2026-09-26
NISSAN,DAYZ,2024,660,AUTOMATIC,PETROL,5600,69.9,USED,2026-09-26
TOYOTA,RAIZE,2024,990,AUTOMATIC,PETROL,29000,104.9,USED,2026-09-26
TOYOTA,AXIO,2014,1500,AUTOMATIC,HYBRID,111000,85.0,USED,2026-09-26
TOYOTA,AQUA,2012,1500,AUTOMATIC,HYBRID,151900,72.85,USED,2026-09-26
TOYOTA,TAISOR,2026,1000,AUTOMATIC,PETROL,0,115.0,NEW,2026-09-26
TOYOTA,YARIS,2024,1000,AUTOMATIC,PETROL,11000,101.0,NEW,2026-09-26
SUZUKI,S-CROSS,2021,1500,MANUAL,PETROL,53000,104.0,USED,2026-09-26
TOYOTA,ALLION,2008,1490,AUTOMATIC,PETROL,312000,78.0,USED,2026-09-26
SUZUKI,CELERIO,2015,1000,AUTOMATIC,PETROL,83000,54.75,USED,2026-09-26
SUZUKI,WAGON R,2026,660,AUTOMATIC,HYBRID,0,89.5,NEW,2026-09-26
TOYOTA,YARIS,2023,1000,AUTOMATIC,PETROL,25000,97.5,USED,2026-09-26
MICRO,PANDA CROSS,2013,1300,MANUAL,PETROL,47000,29.5,USED,2026-09-26
TOYOTA,YARIS,2024,1000,AUTOMATIC,PETROL,35000,90.0,USED,2026-09-26
SUZUKI,FRONX,2026,990,AUTOMATIC,PETROL,50,103.9,USED,2026-09-26
TOYOTA,AQUA,2013,1490,AUTOMATIC,HYBRID,152000,77.0,USED,2026-09-26
TOYOTA,LAND CRUISER PRADO,2007,2700,MANUAL,PETROL,133850,167.5,USED,2026-09-26
TOYOTA,YARIS,2025,1000,AUTOMATIC,PETROL,0,101.0,NEW,2026-09-26
SUZUKI,WAGON R FX,2017,650,AUTOMATIC,HYBRID,82738,66.5,USED,2026-09-26
SUZUKI,SPACIA,2016,660,AUTOMATIC,PETROL,145500,60.85,USED,2026-09-26
TOYOTA,RAIZE,2026,1200,AUTOMATIC,HYBRID,0,140.0,NEW,2026-09-26
SUZUKI,WAGON R,2026,660,AUTOMATIC,PETROL,5500,74.65,USED,2026-09-26
SUZUKI,WAGON R STINGRAY,2015,1000,AUTOMATIC,PETROL,123000,52.5,USED,2026-09-26
HONDA,VEZEL,2026,1490,AUTOMATIC,HYBRID,0,204.75,NEW,2026-09-26
LAND-ROVER,DEFENDER,2008,2400,MANUAL,DIESEL,2012,265.0,USED,2026-09-26
HONDA,VEZEL,2024,1490,AUTOMATIC,HYBRID,10000,177.5,NEW,2026-09-26
TOYOTA,AQUA,2014,1500,AUTOMATIC,HYBRID,177000,88.0,USED,2026-09-26
MAZDA,FLAIR,2024,660,AUTOMATIC,HYBRID,6000,85.75,USED,2026-09-26
SUZUKI,WAGON R,2024,660,AUTOMATIC,PETROL,2900,69.9,USED,2026-09-26
SUZUKI,FRONX,2026,998,AUTOMATIC,HYBRID,0,108.75,NEW,2026-09-26
SUZUKI,WAGON R,2025,660,AUTOMATIC,PETROL,4000,76.0,USED,2026-09-26
SUZUKI,FRONX,2026,990,AUTOMATIC,HYBRID,0,108.75,NEW,2026-09-26
TOYOTA,RAIZE,2024,1200,AUTOMATIC,PETROL,36000,128.0,USED,2026-09-26
AUDI,A4,2016,2000,AUTOMATIC,PETROL,92000,158.0,USED,2026-09-26
LAND-ROVER,RANGE ROVER SPORT,2017,3000,AUTOMATIC,PETROL,90000,375.0,USED,2026-09-26
TOYOTA,TAISOR,2026,990,TIPTRONIC,PETROL,0,112.5,NEW,2026-09-26
TOYOTA,LAND CRUISER SAHARA,2003,4700,AUTOMATIC,PETROL,124000,158.0,USED,2026-09-26
AUDI,A6,2010,2000,AUTOMATIC,PETROL,168000,78.5,USED,2026-09-26
AUDI,A3,2023,1000,AUTOMATIC,PETROL,12000,178.0,USED,2026-09-26
MERCEDES-BENZ,CLA 180,2024,1330,AUTOMATIC,PETROL,9400,335.0,USED,2026-09-26
BMW,X5,2016,2000,AUTOMATIC,HYBRID,124000,195.0,USED,2026-09-26
MERCEDES-BENZ,GLB,2025,1400,AUTOMATIC,PETROL,1800,395.0,USED,2026-09-26
SUZUKI,SWIFT,2004,1300,AUTOMATIC,PETROL,170000,39.75,USED,2026-09-26
MERCEDES-BENZ,C200,2023,1500,AUTOMATIC,PETROL,17000,385.0,USED,2026-09-26
TOYOTA,RAIZE,2026,1200,AUTOMATIC,HYBRID,0,142.5,NEW,2026-09-26
TOYOTA,TAISOR,2026,1000,AUTOMATIC,PETROL,0,113.9,NEW,2026-09-26
MITSUBISHI,PAJERO,2000,2000,AUTOMATIC,PETROL,199000,62.5,USED,2026-09-26
SUZUKI,SWIFT,2005,1300,AUTOMATIC,PETROL,172000,41.5,USED,2026-09-26
MITSUBISHI,EK WAGON,2023,660,AUTOMATIC,PETROL,10100,71.5,USED,2026-09-26
TATA,NANO,2016,699,TIPTRONIC,PETROL,100000,26.5,USED,2026-09-26
TOYOTA,LAND CRUISER PRADO,1998,2800,MANUAL,DIESEL,235000,107.5,USED,2026-09-26
HONDA,VEZEL,2025,1500,TIPTRONIC,HYBRID,0,203.9,NEW,2026-09-26
TOYOTA,LAND CRUISER PRADO,2023,2700,AUTOMATIC,PETROL,20000,555.0,USED,2026-09-26
TOYOTA,RUSH,2018,1500,AUTOMATIC,PETROL,300000,103.5,USED,2026-09-26
HONDA,VEZEL,2026,1500,TIPTRONIC,HYBRID,0,185.9,NEW,2026-09-26
MITSUBISHI,EK WAGON,2024,660,AUTOMATIC,PETROL,6500,72.5,USED,2026-09-26
TOYOTA,YARIS,2023,990,AUTOMATIC,PETROL,4400,91.5,USED,2026-09-26
DAIHATSU,MIRA,2025,660,AUTOMATIC,PETROL,11200,72.5,USED,2026-09-26
SUZUKI,CELERIO,2015,1000,AUTOMATIC,PETROL,120000,52.75,USED,2026-09-26
TOYOTA,HILUX,2024,2400,AUTOMATIC,DIESEL,16900,255.0,USED,2026-09-26
TOYOTA,LAND CRUISER,2026,3500,AUTOMATIC,PETROL,0,1010.0,NEW,2026-09-26
TOYOTA,ROOMY,2023,996,AUTOMATIC,PETROL,34000,89.0,USED,2026-09-26
TOYOTA,RAIZE,2026,650,AUTOMATIC,HYBRID,0,141.25,NEW,2026-09-26
KIA,SONET,2026,990,AUTOMATIC,HYBRID,50,114.9,USED,2026-09-26
MERCEDES-BENZ,CLA 180,2017,1600,TIPTRONIC,PETROL,94500,189.5,USED,2026-09-26
TOYOTA,BELTA,2007,1000,AUTOMATIC,PETROL,180000,57.75,USED,2026-09-26
TOYOTA,PRIUS,2016,1800,AUTOMATIC,HYBRID,130000,145.0,USED,2026-09-26
TOYOTA,YARIS,2023,1000,AUTOMATIC,PETROL,68000,86.0,USED,2026-09-26
SUZUKI,CELERIO,2019,1000,AUTOMATIC,PETROL,82000,61.75,USED,2026-09-26
HONDA,VEZEL,2026,1500,AUTOMATIC,HYBRID,0,203.9,NEW,2026-09-26
NISSAN,X-TRAIL,2015,2000,AUTOMATIC,HYBRID,159526,110.0,USED,2026-09-15
HONDA,VEZEL,2025,1500,AUTOMATIC,HYBRID,23000,181.0,USED,2026-09-11
TOYOTA,YARIS CROSS,2023,1500,AUTOMATIC,HYBRID,4000,158.0,USED,2026-09-26
SUZUKI,CELERIO,2016,1000,AUTOMATIC,PETROL,107000,55.75,USED,2026-09-26
SUZUKI,WAGON R ZX,2026,660,AUTOMATIC,HYBRID,0,89.5,NEW,2026-09-26
TOYOTA,TAISOR,2026,1000,AUTOMATIC,PETROL,13,113.5,NEW,2026-09-26
LAND-ROVER,DEFENDER,2026,2000,AUTOMATIC,PETROL,10,732.5,NEW,2026-09-26
HONDA,VEZEL,2026,1500,AUTOMATIC,HYBRID,0,189.0,NEW,2026-09-26
TOYOTA,ROOMY,2024,1000,AUTOMATIC,PETROL,20000,96.0,USED,2026-09-26
SUZUKI,ALTO,2024,660,AUTOMATIC,HYBRID,4000,77.0,USED,2026-09-26
TOYOTA,YARIS,2023,1000,AUTOMATIC,PETROL,17000,94.75,USED,2026-09-26
SUZUKI,WAGON R FX,2024,660,AUTOMATIC,HYBRID,13000,77.0,USED,2026-09-26
TOYOTA,LAND CRUISER PRADO,2026,2700,AUTOMATIC,PETROL,100,609.75,NEW,2026-09-26
NISSAN,BLUEBIRD,1999,1973,MANUAL,DIESEL,150000,28.5,USED,2026-09-26
TOYOTA,YARIS CROSS,2025,1500,AUTOMATIC,HYBRID,13750,172.0,USED,2026-09-26
HYUNDAI,TUCSON,2014,1995,AUTOMATIC,DIESEL,132000,89.85,USED,2026-09-26
SUZUKI,SWIFT,2008,1300,AUTOMATIC,PETROL,123000,55.9,USED,2026-09-26
TOYOTA,TAISOR,2026,990,AUTOMATIC,PETROL,50,109.0,USED,2026-09-26
TOYOTA,RAIZE,2026,1200,AUTOMATIC,HYBRID,12,139.9,USED,2026-09-26
TOYOTA,RAIZE,2025,1000,AUTOMATIC,PETROL,17000,119.75,NEW,2026-09-26
SUZUKI,WAGON R STINGRAY,2015,650,AUTOMATIC,HYBRID,116000,61.9,USED,2026-09-26
TOYOTA,ALLION,2013,1500,AUTOMATIC,PETROL,167500,98.75,USED,2026-09-26
TOYOTA,VITZ,2018,1000,AUTOMATIC,PETROL,98000,87.0,USED,2026-09-26
SUZUKI,ALTO,2025,660,AUTOMATIC,HYBRID,180,74.75,NEW,2026-09-26
TOYOTA,RAIZE,2020,1000,AUTOMATIC,PETROL,60000,108.95,USED,2026-09-26
SUZUKI,CELERIO,2015,1000,AUTOMATIC,PETROL,100100,53.4,USED,2026-09-26
LAND-ROVER,RANGE ROVER SPORT,2018,2000,AUTOMATIC,DIESEL,31000,535.0,USED,2026-09-26
TOYOTA,CAMI,2001,1300,AUTOMATIC,PETROL,152000,44.9,USED,2026-09-26
TOYOTA,LAND CRUISER PRADO,2026,2700,AUTOMATIC,PETROL,0,600.0,NEW,2026-09-26
TOYOTA,URBANCRUISER HYRYDER,2026,1000,AUTOMATIC,HYBRID,80,111.75,NEW,2026-09-26
MERCEDES-BENZ,S400,2017,2140,AUTOMATIC,HYBRID,49800,650.0,USED,2026-09-26
MERCEDES-BENZ,C200,2026,1500,AUTOMATIC,PETROL,9000,355.0,NEW,2026-09-26
SUZUKI,FRONX,2026,1000,AUTOMATIC,HYBRID,30,108.75,NEW,2026-09-26
TOYOTA,LAND CRUISER SAHARA,2015,4461,AUTOMATIC,DIESEL,109000,750.0,USED,2026-09-26
TOYOTA,RAIZE,2026,1200,AUTOMATIC,HYBRID,0,139.0,NEW,2026-09-26
HONDA,VEZEL,2026,1500,AUTOMATIC,HYBRID,0,183.0,NEW,2026-09-26
HONDA,VEZEL,2026,1500,AUTOMATIC,HYBRID,0,188.0,NEW,2026-09-26
SUZUKI,WAGON R,2015,650,AUTOMATIC,HYBRID,117000,59.9,USED,2026-09-26
SUZUKI,ALTO,2015,1000,AUTOMATIC,PETROL,100800,44.4,USED,2026-09-26
NISSAN,DAYZ,2024,660,AUTOMATIC,PETROL,21200,70.5,USED,2026-09-26
HONDA,VEZEL,2026,1500,AUTOMATIC,HYBRID,0,183.0,NEW,2026-09-26
NISSAN,DAYZ,2024,660,AUTOMATIC,PETROL,7600,82.5,USED,2026-09-26
TOYOTA,RAIZE,2025,1200,AUTOMATIC,HYBRID,6000,132.0,NEW,2026-09-26
SUZUKI,SPACIA,2016,650,AUTOMATIC,HYBRID,116000,62.9,USED,2026-09-26
SUZUKI,WAGON R FX,2025,650,AUTOMATIC,PETROL,1900,72.75,USED,2026-09-26
MERCEDES-BENZ,C200,2018,1500,AUTOMATIC,PETROL,71000,250.0,USED,2026-09-26
TOYOTA,VITZ,2016,1000,AUTOMATIC,PETROL,129000,74.9,USED,2026-09-26
TOYOTA,YARIS,2024,1000,AUTOMATIC,PETROL,4000,99.75,NEW,2026-09-26
TOYOTA,YARIS,2026,1000,AUTOMATIC,PETROL,0,106.9,NEW,2026-09-26
SUZUKI,WAGON R FX,2025,660,AUTOMATIC,PETROL,2000,72.5,USED,2026-09-26
TOYOTA,YARIS,2024,1000,AUTOMATIC,PETROL,25000,95.9,USED,2026-09-26
SUZUKI,WAGON R ZX,2026,660,AUTOMATIC,HYBRID,0,89.75,NEW,2026-09-26
HONDA,VEZEL,2026,1500,AUTOMATIC,HYBRID,0,187.9,NEW,2026-09-26
NISSAN,ROOX,2025,660,AUTOMATIC,HYBRID,0,92.9,NEW,2026-09-26
HONDA,VEZEL,2026,1500,AUTOMATIC,HYBRID,0,182.9,NEW,2026-09-26
TOYOTA,ROOMY,2025,1000,AUTOMATIC,PETROL,5000,113.75,USED,2026-09-26
TOYOTA,YARIS,2024,1000,AUTOMATIC,PETROL,35000,89.75,USED,2026-09-26
TOYOTA,BELTA,2010,1000,AUTOMATIC,PETROL,121000,67.25,USED,2026-09-26
SUZUKI,MARUTI,2005,1000,MANUAL,PETROL,154000,21.75,USED,2026-09-26
SUZUKI,A-STAR,2011,1000,MANUAL,PETROL,79675,39.5,USED,2026-09-26
TOYOTA,RAIZE,2026,1200,AUTOMATIC,HYBRID,0,144.9,NEW,2026-09-26
HONDA,VEZEL,2026,1500,AUTOMATIC,HYBRID,0,188.9,NEW,2026-09-26
MITSUBISHI,MONTERO,2016,3200,AUTOMATIC,DIESEL,118000,279.0,USED,2026-09-26
TOYOTA,RAIZE,2025,1000,AUTOMATIC,PETROL,7100,124.5,NEW,2026-09-26
DAIHATSU,MIRA,2025,660,AUTOMATIC,HYBRID,2000,66.9,USED,2026-09-26
TOYOTA,YARIS CROSS,2026,1500,AUTOMATIC,HYBRID,0,182.9,NEW,2026-09-26
TOYOTA,RAIZE,2025,1200,AUTOMATIC,HYBRID,14000,135.9,USED,2026-09-26
MITSUBISHI,LANCER,2011,1600,AUTOMATIC,PETROL,182000,66.5,USED,2026-09-26
MARUTI SUZUKI,800,2012,800,MANUAL,PETROL,60000,25.4,USED,2026-09-26
TOYOTA,LAND CRUISER PRADO,2015,3000,AUTOMATIC,DIESEL,156000,343.0,USED,2026-09-26
TOYOTA,RAIZE,2026,1200,TIPTRONIC,HYBRID,0,143.5,NEW,2026-09-26
TOYOTA,RAIZE,2026,1200,TIPTRONIC,HYBRID,0,142.5,NEW,2026-09-26
TOYOTA,TAISOR,2026,1000,AUTOMATIC,HYBRID,0,111.5,NEW,2026-09-26
TOYOTA,PREMIO,2018,1500,AUTOMATIC,PETROL,134000,150.0,USED,2026-09-21
TOYOTA,RAV4,2026,2500,TIPTRONIC,HYBRID,0,495.0,NEW,2026-09-26
TOYOTA,RAIZE,2025,1000,AUTOMATIC,PETROL,22000,112.0,NEW,2026-09-26
HONDA,VEZEL,2015,1500,AUTOMATIC,HYBRID,127500,103.5,USED,2026-09-26
TOYOTA,YARIS,2024,1000,AUTOMATIC,PETROL,14000,96.0,NEW,2026-09-26
TOYOTA,COROLLA,1992,1300,MANUAL,PETROL,249029,25.0,USED,2026-09-26
SUZUKI,WAGON R FX,2025,660,AUTOMATIC,PETROL,270,76.5,NEW,2026-09-26
TOYOTA,COROLLA,1996,1500,AUTOMATIC,PETROL,145009,34.25,USED,2026-09-26
TOYOTA,LAND CRUISER 79,2025,2890,MANUAL,DIESEL,201,290.0,USED,2026-09-26
LAND-ROVER,DISCOVERY,2019,2000,AUTOMATIC,DIESEL,37000,325.0,USED,2026-09-26
TOYOTA,YARIS,2024,1000,AUTOMATIC,PETROL,25000,94.75,USED,2026-09-26
TOYOTA,ROOMY,2023,1000,AUTOMATIC,PETROL,6000,98.0,USED,2026-09-26
TOYOTA,ROOMY,2023,1000,AUTOMATIC,PETROL,33000,89.5,USED,2026-09-26
SUZUKI,WAGON R FX,2025,660,AUTOMATIC,PETROL,4774,76.5,NEW,2026-09-26
NISSAN,MARCH,1999,1000,AUTOMATIC,PETROL,121000,32.95,USED,2026-09-26
SUBARU,XV,2014,2000,AUTOMATIC,HYBRID,185000,84.0,USED,2026-09-26
LAND-ROVER,DEFENDER,2023,2000,TIPTRONIC,PETROL,28000,598.0,USED,2026-09-26
TOYOTA,AXIO,2020,1500,AUTOMATIC,HYBRID,76500,139.75,USED,2026-09-26
TOYOTA,VITZ,2019,1000,AUTOMATIC,PETROL,89000,86.75,USED,2026-09-26
SUZUKI,WAGON R ZX,2026,650,AUTOMATIC,HYBRID,4000,88.4,USED,2026-09-26
TOYOTA,TAISOR,2026,1000,AUTOMATIC,PETROL,0,113.4,NEW,2026-09-26
TOYOTA,TAISOR,2026,1000,AUTOMATIC,PETROL,0,113.4,NEW,2026-09-26
HONDA,VEZEL,2026,1500,AUTOMATIC,HYBRID,0,189.9,NEW,2026-09-26
SUZUKI,WAGON R,2018,660,AUTOMATIC,HYBRID,91000,69.0,USED,2026-09-26
TOYOTA,RAIZE,2026,1200,AUTOMATIC,PETROL,0,139.9,NEW,2026-09-26
VOLKSWAGEN,TAIGUN,2026,1000,AUTOMATIC,PETROL,0,122.9,NEW,2026-09-26
HYUNDAI,VENUE,2026,1000,AUTOMATIC,PETROL,0,124.9,NEW,2026-09-26
PERODUA,AXIA,2016,998,AUTOMATIC,PETROL,97729,60.5,USED,2026-09-26
KIA,SORENTO,2011,1500,AUTOMATIC,PETROL,147000,98.5,USED,2026-09-26
NISSAN,ALMERA,2025,1000,AUTOMATIC,PETROL,900,119.5,NEW,2026-09-26
TOYOTA,ROOMY,2025,1000,AUTOMATIC,PETROL,4000,93.0,USED,2026-09-25
MITSUBISHI,L200,1990,2500,MANUAL,DIESEL,122000,29.5,USED,2026-09-25
TOYOTA,PREMIO,2003,1500,AUTOMATIC,PETROL,162000,66.0,USED,2026-09-25
TOYOTA,PASSO,2007,1000,AUTOMATIC,PETROL,140000,46.75,USED,2026-09-25
HONDA,FIT SHUTTLE,2012,1300,AUTOMATIC,HYBRID,180000,81.5,USED,2026-09-25
PERODUA,BEZZA,2018,1000,AUTOMATIC,PETROL,92000,66.75,USED,2026-09-25
SUZUKI,ALTO,2015,800,MANUAL,PETROL,181000,42.0,USED,2026-09-25
SUZUKI,SPACIA,2025,660,AUTOMATIC,PETROL,10000,104.0,USED,2026-09-25
NISSAN,DAYZ,2024,660,AUTOMATIC,PETROL,13000,77.0,USED,2026-09-25
SUZUKI,FRONX,2026,1000,AUTOMATIC,PETROL,0,107.0,NEW,2026-09-25
TOYOTA,YARIS,2024,1000,AUTOMATIC,PETROL,700,106.5,NEW,2026-09-25
TOYOTA,TAISOR,2026,1000,AUTOMATIC,PETROL,0,104.75,NEW,2026-09-25
TOYOTA,VITZ,2018,1000,AUTOMATIC,PETROL,126700,79.9,USED,2026-09-26
TOYOTA,YARIS,2023,1000,AUTOMATIC,PETROL,19000,96.5,USED,2026-09-25
SUZUKI,CELERIO,2015,1000,AUTOMATIC,PETROL,132000,53.75,USED,2026-09-25
NISSAN,DAYZ,2024,660,AUTOMATIC,PETROL,3250,74.9,USED,2026-09-25
SUZUKI,EVERY,2026,660,AUTOMATIC,PETROL,0,106.75,NEW,2026-09-25
MITSUBISHI,PAJERO,2015,3200,AUTOMATIC,DIESEL,169000,284.0,USED,2026-09-25
TOYOTA,ROOMY,2025,1000,AUTOMATIC,PETROL,12000,112.75,USED,2026-09-25
HYUNDAI,SANTA FE,2007,2200,AUTOMATIC,DIESEL,113000,59.5,USED,2026-09-25
TOYOTA,RAIZE,2026,1200,AUTOMATIC,HYBRID,0,142.0,NEW,2026-09-25
HONDA,VEZEL,2026,1500,AUTOMATIC,HYBRID,0,195.0,NEW,2026-09-25
TOYOTA,YARIS,2023,1000,AUTOMATIC,PETROL,5000,108.0,USED,2026-09-25
MERCEDES-BENZ,E300,2015,2200,AUTOMATIC,HYBRID,56000,165.0,USED,2026-09-25
TOYOTA,RAIZE,2025,1000,AUTOMATIC,PETROL,0,134.5,NEW,2026-09-25
TOYOTA,RAIZE,2024,1200,AUTOMATIC,PETROL,40000,122.5,USED,2026-09-25
TOYOTA,COROLLA,2023,1496,AUTOMATIC,PETROL,3000,187.0,USED,2026-09-25
TOYOTA,LAND CRUISER PRADO,2017,2700,AUTOMATIC,PETROL,119000,375.0,USED,2026-09-26
KIA,SORENTO,2012,2200,AUTOMATIC,DIESEL,94000,109.5,USED,2026-09-25
TOYOTA,ROOMY,2024,1000,AUTOMATIC,PETROL,13000,97.5,USED,2026-09-25
MITSUBISHI,MONTERO,2018,3200,AUTOMATIC,DIESEL,110000,299.9,USED,2026-09-25
TOYOTA,PREMIO,2014,1500,AUTOMATIC,PETROL,87000,92.0,USED,2026-09-25
TOYOTA,COROLLA,1987,1300,MANUAL,PETROL,62100,5.5,USED,2026-09-25
TOYOTA,ALLION,2010,1500,AUTOMATIC,PETROL,230000,92.0,USED,2026-09-25
SUZUKI,HUSTLER,2024,660,AUTOMATIC,HYBRID,18000,78.9,USED,2026-09-26
NISSAN,DAYZ,2023,650,AUTOMATIC,PETROL,15570,71.75,USED,2026-09-25
HYUNDAI,VENUE,2026,1000,AUTOMATIC,PETROL,0,124.5,NEW,2026-09-25
FORD,RANGER,2018,2198,AUTOMATIC,DIESEL,182000,177.0,USED,2026-09-25
HYUNDAI,EON,2016,814,MANUAL,PETROL,76148,40.0,USED,2026-09-26
TATA,NANO,2011,624,MANUAL,PETROL,144000,13.5,USED,2026-09-25
MARUTI SUZUKI,ALTO,2007,800,MANUAL,PETROL,210000,27.5,USED,2026-09-25
BAIC,X55 II,2025,1500,AUTOMATIC,PETROL,11000,130.0,USED,2026-09-25
HONDA,VEZEL,2014,1500,AUTOMATIC,HYBRID,113000,95.5,USED,2026-09-25
TOYOTA,YARIS,2026,1200,AUTOMATIC,HYBRID,0,147.9,NEW,2026-09-25
FORD,RAPTOR RANGER,2026,1996,AUTOMATIC,DIESEL,0,395.0,NEW,2026-09-25
TOYOTA,PRIUS,2013,1800,AUTOMATIC,HYBRID,210000,112.75,USED,2026-09-25
HONDA,FIT,2013,1300,AUTOMATIC,HYBRID,105000,67.75,USED,2026-09-25
TOYOTA,RAIZE,2026,1200,AUTOMATIC,HYBRID,100,145.0,NEW,2026-09-25
DFSK,GLORY,2021,1500,AUTOMATIC,PETROL,52000,86.5,USED,2026-09-25
TOYOTA,TAISOR,2026,1000,AUTOMATIC,PETROL,0,111.25,NEW,2026-09-25
SUZUKI,ALTO,2023,660,AUTOMATIC,HYBRID,8000,74.5,USED,2026-09-25
SUZUKI,ALTO,2006,800,MANUAL,PETROL,157000,29.5,USED,2026-09-25
NISSAN,PRESEA,1998,1500,AUTOMATIC,PETROL,190000,29.75,USED,2026-09-25
TOYOTA,VITZ,2017,1000,AUTOMATIC,PETROL,120000,76.5,USED,2026-09-25
HYUNDAI,TUCSON,2011,2000,AUTOMATIC,PETROL,210650,72.75,USED,2026-09-25
SUZUKI,ALTO,2018,660,AUTOMATIC,PETROL,82000,56.5,USED,2026-09-25
BMW,318I,2016,1500,AUTOMATIC,PETROL,64000,175.0,USED,2026-09-25
TATA,NANO,2016,626,MANUAL,PETROL,114456,18.5,USED,2026-09-25
MERCEDES-BENZ,C200,2018,1500,TIPTRONIC,PETROL,65000,240.0,USED,2026-09-25
HONDA,GRACE,2015,1500,AUTOMATIC,HYBRID,152700,96.5,USED,2026-09-25
SUZUKI,WAGON R FX,2024,660,AUTOMATIC,HYBRID,20000,77.0,USED,2026-09-25
NISSAN,ROOX HIGHWAY STAR X,2025,650,AUTOMATIC,HYBRID,3000,86.75,USED,2026-09-25
TOYOTA,PIXIS,2025,660,AUTOMATIC,PETROL,2000,73.5,USED,2026-09-25
SUZUKI,WAGON R FX,2025,660,AUTOMATIC,HYBRID,0,79.5,NEW,2026-09-26
TOYOTA,PIXIS,2024,660,AUTOMATIC,PETROL,12000,68.95,USED,2026-09-26
NISSAN,DAYZ,2024,650,AUTOMATIC,PETROL,19500,79.9,USED,2026-09-25
MERCEDES-BENZ,E300,2018,2000,AUTOMATIC,PETROL,33000,350.0,USED,2026-09-26
MG,ZS,2025,1000,AUTOMATIC,PETROL,14000,111.9,USED,2026-09-25
TOYOTA,LAND CRUISER PRADO,2011,2700,AUTOMATIC,PETROL,114000,265.75,USED,2026-09-25
SUBARU,IMPREZA,2000,1500,AUTOMATIC,PETROL,155000,35.75,USED,2026-09-25
TOYOTA,LAND CRUISER PRADO,2010,2700,AUTOMATIC,PETROL,145000,215.75,USED,2026-09-25
MITSUBISHI,PAJERO,2007,3800,AUTOMATIC,PETROL,207872,130.0,USED,2026-09-25
TOYOTA,PREMIO,2018,1800,AUTOMATIC,PETROL,99000,167.0,USED,2026-09-25
MERCEDES-BENZ,GLB,2020,1332,AUTOMATIC,PETROL,90000,239.75,USED,2026-09-25
AUDI,A4,2012,2000,AUTOMATIC,DIESEL,200000,85.75,USED,2026-09-25
FIAT,PALIO,2002,1300,MANUAL,PETROL,55000,16.86,USED,2026-09-25
MERCEDES-BENZ,E300,2015,2150,AUTOMATIC,DIESEL,70000,167.5,USED,2026-09-25
TOYOTA,AQUA,2013,1500,AUTOMATIC,HYBRID,123000,75.95,USED,2026-09-25
TOYOTA,RAIZE,2025,1000,AUTOMATIC,PETROL,17000,124.5,USED,2026-09-26
SUZUKI,WAGON R FZ,2014,660,AUTOMATIC,HYBRID,143200,55.0,USED,2026-09-25
DAIHATSU,MIRA,2025,660,AUTOMATIC,PETROL,1000,68.75,NEW,2026-09-26
NISSAN,ROOX HIGHWAY STAR X,2025,660,AUTOMATIC,HYBRID,14900,91.95,USED,2026-09-25
TOYOTA,MARK,2007,2490,AUTOMATIC,PETROL,165000,75.75,USED,2026-09-25
HONDA,WR-V,2024,1500,TIPTRONIC,PETROL,150,169.5,NEW,2026-09-25
TOYOTA,RAIZE,2026,1200,AUTOMATIC,HYBRID,0,139.9,NEW,2026-09-26
MERCEDES-BENZ,CLA 180,2026,1500,TIPTRONIC,HYBRID,3000,460.0,USED,2026-09-25
NISSAN,DAYZ,2025,660,AUTOMATIC,HYBRID,0,85.9,NEW,2026-09-25
SUZUKI,WAGON R,2024,650,AUTOMATIC,HYBRID,100,80.95,NEW,2026-09-25
SUZUKI,FRONX,2026,1000,AUTOMATIC,PETROL,0,109.9,NEW,2026-09-25
HONDA,VEZEL,2026,1500,AUTOMATIC,HYBRID,30,189.95,NEW,2026-09-25
HONDA,VEZEL,2026,1500,AUTOMATIC,HYBRID,30,207.75,NEW,2026-09-25
NISSAN,DAYZ,2023,660,AUTOMATIC,HYBRID,12000,795.0,USED,2026-09-25
HONDA,FIT,2014,1500,AUTOMATIC,HYBRID,88000,86.75,USED,2026-09-26
TOYOTA,YARIS,2026,1000,AUTOMATIC,PETROL,6,116.5,NEW,2026-09-25
BMW,X7,2024,3000,AUTOMATIC,DIESEL,13889,1250.0,USED,2026-09-25
SUZUKI,WAGON R ZX,2026,650,AUTOMATIC,HYBRID,7,94.0,NEW,2026-09-25
TOYOTA,RAV4,2013,2300,AUTOMATIC,PETROL,147000,98.75,USED,2026-09-25
TOYOTA,AXIO,2019,1500,AUTOMATIC,HYBRID,94000,132.0,USED,2026-09-25
SUZUKI,BALENO,2019,1000,AUTOMATIC,PETROL,80000,78.9,USED,2026-09-25
TOYOTA,TAISOR,2026,1000,AUTOMATIC,PETROL,0,105.5,NEW,2026-09-25
MERCEDES-BENZ,VITO,2017,2200,AUTOMATIC,DIESEL,80000,195.75,USED,2026-09-25
HONDA,FIT,2015,1500,AUTOMATIC,HYBRID,130000,88.9,USED,2026-09-25
TOYOTA,VITZ,2017,1000,AUTOMATIC,PETROL,92600,78.0,USED,2026-09-25
FORD,RAPTOR RANGER,2025,3000,AUTOMATIC,PETROL,7000,329.9,USED,2026-09-26
TOYOTA,VITZ,2017,1000,AUTOMATIC,PETROL,79000,79.9,USED,2026-09-25
LAND-ROVER,RANGE ROVER,2018,1997,AUTOMATIC,HYBRID,47575,620.0,USED,2026-09-25
TOYOTA,ROOMY,2025,1000,AUTOMATIC,PETROL,0,98.5,NEW,2026-09-25
SUZUKI,SPACIA,2025,660,AUTOMATIC,PETROL,7,83.5,NEW,2026-09-26
DAIHATSU,MIRA,2025,660,AUTOMATIC,PETROL,8000,71.0,USED,2026-09-25
TOYOTA,YARIS,2024,1000,AUTOMATIC,PETROL,4500,98.9,USED,2026-09-26
DAIHATSU,MIRA,2025,650,AUTOMATIC,PETROL,3000,66.9,USED,2026-09-25
TOYOTA,TAISOR,2026,1000,AUTOMATIC,PETROL,0,116.0,NEW,2026-09-11
KIA,SPORTAGE,2011,2000,AUTOMATIC,PETROL,115000,85.5,USED,2026-09-25
MERCEDES-BENZ,GLE 300D,2020,2000,AUTOMATIC,DIESEL,75000,399.0,USED,2026-09-25
DFSK,GLORY,2024,1500,AUTOMATIC,PETROL,11500,104.9,USED,2026-09-25
TOYOTA,URBANCRUISER HYRYDER,2026,1500,AUTOMATIC,HYBRID,0,174.9,NEW,2026-09-25
DAIHATSU,MIRA,2024,650,AUTOMATIC,PETROL,3000,65.9,USED,2026-09-25
SUZUKI,ALTO,2025,660,AUTOMATIC,PETROL,4000,68.5,USED,2026-09-25
SUZUKI,WAGON R FX,2025,660,AUTOMATIC,PETROL,5000,77.5,USED,2026-09-25
SUZUKI,WAGON R STINGRAY,2018,650,AUTOMATIC,PETROL,27000,76.5,USED,2026-09-25
PEUGEOT,3008,2020,1198,AUTOMATIC,PETROL,63000,155.0,USED,2026-09-25
TOYOTA,LAND CRUISER PRADO,2026,2700,AUTOMATIC,PETROL,0,615.9,NEW,2026-09-25
TOYOTA,PREMIO,2013,1500,AUTOMATIC,PETROL,126000,75.5,USED,2026-09-25
LEXUS,LX570,2017,5663,AUTOMATIC,PETROL,68410,645.0,USED,2026-09-25
TOYOTA,LAND CRUISER PRADO,2026,2700,AUTOMATIC,PETROL,0,615.9,NEW,2026-09-25
SUZUKI,WAGON R FX,2025,650,AUTOMATIC,PETROL,11780,79.9,USED,2026-09-25
SUZUKI,WAGON R ZX,2026,660,AUTOMATIC,HYBRID,0,91.95,NEW,2026-09-25
HONDA,CRV,2018,2000,AUTOMATIC,PETROL,82250,155.0,USED,2026-09-25
TOYOTA,VIOS,2007,1500,AUTOMATIC,PETROL,127000,60.0,USED,2026-09-25
DAIHATSU,MIRA,2025,650,AUTOMATIC,PETROL,3500,68.9,USED,2026-09-25
PORSCHE,MACAN,2017,2000,AUTOMATIC,PETROL,54200,375.0,USED,2026-09-25
TOYOTA,LAND CRUISER PRADO,2024,2800,AUTOMATIC,DIESEL,2000,789.9,USED,2026-09-25
TOYOTA,LAND CRUISER SAHARA,2015,4600,AUTOMATIC,PETROL,61000,525.0,USED,2026-09-25
HONDA,VEZEL,2026,1500,AUTOMATIC,HYBRID,1,210.0,USED,2026-09-25
SUZUKI,WAGON R,2026,650,AUTOMATIC,PETROL,0,82.6,NEW,2026-09-16
TOYOTA,ROOMY,2024,1000,AUTOMATIC,PETROL,3000,100.9,USED,2026-09-22
DAIHATSU,MIRA,2025,650,AUTOMATIC,PETROL,1740,72.9,USED,2026-09-25
PEUGEOT,508,2015,1600,AUTOMATIC,PETROL,74536,119.0,USED,2026-09-25
HONDA,CRV,2007,2400,AUTOMATIC,PETROL,221000,72.7,USED,2026-09-13
